cache_index,ref,label,cosine
0,hf:barkermrl/imagenet-a:train:0,0,1.000000
1,hf:barkermrl/imagenet-a:train:1,0,1.000000
2,hf:barkermrl/imagenet-a:train:2,0,1.000000
3,hf:barkermrl/imagenet-a:train:3,0,1.000000
4,hf:barkermrl/imagenet-a:train:4,0,1.000000
5,hf:barkermrl/imagenet-a:train:5,0,1.000000
6,hf:barkermrl/imagenet-a:train:6,0,1.000000
7,hf:barkermrl/imagenet-a:train:7,0,1.000000
8,hf:barkermrl/imagenet-a:train:8,0,1.000000
9,hf:barkermrl/imagenet-a:train:9,0,1.000000
10,hf:barkermrl/imagenet-a:train:10,0,1.000000
11,hf:barkermrl/imagenet-a:train:11,0,1.000000
12,hf:barkermrl/imagenet-a:train:12,0,1.000000
13,hf:barkermrl/imagenet-a:train:13,0,1.000000
14,hf:barkermrl/imagenet-a:train:14,0,1.000000
15,hf:barkermrl/imagenet-a:train:15,0,1.000000
16,hf:barkermrl/imagenet-a:train:16,0,1.000000
17,hf:barkermrl/imagenet-a:train:17,0,1.000000
18,hf:barkermrl/imagenet-a:train:18,0,1.000000
19,hf:barkermrl/imagenet-a:train:19,0,1.000000
20,hf:barkermrl/imagenet-a:train:20,0,1.000000
21,hf:barkermrl/imagenet-a:train:21,0,1.000000
22,hf:barkermrl/imagenet-a:train:22,0,1.000000
23,hf:barkermrl/imagenet-a:train:23,0,1.000000
24,hf:barkermrl/imagenet-a:train:24,0,1.000000
25,hf:barkermrl/imagenet-a:train:25,0,1.000000
26,hf:barkermrl/imagenet-a:train:26,0,1.000000
27,hf:barkermrl/imagenet-a:train:27,0,1.000000
28,hf:barkermrl/imagenet-a:train:28,0,1.000000
29,hf:barkermrl/imagenet-a:train:29,0,1.000000
30,hf:barkermrl/imagenet-a:train:30,0,1.000000
31,hf:barkermrl/imagenet-a:train:31,0,1.000000
32,hf:barkermrl/imagenet-a:train:32,0,1.000000
33,hf:barkermrl/imagenet-a:train:33,0,1.000000
34,hf:barkermrl/imagenet-a:train:34,0,1.000000
35,hf:barkermrl/imagenet-a:train:35,0,1.000000
36,hf:barkermrl/imagenet-a:train:36,0,1.000000
37,hf:barkermrl/imagenet-a:train:37,0,1.000000
38,hf:barkermrl/imagenet-a:train:38,0,1.000000
39,hf:barkermrl/imagenet-a:train:39,0,1.000000
40,hf:barkermrl/imagenet-a:train:40,0,1.000000
41,hf:barkermrl/imagenet-a:train:41,0,1.000000
42,hf:barkermrl/imagenet-a:train:42,0,1.000000
43,hf:barkermrl/imagenet-a:train:43,0,1.000000
44,hf:barkermrl/imagenet-a:train:44,0,1.000000
45,hf:barkermrl/imagenet-a:train:45,0,1.000000
46,hf:barkermrl/imagenet-a:train:46,0,1.000000
47,hf:barkermrl/imagenet-a:train:47,0,1.000000
48,hf:barkermrl/imagenet-a:train:48,0,1.000000
49,hf:barkermrl/imagenet-a:train:49,0,1.000000
50,hf:barkermrl/imagenet-a:train:50,0,1.000000
51,hf:barkermrl/imagenet-a:train:51,0,1.000000
52,hf:barkermrl/imagenet-a:train:52,0,1.000000
53,hf:barkermrl/imagenet-a:train:53,0,1.000000
54,hf:barkermrl/imagenet-a:train:54,0,1.000000
55,hf:barkermrl/imagenet-a:train:55,0,1.000000
56,hf:barkermrl/imagenet-a:train:56,0,1.000000
57,hf:barkermrl/imagenet-a:train:57,0,1.000000
58,hf:barkermrl/imagenet-a:train:58,0,1.000000
59,hf:barkermrl/imagenet-a:train:59,0,1.000000
60,hf:barkermrl/imagenet-a:train:60,0,1.000000
61,hf:barkermrl/imagenet-a:train:61,0,1.000000
62,hf:barkermrl/imagenet-a:train:62,0,1.000000
63,hf:barkermrl/imagenet-a:train:63,0,1.000000
64,hf:barkermrl/imagenet-a:train:64,0,1.000000
65,hf:barkermrl/imagenet-a:train:65,0,1.000000
66,hf:barkermrl/imagenet-a:train:66,0,1.000000
67,hf:barkermrl/imagenet-a:train:67,0,1.000000
68,hf:barkermrl/imagenet-a:train:68,0,1.000000
69,hf:barkermrl/imagenet-a:train:69,0,1.000000
70,hf:barkermrl/imagenet-a:train:70,0,1.000000
71,hf:barkermrl/imagenet-a:train:71,0,1.000000
72,hf:barkermrl/imagenet-a:train:72,0,1.000000
73,hf:barkermrl/imagenet-a:train:73,0,1.000000
74,hf:barkermrl/imagenet-a:train:74,0,1.000000
75,hf:barkermrl/imagenet-a:train:75,0,1.000000
76,hf:barkermrl/imagenet-a:train:76,1,1.000000
77,hf:barkermrl/imagenet-a:train:77,1,1.000000
78,hf:barkermrl/imagenet-a:train:78,1,1.000000
79,hf:barkermrl/imagenet-a:train:79,1,1.000000
80,hf:barkermrl/imagenet-a:train:80,1,1.000000
81,hf:barkermrl/imagenet-a:train:81,1,1.000000
82,hf:barkermrl/imagenet-a:train:82,1,1.000000
83,hf:barkermrl/imagenet-a:train:83,1,1.000000
84,hf:barkermrl/imagenet-a:train:84,1,1.000000
85,hf:barkermrl/imagenet-a:train:85,1,1.000000
86,hf:barkermrl/imagenet-a:train:86,1,1.000000
87,hf:barkermrl/imagenet-a:train:87,1,1.000000
88,hf:barkermrl/imagenet-a:train:88,1,1.000000
89,hf:barkermrl/imagenet-a:train:89,1,1.000000
90,hf:barkermrl/imagenet-a:train:90,1,1.000000
91,hf:barkermrl/imagenet-a:train:91,1,1.000000
92,hf:barkermrl/imagenet-a:train:92,1,1.000000
93,hf:barkermrl/imagenet-a:train:93,1,1.000000
94,hf:barkermrl/imagenet-a:train:94,1,1.000000
95,hf:barkermrl/imagenet-a:train:95,1,1.000000
96,hf:barkermrl/imagenet-a:train:96,1,1.000000
97,hf:barkermrl/imagenet-a:train:97,1,1.000000
98,hf:barkermrl/imagenet-a:train:98,1,1.000000
99,hf:barkermrl/imagenet-a:train:99,1,1.000000
100,hf:barkermrl/imagenet-a:train:100,1,1.000000
101,hf:barkermrl/imagenet-a:train:101,1,1.000000
102,hf:barkermrl/imagenet-a:train:102,1,1.000000
103,hf:barkermrl/imagenet-a:train:103,1,1.000000
104,hf:barkermrl/imagenet-a:train:104,1,1.000000
105,hf:barkermrl/imagenet-a:train:105,1,1.000000
106,hf:barkermrl/imagenet-a:train:106,1,1.000000
107,hf:barkermrl/imagenet-a:train:107,1,1.000000
108,hf:barkermrl/imagenet-a:train:108,1,1.000000
109,hf:barkermrl/imagenet-a:train:109,1,1.000000
110,hf:barkermrl/imagenet-a:train:110,1,1.000000
111,hf:barkermrl/imagenet-a:train:111,1,1.000000
112,hf:barkermrl/imagenet-a:train:112,1,1.000000
113,hf:barkermrl/imagenet-a:train:113,1,1.000000
114,hf:barkermrl/imagenet-a:train:114,1,1.000000
115,hf:barkermrl/imagenet-a:train:115,1,1.000000
116,hf:barkermrl/imagenet-a:train:116,1,1.000000
117,hf:barkermrl/imagenet-a:train:117,1,1.000000
118,hf:barkermrl/imagenet-a:train:118,1,1.000000
119,hf:barkermrl/imagenet-a:train:119,1,1.000000
120,hf:barkermrl/imagenet-a:train:120,1,1.000000
121,hf:barkermrl/imagenet-a:train:121,1,1.000000
122,hf:barkermrl/imagenet-a:train:122,1,1.000000
123,hf:barkermrl/imagenet-a:train:123,1,1.000000
124,hf:barkermrl/imagenet-a:train:124,1,1.000000
125,hf:barkermrl/imagenet-a:train:125,1,1.000000
126,hf:barkermrl/imagenet-a:train:126,1,1.000000
127,hf:barkermrl/imagenet-a:train:127,1,1.000000
128,hf:barkermrl/imagenet-a:train:128,1,1.000000
129,hf:barkermrl/imagenet-a:train:129,1,1.000000
130,hf:barkermrl/imagenet-a:train:130,1,1.000000
131,hf:barkermrl/imagenet-a:train:131,1,1.000000
132,hf:barkermrl/imagenet-a:train:132,1,1.000000
133,hf:barkermrl/imagenet-a:train:133,1,1.000000
134,hf:barkermrl/imagenet-a:train:134,1,1.000000
135,hf:barkermrl/imagenet-a:train:135,1,1.000000
136,hf:barkermrl/imagenet-a:train:136,1,1.000000
137,hf:barkermrl/imagenet-a:train:137,1,1.000000
138,hf:barkermrl/imagenet-a:train:138,1,1.000000
139,hf:barkermrl/imagenet-a:train:139,1,1.000000
140,hf:barkermrl/imagenet-a:train:140,1,1.000000
141,hf:barkermrl/imagenet-a:train:141,1,1.000000
142,hf:barkermrl/imagenet-a:train:142,1,1.000000
143,hf:barkermrl/imagenet-a:train:143,1,1.000000
144,hf:barkermrl/imagenet-a:train:144,1,1.000000
145,hf:barkermrl/imagenet-a:train:145,1,1.000000
146,hf:barkermrl/imagenet-a:train:146,1,1.000000
147,hf:barkermrl/imagenet-a:train:147,1,1.000000
148,hf:barkermrl/imagenet-a:train:148,1,1.000000
149,hf:barkermrl/imagenet-a:train:149,1,1.000000
150,hf:barkermrl/imagenet-a:train:150,1,1.000000
151,hf:barkermrl/imagenet-a:train:151,1,1.000000
152,hf:barkermrl/imagenet-a:train:152,1,1.000000
153,hf:barkermrl/imagenet-a:train:153,1,1.000000
154,hf:barkermrl/imagenet-a:train:154,1,1.000000
155,hf:barkermrl/imagenet-a:train:155,1,1.000000
156,hf:barkermrl/imagenet-a:train:156,1,1.000000
157,hf:barkermrl/imagenet-a:train:157,1,1.000000
158,hf:barkermrl/imagenet-a:train:158,1,1.000000
159,hf:barkermrl/imagenet-a:train:159,1,1.000000
160,hf:barkermrl/imagenet-a:train:160,1,1.000000
161,hf:barkermrl/imagenet-a:train:161,1,1.000000
162,hf:barkermrl/imagenet-a:train:162,1,1.000000
163,hf:barkermrl/imagenet-a:train:163,1,1.000000
164,hf:barkermrl/imagenet-a:train:164,1,1.000000
165,hf:barkermrl/imagenet-a:train:165,1,1.000000
166,hf:barkermrl/imagenet-a:train:166,1,1.000000
167,hf:barkermrl/imagenet-a:train:167,1,1.000000
168,hf:barkermrl/imagenet-a:train:168,1,1.000000
169,hf:barkermrl/imagenet-a:train:169,1,1.000000
170,hf:barkermrl/imagenet-a:train:170,1,1.000000
171,hf:barkermrl/imagenet-a:train:171,1,1.000000
172,hf:barkermrl/imagenet-a:train:172,1,1.000000
173,hf:barkermrl/imagenet-a:train:173,1,1.000000
174,hf:barkermrl/imagenet-a:train:174,1,1.000000
175,hf:barkermrl/imagenet-a:train:175,1,1.000000
176,hf:barkermrl/imagenet-a:train:176,2,1.000000
177,hf:barkermrl/imagenet-a:train:177,2,1.000000
178,hf:barkermrl/imagenet-a:train:178,2,1.000000
179,hf:barkermrl/imagenet-a:train:179,2,1.000000
180,hf:barkermrl/imagenet-a:train:180,2,1.000000
181,hf:barkermrl/imagenet-a:train:181,2,1.000000
182,hf:barkermrl/imagenet-a:train:182,2,1.000000
183,hf:barkermrl/imagenet-a:train:183,2,1.000000
184,hf:barkermrl/imagenet-a:train:184,2,1.000000
185,hf:barkermrl/imagenet-a:train:185,2,1.000000
186,hf:barkermrl/imagenet-a:train:186,2,1.000000
187,hf:barkermrl/imagenet-a:train:187,2,1.000000
188,hf:barkermrl/imagenet-a:train:188,2,1.000000
189,hf:barkermrl/imagenet-a:train:189,2,1.000000
190,hf:barkermrl/imagenet-a:train:190,2,1.000000
191,hf:barkermrl/imagenet-a:train:191,2,1.000000
192,hf:barkermrl/imagenet-a:train:192,2,1.000000
193,hf:barkermrl/imagenet-a:train:193,2,1.000000
194,hf:barkermrl/imagenet-a:train:194,2,1.000000
195,hf:barkermrl/imagenet-a:train:195,2,1.000000
196,hf:barkermrl/imagenet-a:train:196,2,1.000000
197,hf:barkermrl/imagenet-a:train:197,2,1.000000
198,hf:barkermrl/imagenet-a:train:198,2,1.000000
199,hf:barkermrl/imagenet-a:train:199,2,1.000000
200,hf:barkermrl/imagenet-a:train:200,2,1.000000
201,hf:barkermrl/imagenet-a:train:201,2,1.000000
202,hf:barkermrl/imagenet-a:train:202,2,1.000000
203,hf:barkermrl/imagenet-a:train:203,2,1.000000
204,hf:barkermrl/imagenet-a:train:204,2,1.000000
205,hf:barkermrl/imagenet-a:train:205,2,1.000000
206,hf:barkermrl/imagenet-a:train:206,2,1.000000
207,hf:barkermrl/imagenet-a:train:207,2,1.000000
208,hf:barkermrl/imagenet-a:train:208,2,1.000000
209,hf:barkermrl/imagenet-a:train:209,2,1.000000
210,hf:barkermrl/imagenet-a:train:210,2,1.000000
211,hf:barkermrl/imagenet-a:train:211,2,1.000000
212,hf:barkermrl/imagenet-a:train:212,2,1.000000
213,hf:barkermrl/imagenet-a:train:213,2,1.000000
214,hf:barkermrl/imagenet-a:train:214,2,1.000000
215,hf:barkermrl/imagenet-a:train:215,2,1.000000
216,hf:barkermrl/imagenet-a:train:216,2,1.000000
217,hf:barkermrl/imagenet-a:train:217,2,1.000000
218,hf:barkermrl/imagenet-a:train:218,2,1.000000
219,hf:barkermrl/imagenet-a:train:219,2,1.000000
220,hf:barkermrl/imagenet-a:train:220,2,1.000000
221,hf:barkermrl/imagenet-a:train:221,2,1.000000
222,hf:barkermrl/imagenet-a:train:222,2,1.000000
223,hf:barkermrl/imagenet-a:train:223,2,1.000000
224,hf:barkermrl/imagenet-a:train:224,2,1.000000
225,hf:barkermrl/imagenet-a:train:225,2,1.000000
226,hf:barkermrl/imagenet-a:train:226,2,1.000000
227,hf:barkermrl/imagenet-a:train:227,2,1.000000
228,hf:barkermrl/imagenet-a:train:228,2,1.000000
229,hf:barkermrl/imagenet-a:train:229,2,1.000000
230,hf:barkermrl/imagenet-a:train:230,2,1.000000
231,hf:barkermrl/imagenet-a:train:231,2,1.000000
232,hf:barkermrl/imagenet-a:train:232,2,1.000000
233,hf:barkermrl/imagenet-a:train:233,2,1.000000
234,hf:barkermrl/imagenet-a:train:234,2,1.000000
235,hf:barkermrl/imagenet-a:train:235,2,1.000000
236,hf:barkermrl/imagenet-a:train:236,2,1.000000
237,hf:barkermrl/imagenet-a:train:237,2,1.000000
238,hf:barkermrl/imagenet-a:train:238,2,1.000000
239,hf:barkermrl/imagenet-a:train:239,2,1.000000
240,hf:barkermrl/imagenet-a:train:240,2,1.000000
241,hf:barkermrl/imagenet-a:train:241,2,1.000000
242,hf:barkermrl/imagenet-a:train:242,2,1.000000
243,hf:barkermrl/imagenet-a:train:243,2,1.000000
244,hf:barkermrl/imagenet-a:train:244,2,1.000000
245,hf:barkermrl/imagenet-a:train:245,2,1.000000
246,hf:barkermrl/imagenet-a:train:246,2,1.000000
247,hf:barkermrl/imagenet-a:train:247,2,1.000000
248,hf:barkermrl/imagenet-a:train:248,2,1.000000
249,hf:barkermrl/imagenet-a:train:249,2,1.000000
250,hf:barkermrl/imagenet-a:train:250,2,1.000000
251,hf:barkermrl/imagenet-a:train:251,2,1.000000
252,hf:barkermrl/imagenet-a:train:252,2,1.000000
253,hf:barkermrl/imagenet-a:train:253,2,1.000000
254,hf:barkermrl/imagenet-a:train:254,2,1.000000
255,hf:barkermrl/imagenet-a:train:255,2,1.000000
256,hf:barkermrl/imagenet-a:train:256,2,1.000000
257,hf:barkermrl/imagenet-a:train:257,2,1.000000
258,hf:barkermrl/imagenet-a:train:258,2,1.000000
259,hf:barkermrl/imagenet-a:train:259,2,1.000000
260,hf:barkermrl/imagenet-a:train:260,2,1.000000
261,hf:barkermrl/imagenet-a:train:261,2,1.000000
262,hf:barkermrl/imagenet-a:train:262,2,1.000000
263,hf:barkermrl/imagenet-a:train:263,2,1.000000
264,hf:barkermrl/imagenet-a:train:264,2,1.000000
265,hf:barkermrl/imagenet-a:train:265,2,1.000000
266,hf:barkermrl/imagenet-a:train:266,2,1.000000
267,hf:barkermrl/imagenet-a:train:267,2,1.000000
268,hf:barkermrl/imagenet-a:train:268,2,1.000000
269,hf:barkermrl/imagenet-a:train:269,2,1.000000
270,hf:barkermrl/imagenet-a:train:270,2,1.000000
271,hf:barkermrl/imagenet-a:train:271,2,1.000000
272,hf:barkermrl/imagenet-a:train:272,2,1.000000
273,hf:barkermrl/imagenet-a:train:273,2,1.000000
274,hf:barkermrl/imagenet-a:train:274,2,1.000000
275,hf:barkermrl/imagenet-a:train:275,2,1.000000
276,hf:barkermrl/imagenet-a:train:276,3,1.000000
277,hf:barkermrl/imagenet-a:train:277,3,1.000000
278,hf:barkermrl/imagenet-a:train:278,3,1.000000
279,hf:barkermrl/imagenet-a:train:279,3,1.000000
280,hf:barkermrl/imagenet-a:train:280,3,1.000000
281,hf:barkermrl/imagenet-a:train:281,3,1.000000
282,hf:barkermrl/imagenet-a:train:282,3,1.000000
283,hf:barkermrl/imagenet-a:train:283,3,1.000000
284,hf:barkermrl/imagenet-a:train:284,3,1.000000
285,hf:barkermrl/imagenet-a:train:285,3,1.000000
286,hf:barkermrl/imagenet-a:train:286,3,1.000000
287,hf:barkermrl/imagenet-a:train:287,3,1.000000
288,hf:barkermrl/imagenet-a:train:288,3,1.000000
289,hf:barkermrl/imagenet-a:train:289,3,1.000000
290,hf:barkermrl/imagenet-a:train:290,3,1.000000
291,hf:barkermrl/imagenet-a:train:291,3,1.000000
292,hf:barkermrl/imagenet-a:train:292,3,1.000000
293,hf:barkermrl/imagenet-a:train:293,3,1.000000
294,hf:barkermrl/imagenet-a:train:294,3,1.000000
295,hf:barkermrl/imagenet-a:train:295,3,1.000000
296,hf:barkermrl/imagenet-a:train:296,3,1.000000
297,hf:barkermrl/imagenet-a:train:297,3,1.000000
298,hf:barkermrl/imagenet-a:train:298,3,1.000000
299,hf:barkermrl/imagenet-a:train:299,3,1.000000
300,hf:barkermrl/imagenet-a:train:300,3,1.000000
301,hf:barkermrl/imagenet-a:train:301,3,1.000000
302,hf:barkermrl/imagenet-a:train:302,3,1.000000
303,hf:barkermrl/imagenet-a:train:303,3,1.000000
304,hf:barkermrl/imagenet-a:train:304,3,1.000000
305,hf:barkermrl/imagenet-a:train:305,3,1.000000
306,hf:barkermrl/imagenet-a:train:306,3,1.000000
307,hf:barkermrl/imagenet-a:train:307,3,1.000000
308,hf:barkermrl/imagenet-a:train:308,3,1.000000
309,hf:barkermrl/imagenet-a:train:309,3,1.000000
310,hf:barkermrl/imagenet-a:train:310,3,1.000000
311,hf:barkermrl/imagenet-a:train:311,3,1.000000
312,hf:barkermrl/imagenet-a:train:312,3,1.000000
313,hf:barkermrl/imagenet-a:train:313,3,1.000000
314,hf:barkermrl/imagenet-a:train:314,3,1.000000
315,hf:barkermrl/imagenet-a:train:315,3,1.000000
316,hf:barkermrl/imagenet-a:train:316,3,1.000000
317,hf:barkermrl/imagenet-a:train:317,3,1.000000
318,hf:barkermrl/imagenet-a:train:318,3,1.000000
319,hf:barkermrl/imagenet-a:train:319,3,1.000000
320,hf:barkermrl/imagenet-a:train:320,3,1.000000
321,hf:barkermrl/imagenet-a:train:321,3,1.000000
322,hf:barkermrl/imagenet-a:train:322,3,1.000000
323,hf:barkermrl/imagenet-a:train:323,3,1.000000
324,hf:barkermrl/imagenet-a:train:324,3,1.000000
325,hf:barkermrl/imagenet-a:train:325,3,1.000000
326,hf:barkermrl/imagenet-a:train:326,3,1.000000
327,hf:barkermrl/imagenet-a:train:327,3,1.000000
328,hf:barkermrl/imagenet-a:train:328,3,1.000000
329,hf:barkermrl/imagenet-a:train:329,3,1.000000
330,hf:barkermrl/imagenet-a:train:330,3,1.000000
331,hf:barkermrl/imagenet-a:train:331,3,1.000000
332,hf:barkermrl/imagenet-a:train:332,3,1.000000
333,hf:barkermrl/imagenet-a:train:333,3,1.000000
334,hf:barkermrl/imagenet-a:train:334,3,1.000000
335,hf:barkermrl/imagenet-a:train:335,3,1.000000
336,hf:barkermrl/imagenet-a:train:336,3,1.000000
337,hf:barkermrl/imagenet-a:train:337,3,1.000000
338,hf:barkermrl/imagenet-a:train:338,3,1.000000
339,hf:barkermrl/imagenet-a:train:339,3,1.000000
340,hf:barkermrl/imagenet-a:train:340,3,1.000000
341,hf:barkermrl/imagenet-a:train:341,3,1.000000
342,hf:barkermrl/imagenet-a:train:342,3,1.000000
343,hf:barkermrl/imagenet-a:train:343,3,1.000000
344,hf:barkermrl/imagenet-a:train:344,3,1.000000
345,hf:barkermrl/imagenet-a:train:345,3,1.000000
346,hf:barkermrl/imagenet-a:train:346,3,1.000000
347,hf:barkermrl/imagenet-a:train:347,3,1.000000
348,hf:barkermrl/imagenet-a:train:348,3,1.000000
349,hf:barkermrl/imagenet-a:train:349,3,1.000000
350,hf:barkermrl/imagenet-a:train:350,3,1.000000
351,hf:barkermrl/imagenet-a:train:351,3,1.000000
352,hf:barkermrl/imagenet-a:train:352,3,1.000000
353,hf:barkermrl/imagenet-a:train:353,3,1.000000
354,hf:barkermrl/imagenet-a:train:354,3,1.000000
355,hf:barkermrl/imagenet-a:train:355,3,1.000000
356,hf:barkermrl/imagenet-a:train:356,3,1.000000
357,hf:barkermrl/imagenet-a:train:357,3,1.000000
358,hf:barkermrl/imagenet-a:train:358,3,1.000000
359,hf:barkermrl/imagenet-a:train:359,3,1.000000
360,hf:barkermrl/imagenet-a:train:360,3,1.000000
361,hf:barkermrl/imagenet-a:train:361,3,1.000000
362,hf:barkermrl/imagenet-a:train:362,3,1.000000
363,hf:barkermrl/imagenet-a:train:363,3,1.000000
364,hf:barkermrl/imagenet-a:train:364,3,1.000000
365,hf:barkermrl/imagenet-a:train:365,3,1.000000
366,hf:barkermrl/imagenet-a:train:366,3,1.000000
367,hf:barkermrl/imagenet-a:train:367,3,1.000000
368,hf:barkermrl/imagenet-a:train:368,3,1.000000
369,hf:barkermrl/imagenet-a:train:369,3,1.000000
370,hf:barkermrl/imagenet-a:train:370,3,1.000000
371,hf:barkermrl/imagenet-a:train:371,3,1.000000
372,hf:barkermrl/imagenet-a:train:372,3,1.000000
373,hf:barkermrl/imagenet-a:train:373,3,1.000000
374,hf:barkermrl/imagenet-a:train:374,3,1.000000
375,hf:barkermrl/imagenet-a:train:375,3,1.000000
376,hf:barkermrl/imagenet-a:train:376,4,1.000000
377,hf:barkermrl/imagenet-a:train:377,4,1.000000
378,hf:barkermrl/imagenet-a:train:378,4,1.000000
379,hf:barkermrl/imagenet-a:train:379,4,1.000000
380,hf:barkermrl/imagenet-a:train:380,4,1.000000
381,hf:barkermrl/imagenet-a:train:381,4,1.000000
382,hf:barkermrl/imagenet-a:train:382,4,1.000000
383,hf:barkermrl/imagenet-a:train:383,4,1.000000
384,hf:barkermrl/imagenet-a:train:384,4,1.000000
385,hf:barkermrl/imagenet-a:train:385,4,1.000000
386,hf:barkermrl/imagenet-a:train:386,4,1.000000
387,hf:barkermrl/imagenet-a:train:387,4,1.000000
388,hf:barkermrl/imagenet-a:train:388,4,1.000000
389,hf:barkermrl/imagenet-a:train:389,4,1.000000
390,hf:barkermrl/imagenet-a:train:390,4,1.000000
391,hf:barkermrl/imagenet-a:train:391,4,1.000000
392,hf:barkermrl/imagenet-a:train:392,4,1.000000
393,hf:barkermrl/imagenet-a:train:393,4,1.000000
394,hf:barkermrl/imagenet-a:train:394,4,1.000000
395,hf:barkermrl/imagenet-a:train:395,4,1.000000
396,hf:barkermrl/imagenet-a:train:396,4,1.000000
397,hf:barkermrl/imagenet-a:train:397,4,1.000000
398,hf:barkermrl/imagenet-a:train:398,4,1.000000
399,hf:barkermrl/imagenet-a:train:399,4,1.000000
400,hf:barkermrl/imagenet-a:train:400,4,1.000000
401,hf:barkermrl/imagenet-a:train:401,4,1.000000
402,hf:barkermrl/imagenet-a:train:402,4,1.000000
403,hf:barkermrl/imagenet-a:train:403,4,1.000000
404,hf:barkermrl/imagenet-a:train:404,4,1.000000
405,hf:barkermrl/imagenet-a:train:405,4,1.000000
406,hf:barkermrl/imagenet-a:train:406,4,1.000000
407,hf:barkermrl/imagenet-a:train:407,4,1.000000
408,hf:barkermrl/imagenet-a:train:408,4,1.000000
409,hf:barkermrl/imagenet-a:train:409,4,1.000000
410,hf:barkermrl/imagenet-a:train:410,4,1.000000
411,hf:barkermrl/imagenet-a:train:411,4,1.000000
412,hf:barkermrl/imagenet-a:train:412,4,1.000000
413,hf:barkermrl/imagenet-a:train:413,4,1.000000
414,hf:barkermrl/imagenet-a:train:414,4,1.000000
415,hf:barkermrl/imagenet-a:train:415,4,1.000000
416,hf:barkermrl/imagenet-a:train:416,4,1.000000
417,hf:barkermrl/imagenet-a:train:417,4,1.000000
418,hf:barkermrl/imagenet-a:train:418,4,1.000000
419,hf:barkermrl/imagenet-a:train:419,4,1.000000
420,hf:barkermrl/imagenet-a:train:420,4,1.000000
421,hf:barkermrl/imagenet-a:train:421,4,1.000000
422,hf:barkermrl/imagenet-a:train:422,4,1.000000
423,hf:barkermrl/imagenet-a:train:423,4,1.000000
424,hf:barkermrl/imagenet-a:train:424,4,1.000000
425,hf:barkermrl/imagenet-a:train:425,4,1.000000
426,hf:barkermrl/imagenet-a:train:426,4,1.000000
427,hf:barkermrl/imagenet-a:train:427,4,1.000000
428,hf:barkermrl/imagenet-a:train:428,4,1.000000
429,hf:barkermrl/imagenet-a:train:429,4,1.000000
430,hf:barkermrl/imagenet-a:train:430,4,1.000000
431,hf:barkermrl/imagenet-a:train:431,4,1.000000
432,hf:barkermrl/imagenet-a:train:432,4,1.000000
433,hf:barkermrl/imagenet-a:train:433,4,1.000000
434,hf:barkermrl/imagenet-a:train:434,4,1.000000
435,hf:barkermrl/imagenet-a:train:435,5,1.000000
436,hf:barkermrl/imagenet-a:train:436,5,1.000000
437,hf:barkermrl/imagenet-a:train:437,5,1.000000
438,hf:barkermrl/imagenet-a:train:438,5,1.000000
439,hf:barkermrl/imagenet-a:train:439,5,1.000000
440,hf:barkermrl/imagenet-a:train:440,5,1.000000
441,hf:barkermrl/imagenet-a:train:441,5,1.000000
442,hf:barkermrl/imagenet-a:train:442,5,1.000000
443,hf:barkermrl/imagenet-a:train:443,5,1.000000
444,hf:barkermrl/imagenet-a:train:444,5,1.000000
445,hf:barkermrl/imagenet-a:train:445,5,1.000000
446,hf:barkermrl/imagenet-a:train:446,5,1.000000
447,hf:barkermrl/imagenet-a:train:447,5,1.000000
448,hf:barkermrl/imagenet-a:train:448,5,1.000000
449,hf:barkermrl/imagenet-a:train:449,5,1.000000
450,hf:barkermrl/imagenet-a:train:450,5,1.000000
451,hf:barkermrl/imagenet-a:train:451,5,1.000000
452,hf:barkermrl/imagenet-a:train:452,5,1.000000
453,hf:barkermrl/imagenet-a:train:453,5,1.000000
454,hf:barkermrl/imagenet-a:train:454,5,1.000000
455,hf:barkermrl/imagenet-a:train:455,5,1.000000
456,hf:barkermrl/imagenet-a:train:456,5,1.000000
457,hf:barkermrl/imagenet-a:train:457,5,1.000000
458,hf:barkermrl/imagenet-a:train:458,5,1.000000
459,hf:barkermrl/imagenet-a:train:459,5,1.000000
460,hf:barkermrl/imagenet-a:train:460,5,1.000000
461,hf:barkermrl/imagenet-a:train:461,5,1.000000
462,hf:barkermrl/imagenet-a:train:462,5,1.000000
463,hf:barkermrl/imagenet-a:train:463,5,1.000000
464,hf:barkermrl/imagenet-a:train:464,5,1.000000
465,hf:barkermrl/imagenet-a:train:465,5,1.000000
466,hf:barkermrl/imagenet-a:train:466,5,1.000000
467,hf:barkermrl/imagenet-a:train:467,5,1.000000
468,hf:barkermrl/imagenet-a:train:468,5,1.000000
469,hf:barkermrl/imagenet-a:train:469,5,1.000000
470,hf:barkermrl/imagenet-a:train:470,5,1.000000
471,hf:barkermrl/imagenet-a:train:471,5,1.000000
472,hf:barkermrl/imagenet-a:train:472,5,1.000000
473,hf:barkermrl/imagenet-a:train:473,5,1.000000
474,hf:barkermrl/imagenet-a:train:474,5,1.000000
475,hf:barkermrl/imagenet-a:train:475,5,1.000000
476,hf:barkermrl/imagenet-a:train:476,5,1.000000
477,hf:barkermrl/imagenet-a:train:477,5,1.000000
478,hf:barkermrl/imagenet-a:train:478,5,1.000000
479,hf:barkermrl/imagenet-a:train:479,5,1.000000
480,hf:barkermrl/imagenet-a:train:480,5,1.000000
481,hf:barkermrl/imagenet-a:train:481,5,1.000000
482,hf:barkermrl/imagenet-a:train:482,5,1.000000
483,hf:barkermrl/imagenet-a:train:483,5,1.000000
484,hf:barkermrl/imagenet-a:train:484,5,1.000000
485,hf:barkermrl/imagenet-a:train:485,5,1.000000
486,hf:barkermrl/imagenet-a:train:486,5,1.000000
487,hf:barkermrl/imagenet-a:train:487,5,1.000000
488,hf:barkermrl/imagenet-a:train:488,5,1.000000
489,hf:barkermrl/imagenet-a:train:489,5,1.000000
490,hf:barkermrl/imagenet-a:train:490,5,1.000000
491,hf:barkermrl/imagenet-a:train:491,5,1.000000
492,hf:barkermrl/imagenet-a:train:492,5,1.000000
493,hf:barkermrl/imagenet-a:train:493,5,1.000000
494,hf:barkermrl/imagenet-a:train:494,5,1.000000
495,hf:barkermrl/imagenet-a:train:495,5,1.000000
496,hf:barkermrl/imagenet-a:train:496,5,1.000000
497,hf:barkermrl/imagenet-a:train:497,5,1.000000
498,hf:barkermrl/imagenet-a:train:498,5,1.000000
499,hf:barkermrl/imagenet-a:train:499,5,1.000000
500,hf:barkermrl/imagenet-a:train:500,5,1.000000
501,hf:barkermrl/imagenet-a:train:501,5,1.000000
502,hf:barkermrl/imagenet-a:train:502,5,1.000000
503,hf:barkermrl/imagenet-a:train:503,5,1.000000
504,hf:barkermrl/imagenet-a:train:504,5,1.000000
505,hf:barkermrl/imagenet-a:train:505,5,1.000000
506,hf:barkermrl/imagenet-a:train:506,5,1.000000
507,hf:barkermrl/imagenet-a:train:507,5,1.000000
508,hf:barkermrl/imagenet-a:train:508,5,1.000000
509,hf:barkermrl/imagenet-a:train:509,5,1.000000
510,hf:barkermrl/imagenet-a:train:510,5,1.000000
511,hf:barkermrl/imagenet-a:train:511,5,1.000000
512,hf:barkermrl/imagenet-a:train:512,5,1.000000
513,hf:barkermrl/imagenet-a:train:513,5,1.000000
514,hf:barkermrl/imagenet-a:train:514,5,1.000000
515,hf:barkermrl/imagenet-a:train:515,5,1.000000
516,hf:barkermrl/imagenet-a:train:516,5,1.000000
517,hf:barkermrl/imagenet-a:train:517,5,1.000000
518,hf:barkermrl/imagenet-a:train:518,5,1.000000
519,hf:barkermrl/imagenet-a:train:519,5,1.000000
520,hf:barkermrl/imagenet-a:train:520,6,1.000000
521,hf:barkermrl/imagenet-a:train:521,6,1.000000
522,hf:barkermrl/imagenet-a:train:522,6,1.000000
523,hf:barkermrl/imagenet-a:train:523,6,1.000000
524,hf:barkermrl/imagenet-a:train:524,6,1.000000
525,hf:barkermrl/imagenet-a:train:525,6,1.000000
526,hf:barkermrl/imagenet-a:train:526,6,1.000000
527,hf:barkermrl/imagenet-a:train:527,6,1.000000
528,hf:barkermrl/imagenet-a:train:528,6,1.000000
529,hf:barkermrl/imagenet-a:train:529,6,1.000000
530,hf:barkermrl/imagenet-a:train:530,6,1.000000
531,hf:barkermrl/imagenet-a:train:531,6,1.000000
532,hf:barkermrl/imagenet-a:train:532,6,1.000000
533,hf:barkermrl/imagenet-a:train:533,6,1.000000
534,hf:barkermrl/imagenet-a:train:534,6,1.000000
535,hf:barkermrl/imagenet-a:train:535,6,1.000000
536,hf:barkermrl/imagenet-a:train:536,6,1.000000
537,hf:barkermrl/imagenet-a:train:537,6,1.000000
538,hf:barkermrl/imagenet-a:train:538,6,1.000000
539,hf:barkermrl/imagenet-a:train:539,6,1.000000
540,hf:barkermrl/imagenet-a:train:540,6,1.000000
541,hf:barkermrl/imagenet-a:train:541,6,1.000000
542,hf:barkermrl/imagenet-a:train:542,6,1.000000
543,hf:barkermrl/imagenet-a:train:543,6,1.000000
544,hf:barkermrl/imagenet-a:train:544,6,1.000000
545,hf:barkermrl/imagenet-a:train:545,6,1.000000
546,hf:barkermrl/imagenet-a:train:546,6,1.000000
547,hf:barkermrl/imagenet-a:train:547,6,1.000000
548,hf:barkermrl/imagenet-a:train:548,6,1.000000
549,hf:barkermrl/imagenet-a:train:549,6,1.000000
550,hf:barkermrl/imagenet-a:train:550,6,1.000000
551,hf:barkermrl/imagenet-a:train:551,6,1.000000
552,hf:barkermrl/imagenet-a:train:552,6,1.000000
553,hf:barkermrl/imagenet-a:train:553,6,1.000000
554,hf:barkermrl/imagenet-a:train:554,6,1.000000
555,hf:barkermrl/imagenet-a:train:555,6,1.000000
556,hf:barkermrl/imagenet-a:train:556,6,1.000000
557,hf:barkermrl/imagenet-a:train:557,6,1.000000
558,hf:barkermrl/imagenet-a:train:558,6,1.000000
559,hf:barkermrl/imagenet-a:train:559,6,1.000000
560,hf:barkermrl/imagenet-a:train:560,6,1.000000
561,hf:barkermrl/imagenet-a:train:561,6,1.000000
562,hf:barkermrl/imagenet-a:train:562,6,1.000000
563,hf:barkermrl/imagenet-a:train:563,6,1.000000
564,hf:barkermrl/imagenet-a:train:564,6,1.000000
565,hf:barkermrl/imagenet-a:train:565,6,1.000000
566,hf:barkermrl/imagenet-a:train:566,6,1.000000
567,hf:barkermrl/imagenet-a:train:567,6,1.000000
568,hf:barkermrl/imagenet-a:train:568,6,1.000000
569,hf:barkermrl/imagenet-a:train:569,6,1.000000
570,hf:barkermrl/imagenet-a:train:570,6,1.000000
571,hf:barkermrl/imagenet-a:train:571,6,1.000000
572,hf:barkermrl/imagenet-a:train:572,6,1.000000
573,hf:barkermrl/imagenet-a:train:573,6,1.000000
574,hf:barkermrl/imagenet-a:train:574,6,1.000000
575,hf:barkermrl/imagenet-a:train:575,6,1.000000
576,hf:barkermrl/imagenet-a:train:576,6,1.000000
577,hf:barkermrl/imagenet-a:train:577,6,1.000000
578,hf:barkermrl/imagenet-a:train:578,6,1.000000
579,hf:barkermrl/imagenet-a:train:579,6,1.000000
580,hf:barkermrl/imagenet-a:train:580,6,1.000000
581,hf:barkermrl/imagenet-a:train:581,6,1.000000
582,hf:barkermrl/imagenet-a:train:582,6,1.000000
583,hf:barkermrl/imagenet-a:train:583,6,1.000000
584,hf:barkermrl/imagenet-a:train:584,6,1.000000
585,hf:barkermrl/imagenet-a:train:585,6,1.000000
586,hf:barkermrl/imagenet-a:train:586,6,1.000000
587,hf:barkermrl/imagenet-a:train:587,6,1.000000
588,hf:barkermrl/imagenet-a:train:588,6,1.000000
589,hf:barkermrl/imagenet-a:train:589,6,1.000000
590,hf:barkermrl/imagenet-a:train:590,6,1.000000
591,hf:barkermrl/imagenet-a:train:591,6,1.000000
592,hf:barkermrl/imagenet-a:train:592,6,1.000000
593,hf:barkermrl/imagenet-a:train:593,6,1.000000
594,hf:barkermrl/imagenet-a:train:594,6,1.000000
595,hf:barkermrl/imagenet-a:train:595,6,1.000000
596,hf:barkermrl/imagenet-a:train:596,7,1.000000
597,hf:barkermrl/imagenet-a:train:597,7,1.000000
598,hf:barkermrl/imagenet-a:train:598,7,1.000000
599,hf:barkermrl/imagenet-a:train:599,7,1.000000
600,hf:barkermrl/imagenet-a:train:600,7,1.000000
601,hf:barkermrl/imagenet-a:train:601,7,1.000000
602,hf:barkermrl/imagenet-a:train:602,7,1.000000
603,hf:barkermrl/imagenet-a:train:603,7,1.000000
604,hf:barkermrl/imagenet-a:train:604,7,1.000000
605,hf:barkermrl/imagenet-a:train:605,7,1.000000
606,hf:barkermrl/imagenet-a:train:606,7,1.000000
607,hf:barkermrl/imagenet-a:train:607,7,1.000000
608,hf:barkermrl/imagenet-a:train:608,7,1.000000
609,hf:barkermrl/imagenet-a:train:609,7,1.000000
610,hf:barkermrl/imagenet-a:train:610,7,1.000000
611,hf:barkermrl/imagenet-a:train:611,7,1.000000
612,hf:barkermrl/imagenet-a:train:612,7,1.000000
613,hf:barkermrl/imagenet-a:train:613,7,1.000000
614,hf:barkermrl/imagenet-a:train:614,7,1.000000
615,hf:barkermrl/imagenet-a:train:615,7,1.000000
616,hf:barkermrl/imagenet-a:train:616,7,1.000000
617,hf:barkermrl/imagenet-a:train:617,7,1.000000
618,hf:barkermrl/imagenet-a:train:618,7,1.000000
619,hf:barkermrl/imagenet-a:train:619,7,1.000000
620,hf:barkermrl/imagenet-a:train:620,7,1.000000
621,hf:barkermrl/imagenet-a:train:621,7,1.000000
622,hf:barkermrl/imagenet-a:train:622,7,1.000000
623,hf:barkermrl/imagenet-a:train:623,7,1.000000
624,hf:barkermrl/imagenet-a:train:624,7,1.000000
625,hf:barkermrl/imagenet-a:train:625,7,1.000000
626,hf:barkermrl/imagenet-a:train:626,7,1.000000
627,hf:barkermrl/imagenet-a:train:627,7,1.000000
628,hf:barkermrl/imagenet-a:train:628,7,1.000000
629,hf:barkermrl/imagenet-a:train:629,7,1.000000
630,hf:barkermrl/imagenet-a:train:630,7,1.000000
631,hf:barkermrl/imagenet-a:train:631,7,1.000000
632,hf:barkermrl/imagenet-a:train:632,7,1.000000
633,hf:barkermrl/imagenet-a:train:633,7,1.000000
634,hf:barkermrl/imagenet-a:train:634,7,1.000000
635,hf:barkermrl/imagenet-a:train:635,7,1.000000
636,hf:barkermrl/imagenet-a:train:636,7,1.000000
637,hf:barkermrl/imagenet-a:train:637,7,1.000000
638,hf:barkermrl/imagenet-a:train:638,7,1.000000
639,hf:barkermrl/imagenet-a:train:639,7,1.000000
640,hf:barkermrl/imagenet-a:train:640,7,1.000000
641,hf:barkermrl/imagenet-a:train:641,7,1.000000
642,hf:barkermrl/imagenet-a:train:642,7,1.000000
643,hf:barkermrl/imagenet-a:train:643,7,1.000000
644,hf:barkermrl/imagenet-a:train:644,7,1.000000
645,hf:barkermrl/imagenet-a:train:645,7,1.000000
646,hf:barkermrl/imagenet-a:train:646,7,1.000000
647,hf:barkermrl/imagenet-a:train:647,7,1.000000
648,hf:barkermrl/imagenet-a:train:648,7,1.000000
649,hf:barkermrl/imagenet-a:train:649,7,1.000000
650,hf:barkermrl/imagenet-a:train:650,7,1.000000
651,hf:barkermrl/imagenet-a:train:651,7,1.000000
652,hf:barkermrl/imagenet-a:train:652,8,1.000000
653,hf:barkermrl/imagenet-a:train:653,8,1.000000
654,hf:barkermrl/imagenet-a:train:654,8,1.000000
655,hf:barkermrl/imagenet-a:train:655,8,1.000000
656,hf:barkermrl/imagenet-a:train:656,8,1.000000
657,hf:barkermrl/imagenet-a:train:657,8,1.000000
658,hf:barkermrl/imagenet-a:train:658,8,1.000000
659,hf:barkermrl/imagenet-a:train:659,8,1.000000
660,hf:barkermrl/imagenet-a:train:660,8,1.000000
661,hf:barkermrl/imagenet-a:train:661,8,1.000000
662,hf:barkermrl/imagenet-a:train:662,8,1.000000
663,hf:barkermrl/imagenet-a:train:663,8,1.000000
664,hf:barkermrl/imagenet-a:train:664,8,1.000000
665,hf:barkermrl/imagenet-a:train:665,8,1.000000
666,hf:barkermrl/imagenet-a:train:666,8,1.000000
667,hf:barkermrl/imagenet-a:train:667,8,1.000000
668,hf:barkermrl/imagenet-a:train:668,8,1.000000
669,hf:barkermrl/imagenet-a:train:669,8,1.000000
670,hf:barkermrl/imagenet-a:train:670,8,1.000000
671,hf:barkermrl/imagenet-a:train:671,8,1.000000
672,hf:barkermrl/imagenet-a:train:672,8,1.000000
673,hf:barkermrl/imagenet-a:train:673,8,1.000000
674,hf:barkermrl/imagenet-a:train:674,8,1.000000
675,hf:barkermrl/imagenet-a:train:675,8,1.000000
676,hf:barkermrl/imagenet-a:train:676,8,1.000000
677,hf:barkermrl/imagenet-a:train:677,8,1.000000
678,hf:barkermrl/imagenet-a:train:678,8,1.000000
679,hf:barkermrl/imagenet-a:train:679,8,1.000000
680,hf:barkermrl/imagenet-a:train:680,8,1.000000
681,hf:barkermrl/imagenet-a:train:681,8,1.000000
682,hf:barkermrl/imagenet-a:train:682,8,1.000000
683,hf:barkermrl/imagenet-a:train:683,8,1.000000
684,hf:barkermrl/imagenet-a:train:684,8,1.000000
685,hf:barkermrl/imagenet-a:train:685,8,1.000000
686,hf:barkermrl/imagenet-a:train:686,8,1.000000
687,hf:barkermrl/imagenet-a:train:687,8,1.000000
688,hf:barkermrl/imagenet-a:train:688,8,1.000000
689,hf:barkermrl/imagenet-a:train:689,8,1.000000
690,hf:barkermrl/imagenet-a:train:690,8,1.000000
691,hf:barkermrl/imagenet-a:train:691,8,1.000000
692,hf:barkermrl/imagenet-a:train:692,8,1.000000
693,hf:barkermrl/imagenet-a:train:693,8,1.000000
694,hf:barkermrl/imagenet-a:train:694,8,1.000000
695,hf:barkermrl/imagenet-a:train:695,8,1.000000
696,hf:barkermrl/imagenet-a:train:696,8,1.000000
697,hf:barkermrl/imagenet-a:train:697,8,1.000000
698,hf:barkermrl/imagenet-a:train:698,8,1.000000
699,hf:barkermrl/imagenet-a:train:699,8,1.000000
700,hf:barkermrl/imagenet-a:train:700,8,1.000000
701,hf:barkermrl/imagenet-a:train:701,8,1.000000
702,hf:barkermrl/imagenet-a:train:702,8,1.000000
703,hf:barkermrl/imagenet-a:train:703,8,1.000000
704,hf:barkermrl/imagenet-a:train:704,8,1.000000
705,hf:barkermrl/imagenet-a:train:705,8,1.000000
706,hf:barkermrl/imagenet-a:train:706,8,1.000000
707,hf:barkermrl/imagenet-a:train:707,8,1.000000
708,hf:barkermrl/imagenet-a:train:708,8,1.000000
709,hf:barkermrl/imagenet-a:train:709,8,1.000000
710,hf:barkermrl/imagenet-a:train:710,8,1.000000
711,hf:barkermrl/imagenet-a:train:711,8,1.000000
712,hf:barkermrl/imagenet-a:train:712,8,1.000000
713,hf:barkermrl/imagenet-a:train:713,8,1.000000
714,hf:barkermrl/imagenet-a:train:714,8,1.000000
715,hf:barkermrl/imagenet-a:train:715,8,1.000000
716,hf:barkermrl/imagenet-a:train:716,8,1.000000
717,hf:barkermrl/imagenet-a:train:717,8,1.000000
718,hf:barkermrl/imagenet-a:train:718,8,1.000000
719,hf:barkermrl/imagenet-a:train:719,8,1.000000
720,hf:barkermrl/imagenet-a:train:720,8,1.000000
721,hf:barkermrl/imagenet-a:train:721,8,1.000000
722,hf:barkermrl/imagenet-a:train:722,8,1.000000
723,hf:barkermrl/imagenet-a:train:723,8,1.000000
724,hf:barkermrl/imagenet-a:train:724,8,1.000000
725,hf:barkermrl/imagenet-a:train:725,8,1.000000
726,hf:barkermrl/imagenet-a:train:726,8,1.000000
727,hf:barkermrl/imagenet-a:train:727,8,1.000000
728,hf:barkermrl/imagenet-a:train:728,8,1.000000
729,hf:barkermrl/imagenet-a:train:729,8,1.000000
730,hf:barkermrl/imagenet-a:train:730,8,1.000000
731,hf:barkermrl/imagenet-a:train:731,8,1.000000
732,hf:barkermrl/imagenet-a:train:732,8,1.000000
733,hf:barkermrl/imagenet-a:train:733,8,1.000000
734,hf:barkermrl/imagenet-a:train:734,8,1.000000
735,hf:barkermrl/imagenet-a:train:735,8,1.000000
736,hf:barkermrl/imagenet-a:train:736,8,1.000000
737,hf:barkermrl/imagenet-a:train:737,8,1.000000
738,hf:barkermrl/imagenet-a:train:738,8,1.000000
739,hf:barkermrl/imagenet-a:train:739,8,1.000000
740,hf:barkermrl/imagenet-a:train:740,8,1.000000
741,hf:barkermrl/imagenet-a:train:741,8,1.000000
742,hf:barkermrl/imagenet-a:train:742,8,1.000000
743,hf:barkermrl/imagenet-a:train:743,8,1.000000
744,hf:barkermrl/imagenet-a:train:744,8,1.000000
745,hf:barkermrl/imagenet-a:train:745,8,1.000000
746,hf:barkermrl/imagenet-a:train:746,8,1.000000
747,hf:barkermrl/imagenet-a:train:747,8,1.000000
748,hf:barkermrl/imagenet-a:train:748,8,1.000000
749,hf:barkermrl/imagenet-a:train:749,8,1.000000
750,hf:barkermrl/imagenet-a:train:750,8,1.000000
751,hf:barkermrl/imagenet-a:train:751,8,1.000000
752,hf:barkermrl/imagenet-a:train:752,9,1.000000
753,hf:barkermrl/imagenet-a:train:753,9,1.000000
754,hf:barkermrl/imagenet-a:train:754,9,1.000000
755,hf:barkermrl/imagenet-a:train:755,9,1.000000
756,hf:barkermrl/imagenet-a:train:756,9,1.000000
757,hf:barkermrl/imagenet-a:train:757,9,1.000000
758,hf:barkermrl/imagenet-a:train:758,9,1.000000
759,hf:barkermrl/imagenet-a:train:759,9,1.000000
760,hf:barkermrl/imagenet-a:train:760,9,1.000000
761,hf:barkermrl/imagenet-a:train:761,9,1.000000
762,hf:barkermrl/imagenet-a:train:762,9,1.000000
763,hf:barkermrl/imagenet-a:train:763,9,1.000000
764,hf:barkermrl/imagenet-a:train:764,9,1.000000
765,hf:barkermrl/imagenet-a:train:765,9,1.000000
766,hf:barkermrl/imagenet-a:train:766,9,1.000000
767,hf:barkermrl/imagenet-a:train:767,9,1.000000
768,hf:barkermrl/imagenet-a:train:768,9,1.000000
769,hf:barkermrl/imagenet-a:train:769,9,1.000000
770,hf:barkermrl/imagenet-a:train:770,9,1.000000
771,hf:barkermrl/imagenet-a:train:771,9,1.000000
772,hf:barkermrl/imagenet-a:train:772,9,1.000000
773,hf:barkermrl/imagenet-a:train:773,9,1.000000
774,hf:barkermrl/imagenet-a:train:774,9,1.000000
775,hf:barkermrl/imagenet-a:train:775,9,1.000000
776,hf:barkermrl/imagenet-a:train:776,9,1.000000
777,hf:barkermrl/imagenet-a:train:777,9,1.000000
778,hf:barkermrl/imagenet-a:train:778,9,1.000000
779,hf:barkermrl/imagenet-a:train:779,9,1.000000
780,hf:barkermrl/imagenet-a:train:780,9,1.000000
781,hf:barkermrl/imagenet-a:train:781,9,1.000000
782,hf:barkermrl/imagenet-a:train:782,9,1.000000
783,hf:barkermrl/imagenet-a:train:783,9,1.000000
784,hf:barkermrl/imagenet-a:train:784,9,1.000000
785,hf:barkermrl/imagenet-a:train:785,9,1.000000
786,hf:barkermrl/imagenet-a:train:786,9,1.000000
787,hf:barkermrl/imagenet-a:train:787,9,1.000000
788,hf:barkermrl/imagenet-a:train:788,9,1.000000
789,hf:barkermrl/imagenet-a:train:789,9,1.000000
790,hf:barkermrl/imagenet-a:train:790,9,1.000000
791,hf:barkermrl/imagenet-a:train:791,9,1.000000
792,hf:barkermrl/imagenet-a:train:792,9,1.000000
793,hf:barkermrl/imagenet-a:train:793,9,1.000000
794,hf:barkermrl/imagenet-a:train:794,9,1.000000
795,hf:barkermrl/imagenet-a:train:795,9,1.000000
796,hf:barkermrl/imagenet-a:train:796,9,1.000000
797,hf:barkermrl/imagenet-a:train:797,9,1.000000
798,hf:barkermrl/imagenet-a:train:798,9,1.000000
799,hf:barkermrl/imagenet-a:train:799,9,1.000000
800,hf:barkermrl/imagenet-a:train:800,9,1.000000
801,hf:barkermrl/imagenet-a:train:801,9,1.000000
802,hf:barkermrl/imagenet-a:train:802,9,1.000000
803,hf:barkermrl/imagenet-a:train:803,9,1.000000
804,hf:barkermrl/imagenet-a:train:804,9,1.000000
805,hf:barkermrl/imagenet-a:train:805,9,1.000000
806,hf:barkermrl/imagenet-a:train:806,9,1.000000
807,hf:barkermrl/imagenet-a:train:807,9,1.000000
808,hf:barkermrl/imagenet-a:train:808,9,1.000000
809,hf:barkermrl/imagenet-a:train:809,9,1.000000
810,hf:barkermrl/imagenet-a:train:810,9,1.000000
811,hf:barkermrl/imagenet-a:train:811,9,1.000000
812,hf:barkermrl/imagenet-a:train:812,9,1.000000
813,hf:barkermrl/imagenet-a:train:813,9,1.000000
814,hf:barkermrl/imagenet-a:train:814,9,1.000000
815,hf:barkermrl/imagenet-a:train:815,9,1.000000
816,hf:barkermrl/imagenet-a:train:816,10,1.000000
817,hf:barkermrl/imagenet-a:train:817,10,1.000000
818,hf:barkermrl/imagenet-a:train:818,10,1.000000
819,hf:barkermrl/imagenet-a:train:819,10,1.000000
820,hf:barkermrl/imagenet-a:train:820,10,1.000000
821,hf:barkermrl/imagenet-a:train:821,10,1.000000
822,hf:barkermrl/imagenet-a:train:822,10,1.000000
823,hf:barkermrl/imagenet-a:train:823,10,1.000000
824,hf:barkermrl/imagenet-a:train:824,10,1.000000
825,hf:barkermrl/imagenet-a:train:825,10,1.000000
826,hf:barkermrl/imagenet-a:train:826,10,1.000000
827,hf:barkermrl/imagenet-a:train:827,10,1.000000
828,hf:barkermrl/imagenet-a:train:828,10,1.000000
829,hf:barkermrl/imagenet-a:train:829,10,1.000000
830,hf:barkermrl/imagenet-a:train:830,10,1.000000
831,hf:barkermrl/imagenet-a:train:831,10,1.000000
832,hf:barkermrl/imagenet-a:train:832,10,1.000000
833,hf:barkermrl/imagenet-a:train:833,10,1.000000
834,hf:barkermrl/imagenet-a:train:834,10,1.000000
835,hf:barkermrl/imagenet-a:train:835,10,1.000000
836,hf:barkermrl/imagenet-a:train:836,10,1.000000
837,hf:barkermrl/imagenet-a:train:837,10,1.000000
838,hf:barkermrl/imagenet-a:train:838,10,1.000000
839,hf:barkermrl/imagenet-a:train:839,10,1.000000
840,hf:barkermrl/imagenet-a:train:840,10,1.000000
841,hf:barkermrl/imagenet-a:train:841,10,1.000000
842,hf:barkermrl/imagenet-a:train:842,10,1.000000
843,hf:barkermrl/imagenet-a:train:843,10,1.000000
844,hf:barkermrl/imagenet-a:train:844,10,1.000000
845,hf:barkermrl/imagenet-a:train:845,10,1.000000
846,hf:barkermrl/imagenet-a:train:846,10,1.000000
847,hf:barkermrl/imagenet-a:train:847,10,1.000000
848,hf:barkermrl/imagenet-a:train:848,10,1.000000
849,hf:barkermrl/imagenet-a:train:849,10,1.000000
850,hf:barkermrl/imagenet-a:train:850,10,1.000000
851,hf:barkermrl/imagenet-a:train:851,10,1.000000
852,hf:barkermrl/imagenet-a:train:852,10,1.000000
853,hf:barkermrl/imagenet-a:train:853,10,1.000000
854,hf:barkermrl/imagenet-a:train:854,10,1.000000
855,hf:barkermrl/imagenet-a:train:855,10,1.000000
856,hf:barkermrl/imagenet-a:train:856,10,1.000000
857,hf:barkermrl/imagenet-a:train:857,10,1.000000
858,hf:barkermrl/imagenet-a:train:858,10,1.000000
859,hf:barkermrl/imagenet-a:train:859,10,1.000000
860,hf:barkermrl/imagenet-a:train:860,10,1.000000
861,hf:barkermrl/imagenet-a:train:861,10,1.000000
862,hf:barkermrl/imagenet-a:train:862,10,1.000000
863,hf:barkermrl/imagenet-a:train:863,10,1.000000
864,hf:barkermrl/imagenet-a:train:864,10,1.000000
865,hf:barkermrl/imagenet-a:train:865,10,1.000000
866,hf:barkermrl/imagenet-a:train:866,10,1.000000
867,hf:barkermrl/imagenet-a:train:867,10,1.000000
868,hf:barkermrl/imagenet-a:train:868,10,1.000000
869,hf:barkermrl/imagenet-a:train:869,10,1.000000
870,hf:barkermrl/imagenet-a:train:870,10,1.000000
871,hf:barkermrl/imagenet-a:train:871,10,1.000000
872,hf:barkermrl/imagenet-a:train:872,10,1.000000
873,hf:barkermrl/imagenet-a:train:873,10,1.000000
874,hf:barkermrl/imagenet-a:train:874,10,1.000000
875,hf:barkermrl/imagenet-a:train:875,10,1.000000
876,hf:barkermrl/imagenet-a:train:876,10,1.000000
877,hf:barkermrl/imagenet-a:train:877,10,1.000000
878,hf:barkermrl/imagenet-a:train:878,10,1.000000
879,hf:barkermrl/imagenet-a:train:879,10,1.000000
880,hf:barkermrl/imagenet-a:train:880,10,1.000000
881,hf:barkermrl/imagenet-a:train:881,10,1.000000
882,hf:barkermrl/imagenet-a:train:882,10,1.000000
883,hf:barkermrl/imagenet-a:train:883,10,1.000000
884,hf:barkermrl/imagenet-a:train:884,10,1.000000
885,hf:barkermrl/imagenet-a:train:885,10,1.000000
886,hf:barkermrl/imagenet-a:train:886,10,1.000000
887,hf:barkermrl/imagenet-a:train:887,10,1.000000
888,hf:barkermrl/imagenet-a:train:888,10,1.000000
889,hf:barkermrl/imagenet-a:train:889,10,1.000000
890,hf:barkermrl/imagenet-a:train:890,10,1.000000
891,hf:barkermrl/imagenet-a:train:891,10,1.000000
892,hf:barkermrl/imagenet-a:train:892,10,1.000000
893,hf:barkermrl/imagenet-a:train:893,10,1.000000
894,hf:barkermrl/imagenet-a:train:894,10,1.000000
895,hf:barkermrl/imagenet-a:train:895,10,1.000000
896,hf:barkermrl/imagenet-a:train:896,10,1.000000
897,hf:barkermrl/imagenet-a:train:897,10,1.000000
898,hf:barkermrl/imagenet-a:train:898,10,1.000000
899,hf:barkermrl/imagenet-a:train:899,10,1.000000
900,hf:barkermrl/imagenet-a:train:900,10,1.000000
901,hf:barkermrl/imagenet-a:train:901,10,1.000000
902,hf:barkermrl/imagenet-a:train:902,10,1.000000
903,hf:barkermrl/imagenet-a:train:903,10,1.000000
904,hf:barkermrl/imagenet-a:train:904,10,1.000000
905,hf:barkermrl/imagenet-a:train:905,10,1.000000
906,hf:barkermrl/imagenet-a:train:906,10,1.000000
907,hf:barkermrl/imagenet-a:train:907,10,1.000000
908,hf:barkermrl/imagenet-a:train:908,10,1.000000
909,hf:barkermrl/imagenet-a:train:909,10,1.000000
910,hf:barkermrl/imagenet-a:train:910,10,1.000000
911,hf:barkermrl/imagenet-a:train:911,10,1.000000
912,hf:barkermrl/imagenet-a:train:912,10,1.000000
913,hf:barkermrl/imagenet-a:train:913,10,1.000000
914,hf:barkermrl/imagenet-a:train:914,10,1.000000
915,hf:barkermrl/imagenet-a:train:915,10,1.000000
916,hf:barkermrl/imagenet-a:train:916,11,1.000000
917,hf:barkermrl/imagenet-a:train:917,11,1.000000
918,hf:barkermrl/imagenet-a:train:918,11,1.000000
919,hf:barkermrl/imagenet-a:train:919,11,1.000000
920,hf:barkermrl/imagenet-a:train:920,11,1.000000
921,hf:barkermrl/imagenet-a:train:921,11,1.000000
922,hf:barkermrl/imagenet-a:train:922,11,1.000000
923,hf:barkermrl/imagenet-a:train:923,11,1.000000
924,hf:barkermrl/imagenet-a:train:924,11,1.000000
925,hf:barkermrl/imagenet-a:train:925,11,1.000000
926,hf:barkermrl/imagenet-a:train:926,11,1.000000
927,hf:barkermrl/imagenet-a:train:927,11,1.000000
928,hf:barkermrl/imagenet-a:train:928,11,1.000000
929,hf:barkermrl/imagenet-a:train:929,11,1.000000
930,hf:barkermrl/imagenet-a:train:930,11,1.000000
931,hf:barkermrl/imagenet-a:train:931,11,1.000000
932,hf:barkermrl/imagenet-a:train:932,11,1.000000
933,hf:barkermrl/imagenet-a:train:933,11,1.000000
934,hf:barkermrl/imagenet-a:train:934,11,1.000000
935,hf:barkermrl/imagenet-a:train:935,11,1.000000
936,hf:barkermrl/imagenet-a:train:936,11,1.000000
937,hf:barkermrl/imagenet-a:train:937,11,1.000000
938,hf:barkermrl/imagenet-a:train:938,11,1.000000
939,hf:barkermrl/imagenet-a:train:939,11,1.000000
940,hf:barkermrl/imagenet-a:train:940,11,1.000000
941,hf:barkermrl/imagenet-a:train:941,11,1.000000
942,hf:barkermrl/imagenet-a:train:942,11,1.000000
943,hf:barkermrl/imagenet-a:train:943,11,1.000000
944,hf:barkermrl/imagenet-a:train:944,11,1.000000
945,hf:barkermrl/imagenet-a:train:945,11,1.000000
946,hf:barkermrl/imagenet-a:train:946,11,1.000000
947,hf:barkermrl/imagenet-a:train:947,11,1.000000
948,hf:barkermrl/imagenet-a:train:948,11,1.000000
949,hf:barkermrl/imagenet-a:train:949,11,1.000000
950,hf:barkermrl/imagenet-a:train:950,11,1.000000
951,hf:barkermrl/imagenet-a:train:951,11,1.000000
952,hf:barkermrl/imagenet-a:train:952,11,1.000000
953,hf:barkermrl/imagenet-a:train:953,11,1.000000
954,hf:barkermrl/imagenet-a:train:954,11,1.000000
955,hf:barkermrl/imagenet-a:train:955,11,1.000000
956,hf:barkermrl/imagenet-a:train:956,11,1.000000
957,hf:barkermrl/imagenet-a:train:957,11,1.000000
958,hf:barkermrl/imagenet-a:train:958,11,1.000000
959,hf:barkermrl/imagenet-a:train:959,11,1.000000
960,hf:barkermrl/imagenet-a:train:960,11,1.000000
961,hf:barkermrl/imagenet-a:train:961,11,1.000000
962,hf:barkermrl/imagenet-a:train:962,11,1.000000
963,hf:barkermrl/imagenet-a:train:963,11,1.000000
964,hf:barkermrl/imagenet-a:train:964,11,1.000000
965,hf:barkermrl/imagenet-a:train:965,11,1.000000
966,hf:barkermrl/imagenet-a:train:966,11,1.000000
967,hf:barkermrl/imagenet-a:train:967,11,1.000000
968,hf:barkermrl/imagenet-a:train:968,11,1.000000
969,hf:barkermrl/imagenet-a:train:969,11,1.000000
970,hf:barkermrl/imagenet-a:train:970,11,1.000000
971,hf:barkermrl/imagenet-a:train:971,11,1.000000
972,hf:barkermrl/imagenet-a:train:972,11,1.000000
973,hf:barkermrl/imagenet-a:train:973,11,1.000000
974,hf:barkermrl/imagenet-a:train:974,11,1.000000
975,hf:barkermrl/imagenet-a:train:975,11,1.000000
976,hf:barkermrl/imagenet-a:train:976,11,1.000000
977,hf:barkermrl/imagenet-a:train:977,11,1.000000
978,hf:barkermrl/imagenet-a:train:978,11,1.000000
979,hf:barkermrl/imagenet-a:train:979,11,1.000000
980,hf:barkermrl/imagenet-a:train:980,11,1.000000
981,hf:barkermrl/imagenet-a:train:981,11,1.000000
982,hf:barkermrl/imagenet-a:train:982,11,1.000000
983,hf:barkermrl/imagenet-a:train:983,11,1.000000
984,hf:barkermrl/imagenet-a:train:984,11,1.000000
985,hf:barkermrl/imagenet-a:train:985,11,1.000000
986,hf:barkermrl/imagenet-a:train:986,12,1.000000
987,hf:barkermrl/imagenet-a:train:987,12,1.000000
988,hf:barkermrl/imagenet-a:train:988,12,1.000000
989,hf:barkermrl/imagenet-a:train:989,12,1.000000
990,hf:barkermrl/imagenet-a:train:990,12,1.000000
991,hf:barkermrl/imagenet-a:train:991,12,1.000000
992,hf:barkermrl/imagenet-a:train:992,12,1.000000
993,hf:barkermrl/imagenet-a:train:993,12,1.000000
994,hf:barkermrl/imagenet-a:train:994,12,1.000000
995,hf:barkermrl/imagenet-a:train:995,12,1.000000
996,hf:barkermrl/imagenet-a:train:996,12,1.000000
997,hf:barkermrl/imagenet-a:train:997,12,1.000000
998,hf:barkermrl/imagenet-a:train:998,12,1.000000
999,hf:barkermrl/imagenet-a:train:999,12,1.000000
1000,hf:barkermrl/imagenet-a:train:1000,12,1.000000
1001,hf:barkermrl/imagenet-a:train:1001,12,1.000000
1002,hf:barkermrl/imagenet-a:train:1002,12,1.000000
1003,hf:barkermrl/imagenet-a:train:1003,12,1.000000
1004,hf:barkermrl/imagenet-a:train:1004,12,1.000000
1005,hf:barkermrl/imagenet-a:train:1005,12,1.000000
1006,hf:barkermrl/imagenet-a:train:1006,12,1.000000
1007,hf:barkermrl/imagenet-a:train:1007,12,1.000000
1008,hf:barkermrl/imagenet-a:train:1008,12,1.000000
1009,hf:barkermrl/imagenet-a:train:1009,12,1.000000
1010,hf:barkermrl/imagenet-a:train:1010,12,1.000000
1011,hf:barkermrl/imagenet-a:train:1011,12,1.000000
1012,hf:barkermrl/imagenet-a:train:1012,12,1.000000
1013,hf:barkermrl/imagenet-a:train:1013,12,1.000000
1014,hf:barkermrl/imagenet-a:train:1014,12,1.000000
1015,hf:barkermrl/imagenet-a:train:1015,12,1.000000
1016,hf:barkermrl/imagenet-a:train:1016,12,1.000000
1017,hf:barkermrl/imagenet-a:train:1017,12,1.000000
1018,hf:barkermrl/imagenet-a:train:1018,12,1.000000
1019,hf:barkermrl/imagenet-a:train:1019,12,1.000000
1020,hf:barkermrl/imagenet-a:train:1020,12,1.000000
1021,hf:barkermrl/imagenet-a:train:1021,12,1.000000
1022,hf:barkermrl/imagenet-a:train:1022,12,1.000000
1023,hf:barkermrl/imagenet-a:train:1023,12,1.000000
1024,hf:barkermrl/imagenet-a:train:1024,12,1.000000
1025,hf:barkermrl/imagenet-a:train:1025,12,1.000000
1026,hf:barkermrl/imagenet-a:train:1026,12,1.000000
1027,hf:barkermrl/imagenet-a:train:1027,12,1.000000
1028,hf:barkermrl/imagenet-a:train:1028,12,1.000000
1029,hf:barkermrl/imagenet-a:train:1029,12,1.000000
1030,hf:barkermrl/imagenet-a:train:1030,12,1.000000
1031,hf:barkermrl/imagenet-a:train:1031,12,1.000000
1032,hf:barkermrl/imagenet-a:train:1032,12,1.000000
1033,hf:barkermrl/imagenet-a:train:1033,12,1.000000
1034,hf:barkermrl/imagenet-a:train:1034,12,1.000000
1035,hf:barkermrl/imagenet-a:train:1035,12,1.000000
1036,hf:barkermrl/imagenet-a:train:1036,12,1.000000
1037,hf:barkermrl/imagenet-a:train:1037,12,1.000000
1038,hf:barkermrl/imagenet-a:train:1038,12,1.000000
1039,hf:barkermrl/imagenet-a:train:1039,12,1.000000
1040,hf:barkermrl/imagenet-a:train:1040,12,1.000000
1041,hf:barkermrl/imagenet-a:train:1041,12,1.000000
1042,hf:barkermrl/imagenet-a:train:1042,12,1.000000
1043,hf:barkermrl/imagenet-a:train:1043,12,1.000000
1044,hf:barkermrl/imagenet-a:train:1044,12,1.000000
1045,hf:barkermrl/imagenet-a:train:1045,12,1.000000
1046,hf:barkermrl/imagenet-a:train:1046,12,1.000000
1047,hf:barkermrl/imagenet-a:train:1047,12,1.000000
1048,hf:barkermrl/imagenet-a:train:1048,12,1.000000
1049,hf:barkermrl/imagenet-a:train:1049,12,1.000000
1050,hf:barkermrl/imagenet-a:train:1050,12,1.000000
1051,hf:barkermrl/imagenet-a:train:1051,12,1.000000
1052,hf:barkermrl/imagenet-a:train:1052,12,1.000000
1053,hf:barkermrl/imagenet-a:train:1053,12,1.000000
1054,hf:barkermrl/imagenet-a:train:1054,12,1.000000
1055,hf:barkermrl/imagenet-a:train:1055,12,1.000000
1056,hf:barkermrl/imagenet-a:train:1056,12,1.000000
1057,hf:barkermrl/imagenet-a:train:1057,12,1.000000
1058,hf:barkermrl/imagenet-a:train:1058,12,1.000000
1059,hf:barkermrl/imagenet-a:train:1059,12,1.000000
1060,hf:barkermrl/imagenet-a:train:1060,12,1.000000
1061,hf:barkermrl/imagenet-a:train:1061,12,1.000000
1062,hf:barkermrl/imagenet-a:train:1062,12,1.000000
1063,hf:barkermrl/imagenet-a:train:1063,12,1.000000
1064,hf:barkermrl/imagenet-a:train:1064,12,1.000000
1065,hf:barkermrl/imagenet-a:train:1065,12,1.000000
1066,hf:barkermrl/imagenet-a:train:1066,12,1.000000
1067,hf:barkermrl/imagenet-a:train:1067,12,1.000000
1068,hf:barkermrl/imagenet-a:train:1068,12,1.000000
1069,hf:barkermrl/imagenet-a:train:1069,12,1.000000
1070,hf:barkermrl/imagenet-a:train:1070,12,1.000000
1071,hf:barkermrl/imagenet-a:train:1071,12,1.000000
1072,hf:barkermrl/imagenet-a:train:1072,12,1.000000
1073,hf:barkermrl/imagenet-a:train:1073,12,1.000000
1074,hf:barkermrl/imagenet-a:train:1074,13,1.000000
1075,hf:barkermrl/imagenet-a:train:1075,13,1.000000
1076,hf:barkermrl/imagenet-a:train:1076,13,1.000000
1077,hf:barkermrl/imagenet-a:train:1077,13,1.000000
1078,hf:barkermrl/imagenet-a:train:1078,13,1.000000
1079,hf:barkermrl/imagenet-a:train:1079,13,1.000000
1080,hf:barkermrl/imagenet-a:train:1080,13,1.000000
1081,hf:barkermrl/imagenet-a:train:1081,13,1.000000
1082,hf:barkermrl/imagenet-a:train:1082,13,1.000000
1083,hf:barkermrl/imagenet-a:train:1083,13,1.000000
1084,hf:barkermrl/imagenet-a:train:1084,13,1.000000
1085,hf:barkermrl/imagenet-a:train:1085,13,1.000000
1086,hf:barkermrl/imagenet-a:train:1086,13,1.000000
1087,hf:barkermrl/imagenet-a:train:1087,13,1.000000
1088,hf:barkermrl/imagenet-a:train:1088,13,1.000000
1089,hf:barkermrl/imagenet-a:train:1089,13,1.000000
1090,hf:barkermrl/imagenet-a:train:1090,13,1.000000
1091,hf:barkermrl/imagenet-a:train:1091,13,1.000000
1092,hf:barkermrl/imagenet-a:train:1092,13,1.000000
1093,hf:barkermrl/imagenet-a:train:1093,13,1.000000
1094,hf:barkermrl/imagenet-a:train:1094,13,1.000000
1095,hf:barkermrl/imagenet-a:train:1095,13,1.000000
1096,hf:barkermrl/imagenet-a:train:1096,13,1.000000
1097,hf:barkermrl/imagenet-a:train:1097,13,1.000000
1098,hf:barkermrl/imagenet-a:train:1098,13,1.000000
1099,hf:barkermrl/imagenet-a:train:1099,13,1.000000
1100,hf:barkermrl/imagenet-a:train:1100,13,1.000000
1101,hf:barkermrl/imagenet-a:train:1101,13,1.000000
1102,hf:barkermrl/imagenet-a:train:1102,13,1.000000
1103,hf:barkermrl/imagenet-a:train:1103,13,1.000000
1104,hf:barkermrl/imagenet-a:train:1104,13,1.000000
1105,hf:barkermrl/imagenet-a:train:1105,13,1.000000
1106,hf:barkermrl/imagenet-a:train:1106,13,1.000000
1107,hf:barkermrl/imagenet-a:train:1107,13,1.000000
1108,hf:barkermrl/imagenet-a:train:1108,13,1.000000
1109,hf:barkermrl/imagenet-a:train:1109,13,1.000000
1110,hf:barkermrl/imagenet-a:train:1110,13,1.000000
1111,hf:barkermrl/imagenet-a:train:1111,13,1.000000
1112,hf:barkermrl/imagenet-a:train:1112,13,1.000000
1113,hf:barkermrl/imagenet-a:train:1113,13,1.000000
1114,hf:barkermrl/imagenet-a:train:1114,13,1.000000
1115,hf:barkermrl/imagenet-a:train:1115,13,1.000000
1116,hf:barkermrl/imagenet-a:train:1116,13,1.000000
1117,hf:barkermrl/imagenet-a:train:1117,13,1.000000
1118,hf:barkermrl/imagenet-a:train:1118,13,1.000000
1119,hf:barkermrl/imagenet-a:train:1119,13,1.000000
1120,hf:barkermrl/imagenet-a:train:1120,13,1.000000
1121,hf:barkermrl/imagenet-a:train:1121,13,1.000000
1122,hf:barkermrl/imagenet-a:train:1122,13,1.000000
1123,hf:barkermrl/imagenet-a:train:1123,13,1.000000
1124,hf:barkermrl/imagenet-a:train:1124,13,1.000000
1125,hf:barkermrl/imagenet-a:train:1125,13,1.000000
1126,hf:barkermrl/imagenet-a:train:1126,13,1.000000
1127,hf:barkermrl/imagenet-a:train:1127,13,1.000000
1128,hf:barkermrl/imagenet-a:train:1128,13,1.000000
1129,hf:barkermrl/imagenet-a:train:1129,13,1.000000
1130,hf:barkermrl/imagenet-a:train:1130,13,1.000000
1131,hf:barkermrl/imagenet-a:train:1131,13,1.000000
1132,hf:barkermrl/imagenet-a:train:1132,13,1.000000
1133,hf:barkermrl/imagenet-a:train:1133,13,1.000000
1134,hf:barkermrl/imagenet-a:train:1134,13,1.000000
1135,hf:barkermrl/imagenet-a:train:1135,13,1.000000
1136,hf:barkermrl/imagenet-a:train:1136,13,1.000000
1137,hf:barkermrl/imagenet-a:train:1137,13,1.000000
1138,hf:barkermrl/imagenet-a:train:1138,13,1.000000
1139,hf:barkermrl/imagenet-a:train:1139,13,1.000000
1140,hf:barkermrl/imagenet-a:train:1140,13,1.000000
1141,hf:barkermrl/imagenet-a:train:1141,13,1.000000
1142,hf:barkermrl/imagenet-a:train:1142,13,1.000000
1143,hf:barkermrl/imagenet-a:train:1143,14,1.000000
1144,hf:barkermrl/imagenet-a:train:1144,14,1.000000
1145,hf:barkermrl/imagenet-a:train:1145,14,1.000000
1146,hf:barkermrl/imagenet-a:train:1146,14,1.000000
1147,hf:barkermrl/imagenet-a:train:1147,14,1.000000
1148,hf:barkermrl/imagenet-a:train:1148,14,1.000000
1149,hf:barkermrl/imagenet-a:train:1149,14,1.000000
1150,hf:barkermrl/imagenet-a:train:1150,14,1.000000
1151,hf:barkermrl/imagenet-a:train:1151,14,1.000000
1152,hf:barkermrl/imagenet-a:train:1152,14,1.000000
1153,hf:barkermrl/imagenet-a:train:1153,14,1.000000
1154,hf:barkermrl/imagenet-a:train:1154,14,1.000000
1155,hf:barkermrl/imagenet-a:train:1155,14,1.000000
1156,hf:barkermrl/imagenet-a:train:1156,14,1.000000
1157,hf:barkermrl/imagenet-a:train:1157,14,1.000000
1158,hf:barkermrl/imagenet-a:train:1158,14,1.000000
1159,hf:barkermrl/imagenet-a:train:1159,14,1.000000
1160,hf:barkermrl/imagenet-a:train:1160,14,1.000000
1161,hf:barkermrl/imagenet-a:train:1161,14,1.000000
1162,hf:barkermrl/imagenet-a:train:1162,14,1.000000
1163,hf:barkermrl/imagenet-a:train:1163,14,1.000000
1164,hf:barkermrl/imagenet-a:train:1164,14,1.000000
1165,hf:barkermrl/imagenet-a:train:1165,14,1.000000
1166,hf:barkermrl/imagenet-a:train:1166,14,1.000000
1167,hf:barkermrl/imagenet-a:train:1167,14,1.000000
1168,hf:barkermrl/imagenet-a:train:1168,14,1.000000
1169,hf:barkermrl/imagenet-a:train:1169,14,1.000000
1170,hf:barkermrl/imagenet-a:train:1170,14,1.000000
1171,hf:barkermrl/imagenet-a:train:1171,14,1.000000
1172,hf:barkermrl/imagenet-a:train:1172,14,1.000000
1173,hf:barkermrl/imagenet-a:train:1173,14,1.000000
1174,hf:barkermrl/imagenet-a:train:1174,14,1.000000
1175,hf:barkermrl/imagenet-a:train:1175,14,1.000000
1176,hf:barkermrl/imagenet-a:train:1176,14,1.000000
1177,hf:barkermrl/imagenet-a:train:1177,14,1.000000
1178,hf:barkermrl/imagenet-a:train:1178,14,1.000000
1179,hf:barkermrl/imagenet-a:train:1179,14,1.000000
1180,hf:barkermrl/imagenet-a:train:1180,14,1.000000
1181,hf:barkermrl/imagenet-a:train:1181,14,1.000000
1182,hf:barkermrl/imagenet-a:train:1182,14,1.000000
1183,hf:barkermrl/imagenet-a:train:1183,14,1.000000
1184,hf:barkermrl/imagenet-a:train:1184,14,1.000000
1185,hf:barkermrl/imagenet-a:train:1185,14,1.000000
1186,hf:barkermrl/imagenet-a:train:1186,14,1.000000
1187,hf:barkermrl/imagenet-a:train:1187,14,1.000000
1188,hf:barkermrl/imagenet-a:train:1188,14,1.000000
1189,hf:barkermrl/imagenet-a:train:1189,14,1.000000
1190,hf:barkermrl/imagenet-a:train:1190,14,1.000000
1191,hf:barkermrl/imagenet-a:train:1191,14,1.000000
1192,hf:barkermrl/imagenet-a:train:1192,14,1.000000
1193,hf:barkermrl/imagenet-a:train:1193,14,1.000000
1194,hf:barkermrl/imagenet-a:train:1194,14,1.000000
1195,hf:barkermrl/imagenet-a:train:1195,14,1.000000
1196,hf:barkermrl/imagenet-a:train:1196,14,1.000000
1197,hf:barkermrl/imagenet-a:train:1197,14,1.000000
1198,hf:barkermrl/imagenet-a:train:1198,14,1.000000
1199,hf:barkermrl/imagenet-a:train:1199,14,1.000000
1200,hf:barkermrl/imagenet-a:train:1200,14,1.000000
1201,hf:barkermrl/imagenet-a:train:1201,14,1.000000
1202,hf:barkermrl/imagenet-a:train:1202,14,1.000000
1203,hf:barkermrl/imagenet-a:train:1203,14,1.000000
1204,hf:barkermrl/imagenet-a:train:1204,14,1.000000
1205,hf:barkermrl/imagenet-a:train:1205,14,1.000000
1206,hf:barkermrl/imagenet-a:train:1206,14,1.000000
1207,hf:barkermrl/imagenet-a:train:1207,14,1.000000
1208,hf:barkermrl/imagenet-a:train:1208,14,1.000000
1209,hf:barkermrl/imagenet-a:train:1209,14,1.000000
1210,hf:barkermrl/imagenet-a:train:1210,14,1.000000
1211,hf:barkermrl/imagenet-a:train:1211,14,1.000000
1212,hf:barkermrl/imagenet-a:train:1212,14,1.000000
1213,hf:barkermrl/imagenet-a:train:1213,14,1.000000
1214,hf:barkermrl/imagenet-a:train:1214,14,1.000000
1215,hf:barkermrl/imagenet-a:train:1215,14,1.000000
1216,hf:barkermrl/imagenet-a:train:1216,14,1.000000
1217,hf:barkermrl/imagenet-a:train:1217,14,1.000000
1218,hf:barkermrl/imagenet-a:train:1218,14,1.000000
1219,hf:barkermrl/imagenet-a:train:1219,14,1.000000
1220,hf:barkermrl/imagenet-a:train:1220,14,1.000000
1221,hf:barkermrl/imagenet-a:train:1221,14,1.000000
1222,hf:barkermrl/imagenet-a:train:1222,14,1.000000
1223,hf:barkermrl/imagenet-a:train:1223,14,1.000000
1224,hf:barkermrl/imagenet-a:train:1224,15,1.000000
1225,hf:barkermrl/imagenet-a:train:1225,15,1.000000
1226,hf:barkermrl/imagenet-a:train:1226,15,1.000000
1227,hf:barkermrl/imagenet-a:train:1227,15,1.000000
1228,hf:barkermrl/imagenet-a:train:1228,15,1.000000
1229,hf:barkermrl/imagenet-a:train:1229,15,1.000000
1230,hf:barkermrl/imagenet-a:train:1230,15,1.000000
1231,hf:barkermrl/imagenet-a:train:1231,15,1.000000
1232,hf:barkermrl/imagenet-a:train:1232,15,1.000000
1233,hf:barkermrl/imagenet-a:train:1233,15,1.000000
1234,hf:barkermrl/imagenet-a:train:1234,15,1.000000
1235,hf:barkermrl/imagenet-a:train:1235,15,1.000000
1236,hf:barkermrl/imagenet-a:train:1236,15,1.000000
1237,hf:barkermrl/imagenet-a:train:1237,15,1.000000
1238,hf:barkermrl/imagenet-a:train:1238,15,1.000000
1239,hf:barkermrl/imagenet-a:train:1239,15,1.000000
1240,hf:barkermrl/imagenet-a:train:1240,15,1.000000
1241,hf:barkermrl/imagenet-a:train:1241,15,1.000000
1242,hf:barkermrl/imagenet-a:train:1242,15,1.000000
1243,hf:barkermrl/imagenet-a:train:1243,15,1.000000
1244,hf:barkermrl/imagenet-a:train:1244,15,1.000000
1245,hf:barkermrl/imagenet-a:train:1245,15,1.000000
1246,hf:barkermrl/imagenet-a:train:1246,15,1.000000
1247,hf:barkermrl/imagenet-a:train:1247,15,1.000000
1248,hf:barkermrl/imagenet-a:train:1248,15,1.000000
1249,hf:barkermrl/imagenet-a:train:1249,15,1.000000
1250,hf:barkermrl/imagenet-a:train:1250,15,1.000000
1251,hf:barkermrl/imagenet-a:train:1251,15,1.000000
1252,hf:barkermrl/imagenet-a:train:1252,15,1.000000
1253,hf:barkermrl/imagenet-a:train:1253,15,1.000000
1254,hf:barkermrl/imagenet-a:train:1254,15,1.000000
1255,hf:barkermrl/imagenet-a:train:1255,15,1.000000
1256,hf:barkermrl/imagenet-a:train:1256,15,1.000000
1257,hf:barkermrl/imagenet-a:train:1257,15,1.000000
1258,hf:barkermrl/imagenet-a:train:1258,15,1.000000
1259,hf:barkermrl/imagenet-a:train:1259,15,1.000000
1260,hf:barkermrl/imagenet-a:train:1260,15,1.000000
1261,hf:barkermrl/imagenet-a:train:1261,15,1.000000
1262,hf:barkermrl/imagenet-a:train:1262,15,1.000000
1263,hf:barkermrl/imagenet-a:train:1263,15,1.000000
1264,hf:barkermrl/imagenet-a:train:1264,15,1.000000
1265,hf:barkermrl/imagenet-a:train:1265,15,1.000000
1266,hf:barkermrl/imagenet-a:train:1266,15,1.000000
1267,hf:barkermrl/imagenet-a:train:1267,15,1.000000
1268,hf:barkermrl/imagenet-a:train:1268,15,1.000000
1269,hf:barkermrl/imagenet-a:train:1269,15,1.000000
1270,hf:barkermrl/imagenet-a:train:1270,15,1.000000
1271,hf:barkermrl/imagenet-a:train:1271,15,1.000000
1272,hf:barkermrl/imagenet-a:train:1272,15,1.000000
1273,hf:barkermrl/imagenet-a:train:1273,15,1.000000
1274,hf:barkermrl/imagenet-a:train:1274,15,1.000000
1275,hf:barkermrl/imagenet-a:train:1275,15,1.000000
1276,hf:barkermrl/imagenet-a:train:1276,15,1.000000
1277,hf:barkermrl/imagenet-a:train:1277,15,1.000000
1278,hf:barkermrl/imagenet-a:train:1278,15,1.000000
1279,hf:barkermrl/imagenet-a:train:1279,15,1.000000
1280,hf:barkermrl/imagenet-a:train:1280,15,1.000000
1281,hf:barkermrl/imagenet-a:train:1281,15,1.000000
1282,hf:barkermrl/imagenet-a:train:1282,15,1.000000
1283,hf:barkermrl/imagenet-a:train:1283,15,1.000000
1284,hf:barkermrl/imagenet-a:train:1284,15,1.000000
1285,hf:barkermrl/imagenet-a:train:1285,15,1.000000
1286,hf:barkermrl/imagenet-a:train:1286,15,1.000000
1287,hf:barkermrl/imagenet-a:train:1287,15,1.000000
1288,hf:barkermrl/imagenet-a:train:1288,15,1.000000
1289,hf:barkermrl/imagenet-a:train:1289,15,1.000000
1290,hf:barkermrl/imagenet-a:train:1290,15,1.000000
1291,hf:barkermrl/imagenet-a:train:1291,16,1.000000
1292,hf:barkermrl/imagenet-a:train:1292,16,1.000000
1293,hf:barkermrl/imagenet-a:train:1293,16,1.000000
1294,hf:barkermrl/imagenet-a:train:1294,16,1.000000
1295,hf:barkermrl/imagenet-a:train:1295,16,1.000000
1296,hf:barkermrl/imagenet-a:train:1296,16,1.000000
1297,hf:barkermrl/imagenet-a:train:1297,16,1.000000
1298,hf:barkermrl/imagenet-a:train:1298,16,1.000000
1299,hf:barkermrl/imagenet-a:train:1299,16,1.000000
1300,hf:barkermrl/imagenet-a:train:1300,16,1.000000
1301,hf:barkermrl/imagenet-a:train:1301,16,1.000000
1302,hf:barkermrl/imagenet-a:train:1302,16,1.000000
1303,hf:barkermrl/imagenet-a:train:1303,16,1.000000
1304,hf:barkermrl/imagenet-a:train:1304,16,1.000000
1305,hf:barkermrl/imagenet-a:train:1305,16,1.000000
1306,hf:barkermrl/imagenet-a:train:1306,16,1.000000
1307,hf:barkermrl/imagenet-a:train:1307,16,1.000000
1308,hf:barkermrl/imagenet-a:train:1308,16,1.000000
1309,hf:barkermrl/imagenet-a:train:1309,16,1.000000
1310,hf:barkermrl/imagenet-a:train:1310,16,1.000000
1311,hf:barkermrl/imagenet-a:train:1311,16,1.000000
1312,hf:barkermrl/imagenet-a:train:1312,16,1.000000
1313,hf:barkermrl/imagenet-a:train:1313,16,1.000000
1314,hf:barkermrl/imagenet-a:train:1314,16,1.000000
1315,hf:barkermrl/imagenet-a:train:1315,16,1.000000
1316,hf:barkermrl/imagenet-a:train:1316,16,1.000000
1317,hf:barkermrl/imagenet-a:train:1317,16,1.000000
1318,hf:barkermrl/imagenet-a:train:1318,16,1.000000
1319,hf:barkermrl/imagenet-a:train:1319,16,1.000000
1320,hf:barkermrl/imagenet-a:train:1320,16,1.000000
1321,hf:barkermrl/imagenet-a:train:1321,16,1.000000
1322,hf:barkermrl/imagenet-a:train:1322,16,1.000000
1323,hf:barkermrl/imagenet-a:train:1323,16,1.000000
1324,hf:barkermrl/imagenet-a:train:1324,16,1.000000
1325,hf:barkermrl/imagenet-a:train:1325,16,1.000000
1326,hf:barkermrl/imagenet-a:train:1326,16,1.000000
1327,hf:barkermrl/imagenet-a:train:1327,16,1.000000
1328,hf:barkermrl/imagenet-a:train:1328,16,1.000000
1329,hf:barkermrl/imagenet-a:train:1329,16,1.000000
1330,hf:barkermrl/imagenet-a:train:1330,16,1.000000
1331,hf:barkermrl/imagenet-a:train:1331,16,1.000000
1332,hf:barkermrl/imagenet-a:train:1332,16,1.000000
1333,hf:barkermrl/imagenet-a:train:1333,16,1.000000
1334,hf:barkermrl/imagenet-a:train:1334,16,1.000000
1335,hf:barkermrl/imagenet-a:train:1335,16,1.000000
1336,hf:barkermrl/imagenet-a:train:1336,16,1.000000
1337,hf:barkermrl/imagenet-a:train:1337,16,1.000000
1338,hf:barkermrl/imagenet-a:train:1338,16,1.000000
1339,hf:barkermrl/imagenet-a:train:1339,16,1.000000
1340,hf:barkermrl/imagenet-a:train:1340,16,1.000000
1341,hf:barkermrl/imagenet-a:train:1341,16,1.000000
1342,hf:barkermrl/imagenet-a:train:1342,16,1.000000
1343,hf:barkermrl/imagenet-a:train:1343,16,1.000000
1344,hf:barkermrl/imagenet-a:train:1344,16,1.000000
1345,hf:barkermrl/imagenet-a:train:1345,16,1.000000
1346,hf:barkermrl/imagenet-a:train:1346,16,1.000000
1347,hf:barkermrl/imagenet-a:train:1347,16,1.000000
1348,hf:barkermrl/imagenet-a:train:1348,16,1.000000
1349,hf:barkermrl/imagenet-a:train:1349,16,1.000000
1350,hf:barkermrl/imagenet-a:train:1350,16,1.000000
1351,hf:barkermrl/imagenet-a:train:1351,16,1.000000
1352,hf:barkermrl/imagenet-a:train:1352,16,1.000000
1353,hf:barkermrl/imagenet-a:train:1353,16,1.000000
1354,hf:barkermrl/imagenet-a:train:1354,16,1.000000
1355,hf:barkermrl/imagenet-a:train:1355,16,1.000000
1356,hf:barkermrl/imagenet-a:train:1356,16,1.000000
1357,hf:barkermrl/imagenet-a:train:1357,16,1.000000
1358,hf:barkermrl/imagenet-a:train:1358,16,1.000000
1359,hf:barkermrl/imagenet-a:train:1359,16,1.000000
1360,hf:barkermrl/imagenet-a:train:1360,16,1.000000
1361,hf:barkermrl/imagenet-a:train:1361,16,1.000000
1362,hf:barkermrl/imagenet-a:train:1362,16,1.000000
1363,hf:barkermrl/imagenet-a:train:1363,16,1.000000
1364,hf:barkermrl/imagenet-a:train:1364,16,1.000000
1365,hf:barkermrl/imagenet-a:train:1365,16,1.000000
1366,hf:barkermrl/imagenet-a:train:1366,16,1.000000
1367,hf:barkermrl/imagenet-a:train:1367,16,1.000000
1368,hf:barkermrl/imagenet-a:train:1368,16,1.000000
1369,hf:barkermrl/imagenet-a:train:1369,16,1.000000
1370,hf:barkermrl/imagenet-a:train:1370,16,1.000000
1371,hf:barkermrl/imagenet-a:train:1371,16,1.000000
1372,hf:barkermrl/imagenet-a:train:1372,16,1.000000
1373,hf:barkermrl/imagenet-a:train:1373,16,1.000000
1374,hf:barkermrl/imagenet-a:train:1374,16,1.000000
1375,hf:barkermrl/imagenet-a:train:1375,16,1.000000
1376,hf:barkermrl/imagenet-a:train:1376,16,1.000000
1377,hf:barkermrl/imagenet-a:train:1377,16,1.000000
1378,hf:barkermrl/imagenet-a:train:1378,16,1.000000
1379,hf:barkermrl/imagenet-a:train:1379,16,1.000000
1380,hf:barkermrl/imagenet-a:train:1380,16,1.000000
1381,hf:barkermrl/imagenet-a:train:1381,16,1.000000
1382,hf:barkermrl/imagenet-a:train:1382,16,1.000000
1383,hf:barkermrl/imagenet-a:train:1383,16,1.000000
1384,hf:barkermrl/imagenet-a:train:1384,16,1.000000
1385,hf:barkermrl/imagenet-a:train:1385,16,1.000000
1386,hf:barkermrl/imagenet-a:train:1386,16,1.000000
1387,hf:barkermrl/imagenet-a:train:1387,16,1.000000
1388,hf:barkermrl/imagenet-a:train:1388,16,1.000000
1389,hf:barkermrl/imagenet-a:train:1389,17,1.000000
1390,hf:barkermrl/imagenet-a:train:1390,17,1.000000
1391,hf:barkermrl/imagenet-a:train:1391,17,1.000000
1392,hf:barkermrl/imagenet-a:train:1392,17,1.000000
1393,hf:barkermrl/imagenet-a:train:1393,17,1.000000
1394,hf:barkermrl/imagenet-a:train:1394,17,1.000000
1395,hf:barkermrl/imagenet-a:train:1395,17,1.000000
1396,hf:barkermrl/imagenet-a:train:1396,17,1.000000
1397,hf:barkermrl/imagenet-a:train:1397,17,1.000000
1398,hf:barkermrl/imagenet-a:train:1398,17,1.000000
1399,hf:barkermrl/imagenet-a:train:1399,17,1.000000
1400,hf:barkermrl/imagenet-a:train:1400,17,1.000000
1401,hf:barkermrl/imagenet-a:train:1401,17,1.000000
1402,hf:barkermrl/imagenet-a:train:1402,17,1.000000
1403,hf:barkermrl/imagenet-a:train:1403,17,1.000000
1404,hf:barkermrl/imagenet-a:train:1404,17,1.000000
1405,hf:barkermrl/imagenet-a:train:1405,17,1.000000
1406,hf:barkermrl/imagenet-a:train:1406,17,1.000000
1407,hf:barkermrl/imagenet-a:train:1407,17,1.000000
1408,hf:barkermrl/imagenet-a:train:1408,17,1.000000
1409,hf:barkermrl/imagenet-a:train:1409,17,1.000000
1410,hf:barkermrl/imagenet-a:train:1410,17,1.000000
1411,hf:barkermrl/imagenet-a:train:1411,17,1.000000
1412,hf:barkermrl/imagenet-a:train:1412,17,1.000000
1413,hf:barkermrl/imagenet-a:train:1413,17,1.000000
1414,hf:barkermrl/imagenet-a:train:1414,17,1.000000
1415,hf:barkermrl/imagenet-a:train:1415,17,1.000000
1416,hf:barkermrl/imagenet-a:train:1416,17,1.000000
1417,hf:barkermrl/imagenet-a:train:1417,17,1.000000
1418,hf:barkermrl/imagenet-a:train:1418,17,1.000000
1419,hf:barkermrl/imagenet-a:train:1419,17,1.000000
1420,hf:barkermrl/imagenet-a:train:1420,17,1.000000
1421,hf:barkermrl/imagenet-a:train:1421,17,1.000000
1422,hf:barkermrl/imagenet-a:train:1422,17,1.000000
1423,hf:barkermrl/imagenet-a:train:1423,17,1.000000
1424,hf:barkermrl/imagenet-a:train:1424,17,1.000000
1425,hf:barkermrl/imagenet-a:train:1425,17,1.000000
1426,hf:barkermrl/imagenet-a:train:1426,17,1.000000
1427,hf:barkermrl/imagenet-a:train:1427,17,1.000000
1428,hf:barkermrl/imagenet-a:train:1428,17,1.000000
1429,hf:barkermrl/imagenet-a:train:1429,17,1.000000
1430,hf:barkermrl/imagenet-a:train:1430,17,1.000000
1431,hf:barkermrl/imagenet-a:train:1431,18,1.000000
1432,hf:barkermrl/imagenet-a:train:1432,18,1.000000
1433,hf:barkermrl/imagenet-a:train:1433,18,1.000000
1434,hf:barkermrl/imagenet-a:train:1434,18,1.000000
1435,hf:barkermrl/imagenet-a:train:1435,18,1.000000
1436,hf:barkermrl/imagenet-a:train:1436,18,1.000000
1437,hf:barkermrl/imagenet-a:train:1437,18,1.000000
1438,hf:barkermrl/imagenet-a:train:1438,18,1.000000
1439,hf:barkermrl/imagenet-a:train:1439,18,1.000000
1440,hf:barkermrl/imagenet-a:train:1440,18,1.000000
1441,hf:barkermrl/imagenet-a:train:1441,18,1.000000
1442,hf:barkermrl/imagenet-a:train:1442,18,1.000000
1443,hf:barkermrl/imagenet-a:train:1443,18,1.000000
1444,hf:barkermrl/imagenet-a:train:1444,18,1.000000
1445,hf:barkermrl/imagenet-a:train:1445,18,1.000000
1446,hf:barkermrl/imagenet-a:train:1446,18,1.000000
1447,hf:barkermrl/imagenet-a:train:1447,18,1.000000
1448,hf:barkermrl/imagenet-a:train:1448,18,1.000000
1449,hf:barkermrl/imagenet-a:train:1449,18,1.000000
1450,hf:barkermrl/imagenet-a:train:1450,18,1.000000
1451,hf:barkermrl/imagenet-a:train:1451,18,1.000000
1452,hf:barkermrl/imagenet-a:train:1452,18,1.000000
1453,hf:barkermrl/imagenet-a:train:1453,18,1.000000
1454,hf:barkermrl/imagenet-a:train:1454,18,1.000000
1455,hf:barkermrl/imagenet-a:train:1455,18,1.000000
1456,hf:barkermrl/imagenet-a:train:1456,18,1.000000
1457,hf:barkermrl/imagenet-a:train:1457,18,1.000000
1458,hf:barkermrl/imagenet-a:train:1458,18,1.000000
1459,hf:barkermrl/imagenet-a:train:1459,18,1.000000
1460,hf:barkermrl/imagenet-a:train:1460,18,1.000000
1461,hf:barkermrl/imagenet-a:train:1461,18,1.000000
1462,hf:barkermrl/imagenet-a:train:1462,18,1.000000
1463,hf:barkermrl/imagenet-a:train:1463,18,1.000000
1464,hf:barkermrl/imagenet-a:train:1464,18,1.000000
1465,hf:barkermrl/imagenet-a:train:1465,18,1.000000
1466,hf:barkermrl/imagenet-a:train:1466,18,1.000000
1467,hf:barkermrl/imagenet-a:train:1467,18,1.000000
1468,hf:barkermrl/imagenet-a:train:1468,18,1.000000
1469,hf:barkermrl/imagenet-a:train:1469,18,1.000000
1470,hf:barkermrl/imagenet-a:train:1470,18,1.000000
1471,hf:barkermrl/imagenet-a:train:1471,18,1.000000
1472,hf:barkermrl/imagenet-a:train:1472,18,1.000000
1473,hf:barkermrl/imagenet-a:train:1473,18,1.000000
1474,hf:barkermrl/imagenet-a:train:1474,18,1.000000
1475,hf:barkermrl/imagenet-a:train:1475,18,1.000000
1476,hf:barkermrl/imagenet-a:train:1476,18,1.000000
1477,hf:barkermrl/imagenet-a:train:1477,18,1.000000
1478,hf:barkermrl/imagenet-a:train:1478,18,1.000000
1479,hf:barkermrl/imagenet-a:train:1479,18,1.000000
1480,hf:barkermrl/imagenet-a:train:1480,18,1.000000
1481,hf:barkermrl/imagenet-a:train:1481,18,1.000000
1482,hf:barkermrl/imagenet-a:train:1482,18,1.000000
1483,hf:barkermrl/imagenet-a:train:1483,18,1.000000
1484,hf:barkermrl/imagenet-a:train:1484,18,1.000000
1485,hf:barkermrl/imagenet-a:train:1485,18,1.000000
1486,hf:barkermrl/imagenet-a:train:1486,18,1.000000
1487,hf:barkermrl/imagenet-a:train:1487,18,1.000000
1488,hf:barkermrl/imagenet-a:train:1488,18,1.000000
1489,hf:barkermrl/imagenet-a:train:1489,18,1.000000
1490,hf:barkermrl/imagenet-a:train:1490,18,1.000000
1491,hf:barkermrl/imagenet-a:train:1491,18,1.000000
1492,hf:barkermrl/imagenet-a:train:1492,18,1.000000
1493,hf:barkermrl/imagenet-a:train:1493,19,1.000000
1494,hf:barkermrl/imagenet-a:train:1494,19,1.000000
1495,hf:barkermrl/imagenet-a:train:1495,19,1.000000
1496,hf:barkermrl/imagenet-a:train:1496,19,1.000000
1497,hf:barkermrl/imagenet-a:train:1497,19,1.000000
1498,hf:barkermrl/imagenet-a:train:1498,19,1.000000
1499,hf:barkermrl/imagenet-a:train:1499,19,1.000000
1500,hf:barkermrl/imagenet-a:train:1500,19,1.000000
1501,hf:barkermrl/imagenet-a:train:1501,19,1.000000
1502,hf:barkermrl/imagenet-a:train:1502,19,1.000000
1503,hf:barkermrl/imagenet-a:train:1503,19,1.000000
1504,hf:barkermrl/imagenet-a:train:1504,19,1.000000
1505,hf:barkermrl/imagenet-a:train:1505,19,1.000000
1506,hf:barkermrl/imagenet-a:train:1506,19,1.000000
1507,hf:barkermrl/imagenet-a:train:1507,19,1.000000
1508,hf:barkermrl/imagenet-a:train:1508,19,1.000000
1509,hf:barkermrl/imagenet-a:train:1509,19,1.000000
1510,hf:barkermrl/imagenet-a:train:1510,19,1.000000
1511,hf:barkermrl/imagenet-a:train:1511,19,1.000000
1512,hf:barkermrl/imagenet-a:train:1512,19,1.000000
1513,hf:barkermrl/imagenet-a:train:1513,19,1.000000
1514,hf:barkermrl/imagenet-a:train:1514,19,1.000000
1515,hf:barkermrl/imagenet-a:train:1515,19,1.000000
1516,hf:barkermrl/imagenet-a:train:1516,19,1.000000
1517,hf:barkermrl/imagenet-a:train:1517,19,1.000000
1518,hf:barkermrl/imagenet-a:train:1518,19,1.000000
1519,hf:barkermrl/imagenet-a:train:1519,19,1.000000
1520,hf:barkermrl/imagenet-a:train:1520,19,1.000000
1521,hf:barkermrl/imagenet-a:train:1521,19,1.000000
1522,hf:barkermrl/imagenet-a:train:1522,19,1.000000
1523,hf:barkermrl/imagenet-a:train:1523,19,1.000000
1524,hf:barkermrl/imagenet-a:train:1524,19,1.000000
1525,hf:barkermrl/imagenet-a:train:1525,19,1.000000
1526,hf:barkermrl/imagenet-a:train:1526,19,1.000000
1527,hf:barkermrl/imagenet-a:train:1527,19,1.000000
1528,hf:barkermrl/imagenet-a:train:1528,19,1.000000
1529,hf:barkermrl/imagenet-a:train:1529,19,1.000000
1530,hf:barkermrl/imagenet-a:train:1530,19,1.000000
1531,hf:barkermrl/imagenet-a:train:1531,19,1.000000
1532,hf:barkermrl/imagenet-a:train:1532,19,1.000000
1533,hf:barkermrl/imagenet-a:train:1533,19,1.000000
1534,hf:barkermrl/imagenet-a:train:1534,19,1.000000
1535,hf:barkermrl/imagenet-a:train:1535,19,1.000000
1536,hf:barkermrl/imagenet-a:train:1536,19,1.000000
1537,hf:barkermrl/imagenet-a:train:1537,19,1.000000
1538,hf:barkermrl/imagenet-a:train:1538,19,1.000000
1539,hf:barkermrl/imagenet-a:train:1539,19,1.000000
1540,hf:barkermrl/imagenet-a:train:1540,19,1.000000
1541,hf:barkermrl/imagenet-a:train:1541,19,1.000000
1542,hf:barkermrl/imagenet-a:train:1542,19,1.000000
1543,hf:barkermrl/imagenet-a:train:1543,19,1.000000
1544,hf:barkermrl/imagenet-a:train:1544,19,1.000000
1545,hf:barkermrl/imagenet-a:train:1545,19,1.000000
1546,hf:barkermrl/imagenet-a:train:1546,19,1.000000
1547,hf:barkermrl/imagenet-a:train:1547,19,1.000000
1548,hf:barkermrl/imagenet-a:train:1548,19,1.000000
1549,hf:barkermrl/imagenet-a:train:1549,19,1.000000
1550,hf:barkermrl/imagenet-a:train:1550,19,1.000000
1551,hf:barkermrl/imagenet-a:train:1551,19,1.000000
1552,hf:barkermrl/imagenet-a:train:1552,19,1.000000
1553,hf:barkermrl/imagenet-a:train:1553,19,1.000000
1554,hf:barkermrl/imagenet-a:train:1554,19,1.000000
1555,hf:barkermrl/imagenet-a:train:1555,19,1.000000
1556,hf:barkermrl/imagenet-a:train:1556,19,1.000000
1557,hf:barkermrl/imagenet-a:train:1557,19,1.000000
1558,hf:barkermrl/imagenet-a:train:1558,19,1.000000
1559,hf:barkermrl/imagenet-a:train:1559,19,1.000000
1560,hf:barkermrl/imagenet-a:train:1560,19,1.000000
1561,hf:barkermrl/imagenet-a:train:1561,19,1.000000
1562,hf:barkermrl/imagenet-a:train:1562,19,1.000000
1563,hf:barkermrl/imagenet-a:train:1563,19,1.000000
1564,hf:barkermrl/imagenet-a:train:1564,19,1.000000
1565,hf:barkermrl/imagenet-a:train:1565,19,1.000000
1566,hf:barkermrl/imagenet-a:train:1566,20,1.000000
1567,hf:barkermrl/imagenet-a:train:1567,20,1.000000
1568,hf:barkermrl/imagenet-a:train:1568,20,1.000000
1569,hf:barkermrl/imagenet-a:train:1569,20,1.000000
1570,hf:barkermrl/imagenet-a:train:1570,20,1.000000
1571,hf:barkermrl/imagenet-a:train:1571,20,1.000000
1572,hf:barkermrl/imagenet-a:train:1572,20,1.000000
1573,hf:barkermrl/imagenet-a:train:1573,20,1.000000
1574,hf:barkermrl/imagenet-a:train:1574,20,1.000000
1575,hf:barkermrl/imagenet-a:train:1575,20,1.000000
1576,hf:barkermrl/imagenet-a:train:1576,20,1.000000
1577,hf:barkermrl/imagenet-a:train:1577,20,1.000000
1578,hf:barkermrl/imagenet-a:train:1578,20,1.000000
1579,hf:barkermrl/imagenet-a:train:1579,20,1.000000
1580,hf:barkermrl/imagenet-a:train:1580,20,1.000000
1581,hf:barkermrl/imagenet-a:train:1581,20,1.000000
1582,hf:barkermrl/imagenet-a:train:1582,20,1.000000
1583,hf:barkermrl/imagenet-a:train:1583,20,1.000000
1584,hf:barkermrl/imagenet-a:train:1584,20,1.000000
1585,hf:barkermrl/imagenet-a:train:1585,20,1.000000
1586,hf:barkermrl/imagenet-a:train:1586,20,1.000000
1587,hf:barkermrl/imagenet-a:train:1587,20,1.000000
1588,hf:barkermrl/imagenet-a:train:1588,20,1.000000
1589,hf:barkermrl/imagenet-a:train:1589,20,1.000000
1590,hf:barkermrl/imagenet-a:train:1590,20,1.000000
1591,hf:barkermrl/imagenet-a:train:1591,20,1.000000
1592,hf:barkermrl/imagenet-a:train:1592,20,1.000000
1593,hf:barkermrl/imagenet-a:train:1593,20,1.000000
1594,hf:barkermrl/imagenet-a:train:1594,20,1.000000
1595,hf:barkermrl/imagenet-a:train:1595,20,1.000000
1596,hf:barkermrl/imagenet-a:train:1596,20,1.000000
1597,hf:barkermrl/imagenet-a:train:1597,20,1.000000
1598,hf:barkermrl/imagenet-a:train:1598,20,1.000000
1599,hf:barkermrl/imagenet-a:train:1599,20,1.000000
1600,hf:barkermrl/imagenet-a:train:1600,20,1.000000
1601,hf:barkermrl/imagenet-a:train:1601,20,1.000000
1602,hf:barkermrl/imagenet-a:train:1602,20,1.000000
1603,hf:barkermrl/imagenet-a:train:1603,20,1.000000
1604,hf:barkermrl/imagenet-a:train:1604,20,1.000000
1605,hf:barkermrl/imagenet-a:train:1605,20,1.000000
1606,hf:barkermrl/imagenet-a:train:1606,20,1.000000
1607,hf:barkermrl/imagenet-a:train:1607,20,1.000000
1608,hf:barkermrl/imagenet-a:train:1608,20,1.000000
1609,hf:barkermrl/imagenet-a:train:1609,20,1.000000
1610,hf:barkermrl/imagenet-a:train:1610,20,1.000000
1611,hf:barkermrl/imagenet-a:train:1611,20,1.000000
1612,hf:barkermrl/imagenet-a:train:1612,20,1.000000
1613,hf:barkermrl/imagenet-a:train:1613,20,1.000000
1614,hf:barkermrl/imagenet-a:train:1614,20,1.000000
1615,hf:barkermrl/imagenet-a:train:1615,20,1.000000
1616,hf:barkermrl/imagenet-a:train:1616,20,1.000000
1617,hf:barkermrl/imagenet-a:train:1617,20,1.000000
1618,hf:barkermrl/imagenet-a:train:1618,20,1.000000
1619,hf:barkermrl/imagenet-a:train:1619,20,1.000000
1620,hf:barkermrl/imagenet-a:train:1620,20,1.000000
1621,hf:barkermrl/imagenet-a:train:1621,20,1.000000
1622,hf:barkermrl/imagenet-a:train:1622,20,1.000000
1623,hf:barkermrl/imagenet-a:train:1623,20,1.000000
1624,hf:barkermrl/imagenet-a:train:1624,20,1.000000
1625,hf:barkermrl/imagenet-a:train:1625,20,1.000000
1626,hf:barkermrl/imagenet-a:train:1626,20,1.000000
1627,hf:barkermrl/imagenet-a:train:1627,20,1.000000
1628,hf:barkermrl/imagenet-a:train:1628,20,1.000000
1629,hf:barkermrl/imagenet-a:train:1629,20,1.000000
1630,hf:barkermrl/imagenet-a:train:1630,20,1.000000
1631,hf:barkermrl/imagenet-a:train:1631,20,1.000000
1632,hf:barkermrl/imagenet-a:train:1632,20,1.000000
1633,hf:barkermrl/imagenet-a:train:1633,20,1.000000
1634,hf:barkermrl/imagenet-a:train:1634,20,1.000000
1635,hf:barkermrl/imagenet-a:train:1635,20,1.000000
1636,hf:barkermrl/imagenet-a:train:1636,20,1.000000
1637,hf:barkermrl/imagenet-a:train:1637,20,1.000000
1638,hf:barkermrl/imagenet-a:train:1638,20,1.000000
1639,hf:barkermrl/imagenet-a:train:1639,20,1.000000
1640,hf:barkermrl/imagenet-a:train:1640,20,1.000000
1641,hf:barkermrl/imagenet-a:train:1641,20,1.000000
1642,hf:barkermrl/imagenet-a:train:1642,20,1.000000
1643,hf:barkermrl/imagenet-a:train:1643,20,1.000000
1644,hf:barkermrl/imagenet-a:train:1644,20,1.000000
1645,hf:barkermrl/imagenet-a:train:1645,20,1.000000
1646,hf:barkermrl/imagenet-a:train:1646,20,1.000000
1647,hf:barkermrl/imagenet-a:train:1647,20,1.000000
1648,hf:barkermrl/imagenet-a:train:1648,20,1.000000
1649,hf:barkermrl/imagenet-a:train:1649,20,1.000000
1650,hf:barkermrl/imagenet-a:train:1650,20,1.000000
1651,hf:barkermrl/imagenet-a:train:1651,20,1.000000
1652,hf:barkermrl/imagenet-a:train:1652,20,1.000000
1653,hf:barkermrl/imagenet-a:train:1653,20,1.000000
1654,hf:barkermrl/imagenet-a:train:1654,20,1.000000
1655,hf:barkermrl/imagenet-a:train:1655,20,1.000000
1656,hf:barkermrl/imagenet-a:train:1656,20,1.000000
1657,hf:barkermrl/imagenet-a:train:1657,20,1.000000
1658,hf:barkermrl/imagenet-a:train:1658,20,1.000000
1659,hf:barkermrl/imagenet-a:train:1659,20,1.000000
1660,hf:barkermrl/imagenet-a:train:1660,20,1.000000
1661,hf:barkermrl/imagenet-a:train:1661,20,1.000000
1662,hf:barkermrl/imagenet-a:train:1662,21,1.000000
1663,hf:barkermrl/imagenet-a:train:1663,21,1.000000
1664,hf:barkermrl/imagenet-a:train:1664,21,1.000000
1665,hf:barkermrl/imagenet-a:train:1665,21,1.000000
1666,hf:barkermrl/imagenet-a:train:1666,21,1.000000
1667,hf:barkermrl/imagenet-a:train:1667,21,1.000000
1668,hf:barkermrl/imagenet-a:train:1668,21,1.000000
1669,hf:barkermrl/imagenet-a:train:1669,21,1.000000
1670,hf:barkermrl/imagenet-a:train:1670,21,1.000000
1671,hf:barkermrl/imagenet-a:train:1671,21,1.000000
1672,hf:barkermrl/imagenet-a:train:1672,21,1.000000
1673,hf:barkermrl/imagenet-a:train:1673,21,1.000000
1674,hf:barkermrl/imagenet-a:train:1674,21,1.000000
1675,hf:barkermrl/imagenet-a:train:1675,21,1.000000
1676,hf:barkermrl/imagenet-a:train:1676,21,1.000000
1677,hf:barkermrl/imagenet-a:train:1677,21,1.000000
1678,hf:barkermrl/imagenet-a:train:1678,21,1.000000
1679,hf:barkermrl/imagenet-a:train:1679,21,1.000000
1680,hf:barkermrl/imagenet-a:train:1680,21,1.000000
1681,hf:barkermrl/imagenet-a:train:1681,21,1.000000
1682,hf:barkermrl/imagenet-a:train:1682,21,1.000000
1683,hf:barkermrl/imagenet-a:train:1683,21,1.000000
1684,hf:barkermrl/imagenet-a:train:1684,21,1.000000
1685,hf:barkermrl/imagenet-a:train:1685,21,1.000000
1686,hf:barkermrl/imagenet-a:train:1686,21,1.000000
1687,hf:barkermrl/imagenet-a:train:1687,21,1.000000
1688,hf:barkermrl/imagenet-a:train:1688,21,1.000000
1689,hf:barkermrl/imagenet-a:train:1689,21,1.000000
1690,hf:barkermrl/imagenet-a:train:1690,21,1.000000
1691,hf:barkermrl/imagenet-a:train:1691,21,1.000000
1692,hf:barkermrl/imagenet-a:train:1692,21,1.000000
1693,hf:barkermrl/imagenet-a:train:1693,21,1.000000
1694,hf:barkermrl/imagenet-a:train:1694,21,1.000000
1695,hf:barkermrl/imagenet-a:train:1695,21,1.000000
1696,hf:barkermrl/imagenet-a:train:1696,21,1.000000
1697,hf:barkermrl/imagenet-a:train:1697,21,1.000000
1698,hf:barkermrl/imagenet-a:train:1698,21,1.000000
1699,hf:barkermrl/imagenet-a:train:1699,21,1.000000
1700,hf:barkermrl/imagenet-a:train:1700,21,1.000000
1701,hf:barkermrl/imagenet-a:train:1701,21,1.000000
1702,hf:barkermrl/imagenet-a:train:1702,21,1.000000
1703,hf:barkermrl/imagenet-a:train:1703,21,1.000000
1704,hf:barkermrl/imagenet-a:train:1704,21,1.000000
1705,hf:barkermrl/imagenet-a:train:1705,21,1.000000
1706,hf:barkermrl/imagenet-a:train:1706,21,1.000000
1707,hf:barkermrl/imagenet-a:train:1707,21,1.000000
1708,hf:barkermrl/imagenet-a:train:1708,21,1.000000
1709,hf:barkermrl/imagenet-a:train:1709,21,1.000000
1710,hf:barkermrl/imagenet-a:train:1710,21,1.000000
1711,hf:barkermrl/imagenet-a:train:1711,21,1.000000
1712,hf:barkermrl/imagenet-a:train:1712,21,1.000000
1713,hf:barkermrl/imagenet-a:train:1713,21,1.000000
1714,hf:barkermrl/imagenet-a:train:1714,21,1.000000
1715,hf:barkermrl/imagenet-a:train:1715,21,1.000000
1716,hf:barkermrl/imagenet-a:train:1716,21,1.000000
1717,hf:barkermrl/imagenet-a:train:1717,21,1.000000
1718,hf:barkermrl/imagenet-a:train:1718,21,1.000000
1719,hf:barkermrl/imagenet-a:train:1719,21,1.000000
1720,hf:barkermrl/imagenet-a:train:1720,21,1.000000
1721,hf:barkermrl/imagenet-a:train:1721,21,1.000000
1722,hf:barkermrl/imagenet-a:train:1722,21,1.000000
1723,hf:barkermrl/imagenet-a:train:1723,21,1.000000
1724,hf:barkermrl/imagenet-a:train:1724,21,1.000000
1725,hf:barkermrl/imagenet-a:train:1725,21,1.000000
1726,hf:barkermrl/imagenet-a:train:1726,21,1.000000
1727,hf:barkermrl/imagenet-a:train:1727,21,1.000000
1728,hf:barkermrl/imagenet-a:train:1728,21,1.000000
1729,hf:barkermrl/imagenet-a:train:1729,21,1.000000
1730,hf:barkermrl/imagenet-a:train:1730,21,1.000000
1731,hf:barkermrl/imagenet-a:train:1731,21,1.000000
1732,hf:barkermrl/imagenet-a:train:1732,21,1.000000
1733,hf:barkermrl/imagenet-a:train:1733,21,1.000000
1734,hf:barkermrl/imagenet-a:train:1734,21,1.000000
1735,hf:barkermrl/imagenet-a:train:1735,21,1.000000
1736,hf:barkermrl/imagenet-a:train:1736,21,1.000000
1737,hf:barkermrl/imagenet-a:train:1737,21,1.000000
1738,hf:barkermrl/imagenet-a:train:1738,21,1.000000
1739,hf:barkermrl/imagenet-a:train:1739,21,1.000000
1740,hf:barkermrl/imagenet-a:train:1740,21,1.000000
1741,hf:barkermrl/imagenet-a:train:1741,21,1.000000
1742,hf:barkermrl/imagenet-a:train:1742,21,1.000000
1743,hf:barkermrl/imagenet-a:train:1743,21,1.000000
1744,hf:barkermrl/imagenet-a:train:1744,21,1.000000
1745,hf:barkermrl/imagenet-a:train:1745,21,1.000000
1746,hf:barkermrl/imagenet-a:train:1746,21,1.000000
1747,hf:barkermrl/imagenet-a:train:1747,21,1.000000
1748,hf:barkermrl/imagenet-a:train:1748,21,1.000000
1749,hf:barkermrl/imagenet-a:train:1749,21,1.000000
1750,hf:barkermrl/imagenet-a:train:1750,21,1.000000
1751,hf:barkermrl/imagenet-a:train:1751,21,1.000000
1752,hf:barkermrl/imagenet-a:train:1752,21,1.000000
1753,hf:barkermrl/imagenet-a:train:1753,21,1.000000
1754,hf:barkermrl/imagenet-a:train:1754,21,1.000000
1755,hf:barkermrl/imagenet-a:train:1755,21,1.000000
1756,hf:barkermrl/imagenet-a:train:1756,21,1.000000
1757,hf:barkermrl/imagenet-a:train:1757,21,1.000000
1758,hf:barkermrl/imagenet-a:train:1758,21,1.000000
1759,hf:barkermrl/imagenet-a:train:1759,21,1.000000
1760,hf:barkermrl/imagenet-a:train:1760,22,1.000000
1761,hf:barkermrl/imagenet-a:train:1761,22,1.000000
1762,hf:barkermrl/imagenet-a:train:1762,22,1.000000
1763,hf:barkermrl/imagenet-a:train:1763,22,1.000000
1764,hf:barkermrl/imagenet-a:train:1764,22,1.000000
1765,hf:barkermrl/imagenet-a:train:1765,22,1.000000
1766,hf:barkermrl/imagenet-a:train:1766,22,1.000000
1767,hf:barkermrl/imagenet-a:train:1767,22,1.000000
1768,hf:barkermrl/imagenet-a:train:1768,22,1.000000
1769,hf:barkermrl/imagenet-a:train:1769,22,1.000000
1770,hf:barkermrl/imagenet-a:train:1770,22,1.000000
1771,hf:barkermrl/imagenet-a:train:1771,22,1.000000
1772,hf:barkermrl/imagenet-a:train:1772,22,1.000000
1773,hf:barkermrl/imagenet-a:train:1773,22,1.000000
1774,hf:barkermrl/imagenet-a:train:1774,22,1.000000
1775,hf:barkermrl/imagenet-a:train:1775,22,1.000000
1776,hf:barkermrl/imagenet-a:train:1776,22,1.000000
1777,hf:barkermrl/imagenet-a:train:1777,22,1.000000
1778,hf:barkermrl/imagenet-a:train:1778,22,1.000000
1779,hf:barkermrl/imagenet-a:train:1779,22,1.000000
1780,hf:barkermrl/imagenet-a:train:1780,22,1.000000
1781,hf:barkermrl/imagenet-a:train:1781,22,1.000000
1782,hf:barkermrl/imagenet-a:train:1782,22,1.000000
1783,hf:barkermrl/imagenet-a:train:1783,22,1.000000
1784,hf:barkermrl/imagenet-a:train:1784,22,1.000000
1785,hf:barkermrl/imagenet-a:train:1785,22,1.000000
1786,hf:barkermrl/imagenet-a:train:1786,22,1.000000
1787,hf:barkermrl/imagenet-a:train:1787,22,1.000000
1788,hf:barkermrl/imagenet-a:train:1788,22,1.000000
1789,hf:barkermrl/imagenet-a:train:1789,22,1.000000
1790,hf:barkermrl/imagenet-a:train:1790,22,1.000000
1791,hf:barkermrl/imagenet-a:train:1791,22,1.000000
1792,hf:barkermrl/imagenet-a:train:1792,22,1.000000
1793,hf:barkermrl/imagenet-a:train:1793,22,1.000000
1794,hf:barkermrl/imagenet-a:train:1794,22,1.000000
1795,hf:barkermrl/imagenet-a:train:1795,22,1.000000
1796,hf:barkermrl/imagenet-a:train:1796,22,1.000000
1797,hf:barkermrl/imagenet-a:train:1797,22,1.000000
1798,hf:barkermrl/imagenet-a:train:1798,22,1.000000
1799,hf:barkermrl/imagenet-a:train:1799,22,1.000000
1800,hf:barkermrl/imagenet-a:train:1800,22,1.000000
1801,hf:barkermrl/imagenet-a:train:1801,22,1.000000
1802,hf:barkermrl/imagenet-a:train:1802,22,1.000000
1803,hf:barkermrl/imagenet-a:train:1803,22,1.000000
1804,hf:barkermrl/imagenet-a:train:1804,22,1.000000
1805,hf:barkermrl/imagenet-a:train:1805,22,1.000000
1806,hf:barkermrl/imagenet-a:train:1806,22,1.000000
1807,hf:barkermrl/imagenet-a:train:1807,22,1.000000
1808,hf:barkermrl/imagenet-a:train:1808,22,1.000000
1809,hf:barkermrl/imagenet-a:train:1809,23,1.000000
1810,hf:barkermrl/imagenet-a:train:1810,23,1.000000
1811,hf:barkermrl/imagenet-a:train:1811,23,1.000000
1812,hf:barkermrl/imagenet-a:train:1812,23,1.000000
1813,hf:barkermrl/imagenet-a:train:1813,23,1.000000
1814,hf:barkermrl/imagenet-a:train:1814,23,1.000000
1815,hf:barkermrl/imagenet-a:train:1815,23,1.000000
1816,hf:barkermrl/imagenet-a:train:1816,23,1.000000
1817,hf:barkermrl/imagenet-a:train:1817,23,1.000000
1818,hf:barkermrl/imagenet-a:train:1818,23,1.000000
1819,hf:barkermrl/imagenet-a:train:1819,23,1.000000
1820,hf:barkermrl/imagenet-a:train:1820,23,1.000000
1821,hf:barkermrl/imagenet-a:train:1821,23,1.000000
1822,hf:barkermrl/imagenet-a:train:1822,23,1.000000
1823,hf:barkermrl/imagenet-a:train:1823,23,1.000000
1824,hf:barkermrl/imagenet-a:train:1824,23,1.000000
1825,hf:barkermrl/imagenet-a:train:1825,23,1.000000
1826,hf:barkermrl/imagenet-a:train:1826,23,1.000000
1827,hf:barkermrl/imagenet-a:train:1827,23,1.000000
1828,hf:barkermrl/imagenet-a:train:1828,23,1.000000
1829,hf:barkermrl/imagenet-a:train:1829,23,1.000000
1830,hf:barkermrl/imagenet-a:train:1830,23,1.000000
1831,hf:barkermrl/imagenet-a:train:1831,23,1.000000
1832,hf:barkermrl/imagenet-a:train:1832,23,1.000000
1833,hf:barkermrl/imagenet-a:train:1833,23,1.000000
1834,hf:barkermrl/imagenet-a:train:1834,23,1.000000
1835,hf:barkermrl/imagenet-a:train:1835,23,1.000000
1836,hf:barkermrl/imagenet-a:train:1836,23,1.000000
1837,hf:barkermrl/imagenet-a:train:1837,23,1.000000
1838,hf:barkermrl/imagenet-a:train:1838,23,1.000000
1839,hf:barkermrl/imagenet-a:train:1839,23,1.000000
1840,hf:barkermrl/imagenet-a:train:1840,23,1.000000
1841,hf:barkermrl/imagenet-a:train:1841,23,1.000000
1842,hf:barkermrl/imagenet-a:train:1842,23,1.000000
1843,hf:barkermrl/imagenet-a:train:1843,23,1.000000
1844,hf:barkermrl/imagenet-a:train:1844,23,1.000000
1845,hf:barkermrl/imagenet-a:train:1845,23,1.000000
1846,hf:barkermrl/imagenet-a:train:1846,23,1.000000
1847,hf:barkermrl/imagenet-a:train:1847,23,1.000000
1848,hf:barkermrl/imagenet-a:train:1848,23,1.000000
1849,hf:barkermrl/imagenet-a:train:1849,23,1.000000
1850,hf:barkermrl/imagenet-a:train:1850,23,1.000000
1851,hf:barkermrl/imagenet-a:train:1851,23,1.000000
1852,hf:barkermrl/imagenet-a:train:1852,23,1.000000
1853,hf:barkermrl/imagenet-a:train:1853,23,1.000000
1854,hf:barkermrl/imagenet-a:train:1854,23,1.000000
1855,hf:barkermrl/imagenet-a:train:1855,23,1.000000
1856,hf:barkermrl/imagenet-a:train:1856,23,1.000000
1857,hf:barkermrl/imagenet-a:train:1857,23,1.000000
1858,hf:barkermrl/imagenet-a:train:1858,23,1.000000
1859,hf:barkermrl/imagenet-a:train:1859,23,1.000000
1860,hf:barkermrl/imagenet-a:train:1860,23,1.000000
1861,hf:barkermrl/imagenet-a:train:1861,23,1.000000
1862,hf:barkermrl/imagenet-a:train:1862,23,1.000000
1863,hf:barkermrl/imagenet-a:train:1863,23,1.000000
1864,hf:barkermrl/imagenet-a:train:1864,23,1.000000
1865,hf:barkermrl/imagenet-a:train:1865,23,1.000000
1866,hf:barkermrl/imagenet-a:train:1866,23,1.000000
1867,hf:barkermrl/imagenet-a:train:1867,23,1.000000
1868,hf:barkermrl/imagenet-a:train:1868,23,1.000000
1869,hf:barkermrl/imagenet-a:train:1869,23,1.000000
1870,hf:barkermrl/imagenet-a:train:1870,23,1.000000
1871,hf:barkermrl/imagenet-a:train:1871,23,1.000000
1872,hf:barkermrl/imagenet-a:train:1872,23,1.000000
1873,hf:barkermrl/imagenet-a:train:1873,23,1.000000
1874,hf:barkermrl/imagenet-a:train:1874,23,1.000000
1875,hf:barkermrl/imagenet-a:train:1875,23,1.000000
1876,hf:barkermrl/imagenet-a:train:1876,23,1.000000
1877,hf:barkermrl/imagenet-a:train:1877,24,1.000000
1878,hf:barkermrl/imagenet-a:train:1878,24,1.000000
1879,hf:barkermrl/imagenet-a:train:1879,24,1.000000
1880,hf:barkermrl/imagenet-a:train:1880,24,1.000000
1881,hf:barkermrl/imagenet-a:train:1881,24,1.000000
1882,hf:barkermrl/imagenet-a:train:1882,24,1.000000
1883,hf:barkermrl/imagenet-a:train:1883,24,1.000000
1884,hf:barkermrl/imagenet-a:train:1884,24,1.000000
1885,hf:barkermrl/imagenet-a:train:1885,24,1.000000
1886,hf:barkermrl/imagenet-a:train:1886,24,1.000000
1887,hf:barkermrl/imagenet-a:train:1887,24,1.000000
1888,hf:barkermrl/imagenet-a:train:1888,24,1.000000
1889,hf:barkermrl/imagenet-a:train:1889,24,1.000000
1890,hf:barkermrl/imagenet-a:train:1890,24,1.000000
1891,hf:barkermrl/imagenet-a:train:1891,24,1.000000
1892,hf:barkermrl/imagenet-a:train:1892,24,1.000000
1893,hf:barkermrl/imagenet-a:train:1893,24,1.000000
1894,hf:barkermrl/imagenet-a:train:1894,24,1.000000
1895,hf:barkermrl/imagenet-a:train:1895,24,1.000000
1896,hf:barkermrl/imagenet-a:train:1896,24,1.000000
1897,hf:barkermrl/imagenet-a:train:1897,24,1.000000
1898,hf:barkermrl/imagenet-a:train:1898,24,1.000000
1899,hf:barkermrl/imagenet-a:train:1899,24,1.000000
1900,hf:barkermrl/imagenet-a:train:1900,24,1.000000
1901,hf:barkermrl/imagenet-a:train:1901,24,1.000000
1902,hf:barkermrl/imagenet-a:train:1902,24,1.000000
1903,hf:barkermrl/imagenet-a:train:1903,24,1.000000
1904,hf:barkermrl/imagenet-a:train:1904,24,1.000000
1905,hf:barkermrl/imagenet-a:train:1905,24,1.000000
1906,hf:barkermrl/imagenet-a:train:1906,24,1.000000
1907,hf:barkermrl/imagenet-a:train:1907,24,1.000000
1908,hf:barkermrl/imagenet-a:train:1908,24,1.000000
1909,hf:barkermrl/imagenet-a:train:1909,24,1.000000
1910,hf:barkermrl/imagenet-a:train:1910,24,1.000000
1911,hf:barkermrl/imagenet-a:train:1911,24,1.000000
1912,hf:barkermrl/imagenet-a:train:1912,24,1.000000
1913,hf:barkermrl/imagenet-a:train:1913,24,1.000000
1914,hf:barkermrl/imagenet-a:train:1914,24,1.000000
1915,hf:barkermrl/imagenet-a:train:1915,24,1.000000
1916,hf:barkermrl/imagenet-a:train:1916,24,1.000000
1917,hf:barkermrl/imagenet-a:train:1917,24,1.000000
1918,hf:barkermrl/imagenet-a:train:1918,24,1.000000
1919,hf:barkermrl/imagenet-a:train:1919,24,1.000000
1920,hf:barkermrl/imagenet-a:train:1920,24,1.000000
1921,hf:barkermrl/imagenet-a:train:1921,24,1.000000
1922,hf:barkermrl/imagenet-a:train:1922,24,1.000000
1923,hf:barkermrl/imagenet-a:train:1923,24,1.000000
1924,hf:barkermrl/imagenet-a:train:1924,24,1.000000
1925,hf:barkermrl/imagenet-a:train:1925,24,1.000000
1926,hf:barkermrl/imagenet-a:train:1926,24,1.000000
1927,hf:barkermrl/imagenet-a:train:1927,24,1.000000
1928,hf:barkermrl/imagenet-a:train:1928,24,1.000000
1929,hf:barkermrl/imagenet-a:train:1929,24,1.000000
1930,hf:barkermrl/imagenet-a:train:1930,24,1.000000
1931,hf:barkermrl/imagenet-a:train:1931,24,1.000000
1932,hf:barkermrl/imagenet-a:train:1932,24,1.000000
1933,hf:barkermrl/imagenet-a:train:1933,24,1.000000
1934,hf:barkermrl/imagenet-a:train:1934,24,1.000000
1935,hf:barkermrl/imagenet-a:train:1935,24,1.000000
1936,hf:barkermrl/imagenet-a:train:1936,24,1.000000
1937,hf:barkermrl/imagenet-a:train:1937,24,1.000000
1938,hf:barkermrl/imagenet-a:train:1938,24,1.000000
1939,hf:barkermrl/imagenet-a:train:1939,24,1.000000
1940,hf:barkermrl/imagenet-a:train:1940,24,1.000000
1941,hf:barkermrl/imagenet-a:train:1941,24,1.000000
1942,hf:barkermrl/imagenet-a:train:1942,24,1.000000
1943,hf:barkermrl/imagenet-a:train:1943,24,1.000000
1944,hf:barkermrl/imagenet-a:train:1944,24,1.000000
1945,hf:barkermrl/imagenet-a:train:1945,24,1.000000
1946,hf:barkermrl/imagenet-a:train:1946,24,1.000000
1947,hf:barkermrl/imagenet-a:train:1947,24,1.000000
1948,hf:barkermrl/imagenet-a:train:1948,24,1.000000
1949,hf:barkermrl/imagenet-a:train:1949,24,1.000000
1950,hf:barkermrl/imagenet-a:train:1950,24,1.000000
1951,hf:barkermrl/imagenet-a:train:1951,24,1.000000
1952,hf:barkermrl/imagenet-a:train:1952,24,1.000000
1953,hf:barkermrl/imagenet-a:train:1953,24,1.000000
1954,hf:barkermrl/imagenet-a:train:1954,24,1.000000
1955,hf:barkermrl/imagenet-a:train:1955,24,1.000000
1956,hf:barkermrl/imagenet-a:train:1956,24,1.000000
1957,hf:barkermrl/imagenet-a:train:1957,24,1.000000
1958,hf:barkermrl/imagenet-a:train:1958,24,1.000000
1959,hf:barkermrl/imagenet-a:train:1959,24,1.000000
1960,hf:barkermrl/imagenet-a:train:1960,24,1.000000
1961,hf:barkermrl/imagenet-a:train:1961,24,1.000000
1962,hf:barkermrl/imagenet-a:train:1962,24,1.000000
1963,hf:barkermrl/imagenet-a:train:1963,24,1.000000
1964,hf:barkermrl/imagenet-a:train:1964,24,1.000000
1965,hf:barkermrl/imagenet-a:train:1965,24,1.000000
1966,hf:barkermrl/imagenet-a:train:1966,24,1.000000
1967,hf:barkermrl/imagenet-a:train:1967,24,1.000000
1968,hf:barkermrl/imagenet-a:train:1968,24,1.000000
1969,hf:barkermrl/imagenet-a:train:1969,24,1.000000
1970,hf:barkermrl/imagenet-a:train:1970,24,1.000000
1971,hf:barkermrl/imagenet-a:train:1971,24,1.000000
1972,hf:barkermrl/imagenet-a:train:1972,24,1.000000
1973,hf:barkermrl/imagenet-a:train:1973,24,1.000000
1974,hf:barkermrl/imagenet-a:train:1974,25,1.000000
1975,hf:barkermrl/imagenet-a:train:1975,25,1.000000
1976,hf:barkermrl/imagenet-a:train:1976,25,1.000000
1977,hf:barkermrl/imagenet-a:train:1977,25,1.000000
1978,hf:barkermrl/imagenet-a:train:1978,25,1.000000
1979,hf:barkermrl/imagenet-a:train:1979,25,1.000000
1980,hf:barkermrl/imagenet-a:train:1980,25,1.000000
1981,hf:barkermrl/imagenet-a:train:1981,25,1.000000
1982,hf:barkermrl/imagenet-a:train:1982,25,1.000000
1983,hf:barkermrl/imagenet-a:train:1983,25,1.000000
1984,hf:barkermrl/imagenet-a:train:1984,25,1.000000
1985,hf:barkermrl/imagenet-a:train:1985,25,1.000000
1986,hf:barkermrl/imagenet-a:train:1986,25,1.000000
1987,hf:barkermrl/imagenet-a:train:1987,25,1.000000
1988,hf:barkermrl/imagenet-a:train:1988,25,1.000000
1989,hf:barkermrl/imagenet-a:train:1989,25,1.000000
1990,hf:barkermrl/imagenet-a:train:1990,25,1.000000
1991,hf:barkermrl/imagenet-a:train:1991,25,1.000000
1992,hf:barkermrl/imagenet-a:train:1992,25,1.000000
1993,hf:barkermrl/imagenet-a:train:1993,25,1.000000
1994,hf:barkermrl/imagenet-a:train:1994,25,1.000000
1995,hf:barkermrl/imagenet-a:train:1995,25,1.000000
1996,hf:barkermrl/imagenet-a:train:1996,25,1.000000
1997,hf:barkermrl/imagenet-a:train:1997,25,1.000000
1998,hf:barkermrl/imagenet-a:train:1998,25,1.000000
1999,hf:barkermrl/imagenet-a:train:1999,25,1.000000
2000,hf:barkermrl/imagenet-a:train:2000,26,1.000000
2001,hf:barkermrl/imagenet-a:train:2001,26,1.000000
2002,hf:barkermrl/imagenet-a:train:2002,26,1.000000
2003,hf:barkermrl/imagenet-a:train:2003,26,1.000000
2004,hf:barkermrl/imagenet-a:train:2004,26,1.000000
2005,hf:barkermrl/imagenet-a:train:2005,26,1.000000
2006,hf:barkermrl/imagenet-a:train:2006,26,1.000000
2007,hf:barkermrl/imagenet-a:train:2007,26,1.000000
2008,hf:barkermrl/imagenet-a:train:2008,26,1.000000
2009,hf:barkermrl/imagenet-a:train:2009,26,1.000000
2010,hf:barkermrl/imagenet-a:train:2010,26,1.000000
2011,hf:barkermrl/imagenet-a:train:2011,26,1.000000
2012,hf:barkermrl/imagenet-a:train:2012,26,1.000000
2013,hf:barkermrl/imagenet-a:train:2013,26,1.000000
2014,hf:barkermrl/imagenet-a:train:2014,26,1.000000
2015,hf:barkermrl/imagenet-a:train:2015,26,1.000000
2016,hf:barkermrl/imagenet-a:train:2016,26,1.000000
2017,hf:barkermrl/imagenet-a:train:2017,26,1.000000
2018,hf:barkermrl/imagenet-a:train:2018,26,1.000000
2019,hf:barkermrl/imagenet-a:train:2019,26,1.000000
2020,hf:barkermrl/imagenet-a:train:2020,26,1.000000
2021,hf:barkermrl/imagenet-a:train:2021,26,1.000000
2022,hf:barkermrl/imagenet-a:train:2022,26,1.000000
2023,hf:barkermrl/imagenet-a:train:2023,26,1.000000
2024,hf:barkermrl/imagenet-a:train:2024,26,1.000000
2025,hf:barkermrl/imagenet-a:train:2025,26,1.000000
2026,hf:barkermrl/imagenet-a:train:2026,26,1.000000
2027,hf:barkermrl/imagenet-a:train:2027,26,1.000000
2028,hf:barkermrl/imagenet-a:train:2028,26,1.000000
2029,hf:barkermrl/imagenet-a:train:2029,26,1.000000
2030,hf:barkermrl/imagenet-a:train:2030,26,1.000000
2031,hf:barkermrl/imagenet-a:train:2031,26,1.000000
2032,hf:barkermrl/imagenet-a:train:2032,26,1.000000
2033,hf:barkermrl/imagenet-a:train:2033,26,1.000000
2034,hf:barkermrl/imagenet-a:train:2034,26,1.000000
2035,hf:barkermrl/imagenet-a:train:2035,26,1.000000
2036,hf:barkermrl/imagenet-a:train:2036,26,1.000000
2037,hf:barkermrl/imagenet-a:train:2037,26,1.000000
2038,hf:barkermrl/imagenet-a:train:2038,26,1.000000
2039,hf:barkermrl/imagenet-a:train:2039,26,1.000000
2040,hf:barkermrl/imagenet-a:train:2040,26,1.000000
2041,hf:barkermrl/imagenet-a:train:2041,26,1.000000
2042,hf:barkermrl/imagenet-a:train:2042,26,1.000000
2043,hf:barkermrl/imagenet-a:train:2043,26,1.000000
2044,hf:barkermrl/imagenet-a:train:2044,26,1.000000
2045,hf:barkermrl/imagenet-a:train:2045,26,1.000000
2046,hf:barkermrl/imagenet-a:train:2046,26,1.000000
2047,hf:barkermrl/imagenet-a:train:2047,26,1.000000
2048,hf:barkermrl/imagenet-a:train:2048,26,1.000000
2049,hf:barkermrl/imagenet-a:train:2049,26,1.000000
2050,hf:barkermrl/imagenet-a:train:2050,26,1.000000
2051,hf:barkermrl/imagenet-a:train:2051,26,1.000000
2052,hf:barkermrl/imagenet-a:train:2052,26,1.000000
2053,hf:barkermrl/imagenet-a:train:2053,26,1.000000
2054,hf:barkermrl/imagenet-a:train:2054,26,1.000000
2055,hf:barkermrl/imagenet-a:train:2055,26,1.000000
2056,hf:barkermrl/imagenet-a:train:2056,26,1.000000
2057,hf:barkermrl/imagenet-a:train:2057,26,1.000000
2058,hf:barkermrl/imagenet-a:train:2058,26,1.000000
2059,hf:barkermrl/imagenet-a:train:2059,26,1.000000
2060,hf:barkermrl/imagenet-a:train:2060,26,1.000000
2061,hf:barkermrl/imagenet-a:train:2061,26,1.000000
2062,hf:barkermrl/imagenet-a:train:2062,26,1.000000
2063,hf:barkermrl/imagenet-a:train:2063,26,1.000000
2064,hf:barkermrl/imagenet-a:train:2064,26,1.000000
2065,hf:barkermrl/imagenet-a:train:2065,26,1.000000
2066,hf:barkermrl/imagenet-a:train:2066,26,1.000000
2067,hf:barkermrl/imagenet-a:train:2067,26,1.000000
2068,hf:barkermrl/imagenet-a:train:2068,26,1.000000
2069,hf:barkermrl/imagenet-a:train:2069,26,1.000000
2070,hf:barkermrl/imagenet-a:train:2070,26,1.000000
2071,hf:barkermrl/imagenet-a:train:2071,26,1.000000
2072,hf:barkermrl/imagenet-a:train:2072,26,1.000000
2073,hf:barkermrl/imagenet-a:train:2073,26,1.000000
2074,hf:barkermrl/imagenet-a:train:2074,26,1.000000
2075,hf:barkermrl/imagenet-a:train:2075,26,1.000000
2076,hf:barkermrl/imagenet-a:train:2076,26,1.000000
2077,hf:barkermrl/imagenet-a:train:2077,26,1.000000
2078,hf:barkermrl/imagenet-a:train:2078,26,1.000000
2079,hf:barkermrl/imagenet-a:train:2079,26,1.000000
2080,hf:barkermrl/imagenet-a:train:2080,26,1.000000
2081,hf:barkermrl/imagenet-a:train:2081,26,1.000000
2082,hf:barkermrl/imagenet-a:train:2082,26,1.000000
2083,hf:barkermrl/imagenet-a:train:2083,26,1.000000
2084,hf:barkermrl/imagenet-a:train:2084,26,1.000000
2085,hf:barkermrl/imagenet-a:train:2085,26,1.000000
2086,hf:barkermrl/imagenet-a:train:2086,26,1.000000
2087,hf:barkermrl/imagenet-a:train:2087,26,1.000000
2088,hf:barkermrl/imagenet-a:train:2088,26,1.000000
2089,hf:barkermrl/imagenet-a:train:2089,27,1.000000
2090,hf:barkermrl/imagenet-a:train:2090,27,1.000000
2091,hf:barkermrl/imagenet-a:train:2091,27,1.000000
2092,hf:barkermrl/imagenet-a:train:2092,27,1.000000
2093,hf:barkermrl/imagenet-a:train:2093,27,1.000000
2094,hf:barkermrl/imagenet-a:train:2094,27,1.000000
2095,hf:barkermrl/imagenet-a:train:2095,27,1.000000
2096,hf:barkermrl/imagenet-a:train:2096,27,1.000000
2097,hf:barkermrl/imagenet-a:train:2097,27,1.000000
2098,hf:barkermrl/imagenet-a:train:2098,27,1.000000
2099,hf:barkermrl/imagenet-a:train:2099,27,1.000000
2100,hf:barkermrl/imagenet-a:train:2100,27,1.000000
2101,hf:barkermrl/imagenet-a:train:2101,27,1.000000
2102,hf:barkermrl/imagenet-a:train:2102,27,1.000000
2103,hf:barkermrl/imagenet-a:train:2103,27,1.000000
2104,hf:barkermrl/imagenet-a:train:2104,27,1.000000
2105,hf:barkermrl/imagenet-a:train:2105,27,1.000000
2106,hf:barkermrl/imagenet-a:train:2106,27,1.000000
2107,hf:barkermrl/imagenet-a:train:2107,27,1.000000
2108,hf:barkermrl/imagenet-a:train:2108,27,1.000000
2109,hf:barkermrl/imagenet-a:train:2109,27,1.000000
2110,hf:barkermrl/imagenet-a:train:2110,27,1.000000
2111,hf:barkermrl/imagenet-a:train:2111,27,1.000000
2112,hf:barkermrl/imagenet-a:train:2112,27,1.000000
2113,hf:barkermrl/imagenet-a:train:2113,27,1.000000
2114,hf:barkermrl/imagenet-a:train:2114,27,1.000000
2115,hf:barkermrl/imagenet-a:train:2115,27,1.000000
2116,hf:barkermrl/imagenet-a:train:2116,27,1.000000
2117,hf:barkermrl/imagenet-a:train:2117,27,1.000000
2118,hf:barkermrl/imagenet-a:train:2118,27,1.000000
2119,hf:barkermrl/imagenet-a:train:2119,27,1.000000
2120,hf:barkermrl/imagenet-a:train:2120,27,1.000000
2121,hf:barkermrl/imagenet-a:train:2121,27,1.000000
2122,hf:barkermrl/imagenet-a:train:2122,27,1.000000
2123,hf:barkermrl/imagenet-a:train:2123,27,1.000000
2124,hf:barkermrl/imagenet-a:train:2124,27,1.000000
2125,hf:barkermrl/imagenet-a:train:2125,27,1.000000
2126,hf:barkermrl/imagenet-a:train:2126,27,1.000000
2127,hf:barkermrl/imagenet-a:train:2127,27,1.000000
2128,hf:barkermrl/imagenet-a:train:2128,27,1.000000
2129,hf:barkermrl/imagenet-a:train:2129,27,1.000000
2130,hf:barkermrl/imagenet-a:train:2130,27,1.000000
2131,hf:barkermrl/imagenet-a:train:2131,27,1.000000
2132,hf:barkermrl/imagenet-a:train:2132,27,1.000000
2133,hf:barkermrl/imagenet-a:train:2133,27,1.000000
2134,hf:barkermrl/imagenet-a:train:2134,27,1.000000
2135,hf:barkermrl/imagenet-a:train:2135,27,1.000000
2136,hf:barkermrl/imagenet-a:train:2136,27,1.000000
2137,hf:barkermrl/imagenet-a:train:2137,27,1.000000
2138,hf:barkermrl/imagenet-a:train:2138,27,1.000000
2139,hf:barkermrl/imagenet-a:train:2139,27,1.000000
2140,hf:barkermrl/imagenet-a:train:2140,27,1.000000
2141,hf:barkermrl/imagenet-a:train:2141,27,1.000000
2142,hf:barkermrl/imagenet-a:train:2142,27,1.000000
2143,hf:barkermrl/imagenet-a:train:2143,27,1.000000
2144,hf:barkermrl/imagenet-a:train:2144,27,1.000000
2145,hf:barkermrl/imagenet-a:train:2145,27,1.000000
2146,hf:barkermrl/imagenet-a:train:2146,27,1.000000
2147,hf:barkermrl/imagenet-a:train:2147,27,1.000000
2148,hf:barkermrl/imagenet-a:train:2148,27,1.000000
2149,hf:barkermrl/imagenet-a:train:2149,27,1.000000
2150,hf:barkermrl/imagenet-a:train:2150,27,1.000000
2151,hf:barkermrl/imagenet-a:train:2151,27,1.000000
2152,hf:barkermrl/imagenet-a:train:2152,27,1.000000
2153,hf:barkermrl/imagenet-a:train:2153,27,1.000000
2154,hf:barkermrl/imagenet-a:train:2154,27,1.000000
2155,hf:barkermrl/imagenet-a:train:2155,27,1.000000
2156,hf:barkermrl/imagenet-a:train:2156,27,1.000000
2157,hf:barkermrl/imagenet-a:train:2157,27,1.000000
2158,hf:barkermrl/imagenet-a:train:2158,27,1.000000
2159,hf:barkermrl/imagenet-a:train:2159,27,1.000000
2160,hf:barkermrl/imagenet-a:train:2160,27,1.000000
2161,hf:barkermrl/imagenet-a:train:2161,27,1.000000
2162,hf:barkermrl/imagenet-a:train:2162,27,1.000000
2163,hf:barkermrl/imagenet-a:train:2163,27,1.000000
2164,hf:barkermrl/imagenet-a:train:2164,27,1.000000
2165,hf:barkermrl/imagenet-a:train:2165,27,1.000000
2166,hf:barkermrl/imagenet-a:train:2166,27,1.000000
2167,hf:barkermrl/imagenet-a:train:2167,27,1.000000
2168,hf:barkermrl/imagenet-a:train:2168,27,1.000000
2169,hf:barkermrl/imagenet-a:train:2169,27,1.000000
2170,hf:barkermrl/imagenet-a:train:2170,27,1.000000
2171,hf:barkermrl/imagenet-a:train:2171,27,1.000000
2172,hf:barkermrl/imagenet-a:train:2172,27,1.000000
2173,hf:barkermrl/imagenet-a:train:2173,27,1.000000
2174,hf:barkermrl/imagenet-a:train:2174,27,1.000000
2175,hf:barkermrl/imagenet-a:train:2175,27,1.000000
2176,hf:barkermrl/imagenet-a:train:2176,27,1.000000
2177,hf:barkermrl/imagenet-a:train:2177,27,1.000000
2178,hf:barkermrl/imagenet-a:train:2178,27,1.000000
2179,hf:barkermrl/imagenet-a:train:2179,27,1.000000
2180,hf:barkermrl/imagenet-a:train:2180,27,1.000000
2181,hf:barkermrl/imagenet-a:train:2181,27,1.000000
2182,hf:barkermrl/imagenet-a:train:2182,27,1.000000
2183,hf:barkermrl/imagenet-a:train:2183,27,1.000000
2184,hf:barkermrl/imagenet-a:train:2184,27,1.000000
2185,hf:barkermrl/imagenet-a:train:2185,27,1.000000
2186,hf:barkermrl/imagenet-a:train:2186,27,1.000000
2187,hf:barkermrl/imagenet-a:train:2187,28,1.000000
2188,hf:barkermrl/imagenet-a:train:2188,28,1.000000
2189,hf:barkermrl/imagenet-a:train:2189,28,1.000000
2190,hf:barkermrl/imagenet-a:train:2190,28,1.000000
2191,hf:barkermrl/imagenet-a:train:2191,28,1.000000
2192,hf:barkermrl/imagenet-a:train:2192,28,1.000000
2193,hf:barkermrl/imagenet-a:train:2193,28,1.000000
2194,hf:barkermrl/imagenet-a:train:2194,28,1.000000
2195,hf:barkermrl/imagenet-a:train:2195,28,1.000000
2196,hf:barkermrl/imagenet-a:train:2196,28,1.000000
2197,hf:barkermrl/imagenet-a:train:2197,28,1.000000
2198,hf:barkermrl/imagenet-a:train:2198,28,1.000000
2199,hf:barkermrl/imagenet-a:train:2199,28,1.000000
2200,hf:barkermrl/imagenet-a:train:2200,28,1.000000
2201,hf:barkermrl/imagenet-a:train:2201,28,1.000000
2202,hf:barkermrl/imagenet-a:train:2202,28,1.000000
2203,hf:barkermrl/imagenet-a:train:2203,28,1.000000
2204,hf:barkermrl/imagenet-a:train:2204,28,1.000000
2205,hf:barkermrl/imagenet-a:train:2205,28,1.000000
2206,hf:barkermrl/imagenet-a:train:2206,28,1.000000
2207,hf:barkermrl/imagenet-a:train:2207,28,1.000000
2208,hf:barkermrl/imagenet-a:train:2208,28,1.000000
2209,hf:barkermrl/imagenet-a:train:2209,28,1.000000
2210,hf:barkermrl/imagenet-a:train:2210,28,1.000000
2211,hf:barkermrl/imagenet-a:train:2211,28,1.000000
2212,hf:barkermrl/imagenet-a:train:2212,28,1.000000
2213,hf:barkermrl/imagenet-a:train:2213,28,1.000000
2214,hf:barkermrl/imagenet-a:train:2214,28,1.000000
2215,hf:barkermrl/imagenet-a:train:2215,28,1.000000
2216,hf:barkermrl/imagenet-a:train:2216,28,1.000000
2217,hf:barkermrl/imagenet-a:train:2217,28,1.000000
2218,hf:barkermrl/imagenet-a:train:2218,28,1.000000
2219,hf:barkermrl/imagenet-a:train:2219,28,1.000000
2220,hf:barkermrl/imagenet-a:train:2220,28,1.000000
2221,hf:barkermrl/imagenet-a:train:2221,28,1.000000
2222,hf:barkermrl/imagenet-a:train:2222,28,1.000000
2223,hf:barkermrl/imagenet-a:train:2223,28,1.000000
2224,hf:barkermrl/imagenet-a:train:2224,28,1.000000
2225,hf:barkermrl/imagenet-a:train:2225,28,1.000000
2226,hf:barkermrl/imagenet-a:train:2226,28,1.000000
2227,hf:barkermrl/imagenet-a:train:2227,28,1.000000
2228,hf:barkermrl/imagenet-a:train:2228,28,1.000000
2229,hf:barkermrl/imagenet-a:train:2229,28,1.000000
2230,hf:barkermrl/imagenet-a:train:2230,28,1.000000
2231,hf:barkermrl/imagenet-a:train:2231,28,1.000000
2232,hf:barkermrl/imagenet-a:train:2232,28,1.000000
2233,hf:barkermrl/imagenet-a:train:2233,28,1.000000
2234,hf:barkermrl/imagenet-a:train:2234,28,1.000000
2235,hf:barkermrl/imagenet-a:train:2235,28,1.000000
2236,hf:barkermrl/imagenet-a:train:2236,28,1.000000
2237,hf:barkermrl/imagenet-a:train:2237,28,1.000000
2238,hf:barkermrl/imagenet-a:train:2238,28,1.000000
2239,hf:barkermrl/imagenet-a:train:2239,28,1.000000
2240,hf:barkermrl/imagenet-a:train:2240,28,1.000000
2241,hf:barkermrl/imagenet-a:train:2241,28,1.000000
2242,hf:barkermrl/imagenet-a:train:2242,28,1.000000
2243,hf:barkermrl/imagenet-a:train:2243,28,1.000000
2244,hf:barkermrl/imagenet-a:train:2244,28,1.000000
2245,hf:barkermrl/imagenet-a:train:2245,28,1.000000
2246,hf:barkermrl/imagenet-a:train:2246,28,1.000000
2247,hf:barkermrl/imagenet-a:train:2247,28,1.000000
2248,hf:barkermrl/imagenet-a:train:2248,28,1.000000
2249,hf:barkermrl/imagenet-a:train:2249,28,1.000000
2250,hf:barkermrl/imagenet-a:train:2250,28,1.000000
2251,hf:barkermrl/imagenet-a:train:2251,28,1.000000
2252,hf:barkermrl/imagenet-a:train:2252,28,1.000000
2253,hf:barkermrl/imagenet-a:train:2253,28,1.000000
2254,hf:barkermrl/imagenet-a:train:2254,28,1.000000
2255,hf:barkermrl/imagenet-a:train:2255,28,1.000000
2256,hf:barkermrl/imagenet-a:train:2256,28,1.000000
2257,hf:barkermrl/imagenet-a:train:2257,28,1.000000
2258,hf:barkermrl/imagenet-a:train:2258,28,1.000000
2259,hf:barkermrl/imagenet-a:train:2259,28,1.000000
2260,hf:barkermrl/imagenet-a:train:2260,28,1.000000
2261,hf:barkermrl/imagenet-a:train:2261,28,1.000000
2262,hf:barkermrl/imagenet-a:train:2262,28,1.000000
2263,hf:barkermrl/imagenet-a:train:2263,28,1.000000
2264,hf:barkermrl/imagenet-a:train:2264,28,1.000000
2265,hf:barkermrl/imagenet-a:train:2265,28,1.000000
2266,hf:barkermrl/imagenet-a:train:2266,28,1.000000
2267,hf:barkermrl/imagenet-a:train:2267,28,1.000000
2268,hf:barkermrl/imagenet-a:train:2268,28,1.000000
2269,hf:barkermrl/imagenet-a:train:2269,28,1.000000
2270,hf:barkermrl/imagenet-a:train:2270,28,1.000000
2271,hf:barkermrl/imagenet-a:train:2271,28,1.000000
2272,hf:barkermrl/imagenet-a:train:2272,28,1.000000
2273,hf:barkermrl/imagenet-a:train:2273,28,1.000000
2274,hf:barkermrl/imagenet-a:train:2274,28,1.000000
2275,hf:barkermrl/imagenet-a:train:2275,28,1.000000
2276,hf:barkermrl/imagenet-a:train:2276,28,1.000000
2277,hf:barkermrl/imagenet-a:train:2277,28,1.000000
2278,hf:barkermrl/imagenet-a:train:2278,28,1.000000
2279,hf:barkermrl/imagenet-a:train:2279,28,1.000000
2280,hf:barkermrl/imagenet-a:train:2280,28,1.000000
2281,hf:barkermrl/imagenet-a:train:2281,28,1.000000
2282,hf:barkermrl/imagenet-a:train:2282,28,1.000000
2283,hf:barkermrl/imagenet-a:train:2283,28,1.000000
2284,hf:barkermrl/imagenet-a:train:2284,28,1.000000
2285,hf:barkermrl/imagenet-a:train:2285,28,1.000000
2286,hf:barkermrl/imagenet-a:train:2286,28,1.000000
2287,hf:barkermrl/imagenet-a:train:2287,29,1.000000
2288,hf:barkermrl/imagenet-a:train:2288,29,1.000000
2289,hf:barkermrl/imagenet-a:train:2289,29,1.000000
2290,hf:barkermrl/imagenet-a:train:2290,29,1.000000
2291,hf:barkermrl/imagenet-a:train:2291,29,1.000000
2292,hf:barkermrl/imagenet-a:train:2292,29,1.000000
2293,hf:barkermrl/imagenet-a:train:2293,29,1.000000
2294,hf:barkermrl/imagenet-a:train:2294,29,1.000000
2295,hf:barkermrl/imagenet-a:train:2295,29,1.000000
2296,hf:barkermrl/imagenet-a:train:2296,29,1.000000
2297,hf:barkermrl/imagenet-a:train:2297,29,1.000000
2298,hf:barkermrl/imagenet-a:train:2298,29,1.000000
2299,hf:barkermrl/imagenet-a:train:2299,29,1.000000
2300,hf:barkermrl/imagenet-a:train:2300,29,1.000000
2301,hf:barkermrl/imagenet-a:train:2301,29,1.000000
2302,hf:barkermrl/imagenet-a:train:2302,29,1.000000
2303,hf:barkermrl/imagenet-a:train:2303,29,1.000000
2304,hf:barkermrl/imagenet-a:train:2304,29,1.000000
2305,hf:barkermrl/imagenet-a:train:2305,29,1.000000
2306,hf:barkermrl/imagenet-a:train:2306,29,1.000000
2307,hf:barkermrl/imagenet-a:train:2307,29,1.000000
2308,hf:barkermrl/imagenet-a:train:2308,29,1.000000
2309,hf:barkermrl/imagenet-a:train:2309,29,1.000000
2310,hf:barkermrl/imagenet-a:train:2310,29,1.000000
2311,hf:barkermrl/imagenet-a:train:2311,29,1.000000
2312,hf:barkermrl/imagenet-a:train:2312,29,1.000000
2313,hf:barkermrl/imagenet-a:train:2313,29,1.000000
2314,hf:barkermrl/imagenet-a:train:2314,29,1.000000
2315,hf:barkermrl/imagenet-a:train:2315,29,1.000000
2316,hf:barkermrl/imagenet-a:train:2316,29,1.000000
2317,hf:barkermrl/imagenet-a:train:2317,29,1.000000
2318,hf:barkermrl/imagenet-a:train:2318,29,1.000000
2319,hf:barkermrl/imagenet-a:train:2319,29,1.000000
2320,hf:barkermrl/imagenet-a:train:2320,29,1.000000
2321,hf:barkermrl/imagenet-a:train:2321,29,1.000000
2322,hf:barkermrl/imagenet-a:train:2322,29,1.000000
2323,hf:barkermrl/imagenet-a:train:2323,29,1.000000
2324,hf:barkermrl/imagenet-a:train:2324,29,1.000000
2325,hf:barkermrl/imagenet-a:train:2325,29,1.000000
2326,hf:barkermrl/imagenet-a:train:2326,29,1.000000
2327,hf:barkermrl/imagenet-a:train:2327,29,1.000000
2328,hf:barkermrl/imagenet-a:train:2328,29,1.000000
2329,hf:barkermrl/imagenet-a:train:2329,29,1.000000
2330,hf:barkermrl/imagenet-a:train:2330,29,1.000000
2331,hf:barkermrl/imagenet-a:train:2331,29,1.000000
2332,hf:barkermrl/imagenet-a:train:2332,29,1.000000
2333,hf:barkermrl/imagenet-a:train:2333,29,1.000000
2334,hf:barkermrl/imagenet-a:train:2334,29,1.000000
2335,hf:barkermrl/imagenet-a:train:2335,29,1.000000
2336,hf:barkermrl/imagenet-a:train:2336,29,1.000000
2337,hf:barkermrl/imagenet-a:train:2337,29,1.000000
2338,hf:barkermrl/imagenet-a:train:2338,29,1.000000
2339,hf:barkermrl/imagenet-a:train:2339,29,1.000000
2340,hf:barkermrl/imagenet-a:train:2340,29,1.000000
2341,hf:barkermrl/imagenet-a:train:2341,29,1.000000
2342,hf:barkermrl/imagenet-a:train:2342,29,1.000000
2343,hf:barkermrl/imagenet-a:train:2343,29,1.000000
2344,hf:barkermrl/imagenet-a:train:2344,29,1.000000
2345,hf:barkermrl/imagenet-a:train:2345,29,1.000000
2346,hf:barkermrl/imagenet-a:train:2346,29,1.000000
2347,hf:barkermrl/imagenet-a:train:2347,29,1.000000
2348,hf:barkermrl/imagenet-a:train:2348,29,1.000000
2349,hf:barkermrl/imagenet-a:train:2349,29,1.000000
2350,hf:barkermrl/imagenet-a:train:2350,29,1.000000
2351,hf:barkermrl/imagenet-a:train:2351,29,1.000000
2352,hf:barkermrl/imagenet-a:train:2352,29,1.000000
2353,hf:barkermrl/imagenet-a:train:2353,29,1.000000
2354,hf:barkermrl/imagenet-a:train:2354,29,1.000000
2355,hf:barkermrl/imagenet-a:train:2355,29,1.000000
2356,hf:barkermrl/imagenet-a:train:2356,29,1.000000
2357,hf:barkermrl/imagenet-a:train:2357,29,1.000000
2358,hf:barkermrl/imagenet-a:train:2358,29,1.000000
2359,hf:barkermrl/imagenet-a:train:2359,29,1.000000
2360,hf:barkermrl/imagenet-a:train:2360,29,1.000000
2361,hf:barkermrl/imagenet-a:train:2361,29,1.000000
2362,hf:barkermrl/imagenet-a:train:2362,29,1.000000
2363,hf:barkermrl/imagenet-a:train:2363,29,1.000000
2364,hf:barkermrl/imagenet-a:train:2364,30,1.000000
2365,hf:barkermrl/imagenet-a:train:2365,30,1.000000
2366,hf:barkermrl/imagenet-a:train:2366,30,1.000000
2367,hf:barkermrl/imagenet-a:train:2367,30,1.000000
2368,hf:barkermrl/imagenet-a:train:2368,30,1.000000
2369,hf:barkermrl/imagenet-a:train:2369,30,1.000000
2370,hf:barkermrl/imagenet-a:train:2370,30,1.000000
2371,hf:barkermrl/imagenet-a:train:2371,30,1.000000
2372,hf:barkermrl/imagenet-a:train:2372,30,1.000000
2373,hf:barkermrl/imagenet-a:train:2373,30,1.000000
2374,hf:barkermrl/imagenet-a:train:2374,30,1.000000
2375,hf:barkermrl/imagenet-a:train:2375,30,1.000000
2376,hf:barkermrl/imagenet-a:train:2376,30,1.000000
2377,hf:barkermrl/imagenet-a:train:2377,30,1.000000
2378,hf:barkermrl/imagenet-a:train:2378,30,1.000000
2379,hf:barkermrl/imagenet-a:train:2379,30,1.000000
2380,hf:barkermrl/imagenet-a:train:2380,30,1.000000
2381,hf:barkermrl/imagenet-a:train:2381,30,1.000000
2382,hf:barkermrl/imagenet-a:train:2382,30,1.000000
2383,hf:barkermrl/imagenet-a:train:2383,30,1.000000
2384,hf:barkermrl/imagenet-a:train:2384,30,1.000000
2385,hf:barkermrl/imagenet-a:train:2385,30,1.000000
2386,hf:barkermrl/imagenet-a:train:2386,30,1.000000
2387,hf:barkermrl/imagenet-a:train:2387,30,1.000000
2388,hf:barkermrl/imagenet-a:train:2388,30,1.000000
2389,hf:barkermrl/imagenet-a:train:2389,30,1.000000
2390,hf:barkermrl/imagenet-a:train:2390,30,1.000000
2391,hf:barkermrl/imagenet-a:train:2391,30,1.000000
2392,hf:barkermrl/imagenet-a:train:2392,30,1.000000
2393,hf:barkermrl/imagenet-a:train:2393,30,1.000000
2394,hf:barkermrl/imagenet-a:train:2394,30,1.000000
2395,hf:barkermrl/imagenet-a:train:2395,30,1.000000
2396,hf:barkermrl/imagenet-a:train:2396,30,1.000000
2397,hf:barkermrl/imagenet-a:train:2397,30,1.000000
2398,hf:barkermrl/imagenet-a:train:2398,30,1.000000
2399,hf:barkermrl/imagenet-a:train:2399,30,1.000000
2400,hf:barkermrl/imagenet-a:train:2400,30,1.000000
2401,hf:barkermrl/imagenet-a:train:2401,30,1.000000
2402,hf:barkermrl/imagenet-a:train:2402,30,1.000000
2403,hf:barkermrl/imagenet-a:train:2403,30,1.000000
2404,hf:barkermrl/imagenet-a:train:2404,30,1.000000
2405,hf:barkermrl/imagenet-a:train:2405,30,1.000000
2406,hf:barkermrl/imagenet-a:train:2406,30,1.000000
2407,hf:barkermrl/imagenet-a:train:2407,30,1.000000
2408,hf:barkermrl/imagenet-a:train:2408,30,1.000000
2409,hf:barkermrl/imagenet-a:train:2409,30,1.000000
2410,hf:barkermrl/imagenet-a:train:2410,30,1.000000
2411,hf:barkermrl/imagenet-a:train:2411,30,1.000000
2412,hf:barkermrl/imagenet-a:train:2412,30,1.000000
2413,hf:barkermrl/imagenet-a:train:2413,30,1.000000
2414,hf:barkermrl/imagenet-a:train:2414,30,1.000000
2415,hf:barkermrl/imagenet-a:train:2415,30,1.000000
2416,hf:barkermrl/imagenet-a:train:2416,30,1.000000
2417,hf:barkermrl/imagenet-a:train:2417,30,1.000000
2418,hf:barkermrl/imagenet-a:train:2418,30,1.000000
2419,hf:barkermrl/imagenet-a:train:2419,30,1.000000
2420,hf:barkermrl/imagenet-a:train:2420,30,1.000000
2421,hf:barkermrl/imagenet-a:train:2421,30,1.000000
2422,hf:barkermrl/imagenet-a:train:2422,30,1.000000
2423,hf:barkermrl/imagenet-a:train:2423,30,1.000000
2424,hf:barkermrl/imagenet-a:train:2424,30,1.000000
2425,hf:barkermrl/imagenet-a:train:2425,30,1.000000
2426,hf:barkermrl/imagenet-a:train:2426,30,1.000000
2427,hf:barkermrl/imagenet-a:train:2427,30,1.000000
2428,hf:barkermrl/imagenet-a:train:2428,30,1.000000
2429,hf:barkermrl/imagenet-a:train:2429,30,1.000000
2430,hf:barkermrl/imagenet-a:train:2430,30,1.000000
2431,hf:barkermrl/imagenet-a:train:2431,30,1.000000
2432,hf:barkermrl/imagenet-a:train:2432,30,1.000000
2433,hf:barkermrl/imagenet-a:train:2433,30,1.000000
2434,hf:barkermrl/imagenet-a:train:2434,30,1.000000
2435,hf:barkermrl/imagenet-a:train:2435,30,1.000000
2436,hf:barkermrl/imagenet-a:train:2436,30,1.000000
2437,hf:barkermrl/imagenet-a:train:2437,30,1.000000
2438,hf:barkermrl/imagenet-a:train:2438,30,1.000000
2439,hf:barkermrl/imagenet-a:train:2439,30,1.000000
2440,hf:barkermrl/imagenet-a:train:2440,30,1.000000
2441,hf:barkermrl/imagenet-a:train:2441,30,1.000000
2442,hf:barkermrl/imagenet-a:train:2442,30,1.000000
2443,hf:barkermrl/imagenet-a:train:2443,30,1.000000
2444,hf:barkermrl/imagenet-a:train:2444,30,1.000000
2445,hf:barkermrl/imagenet-a:train:2445,30,1.000000
2446,hf:barkermrl/imagenet-a:train:2446,30,1.000000
2447,hf:barkermrl/imagenet-a:train:2447,30,1.000000
2448,hf:barkermrl/imagenet-a:train:2448,30,1.000000
2449,hf:barkermrl/imagenet-a:train:2449,30,1.000000
2450,hf:barkermrl/imagenet-a:train:2450,30,1.000000
2451,hf:barkermrl/imagenet-a:train:2451,30,1.000000
2452,hf:barkermrl/imagenet-a:train:2452,30,1.000000
2453,hf:barkermrl/imagenet-a:train:2453,30,1.000000
2454,hf:barkermrl/imagenet-a:train:2454,30,1.000000
2455,hf:barkermrl/imagenet-a:train:2455,30,1.000000
2456,hf:barkermrl/imagenet-a:train:2456,31,1.000000
2457,hf:barkermrl/imagenet-a:train:2457,31,1.000000
2458,hf:barkermrl/imagenet-a:train:2458,31,1.000000
2459,hf:barkermrl/imagenet-a:train:2459,31,1.000000
2460,hf:barkermrl/imagenet-a:train:2460,31,1.000000
2461,hf:barkermrl/imagenet-a:train:2461,31,1.000000
2462,hf:barkermrl/imagenet-a:train:2462,31,1.000000
2463,hf:barkermrl/imagenet-a:train:2463,31,1.000000
2464,hf:barkermrl/imagenet-a:train:2464,31,1.000000
2465,hf:barkermrl/imagenet-a:train:2465,31,1.000000
2466,hf:barkermrl/imagenet-a:train:2466,31,1.000000
2467,hf:barkermrl/imagenet-a:train:2467,31,1.000000
2468,hf:barkermrl/imagenet-a:train:2468,31,1.000000
2469,hf:barkermrl/imagenet-a:train:2469,31,1.000000
2470,hf:barkermrl/imagenet-a:train:2470,31,1.000000
2471,hf:barkermrl/imagenet-a:train:2471,31,1.000000
2472,hf:barkermrl/imagenet-a:train:2472,31,1.000000
2473,hf:barkermrl/imagenet-a:train:2473,31,1.000000
2474,hf:barkermrl/imagenet-a:train:2474,31,1.000000
2475,hf:barkermrl/imagenet-a:train:2475,31,1.000000
2476,hf:barkermrl/imagenet-a:train:2476,31,1.000000
2477,hf:barkermrl/imagenet-a:train:2477,31,1.000000
2478,hf:barkermrl/imagenet-a:train:2478,31,1.000000
2479,hf:barkermrl/imagenet-a:train:2479,31,1.000000
2480,hf:barkermrl/imagenet-a:train:2480,31,1.000000
2481,hf:barkermrl/imagenet-a:train:2481,31,1.000000
2482,hf:barkermrl/imagenet-a:train:2482,32,1.000000
2483,hf:barkermrl/imagenet-a:train:2483,32,1.000000
2484,hf:barkermrl/imagenet-a:train:2484,32,1.000000
2485,hf:barkermrl/imagenet-a:train:2485,32,1.000000
2486,hf:barkermrl/imagenet-a:train:2486,32,1.000000
2487,hf:barkermrl/imagenet-a:train:2487,32,1.000000
2488,hf:barkermrl/imagenet-a:train:2488,32,1.000000
2489,hf:barkermrl/imagenet-a:train:2489,32,1.000000
2490,hf:barkermrl/imagenet-a:train:2490,32,1.000000
2491,hf:barkermrl/imagenet-a:train:2491,32,1.000000
2492,hf:barkermrl/imagenet-a:train:2492,32,1.000000
2493,hf:barkermrl/imagenet-a:train:2493,32,1.000000
2494,hf:barkermrl/imagenet-a:train:2494,32,1.000000
2495,hf:barkermrl/imagenet-a:train:2495,32,1.000000
2496,hf:barkermrl/imagenet-a:train:2496,32,1.000000
2497,hf:barkermrl/imagenet-a:train:2497,32,1.000000
2498,hf:barkermrl/imagenet-a:train:2498,32,1.000000
2499,hf:barkermrl/imagenet-a:train:2499,32,1.000000
2500,hf:barkermrl/imagenet-a:train:2500,32,1.000000
2501,hf:barkermrl/imagenet-a:train:2501,32,1.000000
2502,hf:barkermrl/imagenet-a:train:2502,32,1.000000
2503,hf:barkermrl/imagenet-a:train:2503,32,1.000000
2504,hf:barkermrl/imagenet-a:train:2504,32,1.000000
2505,hf:barkermrl/imagenet-a:train:2505,32,1.000000
2506,hf:barkermrl/imagenet-a:train:2506,32,1.000000
2507,hf:barkermrl/imagenet-a:train:2507,32,1.000000
2508,hf:barkermrl/imagenet-a:train:2508,32,1.000000
2509,hf:barkermrl/imagenet-a:train:2509,32,1.000000
2510,hf:barkermrl/imagenet-a:train:2510,32,1.000000
2511,hf:barkermrl/imagenet-a:train:2511,32,1.000000
2512,hf:barkermrl/imagenet-a:train:2512,32,1.000000
2513,hf:barkermrl/imagenet-a:train:2513,32,1.000000
2514,hf:barkermrl/imagenet-a:train:2514,32,1.000000
2515,hf:barkermrl/imagenet-a:train:2515,32,1.000000
2516,hf:barkermrl/imagenet-a:train:2516,32,1.000000
2517,hf:barkermrl/imagenet-a:train:2517,32,1.000000
2518,hf:barkermrl/imagenet-a:train:2518,32,1.000000
2519,hf:barkermrl/imagenet-a:train:2519,32,1.000000
2520,hf:barkermrl/imagenet-a:train:2520,32,1.000000
2521,hf:barkermrl/imagenet-a:train:2521,32,1.000000
2522,hf:barkermrl/imagenet-a:train:2522,32,1.000000
2523,hf:barkermrl/imagenet-a:train:2523,32,1.000000
2524,hf:barkermrl/imagenet-a:train:2524,32,1.000000
2525,hf:barkermrl/imagenet-a:train:2525,32,1.000000
2526,hf:barkermrl/imagenet-a:train:2526,32,1.000000
2527,hf:barkermrl/imagenet-a:train:2527,32,1.000000
2528,hf:barkermrl/imagenet-a:train:2528,32,1.000000
2529,hf:barkermrl/imagenet-a:train:2529,32,1.000000
2530,hf:barkermrl/imagenet-a:train:2530,32,1.000000
2531,hf:barkermrl/imagenet-a:train:2531,32,1.000000
2532,hf:barkermrl/imagenet-a:train:2532,32,1.000000
2533,hf:barkermrl/imagenet-a:train:2533,32,1.000000
2534,hf:barkermrl/imagenet-a:train:2534,32,1.000000
2535,hf:barkermrl/imagenet-a:train:2535,32,1.000000
2536,hf:barkermrl/imagenet-a:train:2536,32,1.000000
2537,hf:barkermrl/imagenet-a:train:2537,32,1.000000
2538,hf:barkermrl/imagenet-a:train:2538,32,1.000000
2539,hf:barkermrl/imagenet-a:train:2539,32,1.000000
2540,hf:barkermrl/imagenet-a:train:2540,32,1.000000
2541,hf:barkermrl/imagenet-a:train:2541,32,1.000000
2542,hf:barkermrl/imagenet-a:train:2542,32,1.000000
2543,hf:barkermrl/imagenet-a:train:2543,32,1.000000
2544,hf:barkermrl/imagenet-a:train:2544,32,1.000000
2545,hf:barkermrl/imagenet-a:train:2545,32,1.000000
2546,hf:barkermrl/imagenet-a:train:2546,32,1.000000
2547,hf:barkermrl/imagenet-a:train:2547,32,1.000000
2548,hf:barkermrl/imagenet-a:train:2548,32,1.000000
2549,hf:barkermrl/imagenet-a:train:2549,32,1.000000
2550,hf:barkermrl/imagenet-a:train:2550,32,1.000000
2551,hf:barkermrl/imagenet-a:train:2551,32,1.000000
2552,hf:barkermrl/imagenet-a:train:2552,33,1.000000
2553,hf:barkermrl/imagenet-a:train:2553,33,1.000000
2554,hf:barkermrl/imagenet-a:train:2554,33,1.000000
2555,hf:barkermrl/imagenet-a:train:2555,33,1.000000
2556,hf:barkermrl/imagenet-a:train:2556,33,1.000000
2557,hf:barkermrl/imagenet-a:train:2557,33,1.000000
2558,hf:barkermrl/imagenet-a:train:2558,33,1.000000
2559,hf:barkermrl/imagenet-a:train:2559,33,1.000000
2560,hf:barkermrl/imagenet-a:train:2560,33,1.000000
2561,hf:barkermrl/imagenet-a:train:2561,33,1.000000
2562,hf:barkermrl/imagenet-a:train:2562,33,1.000000
2563,hf:barkermrl/imagenet-a:train:2563,33,1.000000
2564,hf:barkermrl/imagenet-a:train:2564,33,1.000000
2565,hf:barkermrl/imagenet-a:train:2565,33,1.000000
2566,hf:barkermrl/imagenet-a:train:2566,33,1.000000
2567,hf:barkermrl/imagenet-a:train:2567,33,1.000000
2568,hf:barkermrl/imagenet-a:train:2568,33,1.000000
2569,hf:barkermrl/imagenet-a:train:2569,33,1.000000
2570,hf:barkermrl/imagenet-a:train:2570,33,1.000000
2571,hf:barkermrl/imagenet-a:train:2571,33,1.000000
2572,hf:barkermrl/imagenet-a:train:2572,33,1.000000
2573,hf:barkermrl/imagenet-a:train:2573,33,1.000000
2574,hf:barkermrl/imagenet-a:train:2574,33,1.000000
2575,hf:barkermrl/imagenet-a:train:2575,33,1.000000
2576,hf:barkermrl/imagenet-a:train:2576,33,1.000000
2577,hf:barkermrl/imagenet-a:train:2577,33,1.000000
2578,hf:barkermrl/imagenet-a:train:2578,33,1.000000
2579,hf:barkermrl/imagenet-a:train:2579,33,1.000000
2580,hf:barkermrl/imagenet-a:train:2580,33,1.000000
2581,hf:barkermrl/imagenet-a:train:2581,33,1.000000
2582,hf:barkermrl/imagenet-a:train:2582,33,1.000000
2583,hf:barkermrl/imagenet-a:train:2583,33,1.000000
2584,hf:barkermrl/imagenet-a:train:2584,33,1.000000
2585,hf:barkermrl/imagenet-a:train:2585,33,1.000000
2586,hf:barkermrl/imagenet-a:train:2586,33,1.000000
2587,hf:barkermrl/imagenet-a:train:2587,33,1.000000
2588,hf:barkermrl/imagenet-a:train:2588,33,1.000000
2589,hf:barkermrl/imagenet-a:train:2589,33,1.000000
2590,hf:barkermrl/imagenet-a:train:2590,33,1.000000
2591,hf:barkermrl/imagenet-a:train:2591,33,1.000000
2592,hf:barkermrl/imagenet-a:train:2592,33,1.000000
2593,hf:barkermrl/imagenet-a:train:2593,33,1.000000
2594,hf:barkermrl/imagenet-a:train:2594,33,1.000000
2595,hf:barkermrl/imagenet-a:train:2595,33,1.000000
2596,hf:barkermrl/imagenet-a:train:2596,33,1.000000
2597,hf:barkermrl/imagenet-a:train:2597,33,1.000000
2598,hf:barkermrl/imagenet-a:train:2598,33,1.000000
2599,hf:barkermrl/imagenet-a:train:2599,33,1.000000
2600,hf:barkermrl/imagenet-a:train:2600,33,1.000000
2601,hf:barkermrl/imagenet-a:train:2601,33,1.000000
2602,hf:barkermrl/imagenet-a:train:2602,33,1.000000
2603,hf:barkermrl/imagenet-a:train:2603,33,1.000000
2604,hf:barkermrl/imagenet-a:train:2604,33,1.000000
2605,hf:barkermrl/imagenet-a:train:2605,33,1.000000
2606,hf:barkermrl/imagenet-a:train:2606,33,1.000000
2607,hf:barkermrl/imagenet-a:train:2607,33,1.000000
2608,hf:barkermrl/imagenet-a:train:2608,33,1.000000
2609,hf:barkermrl/imagenet-a:train:2609,33,1.000000
2610,hf:barkermrl/imagenet-a:train:2610,33,1.000000
2611,hf:barkermrl/imagenet-a:train:2611,33,1.000000
2612,hf:barkermrl/imagenet-a:train:2612,33,1.000000
2613,hf:barkermrl/imagenet-a:train:2613,33,1.000000
2614,hf:barkermrl/imagenet-a:train:2614,33,1.000000
2615,hf:barkermrl/imagenet-a:train:2615,33,1.000000
2616,hf:barkermrl/imagenet-a:train:2616,33,1.000000
2617,hf:barkermrl/imagenet-a:train:2617,33,1.000000
2618,hf:barkermrl/imagenet-a:train:2618,33,1.000000
2619,hf:barkermrl/imagenet-a:train:2619,33,1.000000
2620,hf:barkermrl/imagenet-a:train:2620,33,1.000000
2621,hf:barkermrl/imagenet-a:train:2621,33,1.000000
2622,hf:barkermrl/imagenet-a:train:2622,33,1.000000
2623,hf:barkermrl/imagenet-a:train:2623,33,1.000000
2624,hf:barkermrl/imagenet-a:train:2624,33,1.000000
2625,hf:barkermrl/imagenet-a:train:2625,33,1.000000
2626,hf:barkermrl/imagenet-a:train:2626,33,1.000000
2627,hf:barkermrl/imagenet-a:train:2627,33,1.000000
2628,hf:barkermrl/imagenet-a:train:2628,33,1.000000
2629,hf:barkermrl/imagenet-a:train:2629,33,1.000000
2630,hf:barkermrl/imagenet-a:train:2630,33,1.000000
2631,hf:barkermrl/imagenet-a:train:2631,33,1.000000
2632,hf:barkermrl/imagenet-a:train:2632,33,1.000000
2633,hf:barkermrl/imagenet-a:train:2633,33,1.000000
2634,hf:barkermrl/imagenet-a:train:2634,33,1.000000
2635,hf:barkermrl/imagenet-a:train:2635,33,1.000000
2636,hf:barkermrl/imagenet-a:train:2636,33,1.000000
2637,hf:barkermrl/imagenet-a:train:2637,33,1.000000
2638,hf:barkermrl/imagenet-a:train:2638,33,1.000000
2639,hf:barkermrl/imagenet-a:train:2639,33,1.000000
2640,hf:barkermrl/imagenet-a:train:2640,33,1.000000
2641,hf:barkermrl/imagenet-a:train:2650,34,1.000000
2642,hf:barkermrl/imagenet-a:train:2651,34,1.000000
2643,hf:barkermrl/imagenet-a:train:2652,34,1.000000
2644,hf:barkermrl/imagenet-a:train:2653,34,1.000000
2645,hf:barkermrl/imagenet-a:train:2654,34,1.000000
2646,hf:barkermrl/imagenet-a:train:2655,34,1.000000
2647,hf:barkermrl/imagenet-a:train:2656,34,1.000000
2648,hf:barkermrl/imagenet-a:train:2657,34,1.000000
2649,hf:barkermrl/imagenet-a:train:2658,34,1.000000
2650,hf:barkermrl/imagenet-a:train:2659,34,1.000000
2651,hf:barkermrl/imagenet-a:train:2660,34,1.000000
2652,hf:barkermrl/imagenet-a:train:2661,34,1.000000
2653,hf:barkermrl/imagenet-a:train:2662,34,1.000000
2654,hf:barkermrl/imagenet-a:train:2663,34,1.000000
2655,hf:barkermrl/imagenet-a:train:2664,34,1.000000
2656,hf:barkermrl/imagenet-a:train:2665,34,1.000000
2657,hf:barkermrl/imagenet-a:train:2666,34,1.000000
2658,hf:barkermrl/imagenet-a:train:2667,34,1.000000
2659,hf:barkermrl/imagenet-a:train:2668,34,1.000000
2660,hf:barkermrl/imagenet-a:train:2669,34,1.000000
2661,hf:barkermrl/imagenet-a:train:2670,34,1.000000
2662,hf:barkermrl/imagenet-a:train:2671,34,1.000000
2663,hf:barkermrl/imagenet-a:train:2672,34,1.000000
2664,hf:barkermrl/imagenet-a:train:2673,34,1.000000
2665,hf:barkermrl/imagenet-a:train:2674,34,1.000000
2666,hf:barkermrl/imagenet-a:train:2675,34,1.000000
2667,hf:barkermrl/imagenet-a:train:2676,34,1.000000
2668,hf:barkermrl/imagenet-a:train:2677,34,1.000000
2669,hf:barkermrl/imagenet-a:train:2678,34,1.000000
2670,hf:barkermrl/imagenet-a:train:2679,34,1.000000
2671,hf:barkermrl/imagenet-a:train:2680,34,1.000000
2672,hf:barkermrl/imagenet-a:train:2681,34,1.000000
2673,hf:barkermrl/imagenet-a:train:2682,34,1.000000
2674,hf:barkermrl/imagenet-a:train:2683,34,1.000000
2675,hf:barkermrl/imagenet-a:train:2684,34,1.000000
2676,hf:barkermrl/imagenet-a:train:2685,34,1.000000
2677,hf:barkermrl/imagenet-a:train:2686,34,1.000000
2678,hf:barkermrl/imagenet-a:train:2687,34,1.000000
2679,hf:barkermrl/imagenet-a:train:2688,34,1.000000
2680,hf:barkermrl/imagenet-a:train:2689,34,1.000000
2681,hf:barkermrl/imagenet-a:train:2690,34,1.000000
2682,hf:barkermrl/imagenet-a:train:2691,34,1.000000
2683,hf:barkermrl/imagenet-a:train:2692,34,1.000000
2684,hf:barkermrl/imagenet-a:train:2693,34,1.000000
2685,hf:barkermrl/imagenet-a:train:2694,34,1.000000
2686,hf:barkermrl/imagenet-a:train:2695,34,1.000000
2687,hf:barkermrl/imagenet-a:train:2696,34,1.000000
2688,hf:barkermrl/imagenet-a:train:2697,34,1.000000
2689,hf:barkermrl/imagenet-a:train:2698,34,1.000000
2690,hf:barkermrl/imagenet-a:train:2699,34,1.000000
2691,hf:barkermrl/imagenet-a:train:2700,34,1.000000
2692,hf:barkermrl/imagenet-a:train:2701,34,1.000000
2693,hf:barkermrl/imagenet-a:train:2702,34,1.000000
2694,hf:barkermrl/imagenet-a:train:2703,34,1.000000
2695,hf:barkermrl/imagenet-a:train:2704,35,1.000000
2696,hf:barkermrl/imagenet-a:train:2705,35,1.000000
2697,hf:barkermrl/imagenet-a:train:2706,35,1.000000
2698,hf:barkermrl/imagenet-a:train:2707,35,1.000000
2699,hf:barkermrl/imagenet-a:train:2708,35,1.000000
2700,hf:barkermrl/imagenet-a:train:2709,35,1.000000
2701,hf:barkermrl/imagenet-a:train:2710,35,1.000000
2702,hf:barkermrl/imagenet-a:train:2711,35,1.000000
2703,hf:barkermrl/imagenet-a:train:2712,35,1.000000
2704,hf:barkermrl/imagenet-a:train:2713,35,1.000000
2705,hf:barkermrl/imagenet-a:train:2714,35,1.000000
2706,hf:barkermrl/imagenet-a:train:2715,35,1.000000
2707,hf:barkermrl/imagenet-a:train:2716,35,1.000000
2708,hf:barkermrl/imagenet-a:train:2717,35,1.000000
2709,hf:barkermrl/imagenet-a:train:2718,35,1.000000
2710,hf:barkermrl/imagenet-a:train:2719,35,1.000000
2711,hf:barkermrl/imagenet-a:train:2720,35,1.000000
2712,hf:barkermrl/imagenet-a:train:2721,35,1.000000
2713,hf:barkermrl/imagenet-a:train:2722,35,1.000000
2714,hf:barkermrl/imagenet-a:train:2723,35,1.000000
2715,hf:barkermrl/imagenet-a:train:2724,35,1.000000
2716,hf:barkermrl/imagenet-a:train:2725,35,1.000000
2717,hf:barkermrl/imagenet-a:train:2726,35,1.000000
2718,hf:barkermrl/imagenet-a:train:2727,35,1.000000
2719,hf:barkermrl/imagenet-a:train:2728,35,1.000000
2720,hf:barkermrl/imagenet-a:train:2729,35,1.000000
2721,hf:barkermrl/imagenet-a:train:2730,35,1.000000
2722,hf:barkermrl/imagenet-a:train:2731,35,1.000000
2723,hf:barkermrl/imagenet-a:train:2732,35,1.000000
2724,hf:barkermrl/imagenet-a:train:2733,35,1.000000
2725,hf:barkermrl/imagenet-a:train:2734,35,1.000000
2726,hf:barkermrl/imagenet-a:train:2735,35,1.000000
2727,hf:barkermrl/imagenet-a:train:2736,35,1.000000
2728,hf:barkermrl/imagenet-a:train:2737,35,1.000000
2729,hf:barkermrl/imagenet-a:train:2738,35,1.000000
2730,hf:barkermrl/imagenet-a:train:2739,35,1.000000
2731,hf:barkermrl/imagenet-a:train:2740,35,1.000000
2732,hf:barkermrl/imagenet-a:train:2741,35,1.000000
2733,hf:barkermrl/imagenet-a:train:2782,36,1.000000
2734,hf:barkermrl/imagenet-a:train:2783,36,1.000000
2735,hf:barkermrl/imagenet-a:train:2784,36,1.000000
2736,hf:barkermrl/imagenet-a:train:2785,36,1.000000
2737,hf:barkermrl/imagenet-a:train:2786,36,1.000000
2738,hf:barkermrl/imagenet-a:train:2787,36,1.000000
2739,hf:barkermrl/imagenet-a:train:2788,36,1.000000
2740,hf:barkermrl/imagenet-a:train:2789,36,1.000000
2741,hf:barkermrl/imagenet-a:train:2790,36,1.000000
2742,hf:barkermrl/imagenet-a:train:2791,36,1.000000
2743,hf:barkermrl/imagenet-a:train:2792,36,1.000000
2744,hf:barkermrl/imagenet-a:train:2793,36,1.000000
2745,hf:barkermrl/imagenet-a:train:2794,36,1.000000
2746,hf:barkermrl/imagenet-a:train:2795,36,1.000000
2747,hf:barkermrl/imagenet-a:train:2796,36,1.000000
2748,hf:barkermrl/imagenet-a:train:2797,36,1.000000
2749,hf:barkermrl/imagenet-a:train:2798,36,1.000000
2750,hf:barkermrl/imagenet-a:train:2799,36,1.000000
2751,hf:barkermrl/imagenet-a:train:2800,36,1.000000
2752,hf:barkermrl/imagenet-a:train:2801,36,1.000000
2753,hf:barkermrl/imagenet-a:train:2802,36,1.000000
2754,hf:barkermrl/imagenet-a:train:2803,36,1.000000
2755,hf:barkermrl/imagenet-a:train:2804,36,1.000000
2756,hf:barkermrl/imagenet-a:train:2805,36,1.000000
2757,hf:barkermrl/imagenet-a:train:2806,36,1.000000
2758,hf:barkermrl/imagenet-a:train:2807,36,1.000000
2759,hf:barkermrl/imagenet-a:train:2808,36,1.000000
2760,hf:barkermrl/imagenet-a:train:2809,36,1.000000
2761,hf:barkermrl/imagenet-a:train:2810,36,1.000000
2762,hf:barkermrl/imagenet-a:train:2811,36,1.000000
2763,hf:barkermrl/imagenet-a:train:2812,36,1.000000
2764,hf:barkermrl/imagenet-a:train:2813,36,1.000000
2765,hf:barkermrl/imagenet-a:train:2814,36,1.000000
2766,hf:barkermrl/imagenet-a:train:2815,36,1.000000
2767,hf:barkermrl/imagenet-a:train:2816,36,1.000000
2768,hf:barkermrl/imagenet-a:train:2855,37,1.000000
2769,hf:barkermrl/imagenet-a:train:2856,37,1.000000
2770,hf:barkermrl/imagenet-a:train:2857,37,1.000000
2771,hf:barkermrl/imagenet-a:train:2858,37,1.000000
2772,hf:barkermrl/imagenet-a:train:2859,37,1.000000
2773,hf:barkermrl/imagenet-a:train:2860,37,1.000000
2774,hf:barkermrl/imagenet-a:train:2861,37,1.000000
2775,hf:barkermrl/imagenet-a:train:2862,37,1.000000
2776,hf:barkermrl/imagenet-a:train:2863,37,1.000000
2777,hf:barkermrl/imagenet-a:train:2864,37,1.000000
2778,hf:barkermrl/imagenet-a:train:2865,37,1.000000
2779,hf:barkermrl/imagenet-a:train:2866,37,1.000000
2780,hf:barkermrl/imagenet-a:train:2867,37,1.000000
2781,hf:barkermrl/imagenet-a:train:2868,37,1.000000
2782,hf:barkermrl/imagenet-a:train:2869,37,1.000000
2783,hf:barkermrl/imagenet-a:train:2870,37,1.000000
2784,hf:barkermrl/imagenet-a:train:2871,37,1.000000
2785,hf:barkermrl/imagenet-a:train:2872,37,1.000000
2786,hf:barkermrl/imagenet-a:train:2873,37,1.000000
2787,hf:barkermrl/imagenet-a:train:2874,37,1.000000
2788,hf:barkermrl/imagenet-a:train:2875,37,1.000000
2789,hf:barkermrl/imagenet-a:train:2876,37,1.000000
2790,hf:barkermrl/imagenet-a:train:2877,37,1.000000
2791,hf:barkermrl/imagenet-a:train:2878,37,1.000000
2792,hf:barkermrl/imagenet-a:train:2879,37,1.000000
2793,hf:barkermrl/imagenet-a:train:2880,37,1.000000
2794,hf:barkermrl/imagenet-a:train:2881,37,1.000000
2795,hf:barkermrl/imagenet-a:train:2882,37,1.000000
2796,hf:barkermrl/imagenet-a:train:2883,37,1.000000
2797,hf:barkermrl/imagenet-a:train:2884,37,1.000000
2798,hf:barkermrl/imagenet-a:train:2885,37,1.000000
2799,hf:barkermrl/imagenet-a:train:2886,37,1.000000
2800,hf:barkermrl/imagenet-a:train:2887,37,1.000000
2801,hf:barkermrl/imagenet-a:train:2888,37,1.000000
2802,hf:barkermrl/imagenet-a:train:2889,37,1.000000
2803,hf:barkermrl/imagenet-a:train:2890,37,1.000000
2804,hf:barkermrl/imagenet-a:train:2891,37,1.000000
2805,hf:barkermrl/imagenet-a:train:2892,37,1.000000
2806,hf:barkermrl/imagenet-a:train:2893,37,1.000000
2807,hf:barkermrl/imagenet-a:train:2894,37,1.000000
2808,hf:barkermrl/imagenet-a:train:2895,37,1.000000
2809,hf:barkermrl/imagenet-a:train:2896,37,1.000000
2810,hf:barkermrl/imagenet-a:train:2897,37,1.000000
2811,hf:barkermrl/imagenet-a:train:2898,37,1.000000
2812,hf:barkermrl/imagenet-a:train:2899,37,1.000000
2813,hf:barkermrl/imagenet-a:train:2900,37,1.000000
2814,hf:barkermrl/imagenet-a:train:2901,37,1.000000
2815,hf:barkermrl/imagenet-a:train:2902,37,1.000000
2816,hf:barkermrl/imagenet-a:train:2903,37,1.000000
2817,hf:barkermrl/imagenet-a:train:2904,37,1.000000
2818,hf:barkermrl/imagenet-a:train:2905,37,1.000000
2819,hf:barkermrl/imagenet-a:train:2906,37,1.000000
2820,hf:barkermrl/imagenet-a:train:2907,37,1.000000
2821,hf:barkermrl/imagenet-a:train:2908,37,1.000000
2822,hf:barkermrl/imagenet-a:train:2909,37,1.000000
2823,hf:barkermrl/imagenet-a:train:2910,37,1.000000
2824,hf:barkermrl/imagenet-a:train:2911,37,1.000000
2825,hf:barkermrl/imagenet-a:train:2912,37,1.000000
2826,hf:barkermrl/imagenet-a:train:2913,37,1.000000
2827,hf:barkermrl/imagenet-a:train:2914,37,1.000000
2828,hf:barkermrl/imagenet-a:train:2915,37,1.000000
2829,hf:barkermrl/imagenet-a:train:2916,37,1.000000
2830,hf:barkermrl/imagenet-a:train:2917,37,1.000000
2831,hf:barkermrl/imagenet-a:train:2918,37,1.000000
2832,hf:barkermrl/imagenet-a:train:2919,37,1.000000
2833,hf:barkermrl/imagenet-a:train:2920,37,1.000000
2834,hf:barkermrl/imagenet-a:train:2921,37,1.000000
2835,hf:barkermrl/imagenet-a:train:2922,37,1.000000
2836,hf:barkermrl/imagenet-a:train:2923,38,1.000000
2837,hf:barkermrl/imagenet-a:train:2924,38,1.000000
2838,hf:barkermrl/imagenet-a:train:2925,38,1.000000
2839,hf:barkermrl/imagenet-a:train:2926,38,1.000000
2840,hf:barkermrl/imagenet-a:train:2927,38,1.000000
2841,hf:barkermrl/imagenet-a:train:2928,38,1.000000
2842,hf:barkermrl/imagenet-a:train:2929,38,1.000000
2843,hf:barkermrl/imagenet-a:train:2930,38,1.000000
2844,hf:barkermrl/imagenet-a:train:2931,38,1.000000
2845,hf:barkermrl/imagenet-a:train:2932,38,1.000000
2846,hf:barkermrl/imagenet-a:train:2933,38,1.000000
2847,hf:barkermrl/imagenet-a:train:2934,38,1.000000
2848,hf:barkermrl/imagenet-a:train:2935,38,1.000000
2849,hf:barkermrl/imagenet-a:train:2936,38,1.000000
2850,hf:barkermrl/imagenet-a:train:2937,38,1.000000
2851,hf:barkermrl/imagenet-a:train:2938,38,1.000000
2852,hf:barkermrl/imagenet-a:train:2939,38,1.000000
2853,hf:barkermrl/imagenet-a:train:2940,38,1.000000
2854,hf:barkermrl/imagenet-a:train:2941,38,1.000000
2855,hf:barkermrl/imagenet-a:train:2942,38,1.000000
2856,hf:barkermrl/imagenet-a:train:2943,38,1.000000
2857,hf:barkermrl/imagenet-a:train:2944,38,1.000000
2858,hf:barkermrl/imagenet-a:train:2945,38,1.000000
2859,hf:barkermrl/imagenet-a:train:2946,38,1.000000
2860,hf:barkermrl/imagenet-a:train:2947,38,1.000000
2861,hf:barkermrl/imagenet-a:train:2948,38,1.000000
2862,hf:barkermrl/imagenet-a:train:2949,38,1.000000
2863,hf:barkermrl/imagenet-a:train:2950,38,1.000000
2864,hf:barkermrl/imagenet-a:train:2951,38,1.000000
2865,hf:barkermrl/imagenet-a:train:2952,38,1.000000
2866,hf:barkermrl/imagenet-a:train:2953,38,1.000000
2867,hf:barkermrl/imagenet-a:train:2954,38,1.000000
2868,hf:barkermrl/imagenet-a:train:2955,38,1.000000
2869,hf:barkermrl/imagenet-a:train:2956,38,1.000000
2870,hf:barkermrl/imagenet-a:train:2957,38,1.000000
2871,hf:barkermrl/imagenet-a:train:2958,38,1.000000
2872,hf:barkermrl/imagenet-a:train:2959,38,1.000000
2873,hf:barkermrl/imagenet-a:train:2960,38,1.000000
2874,hf:barkermrl/imagenet-a:train:2961,38,1.000000
2875,hf:barkermrl/imagenet-a:train:2962,38,1.000000
2876,hf:barkermrl/imagenet-a:train:2963,38,1.000000
2877,hf:barkermrl/imagenet-a:train:2964,38,1.000000
2878,hf:barkermrl/imagenet-a:train:2965,38,1.000000
2879,hf:barkermrl/imagenet-a:train:2966,38,1.000000
2880,hf:barkermrl/imagenet-a:train:2967,38,1.000000
2881,hf:barkermrl/imagenet-a:train:2968,38,1.000000
2882,hf:barkermrl/imagenet-a:train:2969,38,1.000000
2883,hf:barkermrl/imagenet-a:train:2970,38,1.000000
2884,hf:barkermrl/imagenet-a:train:2971,38,1.000000
2885,hf:barkermrl/imagenet-a:train:2972,38,1.000000
2886,hf:barkermrl/imagenet-a:train:2973,38,1.000000
2887,hf:barkermrl/imagenet-a:train:2974,38,1.000000
2888,hf:barkermrl/imagenet-a:train:2975,38,1.000000
2889,hf:barkermrl/imagenet-a:train:2976,38,1.000000
2890,hf:barkermrl/imagenet-a:train:2977,38,1.000000
2891,hf:barkermrl/imagenet-a:train:2978,38,1.000000
2892,hf:barkermrl/imagenet-a:train:2979,38,1.000000
2893,hf:barkermrl/imagenet-a:train:2980,38,1.000000
2894,hf:barkermrl/imagenet-a:train:2981,38,1.000000
2895,hf:barkermrl/imagenet-a:train:2982,38,1.000000
2896,hf:barkermrl/imagenet-a:train:2983,38,1.000000
2897,hf:barkermrl/imagenet-a:train:2984,38,1.000000
2898,hf:barkermrl/imagenet-a:train:2985,38,1.000000
2899,hf:barkermrl/imagenet-a:train:2986,38,1.000000
2900,hf:barkermrl/imagenet-a:train:2987,38,1.000000
2901,hf:barkermrl/imagenet-a:train:2988,38,1.000000
2902,hf:barkermrl/imagenet-a:train:2989,38,1.000000
2903,hf:barkermrl/imagenet-a:train:2990,38,1.000000
2904,hf:barkermrl/imagenet-a:train:2991,38,1.000000
2905,hf:barkermrl/imagenet-a:train:2992,38,1.000000
2906,hf:barkermrl/imagenet-a:train:2993,38,1.000000
2907,hf:barkermrl/imagenet-a:train:2994,38,1.000000
2908,hf:barkermrl/imagenet-a:train:2995,38,1.000000
2909,hf:barkermrl/imagenet-a:train:2996,38,1.000000
2910,hf:barkermrl/imagenet-a:train:2997,39,1.000000
2911,hf:barkermrl/imagenet-a:train:2998,39,1.000000
2912,hf:barkermrl/imagenet-a:train:2999,39,1.000000
2913,hf:barkermrl/imagenet-a:train:3000,39,1.000000
2914,hf:barkermrl/imagenet-a:train:3001,39,1.000000
2915,hf:barkermrl/imagenet-a:train:3002,39,1.000000
2916,hf:barkermrl/imagenet-a:train:3003,39,1.000000
2917,hf:barkermrl/imagenet-a:train:3004,39,1.000000
2918,hf:barkermrl/imagenet-a:train:3005,39,1.000000
2919,hf:barkermrl/imagenet-a:train:3006,39,1.000000
2920,hf:barkermrl/imagenet-a:train:3007,39,1.000000
2921,hf:barkermrl/imagenet-a:train:3008,39,1.000000
2922,hf:barkermrl/imagenet-a:train:3009,39,1.000000
2923,hf:barkermrl/imagenet-a:train:3010,39,1.000000
2924,hf:barkermrl/imagenet-a:train:3011,39,1.000000
2925,hf:barkermrl/imagenet-a:train:3012,39,1.000000
2926,hf:barkermrl/imagenet-a:train:3013,39,1.000000
2927,hf:barkermrl/imagenet-a:train:3014,39,1.000000
2928,hf:barkermrl/imagenet-a:train:3015,39,1.000000
2929,hf:barkermrl/imagenet-a:train:3016,39,1.000000
2930,hf:barkermrl/imagenet-a:train:3017,39,1.000000
2931,hf:barkermrl/imagenet-a:train:3018,39,1.000000
2932,hf:barkermrl/imagenet-a:train:3019,39,1.000000
2933,hf:barkermrl/imagenet-a:train:3020,39,1.000000
2934,hf:barkermrl/imagenet-a:train:3021,39,1.000000
2935,hf:barkermrl/imagenet-a:train:3022,39,1.000000
2936,hf:barkermrl/imagenet-a:train:3023,39,1.000000
2937,hf:barkermrl/imagenet-a:train:3024,39,1.000000
2938,hf:barkermrl/imagenet-a:train:3025,39,1.000000
2939,hf:barkermrl/imagenet-a:train:3026,39,1.000000
2940,hf:barkermrl/imagenet-a:train:3027,39,1.000000
2941,hf:barkermrl/imagenet-a:train:3028,39,1.000000
2942,hf:barkermrl/imagenet-a:train:3029,39,1.000000
2943,hf:barkermrl/imagenet-a:train:3030,39,1.000000
2944,hf:barkermrl/imagenet-a:train:3031,39,1.000000
2945,hf:barkermrl/imagenet-a:train:3032,39,1.000000
2946,hf:barkermrl/imagenet-a:train:3033,39,1.000000
2947,hf:barkermrl/imagenet-a:train:3034,39,1.000000
2948,hf:barkermrl/imagenet-a:train:3035,39,1.000000
2949,hf:barkermrl/imagenet-a:train:3036,39,1.000000
2950,hf:barkermrl/imagenet-a:train:3037,39,1.000000
2951,hf:barkermrl/imagenet-a:train:3038,39,1.000000
2952,hf:barkermrl/imagenet-a:train:3039,39,1.000000
2953,hf:barkermrl/imagenet-a:train:3040,39,1.000000
2954,hf:barkermrl/imagenet-a:train:3041,39,1.000000
2955,hf:barkermrl/imagenet-a:train:3042,39,1.000000
2956,hf:barkermrl/imagenet-a:train:3043,39,1.000000
2957,hf:barkermrl/imagenet-a:train:3044,39,1.000000
2958,hf:barkermrl/imagenet-a:train:3045,39,1.000000
2959,hf:barkermrl/imagenet-a:train:3046,39,1.000000
2960,hf:barkermrl/imagenet-a:train:3047,39,1.000000
2961,hf:barkermrl/imagenet-a:train:3048,39,1.000000
2962,hf:barkermrl/imagenet-a:train:3049,39,1.000000
2963,hf:barkermrl/imagenet-a:train:3050,39,1.000000
2964,hf:barkermrl/imagenet-a:train:3051,39,1.000000
2965,hf:barkermrl/imagenet-a:train:3052,39,1.000000
2966,hf:barkermrl/imagenet-a:train:3053,39,1.000000
2967,hf:barkermrl/imagenet-a:train:3054,39,1.000000
2968,hf:barkermrl/imagenet-a:train:3055,39,1.000000
2969,hf:barkermrl/imagenet-a:train:3056,39,1.000000
2970,hf:barkermrl/imagenet-a:train:3057,39,1.000000
2971,hf:barkermrl/imagenet-a:train:3058,39,1.000000
2972,hf:barkermrl/imagenet-a:train:3059,39,1.000000
2973,hf:barkermrl/imagenet-a:train:3060,39,1.000000
2974,hf:barkermrl/imagenet-a:train:3061,39,1.000000
2975,hf:barkermrl/imagenet-a:train:3062,39,1.000000
2976,hf:barkermrl/imagenet-a:train:3063,39,1.000000
2977,hf:barkermrl/imagenet-a:train:3064,39,1.000000
2978,hf:barkermrl/imagenet-a:train:3065,39,1.000000
2979,hf:barkermrl/imagenet-a:train:3066,39,1.000000
2980,hf:barkermrl/imagenet-a:train:3067,39,1.000000
2981,hf:barkermrl/imagenet-a:train:3068,39,1.000000
2982,hf:barkermrl/imagenet-a:train:3069,39,1.000000
2983,hf:barkermrl/imagenet-a:train:3070,39,1.000000
2984,hf:barkermrl/imagenet-a:train:3071,39,1.000000
2985,hf:barkermrl/imagenet-a:train:3072,39,1.000000
2986,hf:barkermrl/imagenet-a:train:3073,39,1.000000
2987,hf:barkermrl/imagenet-a:train:3074,39,1.000000
2988,hf:barkermrl/imagenet-a:train:3075,39,1.000000
2989,hf:barkermrl/imagenet-a:train:3076,39,1.000000
2990,hf:barkermrl/imagenet-a:train:3077,39,1.000000
2991,hf:barkermrl/imagenet-a:train:3078,39,1.000000
2992,hf:barkermrl/imagenet-a:train:3079,39,1.000000
2993,hf:barkermrl/imagenet-a:train:3080,39,1.000000
2994,hf:barkermrl/imagenet-a:train:3081,39,1.000000
2995,hf:barkermrl/imagenet-a:train:3082,39,1.000000
2996,hf:barkermrl/imagenet-a:train:3083,39,1.000000
2997,hf:barkermrl/imagenet-a:train:3084,39,1.000000
2998,hf:barkermrl/imagenet-a:train:3085,39,1.000000
2999,hf:barkermrl/imagenet-a:train:3086,39,1.000000
3000,hf:barkermrl/imagenet-a:train:3087,39,1.000000
3001,hf:barkermrl/imagenet-a:train:3088,39,1.000000
3002,hf:barkermrl/imagenet-a:train:3089,39,1.000000
3003,hf:barkermrl/imagenet-a:train:3090,39,1.000000
3004,hf:barkermrl/imagenet-a:train:3091,39,1.000000
3005,hf:barkermrl/imagenet-a:train:3092,39,1.000000
3006,hf:barkermrl/imagenet-a:train:3093,39,1.000000
3007,hf:barkermrl/imagenet-a:train:3094,39,1.000000
3008,hf:barkermrl/imagenet-a:train:3095,40,1.000000
3009,hf:barkermrl/imagenet-a:train:3096,40,1.000000
3010,hf:barkermrl/imagenet-a:train:3097,40,1.000000
3011,hf:barkermrl/imagenet-a:train:3098,40,1.000000
3012,hf:barkermrl/imagenet-a:train:3099,40,1.000000
3013,hf:barkermrl/imagenet-a:train:3100,40,1.000000
3014,hf:barkermrl/imagenet-a:train:3101,40,1.000000
3015,hf:barkermrl/imagenet-a:train:3102,40,1.000000
3016,hf:barkermrl/imagenet-a:train:3103,40,1.000000
3017,hf:barkermrl/imagenet-a:train:3104,40,1.000000
3018,hf:barkermrl/imagenet-a:train:3105,40,1.000000
3019,hf:barkermrl/imagenet-a:train:3106,40,1.000000
3020,hf:barkermrl/imagenet-a:train:3107,40,1.000000
3021,hf:barkermrl/imagenet-a:train:3108,40,1.000000
3022,hf:barkermrl/imagenet-a:train:3109,40,1.000000
3023,hf:barkermrl/imagenet-a:train:3110,40,1.000000
3024,hf:barkermrl/imagenet-a:train:3111,40,1.000000
3025,hf:barkermrl/imagenet-a:train:3112,40,1.000000
3026,hf:barkermrl/imagenet-a:train:3113,40,1.000000
3027,hf:barkermrl/imagenet-a:train:3114,40,1.000000
3028,hf:barkermrl/imagenet-a:train:3115,40,1.000000
3029,hf:barkermrl/imagenet-a:train:3116,40,1.000000
3030,hf:barkermrl/imagenet-a:train:3117,40,1.000000
3031,hf:barkermrl/imagenet-a:train:3118,40,1.000000
3032,hf:barkermrl/imagenet-a:train:3119,40,1.000000
3033,hf:barkermrl/imagenet-a:train:3120,40,1.000000
3034,hf:barkermrl/imagenet-a:train:3121,40,1.000000
3035,hf:barkermrl/imagenet-a:train:3122,40,1.000000
3036,hf:barkermrl/imagenet-a:train:3123,40,1.000000
3037,hf:barkermrl/imagenet-a:train:3124,40,1.000000
3038,hf:barkermrl/imagenet-a:train:3125,40,1.000000
3039,hf:barkermrl/imagenet-a:train:3126,40,1.000000
3040,hf:barkermrl/imagenet-a:train:3127,40,1.000000
3041,hf:barkermrl/imagenet-a:train:3128,40,1.000000
3042,hf:barkermrl/imagenet-a:train:3129,40,1.000000
3043,hf:barkermrl/imagenet-a:train:3130,40,1.000000
3044,hf:barkermrl/imagenet-a:train:3131,40,1.000000
3045,hf:barkermrl/imagenet-a:train:3132,40,1.000000
3046,hf:barkermrl/imagenet-a:train:3133,40,1.000000
3047,hf:barkermrl/imagenet-a:train:3134,40,1.000000
3048,hf:barkermrl/imagenet-a:train:3135,40,1.000000
3049,hf:barkermrl/imagenet-a:train:3136,40,1.000000
3050,hf:barkermrl/imagenet-a:train:3137,40,1.000000
3051,hf:barkermrl/imagenet-a:train:3138,40,1.000000
3052,hf:barkermrl/imagenet-a:train:3139,40,1.000000
3053,hf:barkermrl/imagenet-a:train:3140,40,1.000000
3054,hf:barkermrl/imagenet-a:train:3141,41,1.000000
3055,hf:barkermrl/imagenet-a:train:3142,41,1.000000
3056,hf:barkermrl/imagenet-a:train:3143,41,1.000000
3057,hf:barkermrl/imagenet-a:train:3144,41,1.000000
3058,hf:barkermrl/imagenet-a:train:3145,41,1.000000
3059,hf:barkermrl/imagenet-a:train:3146,41,1.000000
3060,hf:barkermrl/imagenet-a:train:3147,41,1.000000
3061,hf:barkermrl/imagenet-a:train:3148,41,1.000000
3062,hf:barkermrl/imagenet-a:train:3149,41,1.000000
3063,hf:barkermrl/imagenet-a:train:3150,41,1.000000
3064,hf:barkermrl/imagenet-a:train:3151,41,1.000000
3065,hf:barkermrl/imagenet-a:train:3152,41,1.000000
3066,hf:barkermrl/imagenet-a:train:3153,41,1.000000
3067,hf:barkermrl/imagenet-a:train:3154,41,1.000000
3068,hf:barkermrl/imagenet-a:train:3155,41,1.000000
3069,hf:barkermrl/imagenet-a:train:3156,41,1.000000
3070,hf:barkermrl/imagenet-a:train:3157,41,1.000000
3071,hf:barkermrl/imagenet-a:train:3158,41,1.000000
3072,hf:barkermrl/imagenet-a:train:3159,41,1.000000
3073,hf:barkermrl/imagenet-a:train:3160,41,1.000000
3074,hf:barkermrl/imagenet-a:train:3161,41,1.000000
3075,hf:barkermrl/imagenet-a:train:3162,41,1.000000
3076,hf:barkermrl/imagenet-a:train:3163,41,1.000000
3077,hf:barkermrl/imagenet-a:train:3164,41,1.000000
3078,hf:barkermrl/imagenet-a:train:3165,41,1.000000
3079,hf:barkermrl/imagenet-a:train:3166,41,1.000000
3080,hf:barkermrl/imagenet-a:train:3167,41,1.000000
3081,hf:barkermrl/imagenet-a:train:3168,41,1.000000
3082,hf:barkermrl/imagenet-a:train:3169,41,1.000000
3083,hf:barkermrl/imagenet-a:train:3170,41,1.000000
3084,hf:barkermrl/imagenet-a:train:3171,41,1.000000
3085,hf:barkermrl/imagenet-a:train:3172,42,1.000000
3086,hf:barkermrl/imagenet-a:train:3173,42,1.000000
3087,hf:barkermrl/imagenet-a:train:3174,42,1.000000
3088,hf:barkermrl/imagenet-a:train:3175,42,1.000000
3089,hf:barkermrl/imagenet-a:train:3176,42,1.000000
3090,hf:barkermrl/imagenet-a:train:3177,42,1.000000
3091,hf:barkermrl/imagenet-a:train:3178,42,1.000000
3092,hf:barkermrl/imagenet-a:train:3179,42,1.000000
3093,hf:barkermrl/imagenet-a:train:3180,42,1.000000
3094,hf:barkermrl/imagenet-a:train:3181,42,1.000000
3095,hf:barkermrl/imagenet-a:train:3182,42,1.000000
3096,hf:barkermrl/imagenet-a:train:3183,42,1.000000
3097,hf:barkermrl/imagenet-a:train:3184,42,1.000000
3098,hf:barkermrl/imagenet-a:train:3185,42,1.000000
3099,hf:barkermrl/imagenet-a:train:3186,42,1.000000
3100,hf:barkermrl/imagenet-a:train:3187,42,1.000000
3101,hf:barkermrl/imagenet-a:train:3188,42,1.000000
3102,hf:barkermrl/imagenet-a:train:3189,42,1.000000
3103,hf:barkermrl/imagenet-a:train:3190,42,1.000000
3104,hf:barkermrl/imagenet-a:train:3191,42,1.000000
3105,hf:barkermrl/imagenet-a:train:3192,42,1.000000
3106,hf:barkermrl/imagenet-a:train:3193,42,1.000000
3107,hf:barkermrl/imagenet-a:train:3194,42,1.000000
3108,hf:barkermrl/imagenet-a:train:3195,42,1.000000
3109,hf:barkermrl/imagenet-a:train:3196,42,1.000000
3110,hf:barkermrl/imagenet-a:train:3197,42,1.000000
3111,hf:barkermrl/imagenet-a:train:3198,42,1.000000
3112,hf:barkermrl/imagenet-a:train:3199,42,1.000000
3113,hf:barkermrl/imagenet-a:train:3200,42,1.000000
3114,hf:barkermrl/imagenet-a:train:3201,42,1.000000
3115,hf:barkermrl/imagenet-a:train:3202,42,1.000000
3116,hf:barkermrl/imagenet-a:train:3203,42,1.000000
3117,hf:barkermrl/imagenet-a:train:3204,42,1.000000
3118,hf:barkermrl/imagenet-a:train:3205,42,1.000000
3119,hf:barkermrl/imagenet-a:train:3206,42,1.000000
3120,hf:barkermrl/imagenet-a:train:3207,42,1.000000
3121,hf:barkermrl/imagenet-a:train:3208,42,1.000000
3122,hf:barkermrl/imagenet-a:train:3209,42,1.000000
3123,hf:barkermrl/imagenet-a:train:3210,42,1.000000
3124,hf:barkermrl/imagenet-a:train:3211,42,1.000000
3125,hf:barkermrl/imagenet-a:train:3212,42,1.000000
3126,hf:barkermrl/imagenet-a:train:3213,42,1.000000
3127,hf:barkermrl/imagenet-a:train:3214,42,1.000000
3128,hf:barkermrl/imagenet-a:train:3215,42,1.000000
3129,hf:barkermrl/imagenet-a:train:3216,42,1.000000
3130,hf:barkermrl/imagenet-a:train:3217,42,1.000000
3131,hf:barkermrl/imagenet-a:train:3218,42,1.000000
3132,hf:barkermrl/imagenet-a:train:3219,42,1.000000
3133,hf:barkermrl/imagenet-a:train:3220,42,1.000000
3134,hf:barkermrl/imagenet-a:train:3221,42,1.000000
3135,hf:barkermrl/imagenet-a:train:3222,42,1.000000
3136,hf:barkermrl/imagenet-a:train:3223,42,1.000000
3137,hf:barkermrl/imagenet-a:train:3224,42,1.000000
3138,hf:barkermrl/imagenet-a:train:3225,42,1.000000
3139,hf:barkermrl/imagenet-a:train:3226,42,1.000000
3140,hf:barkermrl/imagenet-a:train:3227,42,1.000000
3141,hf:barkermrl/imagenet-a:train:3228,42,1.000000
3142,hf:barkermrl/imagenet-a:train:3229,43,1.000000
3143,hf:barkermrl/imagenet-a:train:3230,43,1.000000
3144,hf:barkermrl/imagenet-a:train:3231,43,1.000000
3145,hf:barkermrl/imagenet-a:train:3232,43,1.000000
3146,hf:barkermrl/imagenet-a:train:3233,43,1.000000
3147,hf:barkermrl/imagenet-a:train:3234,43,1.000000
3148,hf:barkermrl/imagenet-a:train:3235,43,1.000000
3149,hf:barkermrl/imagenet-a:train:3236,43,1.000000
3150,hf:barkermrl/imagenet-a:train:3237,43,1.000000
3151,hf:barkermrl/imagenet-a:train:3238,43,1.000000
3152,hf:barkermrl/imagenet-a:train:3239,43,1.000000
3153,hf:barkermrl/imagenet-a:train:3240,43,1.000000
3154,hf:barkermrl/imagenet-a:train:3241,43,1.000000
3155,hf:barkermrl/imagenet-a:train:3242,43,1.000000
3156,hf:barkermrl/imagenet-a:train:3243,43,1.000000
3157,hf:barkermrl/imagenet-a:train:3244,43,1.000000
3158,hf:barkermrl/imagenet-a:train:3245,43,1.000000
3159,hf:barkermrl/imagenet-a:train:3246,43,1.000000
3160,hf:barkermrl/imagenet-a:train:3247,43,1.000000
3161,hf:barkermrl/imagenet-a:train:3248,43,1.000000
3162,hf:barkermrl/imagenet-a:train:3249,43,1.000000
3163,hf:barkermrl/imagenet-a:train:3250,43,1.000000
3164,hf:barkermrl/imagenet-a:train:3251,43,1.000000
3165,hf:barkermrl/imagenet-a:train:3252,43,1.000000
3166,hf:barkermrl/imagenet-a:train:3253,43,1.000000
3167,hf:barkermrl/imagenet-a:train:3254,43,1.000000
3168,hf:barkermrl/imagenet-a:train:3255,43,1.000000
3169,hf:barkermrl/imagenet-a:train:3256,43,1.000000
3170,hf:barkermrl/imagenet-a:train:3257,43,1.000000
3171,hf:barkermrl/imagenet-a:train:3258,43,1.000000
3172,hf:barkermrl/imagenet-a:train:3259,43,1.000000
3173,hf:barkermrl/imagenet-a:train:3260,43,1.000000
3174,hf:barkermrl/imagenet-a:train:3261,43,1.000000
3175,hf:barkermrl/imagenet-a:train:3262,43,1.000000
3176,hf:barkermrl/imagenet-a:train:3263,43,1.000000
3177,hf:barkermrl/imagenet-a:train:3264,43,1.000000
3178,hf:barkermrl/imagenet-a:train:3265,43,1.000000
3179,hf:barkermrl/imagenet-a:train:3266,43,1.000000
3180,hf:barkermrl/imagenet-a:train:3267,43,1.000000
3181,hf:barkermrl/imagenet-a:train:3268,43,1.000000
3182,hf:barkermrl/imagenet-a:train:3269,43,1.000000
3183,hf:barkermrl/imagenet-a:train:3270,43,1.000000
3184,hf:barkermrl/imagenet-a:train:3271,43,1.000000
3185,hf:barkermrl/imagenet-a:train:3272,43,1.000000
3186,hf:barkermrl/imagenet-a:train:3273,43,1.000000
3187,hf:barkermrl/imagenet-a:train:3274,43,1.000000
3188,hf:barkermrl/imagenet-a:train:3275,43,1.000000
3189,hf:barkermrl/imagenet-a:train:3276,43,1.000000
3190,hf:barkermrl/imagenet-a:train:3277,43,1.000000
3191,hf:barkermrl/imagenet-a:train:3278,43,1.000000
3192,hf:barkermrl/imagenet-a:train:3279,43,1.000000
3193,hf:barkermrl/imagenet-a:train:3280,43,1.000000
3194,hf:barkermrl/imagenet-a:train:3281,43,1.000000
3195,hf:barkermrl/imagenet-a:train:3282,43,1.000000
3196,hf:barkermrl/imagenet-a:train:3283,43,1.000000
3197,hf:barkermrl/imagenet-a:train:3284,43,1.000000
3198,hf:barkermrl/imagenet-a:train:3285,43,1.000000
3199,hf:barkermrl/imagenet-a:train:3286,43,1.000000
3200,hf:barkermrl/imagenet-a:train:3287,43,1.000000
3201,hf:barkermrl/imagenet-a:train:3288,43,1.000000
3202,hf:barkermrl/imagenet-a:train:3289,43,1.000000
3203,hf:barkermrl/imagenet-a:train:3290,43,1.000000
3204,hf:barkermrl/imagenet-a:train:3291,43,1.000000
3205,hf:barkermrl/imagenet-a:train:3292,43,1.000000
3206,hf:barkermrl/imagenet-a:train:3293,43,1.000000
3207,hf:barkermrl/imagenet-a:train:3294,43,1.000000
3208,hf:barkermrl/imagenet-a:train:3295,43,1.000000
3209,hf:barkermrl/imagenet-a:train:3296,43,1.000000
3210,hf:barkermrl/imagenet-a:train:3297,43,1.000000
3211,hf:barkermrl/imagenet-a:train:3298,43,1.000000
3212,hf:barkermrl/imagenet-a:train:3299,43,1.000000
3213,hf:barkermrl/imagenet-a:train:3300,43,1.000000
3214,hf:barkermrl/imagenet-a:train:3301,43,1.000000
3215,hf:barkermrl/imagenet-a:train:3302,43,1.000000
3216,hf:barkermrl/imagenet-a:train:3303,43,1.000000
3217,hf:barkermrl/imagenet-a:train:3304,43,1.000000
3218,hf:barkermrl/imagenet-a:train:3305,43,1.000000
3219,hf:barkermrl/imagenet-a:train:3306,43,1.000000
3220,hf:barkermrl/imagenet-a:train:3307,43,1.000000
3221,hf:barkermrl/imagenet-a:train:3308,43,1.000000
3222,hf:barkermrl/imagenet-a:train:3309,43,1.000000
3223,hf:barkermrl/imagenet-a:train:3310,43,1.000000
3224,hf:barkermrl/imagenet-a:train:3311,43,1.000000
3225,hf:barkermrl/imagenet-a:train:3312,43,1.000000
3226,hf:barkermrl/imagenet-a:train:3313,43,1.000000
3227,hf:barkermrl/imagenet-a:train:3314,43,1.000000
3228,hf:barkermrl/imagenet-a:train:3315,43,1.000000
3229,hf:barkermrl/imagenet-a:train:3316,43,1.000000
3230,hf:barkermrl/imagenet-a:train:3317,43,1.000000
3231,hf:barkermrl/imagenet-a:train:3318,43,1.000000
3232,hf:barkermrl/imagenet-a:train:3319,43,1.000000
3233,hf:barkermrl/imagenet-a:train:3320,43,1.000000
3234,hf:barkermrl/imagenet-a:train:3321,43,1.000000
3235,hf:barkermrl/imagenet-a:train:3322,43,1.000000
3236,hf:barkermrl/imagenet-a:train:3323,43,1.000000
3237,hf:barkermrl/imagenet-a:train:3324,43,1.000000
3238,hf:barkermrl/imagenet-a:train:3325,43,1.000000
3239,hf:barkermrl/imagenet-a:train:3326,43,1.000000
3240,hf:barkermrl/imagenet-a:train:3327,43,1.000000
3241,hf:barkermrl/imagenet-a:train:3328,43,1.000000
3242,hf:barkermrl/imagenet-a:train:3356,44,1.000000
3243,hf:barkermrl/imagenet-a:train:3357,44,1.000000
3244,hf:barkermrl/imagenet-a:train:3358,44,1.000000
3245,hf:barkermrl/imagenet-a:train:3359,44,1.000000
3246,hf:barkermrl/imagenet-a:train:3360,44,1.000000
3247,hf:barkermrl/imagenet-a:train:3361,44,1.000000
3248,hf:barkermrl/imagenet-a:train:3362,44,1.000000
3249,hf:barkermrl/imagenet-a:train:3363,44,1.000000
3250,hf:barkermrl/imagenet-a:train:3364,44,1.000000
3251,hf:barkermrl/imagenet-a:train:3365,44,1.000000
3252,hf:barkermrl/imagenet-a:train:3366,44,1.000000
3253,hf:barkermrl/imagenet-a:train:3367,44,1.000000
3254,hf:barkermrl/imagenet-a:train:3368,44,1.000000
3255,hf:barkermrl/imagenet-a:train:3369,44,1.000000
3256,hf:barkermrl/imagenet-a:train:3370,44,1.000000
3257,hf:barkermrl/imagenet-a:train:3371,44,1.000000
3258,hf:barkermrl/imagenet-a:train:3372,44,1.000000
3259,hf:barkermrl/imagenet-a:train:3373,44,1.000000
3260,hf:barkermrl/imagenet-a:train:3374,44,1.000000
3261,hf:barkermrl/imagenet-a:train:3375,44,1.000000
3262,hf:barkermrl/imagenet-a:train:3376,44,1.000000
3263,hf:barkermrl/imagenet-a:train:3377,44,1.000000
3264,hf:barkermrl/imagenet-a:train:3378,44,1.000000
3265,hf:barkermrl/imagenet-a:train:3379,44,1.000000
3266,hf:barkermrl/imagenet-a:train:3380,44,1.000000
3267,hf:barkermrl/imagenet-a:train:3381,44,1.000000
3268,hf:barkermrl/imagenet-a:train:3382,44,1.000000
3269,hf:barkermrl/imagenet-a:train:3383,44,1.000000
3270,hf:barkermrl/imagenet-a:train:3384,44,1.000000
3271,hf:barkermrl/imagenet-a:train:3385,44,1.000000
3272,hf:barkermrl/imagenet-a:train:3386,44,1.000000
3273,hf:barkermrl/imagenet-a:train:3387,44,1.000000
3274,hf:barkermrl/imagenet-a:train:3388,44,1.000000
3275,hf:barkermrl/imagenet-a:train:3389,44,1.000000
3276,hf:barkermrl/imagenet-a:train:3390,44,1.000000
3277,hf:barkermrl/imagenet-a:train:3391,44,1.000000
3278,hf:barkermrl/imagenet-a:train:3392,44,1.000000
3279,hf:barkermrl/imagenet-a:train:3393,44,1.000000
3280,hf:barkermrl/imagenet-a:train:3394,44,1.000000
3281,hf:barkermrl/imagenet-a:train:3395,44,1.000000
3282,hf:barkermrl/imagenet-a:train:3396,44,1.000000
3283,hf:barkermrl/imagenet-a:train:3397,44,1.000000
3284,hf:barkermrl/imagenet-a:train:3398,44,1.000000
3285,hf:barkermrl/imagenet-a:train:3399,44,1.000000
3286,hf:barkermrl/imagenet-a:train:3400,44,1.000000
3287,hf:barkermrl/imagenet-a:train:3401,44,1.000000
3288,hf:barkermrl/imagenet-a:train:3402,44,1.000000
3289,hf:barkermrl/imagenet-a:train:3403,44,1.000000
3290,hf:barkermrl/imagenet-a:train:3404,44,1.000000
3291,hf:barkermrl/imagenet-a:train:3405,44,1.000000
3292,hf:barkermrl/imagenet-a:train:3406,44,1.000000
3293,hf:barkermrl/imagenet-a:train:3407,44,1.000000
3294,hf:barkermrl/imagenet-a:train:3408,44,1.000000
3295,hf:barkermrl/imagenet-a:train:3409,44,1.000000
3296,hf:barkermrl/imagenet-a:train:3410,44,1.000000
3297,hf:barkermrl/imagenet-a:train:3411,44,1.000000
3298,hf:barkermrl/imagenet-a:train:3412,44,1.000000
3299,hf:barkermrl/imagenet-a:train:3413,44,1.000000
3300,hf:barkermrl/imagenet-a:train:3414,44,1.000000
3301,hf:barkermrl/imagenet-a:train:3415,44,1.000000
3302,hf:barkermrl/imagenet-a:train:3416,44,1.000000
3303,hf:barkermrl/imagenet-a:train:3417,44,1.000000
3304,hf:barkermrl/imagenet-a:train:3418,44,1.000000
3305,hf:barkermrl/imagenet-a:train:3419,44,1.000000
3306,hf:barkermrl/imagenet-a:train:3420,44,1.000000
3307,hf:barkermrl/imagenet-a:train:3421,44,1.000000
3308,hf:barkermrl/imagenet-a:train:3422,44,1.000000
3309,hf:barkermrl/imagenet-a:train:3423,44,1.000000
3310,hf:barkermrl/imagenet-a:train:3424,44,1.000000
3311,hf:barkermrl/imagenet-a:train:3425,44,1.000000
3312,hf:barkermrl/imagenet-a:train:3426,44,1.000000
3313,hf:barkermrl/imagenet-a:train:3427,44,1.000000
3314,hf:barkermrl/imagenet-a:train:3428,44,1.000000
3315,hf:barkermrl/imagenet-a:train:3429,44,1.000000
3316,hf:barkermrl/imagenet-a:train:3430,44,1.000000
3317,hf:barkermrl/imagenet-a:train:3431,44,1.000000
3318,hf:barkermrl/imagenet-a:train:3432,44,1.000000
3319,hf:barkermrl/imagenet-a:train:3433,44,1.000000
3320,hf:barkermrl/imagenet-a:train:3434,44,1.000000
3321,hf:barkermrl/imagenet-a:train:3435,44,1.000000
3322,hf:barkermrl/imagenet-a:train:3436,44,1.000000
3323,hf:barkermrl/imagenet-a:train:3437,44,1.000000
3324,hf:barkermrl/imagenet-a:train:3438,44,1.000000
3325,hf:barkermrl/imagenet-a:train:3439,44,1.000000
3326,hf:barkermrl/imagenet-a:train:3440,44,1.000000
3327,hf:barkermrl/imagenet-a:train:3441,44,1.000000
3328,hf:barkermrl/imagenet-a:train:3442,44,1.000000
3329,hf:barkermrl/imagenet-a:train:3443,44,1.000000
3330,hf:barkermrl/imagenet-a:train:3444,44,1.000000
3331,hf:barkermrl/imagenet-a:train:3445,44,1.000000
3332,hf:barkermrl/imagenet-a:train:3446,44,1.000000
3333,hf:barkermrl/imagenet-a:train:3447,44,1.000000
3334,hf:barkermrl/imagenet-a:train:3448,44,1.000000
3335,hf:barkermrl/imagenet-a:train:3449,44,1.000000
3336,hf:barkermrl/imagenet-a:train:3450,44,1.000000
3337,hf:barkermrl/imagenet-a:train:3451,44,1.000000
3338,hf:barkermrl/imagenet-a:train:3452,44,1.000000
3339,hf:barkermrl/imagenet-a:train:3453,44,1.000000
3340,hf:barkermrl/imagenet-a:train:3454,44,1.000000
3341,hf:barkermrl/imagenet-a:train:3455,45,1.000000
3342,hf:barkermrl/imagenet-a:train:3456,45,1.000000
3343,hf:barkermrl/imagenet-a:train:3457,45,1.000000
3344,hf:barkermrl/imagenet-a:train:3458,45,1.000000
3345,hf:barkermrl/imagenet-a:train:3459,45,1.000000
3346,hf:barkermrl/imagenet-a:train:3460,45,1.000000
3347,hf:barkermrl/imagenet-a:train:3461,45,1.000000
3348,hf:barkermrl/imagenet-a:train:3462,45,1.000000
3349,hf:barkermrl/imagenet-a:train:3463,45,1.000000
3350,hf:barkermrl/imagenet-a:train:3464,45,1.000000
3351,hf:barkermrl/imagenet-a:train:3465,45,1.000000
3352,hf:barkermrl/imagenet-a:train:3466,45,1.000000
3353,hf:barkermrl/imagenet-a:train:3467,45,1.000000
3354,hf:barkermrl/imagenet-a:train:3468,45,1.000000
3355,hf:barkermrl/imagenet-a:train:3469,45,1.000000
3356,hf:barkermrl/imagenet-a:train:3470,45,1.000000
3357,hf:barkermrl/imagenet-a:train:3471,45,1.000000
3358,hf:barkermrl/imagenet-a:train:3472,45,1.000000
3359,hf:barkermrl/imagenet-a:train:3473,45,1.000000
3360,hf:barkermrl/imagenet-a:train:3474,45,1.000000
3361,hf:barkermrl/imagenet-a:train:3475,45,1.000000
3362,hf:barkermrl/imagenet-a:train:3476,45,1.000000
3363,hf:barkermrl/imagenet-a:train:3477,45,1.000000
3364,hf:barkermrl/imagenet-a:train:3478,45,1.000000
3365,hf:barkermrl/imagenet-a:train:3479,45,1.000000
3366,hf:barkermrl/imagenet-a:train:3480,45,1.000000
3367,hf:barkermrl/imagenet-a:train:3481,45,1.000000
3368,hf:barkermrl/imagenet-a:train:3482,45,1.000000
3369,hf:barkermrl/imagenet-a:train:3483,45,1.000000
3370,hf:barkermrl/imagenet-a:train:3484,45,1.000000
3371,hf:barkermrl/imagenet-a:train:3485,45,1.000000
3372,hf:barkermrl/imagenet-a:train:3486,45,1.000000
3373,hf:barkermrl/imagenet-a:train:3487,45,1.000000
3374,hf:barkermrl/imagenet-a:train:3488,45,1.000000
3375,hf:barkermrl/imagenet-a:train:3489,45,1.000000
3376,hf:barkermrl/imagenet-a:train:3490,45,1.000000
3377,hf:barkermrl/imagenet-a:train:3491,45,1.000000
3378,hf:barkermrl/imagenet-a:train:3492,45,1.000000
3379,hf:barkermrl/imagenet-a:train:3493,45,1.000000
3380,hf:barkermrl/imagenet-a:train:3494,45,1.000000
3381,hf:barkermrl/imagenet-a:train:3495,45,1.000000
3382,hf:barkermrl/imagenet-a:train:3496,45,1.000000
3383,hf:barkermrl/imagenet-a:train:3497,45,1.000000
3384,hf:barkermrl/imagenet-a:train:3498,45,1.000000
3385,hf:barkermrl/imagenet-a:train:3499,45,1.000000
3386,hf:barkermrl/imagenet-a:train:3500,45,1.000000
3387,hf:barkermrl/imagenet-a:train:3501,45,1.000000
3388,hf:barkermrl/imagenet-a:train:3502,45,1.000000
3389,hf:barkermrl/imagenet-a:train:3503,45,1.000000
3390,hf:barkermrl/imagenet-a:train:3504,45,1.000000
3391,hf:barkermrl/imagenet-a:train:3505,45,1.000000
3392,hf:barkermrl/imagenet-a:train:3506,45,1.000000
3393,hf:barkermrl/imagenet-a:train:3507,45,1.000000
3394,hf:barkermrl/imagenet-a:train:3508,45,1.000000
3395,hf:barkermrl/imagenet-a:train:3509,45,1.000000
3396,hf:barkermrl/imagenet-a:train:3510,45,1.000000
3397,hf:barkermrl/imagenet-a:train:3511,45,1.000000
3398,hf:barkermrl/imagenet-a:train:3512,45,1.000000
3399,hf:barkermrl/imagenet-a:train:3513,45,1.000000
3400,hf:barkermrl/imagenet-a:train:3514,45,1.000000
3401,hf:barkermrl/imagenet-a:train:3515,45,1.000000
3402,hf:barkermrl/imagenet-a:train:3516,45,1.000000
3403,hf:barkermrl/imagenet-a:train:3517,45,1.000000
3404,hf:barkermrl/imagenet-a:train:3518,45,1.000000
3405,hf:barkermrl/imagenet-a:train:3519,45,1.000000
3406,hf:barkermrl/imagenet-a:train:3520,45,1.000000
3407,hf:barkermrl/imagenet-a:train:3521,45,1.000000
3408,hf:barkermrl/imagenet-a:train:3522,45,1.000000
3409,hf:barkermrl/imagenet-a:train:3523,45,1.000000
3410,hf:barkermrl/imagenet-a:train:3524,45,1.000000
3411,hf:barkermrl/imagenet-a:train:3525,45,1.000000
3412,hf:barkermrl/imagenet-a:train:3526,45,1.000000
3413,hf:barkermrl/imagenet-a:train:3527,45,1.000000
3414,hf:barkermrl/imagenet-a:train:3528,45,1.000000
3415,hf:barkermrl/imagenet-a:train:3529,45,1.000000
3416,hf:barkermrl/imagenet-a:train:3530,45,1.000000
3417,hf:barkermrl/imagenet-a:train:3531,45,1.000000
3418,hf:barkermrl/imagenet-a:train:3532,45,1.000000
3419,hf:barkermrl/imagenet-a:train:3533,45,1.000000
3420,hf:barkermrl/imagenet-a:train:3534,45,1.000000
3421,hf:barkermrl/imagenet-a:train:3535,45,1.000000
3422,hf:barkermrl/imagenet-a:train:3536,45,1.000000
3423,hf:barkermrl/imagenet-a:train:3537,45,1.000000
3424,hf:barkermrl/imagenet-a:train:3538,45,1.000000
3425,hf:barkermrl/imagenet-a:train:3539,45,1.000000
3426,hf:barkermrl/imagenet-a:train:3540,45,1.000000
3427,hf:barkermrl/imagenet-a:train:3541,45,1.000000
3428,hf:barkermrl/imagenet-a:train:3542,45,1.000000
3429,hf:barkermrl/imagenet-a:train:3543,45,1.000000
3430,hf:barkermrl/imagenet-a:train:3544,45,1.000000
3431,hf:barkermrl/imagenet-a:train:3545,45,1.000000
3432,hf:barkermrl/imagenet-a:train:3546,45,1.000000
3433,hf:barkermrl/imagenet-a:train:3547,45,1.000000
3434,hf:barkermrl/imagenet-a:train:3548,45,1.000000
3435,hf:barkermrl/imagenet-a:train:3549,45,1.000000
3436,hf:barkermrl/imagenet-a:train:3550,45,1.000000
3437,hf:barkermrl/imagenet-a:train:3551,45,1.000000
3438,hf:barkermrl/imagenet-a:train:3552,46,1.000000
3439,hf:barkermrl/imagenet-a:train:3553,46,1.000000
3440,hf:barkermrl/imagenet-a:train:3554,46,1.000000
3441,hf:barkermrl/imagenet-a:train:3555,46,1.000000
3442,hf:barkermrl/imagenet-a:train:3556,46,1.000000
3443,hf:barkermrl/imagenet-a:train:3557,46,1.000000
3444,hf:barkermrl/imagenet-a:train:3558,46,1.000000
3445,hf:barkermrl/imagenet-a:train:3559,46,1.000000
3446,hf:barkermrl/imagenet-a:train:3560,46,1.000000
3447,hf:barkermrl/imagenet-a:train:3561,46,1.000000
3448,hf:barkermrl/imagenet-a:train:3562,46,1.000000
3449,hf:barkermrl/imagenet-a:train:3563,46,1.000000
3450,hf:barkermrl/imagenet-a:train:3564,46,1.000000
3451,hf:barkermrl/imagenet-a:train:3565,46,1.000000
3452,hf:barkermrl/imagenet-a:train:3566,46,1.000000
3453,hf:barkermrl/imagenet-a:train:3567,46,1.000000
3454,hf:barkermrl/imagenet-a:train:3568,46,1.000000
3455,hf:barkermrl/imagenet-a:train:3569,46,1.000000
3456,hf:barkermrl/imagenet-a:train:3570,46,1.000000
3457,hf:barkermrl/imagenet-a:train:3571,46,1.000000
3458,hf:barkermrl/imagenet-a:train:3572,46,1.000000
3459,hf:barkermrl/imagenet-a:train:3573,46,1.000000
3460,hf:barkermrl/imagenet-a:train:3574,46,1.000000
3461,hf:barkermrl/imagenet-a:train:3575,46,1.000000
3462,hf:barkermrl/imagenet-a:train:3576,46,1.000000
3463,hf:barkermrl/imagenet-a:train:3577,46,1.000000
3464,hf:barkermrl/imagenet-a:train:3578,46,1.000000
3465,hf:barkermrl/imagenet-a:train:3579,46,1.000000
3466,hf:barkermrl/imagenet-a:train:3580,46,1.000000
3467,hf:barkermrl/imagenet-a:train:3581,46,1.000000
3468,hf:barkermrl/imagenet-a:train:3582,46,1.000000
3469,hf:barkermrl/imagenet-a:train:3583,46,1.000000
3470,hf:barkermrl/imagenet-a:train:3584,46,1.000000
3471,hf:barkermrl/imagenet-a:train:3585,46,1.000000
3472,hf:barkermrl/imagenet-a:train:3586,46,1.000000
3473,hf:barkermrl/imagenet-a:train:3587,46,1.000000
3474,hf:barkermrl/imagenet-a:train:3588,46,1.000000
3475,hf:barkermrl/imagenet-a:train:3589,46,1.000000
3476,hf:barkermrl/imagenet-a:train:3590,46,1.000000
3477,hf:barkermrl/imagenet-a:train:3591,46,1.000000
3478,hf:barkermrl/imagenet-a:train:3592,46,1.000000
3479,hf:barkermrl/imagenet-a:train:3593,46,1.000000
3480,hf:barkermrl/imagenet-a:train:3594,46,1.000000
3481,hf:barkermrl/imagenet-a:train:3595,46,1.000000
3482,hf:barkermrl/imagenet-a:train:3596,46,1.000000
3483,hf:barkermrl/imagenet-a:train:3597,46,1.000000
3484,hf:barkermrl/imagenet-a:train:3598,46,1.000000
3485,hf:barkermrl/imagenet-a:train:3599,46,1.000000
3486,hf:barkermrl/imagenet-a:train:3600,46,1.000000
3487,hf:barkermrl/imagenet-a:train:3601,46,1.000000
3488,hf:barkermrl/imagenet-a:train:3602,46,1.000000
3489,hf:barkermrl/imagenet-a:train:3603,46,1.000000
3490,hf:barkermrl/imagenet-a:train:3604,46,1.000000
3491,hf:barkermrl/imagenet-a:train:3605,46,1.000000
3492,hf:barkermrl/imagenet-a:train:3606,46,1.000000
3493,hf:barkermrl/imagenet-a:train:3607,46,1.000000
3494,hf:barkermrl/imagenet-a:train:3608,46,1.000000
3495,hf:barkermrl/imagenet-a:train:3609,46,1.000000
3496,hf:barkermrl/imagenet-a:train:3610,46,1.000000
3497,hf:barkermrl/imagenet-a:train:3611,46,1.000000
3498,hf:barkermrl/imagenet-a:train:3612,46,1.000000
3499,hf:barkermrl/imagenet-a:train:3613,46,1.000000
3500,hf:barkermrl/imagenet-a:train:3614,46,1.000000
3501,hf:barkermrl/imagenet-a:train:3615,46,1.000000
3502,hf:barkermrl/imagenet-a:train:3616,46,1.000000
3503,hf:barkermrl/imagenet-a:train:3617,46,1.000000
3504,hf:barkermrl/imagenet-a:train:3618,46,1.000000
3505,hf:barkermrl/imagenet-a:train:3619,46,1.000000
3506,hf:barkermrl/imagenet-a:train:3620,46,1.000000
3507,hf:barkermrl/imagenet-a:train:3621,47,1.000000
3508,hf:barkermrl/imagenet-a:train:3622,47,1.000000
3509,hf:barkermrl/imagenet-a:train:3623,47,1.000000
3510,hf:barkermrl/imagenet-a:train:3624,47,1.000000
3511,hf:barkermrl/imagenet-a:train:3625,47,1.000000
3512,hf:barkermrl/imagenet-a:train:3626,47,1.000000
3513,hf:barkermrl/imagenet-a:train:3627,47,1.000000
3514,hf:barkermrl/imagenet-a:train:3628,47,1.000000
3515,hf:barkermrl/imagenet-a:train:3629,47,1.000000
3516,hf:barkermrl/imagenet-a:train:3630,47,1.000000
3517,hf:barkermrl/imagenet-a:train:3631,47,1.000000
3518,hf:barkermrl/imagenet-a:train:3632,47,1.000000
3519,hf:barkermrl/imagenet-a:train:3633,47,1.000000
3520,hf:barkermrl/imagenet-a:train:3634,47,1.000000
3521,hf:barkermrl/imagenet-a:train:3635,47,1.000000
3522,hf:barkermrl/imagenet-a:train:3636,47,1.000000
3523,hf:barkermrl/imagenet-a:train:3637,47,1.000000
3524,hf:barkermrl/imagenet-a:train:3638,47,1.000000
3525,hf:barkermrl/imagenet-a:train:3639,47,1.000000
3526,hf:barkermrl/imagenet-a:train:3640,47,1.000000
3527,hf:barkermrl/imagenet-a:train:3641,47,1.000000
3528,hf:barkermrl/imagenet-a:train:3642,47,1.000000
3529,hf:barkermrl/imagenet-a:train:3643,47,1.000000
3530,hf:barkermrl/imagenet-a:train:3644,47,1.000000
3531,hf:barkermrl/imagenet-a:train:3645,47,1.000000
3532,hf:barkermrl/imagenet-a:train:3646,47,1.000000
3533,hf:barkermrl/imagenet-a:train:3647,47,1.000000
3534,hf:barkermrl/imagenet-a:train:3648,47,1.000000
3535,hf:barkermrl/imagenet-a:train:3649,47,1.000000
3536,hf:barkermrl/imagenet-a:train:3650,47,1.000000
3537,hf:barkermrl/imagenet-a:train:3651,47,1.000000
3538,hf:barkermrl/imagenet-a:train:3652,47,1.000000
3539,hf:barkermrl/imagenet-a:train:3653,47,1.000000
3540,hf:barkermrl/imagenet-a:train:3654,47,1.000000
3541,hf:barkermrl/imagenet-a:train:3655,47,1.000000
3542,hf:barkermrl/imagenet-a:train:3656,47,1.000000
3543,hf:barkermrl/imagenet-a:train:3657,47,1.000000
3544,hf:barkermrl/imagenet-a:train:3658,47,1.000000
3545,hf:barkermrl/imagenet-a:train:3659,47,1.000000
3546,hf:barkermrl/imagenet-a:train:3660,47,1.000000
3547,hf:barkermrl/imagenet-a:train:3661,47,1.000000
3548,hf:barkermrl/imagenet-a:train:3662,47,1.000000
3549,hf:barkermrl/imagenet-a:train:3663,47,1.000000
3550,hf:barkermrl/imagenet-a:train:3664,47,1.000000
3551,hf:barkermrl/imagenet-a:train:3665,47,1.000000
3552,hf:barkermrl/imagenet-a:train:3666,47,1.000000
3553,hf:barkermrl/imagenet-a:train:3667,47,1.000000
3554,hf:barkermrl/imagenet-a:train:3668,47,1.000000
3555,hf:barkermrl/imagenet-a:train:3669,47,1.000000
3556,hf:barkermrl/imagenet-a:train:3670,47,1.000000
3557,hf:barkermrl/imagenet-a:train:3671,47,1.000000
3558,hf:barkermrl/imagenet-a:train:3672,47,1.000000
3559,hf:barkermrl/imagenet-a:train:3673,47,1.000000
3560,hf:barkermrl/imagenet-a:train:3674,47,1.000000
3561,hf:barkermrl/imagenet-a:train:3675,47,1.000000
3562,hf:barkermrl/imagenet-a:train:3676,47,1.000000
3563,hf:barkermrl/imagenet-a:train:3677,47,1.000000
3564,hf:barkermrl/imagenet-a:train:3678,47,1.000000
3565,hf:barkermrl/imagenet-a:train:3679,47,1.000000
3566,hf:barkermrl/imagenet-a:train:3680,47,1.000000
3567,hf:barkermrl/imagenet-a:train:3681,47,1.000000
3568,hf:barkermrl/imagenet-a:train:3682,47,1.000000
3569,hf:barkermrl/imagenet-a:train:3683,47,1.000000
3570,hf:barkermrl/imagenet-a:train:3684,47,1.000000
3571,hf:barkermrl/imagenet-a:train:3685,47,1.000000
3572,hf:barkermrl/imagenet-a:train:3686,47,1.000000
3573,hf:barkermrl/imagenet-a:train:3687,47,1.000000
3574,hf:barkermrl/imagenet-a:train:3688,47,1.000000
3575,hf:barkermrl/imagenet-a:train:3689,47,1.000000
3576,hf:barkermrl/imagenet-a:train:3690,47,1.000000
3577,hf:barkermrl/imagenet-a:train:3691,47,1.000000
3578,hf:barkermrl/imagenet-a:train:3692,47,1.000000
3579,hf:barkermrl/imagenet-a:train:3693,47,1.000000
3580,hf:barkermrl/imagenet-a:train:3694,47,1.000000
3581,hf:barkermrl/imagenet-a:train:3695,47,1.000000
3582,hf:barkermrl/imagenet-a:train:3696,47,1.000000
3583,hf:barkermrl/imagenet-a:train:3697,47,1.000000
3584,hf:barkermrl/imagenet-a:train:3698,47,1.000000
3585,hf:barkermrl/imagenet-a:train:3699,47,1.000000
3586,hf:barkermrl/imagenet-a:train:3700,47,1.000000
3587,hf:barkermrl/imagenet-a:train:3701,47,1.000000
3588,hf:barkermrl/imagenet-a:train:3702,47,1.000000
3589,hf:barkermrl/imagenet-a:train:3703,47,1.000000
3590,hf:barkermrl/imagenet-a:train:3704,47,1.000000
3591,hf:barkermrl/imagenet-a:train:3705,47,1.000000
3592,hf:barkermrl/imagenet-a:train:3706,47,1.000000
3593,hf:barkermrl/imagenet-a:train:3707,47,1.000000
3594,hf:barkermrl/imagenet-a:train:3708,47,1.000000
3595,hf:barkermrl/imagenet-a:train:3709,47,1.000000
3596,hf:barkermrl/imagenet-a:train:3710,47,1.000000
3597,hf:barkermrl/imagenet-a:train:3711,47,1.000000
3598,hf:barkermrl/imagenet-a:train:3712,47,1.000000
3599,hf:barkermrl/imagenet-a:train:3713,47,1.000000
3600,hf:barkermrl/imagenet-a:train:3714,47,1.000000
3601,hf:barkermrl/imagenet-a:train:3715,47,1.000000
3602,hf:barkermrl/imagenet-a:train:3716,47,1.000000
3603,hf:barkermrl/imagenet-a:train:3717,47,1.000000
3604,hf:barkermrl/imagenet-a:train:3718,47,1.000000
3605,hf:barkermrl/imagenet-a:train:3719,47,1.000000
3606,hf:barkermrl/imagenet-a:train:3720,47,1.000000
3607,hf:barkermrl/imagenet-a:train:3721,48,1.000000
3608,hf:barkermrl/imagenet-a:train:3722,48,1.000000
3609,hf:barkermrl/imagenet-a:train:3723,48,1.000000
3610,hf:barkermrl/imagenet-a:train:3724,48,1.000000
3611,hf:barkermrl/imagenet-a:train:3725,48,1.000000
3612,hf:barkermrl/imagenet-a:train:3726,48,1.000000
3613,hf:barkermrl/imagenet-a:train:3727,48,1.000000
3614,hf:barkermrl/imagenet-a:train:3728,48,1.000000
3615,hf:barkermrl/imagenet-a:train:3729,48,1.000000
3616,hf:barkermrl/imagenet-a:train:3730,48,1.000000
3617,hf:barkermrl/imagenet-a:train:3731,48,1.000000
3618,hf:barkermrl/imagenet-a:train:3732,48,1.000000
3619,hf:barkermrl/imagenet-a:train:3733,48,1.000000
3620,hf:barkermrl/imagenet-a:train:3734,48,1.000000
3621,hf:barkermrl/imagenet-a:train:3735,48,1.000000
3622,hf:barkermrl/imagenet-a:train:3736,48,1.000000
3623,hf:barkermrl/imagenet-a:train:3737,48,1.000000
3624,hf:barkermrl/imagenet-a:train:3738,48,1.000000
3625,hf:barkermrl/imagenet-a:train:3739,48,1.000000
3626,hf:barkermrl/imagenet-a:train:3740,48,1.000000
3627,hf:barkermrl/imagenet-a:train:3741,48,1.000000
3628,hf:barkermrl/imagenet-a:train:3742,48,1.000000
3629,hf:barkermrl/imagenet-a:train:3743,48,1.000000
3630,hf:barkermrl/imagenet-a:train:3744,48,1.000000
3631,hf:barkermrl/imagenet-a:train:3745,48,1.000000
3632,hf:barkermrl/imagenet-a:train:3746,48,1.000000
3633,hf:barkermrl/imagenet-a:train:3747,48,1.000000
3634,hf:barkermrl/imagenet-a:train:3748,48,1.000000
3635,hf:barkermrl/imagenet-a:train:3749,48,1.000000
3636,hf:barkermrl/imagenet-a:train:3750,48,1.000000
3637,hf:barkermrl/imagenet-a:train:3751,48,1.000000
3638,hf:barkermrl/imagenet-a:train:3752,48,1.000000
3639,hf:barkermrl/imagenet-a:train:3753,48,1.000000
3640,hf:barkermrl/imagenet-a:train:3754,48,1.000000
3641,hf:barkermrl/imagenet-a:train:3755,48,1.000000
3642,hf:barkermrl/imagenet-a:train:3756,48,1.000000
3643,hf:barkermrl/imagenet-a:train:3757,48,1.000000
3644,hf:barkermrl/imagenet-a:train:3758,48,1.000000
3645,hf:barkermrl/imagenet-a:train:3759,48,1.000000
3646,hf:barkermrl/imagenet-a:train:3760,48,1.000000
3647,hf:barkermrl/imagenet-a:train:3761,48,1.000000
3648,hf:barkermrl/imagenet-a:train:3762,48,1.000000
3649,hf:barkermrl/imagenet-a:train:3763,48,1.000000
3650,hf:barkermrl/imagenet-a:train:3764,48,1.000000
3651,hf:barkermrl/imagenet-a:train:3765,48,1.000000
3652,hf:barkermrl/imagenet-a:train:3766,48,1.000000
3653,hf:barkermrl/imagenet-a:train:3767,48,1.000000
3654,hf:barkermrl/imagenet-a:train:3768,48,1.000000
3655,hf:barkermrl/imagenet-a:train:3769,48,1.000000
3656,hf:barkermrl/imagenet-a:train:3770,48,1.000000
3657,hf:barkermrl/imagenet-a:train:3771,48,1.000000
3658,hf:barkermrl/imagenet-a:train:3772,48,1.000000
3659,hf:barkermrl/imagenet-a:train:3773,48,1.000000
3660,hf:barkermrl/imagenet-a:train:3774,48,1.000000
3661,hf:barkermrl/imagenet-a:train:3775,48,1.000000
3662,hf:barkermrl/imagenet-a:train:3776,48,1.000000
3663,hf:barkermrl/imagenet-a:train:3777,48,1.000000
3664,hf:barkermrl/imagenet-a:train:3778,48,1.000000
3665,hf:barkermrl/imagenet-a:train:3779,48,1.000000
3666,hf:barkermrl/imagenet-a:train:3780,48,1.000000
3667,hf:barkermrl/imagenet-a:train:3781,48,1.000000
3668,hf:barkermrl/imagenet-a:train:3782,49,1.000000
3669,hf:barkermrl/imagenet-a:train:3783,49,1.000000
3670,hf:barkermrl/imagenet-a:train:3784,49,1.000000
3671,hf:barkermrl/imagenet-a:train:3785,49,1.000000
3672,hf:barkermrl/imagenet-a:train:3786,49,1.000000
3673,hf:barkermrl/imagenet-a:train:3787,49,1.000000
3674,hf:barkermrl/imagenet-a:train:3788,49,1.000000
3675,hf:barkermrl/imagenet-a:train:3789,49,1.000000
3676,hf:barkermrl/imagenet-a:train:3790,49,1.000000
3677,hf:barkermrl/imagenet-a:train:3791,49,1.000000
3678,hf:barkermrl/imagenet-a:train:3792,49,1.000000
3679,hf:barkermrl/imagenet-a:train:3793,49,1.000000
3680,hf:barkermrl/imagenet-a:train:3794,49,1.000000
3681,hf:barkermrl/imagenet-a:train:3795,49,1.000000
3682,hf:barkermrl/imagenet-a:train:3796,49,1.000000
3683,hf:barkermrl/imagenet-a:train:3797,49,1.000000
3684,hf:barkermrl/imagenet-a:train:3798,49,1.000000
3685,hf:barkermrl/imagenet-a:train:3799,49,1.000000
3686,hf:barkermrl/imagenet-a:train:3800,49,1.000000
3687,hf:barkermrl/imagenet-a:train:3801,49,1.000000
3688,hf:barkermrl/imagenet-a:train:3802,49,1.000000
3689,hf:barkermrl/imagenet-a:train:3803,49,1.000000
3690,hf:barkermrl/imagenet-a:train:3804,49,1.000000
3691,hf:barkermrl/imagenet-a:train:3805,49,1.000000
3692,hf:barkermrl/imagenet-a:train:3806,49,1.000000
3693,hf:barkermrl/imagenet-a:train:3807,49,1.000000
3694,hf:barkermrl/imagenet-a:train:3808,49,1.000000
3695,hf:barkermrl/imagenet-a:train:3809,49,1.000000
3696,hf:barkermrl/imagenet-a:train:3810,49,1.000000
3697,hf:barkermrl/imagenet-a:train:3811,49,1.000000
3698,hf:barkermrl/imagenet-a:train:3812,49,1.000000
3699,hf:barkermrl/imagenet-a:train:3813,49,1.000000
3700,hf:barkermrl/imagenet-a:train:3814,49,1.000000
3701,hf:barkermrl/imagenet-a:train:3815,49,1.000000
3702,hf:barkermrl/imagenet-a:train:3816,49,1.000000
3703,hf:barkermrl/imagenet-a:train:3817,49,1.000000
3704,hf:barkermrl/imagenet-a:train:3818,49,1.000000
3705,hf:barkermrl/imagenet-a:train:3819,49,1.000000
3706,hf:barkermrl/imagenet-a:train:3820,49,1.000000
3707,hf:barkermrl/imagenet-a:train:3821,49,1.000000
3708,hf:barkermrl/imagenet-a:train:3822,49,1.000000
3709,hf:barkermrl/imagenet-a:train:3823,49,1.000000
3710,hf:barkermrl/imagenet-a:train:3824,49,1.000000
3711,hf:barkermrl/imagenet-a:train:3825,49,1.000000
3712,hf:barkermrl/imagenet-a:train:3826,49,1.000000
3713,hf:barkermrl/imagenet-a:train:3827,49,1.000000
3714,hf:barkermrl/imagenet-a:train:3828,49,1.000000
3715,hf:barkermrl/imagenet-a:train:3829,49,1.000000
3716,hf:barkermrl/imagenet-a:train:3830,49,1.000000
3717,hf:barkermrl/imagenet-a:train:3831,49,1.000000
3718,hf:barkermrl/imagenet-a:train:3832,49,1.000000
3719,hf:barkermrl/imagenet-a:train:3833,49,1.000000
3720,hf:barkermrl/imagenet-a:train:3834,49,1.000000
3721,hf:barkermrl/imagenet-a:train:3835,49,1.000000
3722,hf:barkermrl/imagenet-a:train:3836,49,1.000000
3723,hf:barkermrl/imagenet-a:train:3837,49,1.000000
3724,hf:barkermrl/imagenet-a:train:3838,49,1.000000
3725,hf:barkermrl/imagenet-a:train:3839,49,1.000000
3726,hf:barkermrl/imagenet-a:train:3840,49,1.000000
3727,hf:barkermrl/imagenet-a:train:3841,49,1.000000
3728,hf:barkermrl/imagenet-a:train:3842,49,1.000000
3729,hf:barkermrl/imagenet-a:train:3843,49,1.000000
3730,hf:barkermrl/imagenet-a:train:3844,49,1.000000
3731,hf:barkermrl/imagenet-a:train:3845,49,1.000000
3732,hf:barkermrl/imagenet-a:train:3846,49,1.000000
3733,hf:barkermrl/imagenet-a:train:3847,49,1.000000
3734,hf:barkermrl/imagenet-a:train:3848,50,1.000000
3735,hf:barkermrl/imagenet-a:train:3849,50,1.000000
3736,hf:barkermrl/imagenet-a:train:3850,50,1.000000
3737,hf:barkermrl/imagenet-a:train:3851,50,1.000000
3738,hf:barkermrl/imagenet-a:train:3852,50,1.000000
3739,hf:barkermrl/imagenet-a:train:3853,50,1.000000
3740,hf:barkermrl/imagenet-a:train:3854,50,1.000000
3741,hf:barkermrl/imagenet-a:train:3855,50,1.000000
3742,hf:barkermrl/imagenet-a:train:3856,50,1.000000
3743,hf:barkermrl/imagenet-a:train:3857,50,1.000000
3744,hf:barkermrl/imagenet-a:train:3858,50,1.000000
3745,hf:barkermrl/imagenet-a:train:3859,50,1.000000
3746,hf:barkermrl/imagenet-a:train:3860,50,1.000000
3747,hf:barkermrl/imagenet-a:train:3861,50,1.000000
3748,hf:barkermrl/imagenet-a:train:3862,50,1.000000
3749,hf:barkermrl/imagenet-a:train:3863,50,1.000000
3750,hf:barkermrl/imagenet-a:train:3864,50,1.000000
3751,hf:barkermrl/imagenet-a:train:3865,50,1.000000
3752,hf:barkermrl/imagenet-a:train:3866,50,1.000000
3753,hf:barkermrl/imagenet-a:train:3867,50,1.000000
3754,hf:barkermrl/imagenet-a:train:3868,50,1.000000
3755,hf:barkermrl/imagenet-a:train:3869,50,1.000000
3756,hf:barkermrl/imagenet-a:train:3870,50,1.000000
3757,hf:barkermrl/imagenet-a:train:3871,50,1.000000
3758,hf:barkermrl/imagenet-a:train:3872,50,1.000000
3759,hf:barkermrl/imagenet-a:train:3873,50,1.000000
3760,hf:barkermrl/imagenet-a:train:3874,50,1.000000
3761,hf:barkermrl/imagenet-a:train:3875,50,1.000000
3762,hf:barkermrl/imagenet-a:train:3876,50,1.000000
3763,hf:barkermrl/imagenet-a:train:3877,50,1.000000
3764,hf:barkermrl/imagenet-a:train:3878,50,1.000000
3765,hf:barkermrl/imagenet-a:train:3879,50,1.000000
3766,hf:barkermrl/imagenet-a:train:3880,50,1.000000
3767,hf:barkermrl/imagenet-a:train:3881,50,1.000000
3768,hf:barkermrl/imagenet-a:train:3882,50,1.000000
3769,hf:barkermrl/imagenet-a:train:3883,50,1.000000
3770,hf:barkermrl/imagenet-a:train:3884,50,1.000000
3771,hf:barkermrl/imagenet-a:train:3885,50,1.000000
3772,hf:barkermrl/imagenet-a:train:3886,50,1.000000
3773,hf:barkermrl/imagenet-a:train:3887,50,1.000000
3774,hf:barkermrl/imagenet-a:train:3888,50,1.000000
3775,hf:barkermrl/imagenet-a:train:3889,50,1.000000
3776,hf:barkermrl/imagenet-a:train:3890,50,1.000000
3777,hf:barkermrl/imagenet-a:train:3891,50,1.000000
3778,hf:barkermrl/imagenet-a:train:3892,50,1.000000
3779,hf:barkermrl/imagenet-a:train:3893,50,1.000000
3780,hf:barkermrl/imagenet-a:train:3894,50,1.000000
3781,hf:barkermrl/imagenet-a:train:3895,50,1.000000
3782,hf:barkermrl/imagenet-a:train:3896,50,1.000000
3783,hf:barkermrl/imagenet-a:train:3897,50,1.000000
3784,hf:barkermrl/imagenet-a:train:3898,50,1.000000
3785,hf:barkermrl/imagenet-a:train:3899,50,1.000000
3786,hf:barkermrl/imagenet-a:train:3900,50,1.000000
3787,hf:barkermrl/imagenet-a:train:3901,50,1.000000
3788,hf:barkermrl/imagenet-a:train:3902,50,1.000000
3789,hf:barkermrl/imagenet-a:train:3903,50,1.000000
3790,hf:barkermrl/imagenet-a:train:3904,50,1.000000
3791,hf:barkermrl/imagenet-a:train:3905,50,1.000000
3792,hf:barkermrl/imagenet-a:train:3906,50,1.000000
3793,hf:barkermrl/imagenet-a:train:3907,50,1.000000
3794,hf:barkermrl/imagenet-a:train:3908,50,1.000000
3795,hf:barkermrl/imagenet-a:train:3909,50,1.000000
3796,hf:barkermrl/imagenet-a:train:3910,50,1.000000
3797,hf:barkermrl/imagenet-a:train:3911,50,1.000000
3798,hf:barkermrl/imagenet-a:train:3912,50,1.000000
3799,hf:barkermrl/imagenet-a:train:3913,50,1.000000
3800,hf:barkermrl/imagenet-a:train:3914,50,1.000000
3801,hf:barkermrl/imagenet-a:train:3915,50,1.000000
3802,hf:barkermrl/imagenet-a:train:3916,50,1.000000
3803,hf:barkermrl/imagenet-a:train:3917,50,1.000000
3804,hf:barkermrl/imagenet-a:train:3918,50,1.000000
3805,hf:barkermrl/imagenet-a:train:3919,50,1.000000
3806,hf:barkermrl/imagenet-a:train:3920,50,1.000000
3807,hf:barkermrl/imagenet-a:train:3921,50,1.000000
3808,hf:barkermrl/imagenet-a:train:3922,50,1.000000
3809,hf:barkermrl/imagenet-a:train:3923,50,1.000000
3810,hf:barkermrl/imagenet-a:train:3924,50,1.000000
3811,hf:barkermrl/imagenet-a:train:3925,50,1.000000
3812,hf:barkermrl/imagenet-a:train:3926,50,1.000000
3813,hf:barkermrl/imagenet-a:train:3927,50,1.000000
3814,hf:barkermrl/imagenet-a:train:3928,50,1.000000
3815,hf:barkermrl/imagenet-a:train:3929,50,1.000000
3816,hf:barkermrl/imagenet-a:train:3930,50,1.000000
3817,hf:barkermrl/imagenet-a:train:3931,50,1.000000
3818,hf:barkermrl/imagenet-a:train:3932,50,1.000000
3819,hf:barkermrl/imagenet-a:train:3933,50,1.000000
3820,hf:barkermrl/imagenet-a:train:3934,50,1.000000
3821,hf:barkermrl/imagenet-a:train:3935,50,1.000000
3822,hf:barkermrl/imagenet-a:train:3936,50,1.000000
3823,hf:barkermrl/imagenet-a:train:3937,50,1.000000
3824,hf:barkermrl/imagenet-a:train:3938,50,1.000000
3825,hf:barkermrl/imagenet-a:train:3939,50,1.000000
3826,hf:barkermrl/imagenet-a:train:3940,50,1.000000
3827,hf:barkermrl/imagenet-a:train:3941,50,1.000000
3828,hf:barkermrl/imagenet-a:train:3942,50,1.000000
3829,hf:barkermrl/imagenet-a:train:3943,50,1.000000
3830,hf:barkermrl/imagenet-a:train:3944,50,1.000000
3831,hf:barkermrl/imagenet-a:train:3945,50,1.000000
3832,hf:barkermrl/imagenet-a:train:3946,50,1.000000
3833,hf:barkermrl/imagenet-a:train:3947,50,1.000000
3834,hf:barkermrl/imagenet-a:train:3948,51,1.000000
3835,hf:barkermrl/imagenet-a:train:3949,51,1.000000
3836,hf:barkermrl/imagenet-a:train:3950,51,1.000000
3837,hf:barkermrl/imagenet-a:train:3951,51,1.000000
3838,hf:barkermrl/imagenet-a:train:3952,51,1.000000
3839,hf:barkermrl/imagenet-a:train:3953,51,1.000000
3840,hf:barkermrl/imagenet-a:train:3954,51,1.000000
3841,hf:barkermrl/imagenet-a:train:3955,51,1.000000
3842,hf:barkermrl/imagenet-a:train:3956,51,1.000000
3843,hf:barkermrl/imagenet-a:train:3957,51,1.000000
3844,hf:barkermrl/imagenet-a:train:3958,51,1.000000
3845,hf:barkermrl/imagenet-a:train:3959,51,1.000000
3846,hf:barkermrl/imagenet-a:train:3960,51,1.000000
3847,hf:barkermrl/imagenet-a:train:3961,51,1.000000
3848,hf:barkermrl/imagenet-a:train:3962,51,1.000000
3849,hf:barkermrl/imagenet-a:train:3963,51,1.000000
3850,hf:barkermrl/imagenet-a:train:3964,51,1.000000
3851,hf:barkermrl/imagenet-a:train:3965,51,1.000000
3852,hf:barkermrl/imagenet-a:train:3966,51,1.000000
3853,hf:barkermrl/imagenet-a:train:3967,51,1.000000
3854,hf:barkermrl/imagenet-a:train:3968,51,1.000000
3855,hf:barkermrl/imagenet-a:train:3969,51,1.000000
3856,hf:barkermrl/imagenet-a:train:3970,51,1.000000
3857,hf:barkermrl/imagenet-a:train:3971,51,1.000000
3858,hf:barkermrl/imagenet-a:train:3972,51,1.000000
3859,hf:barkermrl/imagenet-a:train:3973,51,1.000000
3860,hf:barkermrl/imagenet-a:train:3974,51,1.000000
3861,hf:barkermrl/imagenet-a:train:3975,51,1.000000
3862,hf:barkermrl/imagenet-a:train:3976,51,1.000000
3863,hf:barkermrl/imagenet-a:train:3977,51,1.000000
3864,hf:barkermrl/imagenet-a:train:3978,51,1.000000
3865,hf:barkermrl/imagenet-a:train:3979,51,1.000000
3866,hf:barkermrl/imagenet-a:train:3980,51,1.000000
3867,hf:barkermrl/imagenet-a:train:3981,51,1.000000
3868,hf:barkermrl/imagenet-a:train:3982,51,1.000000
3869,hf:barkermrl/imagenet-a:train:3983,51,1.000000
3870,hf:barkermrl/imagenet-a:train:3984,51,1.000000
3871,hf:barkermrl/imagenet-a:train:3985,51,1.000000
3872,hf:barkermrl/imagenet-a:train:3986,51,1.000000
3873,hf:barkermrl/imagenet-a:train:3987,51,1.000000
3874,hf:barkermrl/imagenet-a:train:3988,52,1.000000
3875,hf:barkermrl/imagenet-a:train:3989,52,1.000000
3876,hf:barkermrl/imagenet-a:train:3990,52,1.000000
3877,hf:barkermrl/imagenet-a:train:3991,52,1.000000
3878,hf:barkermrl/imagenet-a:train:3992,52,1.000000
3879,hf:barkermrl/imagenet-a:train:3993,52,1.000000
3880,hf:barkermrl/imagenet-a:train:3994,52,1.000000
3881,hf:barkermrl/imagenet-a:train:3995,52,1.000000
3882,hf:barkermrl/imagenet-a:train:3996,52,1.000000
3883,hf:barkermrl/imagenet-a:train:3997,52,1.000000
3884,hf:barkermrl/imagenet-a:train:3998,52,1.000000
3885,hf:barkermrl/imagenet-a:train:3999,52,1.000000
3886,hf:barkermrl/imagenet-a:train:4000,52,1.000000
3887,hf:barkermrl/imagenet-a:train:4001,52,1.000000
3888,hf:barkermrl/imagenet-a:train:4002,52,1.000000
3889,hf:barkermrl/imagenet-a:train:4003,52,1.000000
3890,hf:barkermrl/imagenet-a:train:4004,52,1.000000
3891,hf:barkermrl/imagenet-a:train:4005,52,1.000000
3892,hf:barkermrl/imagenet-a:train:4006,52,1.000000
3893,hf:barkermrl/imagenet-a:train:4007,52,1.000000
3894,hf:barkermrl/imagenet-a:train:4008,52,1.000000
3895,hf:barkermrl/imagenet-a:train:4009,52,1.000000
3896,hf:barkermrl/imagenet-a:train:4010,52,1.000000
3897,hf:barkermrl/imagenet-a:train:4011,52,1.000000
3898,hf:barkermrl/imagenet-a:train:4012,52,1.000000
3899,hf:barkermrl/imagenet-a:train:4013,52,1.000000
3900,hf:barkermrl/imagenet-a:train:4014,52,1.000000
3901,hf:barkermrl/imagenet-a:train:4015,52,1.000000
3902,hf:barkermrl/imagenet-a:train:4016,52,1.000000
3903,hf:barkermrl/imagenet-a:train:4017,52,1.000000
3904,hf:barkermrl/imagenet-a:train:4018,52,1.000000
3905,hf:barkermrl/imagenet-a:train:4019,52,1.000000
3906,hf:barkermrl/imagenet-a:train:4020,52,1.000000
3907,hf:barkermrl/imagenet-a:train:4021,52,1.000000
3908,hf:barkermrl/imagenet-a:train:4022,52,1.000000
3909,hf:barkermrl/imagenet-a:train:4023,52,1.000000
3910,hf:barkermrl/imagenet-a:train:4024,52,1.000000
3911,hf:barkermrl/imagenet-a:train:4025,52,1.000000
3912,hf:barkermrl/imagenet-a:train:4026,52,1.000000
3913,hf:barkermrl/imagenet-a:train:4027,52,1.000000
3914,hf:barkermrl/imagenet-a:train:4028,52,1.000000
3915,hf:barkermrl/imagenet-a:train:4029,52,1.000000
3916,hf:barkermrl/imagenet-a:train:4030,52,1.000000
3917,hf:barkermrl/imagenet-a:train:4031,52,1.000000
3918,hf:barkermrl/imagenet-a:train:4032,52,1.000000
3919,hf:barkermrl/imagenet-a:train:4033,52,1.000000
3920,hf:barkermrl/imagenet-a:train:4034,52,1.000000
3921,hf:barkermrl/imagenet-a:train:4035,52,1.000000
3922,hf:barkermrl/imagenet-a:train:4036,52,1.000000
3923,hf:barkermrl/imagenet-a:train:4037,52,1.000000
3924,hf:barkermrl/imagenet-a:train:4038,52,1.000000
3925,hf:barkermrl/imagenet-a:train:4039,52,1.000000
3926,hf:barkermrl/imagenet-a:train:4040,52,1.000000
3927,hf:barkermrl/imagenet-a:train:4041,52,1.000000
3928,hf:barkermrl/imagenet-a:train:4042,52,1.000000
3929,hf:barkermrl/imagenet-a:train:4043,52,1.000000
3930,hf:barkermrl/imagenet-a:train:4044,52,1.000000
3931,hf:barkermrl/imagenet-a:train:4045,52,1.000000
3932,hf:barkermrl/imagenet-a:train:4046,52,1.000000
3933,hf:barkermrl/imagenet-a:train:4047,52,1.000000
3934,hf:barkermrl/imagenet-a:train:4048,52,1.000000
3935,hf:barkermrl/imagenet-a:train:4049,52,1.000000
3936,hf:barkermrl/imagenet-a:train:4050,52,1.000000
3937,hf:barkermrl/imagenet-a:train:4051,52,1.000000
3938,hf:barkermrl/imagenet-a:train:4052,52,1.000000
3939,hf:barkermrl/imagenet-a:train:4053,52,1.000000
3940,hf:barkermrl/imagenet-a:train:4054,52,1.000000
3941,hf:barkermrl/imagenet-a:train:4055,52,1.000000
3942,hf:barkermrl/imagenet-a:train:4056,52,1.000000
3943,hf:barkermrl/imagenet-a:train:4057,52,1.000000
3944,hf:barkermrl/imagenet-a:train:4058,52,1.000000
3945,hf:barkermrl/imagenet-a:train:4059,52,1.000000
3946,hf:barkermrl/imagenet-a:train:4060,52,1.000000
3947,hf:barkermrl/imagenet-a:train:4061,52,1.000000
3948,hf:barkermrl/imagenet-a:train:4062,52,1.000000
3949,hf:barkermrl/imagenet-a:train:4063,52,1.000000
3950,hf:barkermrl/imagenet-a:train:4064,52,1.000000
3951,hf:barkermrl/imagenet-a:train:4065,52,1.000000
3952,hf:barkermrl/imagenet-a:train:4066,52,1.000000
3953,hf:barkermrl/imagenet-a:train:4067,52,1.000000
3954,hf:barkermrl/imagenet-a:train:4068,53,1.000000
3955,hf:barkermrl/imagenet-a:train:4069,53,1.000000
3956,hf:barkermrl/imagenet-a:train:4070,53,1.000000
3957,hf:barkermrl/imagenet-a:train:4071,53,1.000000
3958,hf:barkermrl/imagenet-a:train:4072,53,1.000000
3959,hf:barkermrl/imagenet-a:train:4073,53,1.000000
3960,hf:barkermrl/imagenet-a:train:4074,53,1.000000
3961,hf:barkermrl/imagenet-a:train:4075,53,1.000000
3962,hf:barkermrl/imagenet-a:train:4076,53,1.000000
3963,hf:barkermrl/imagenet-a:train:4077,53,1.000000
3964,hf:barkermrl/imagenet-a:train:4078,53,1.000000
3965,hf:barkermrl/imagenet-a:train:4079,53,1.000000
3966,hf:barkermrl/imagenet-a:train:4080,53,1.000000
3967,hf:barkermrl/imagenet-a:train:4081,53,1.000000
3968,hf:barkermrl/imagenet-a:train:4082,53,1.000000
3969,hf:barkermrl/imagenet-a:train:4083,53,1.000000
3970,hf:barkermrl/imagenet-a:train:4084,53,1.000000
3971,hf:barkermrl/imagenet-a:train:4085,53,1.000000
3972,hf:barkermrl/imagenet-a:train:4086,53,1.000000
3973,hf:barkermrl/imagenet-a:train:4087,53,1.000000
3974,hf:barkermrl/imagenet-a:train:4088,53,1.000000
3975,hf:barkermrl/imagenet-a:train:4089,53,1.000000
3976,hf:barkermrl/imagenet-a:train:4090,53,1.000000
3977,hf:barkermrl/imagenet-a:train:4091,53,1.000000
3978,hf:barkermrl/imagenet-a:train:4092,53,1.000000
3979,hf:barkermrl/imagenet-a:train:4093,53,1.000000
3980,hf:barkermrl/imagenet-a:train:4094,53,1.000000
3981,hf:barkermrl/imagenet-a:train:4095,53,1.000000
3982,hf:barkermrl/imagenet-a:train:4096,53,1.000000
3983,hf:barkermrl/imagenet-a:train:4097,53,1.000000
3984,hf:barkermrl/imagenet-a:train:4098,53,1.000000
3985,hf:barkermrl/imagenet-a:train:4099,53,1.000000
3986,hf:barkermrl/imagenet-a:train:4100,53,1.000000
3987,hf:barkermrl/imagenet-a:train:4101,53,1.000000
3988,hf:barkermrl/imagenet-a:train:4102,53,1.000000
3989,hf:barkermrl/imagenet-a:train:4103,53,1.000000
3990,hf:barkermrl/imagenet-a:train:4104,53,1.000000
3991,hf:barkermrl/imagenet-a:train:4105,53,1.000000
3992,hf:barkermrl/imagenet-a:train:4106,53,1.000000
3993,hf:barkermrl/imagenet-a:train:4107,53,1.000000
3994,hf:barkermrl/imagenet-a:train:4108,53,1.000000
3995,hf:barkermrl/imagenet-a:train:4109,53,1.000000
3996,hf:barkermrl/imagenet-a:train:4110,53,1.000000
3997,hf:barkermrl/imagenet-a:train:4111,53,1.000000
3998,hf:barkermrl/imagenet-a:train:4112,53,1.000000
3999,hf:barkermrl/imagenet-a:train:4113,53,1.000000
4000,hf:barkermrl/imagenet-a:train:4114,53,1.000000
4001,hf:barkermrl/imagenet-a:train:4115,53,1.000000
4002,hf:barkermrl/imagenet-a:train:4116,53,1.000000
4003,hf:barkermrl/imagenet-a:train:4117,53,1.000000
4004,hf:barkermrl/imagenet-a:train:4118,53,1.000000
4005,hf:barkermrl/imagenet-a:train:4119,53,1.000000
4006,hf:barkermrl/imagenet-a:train:4120,53,1.000000
4007,hf:barkermrl/imagenet-a:train:4121,53,1.000000
4008,hf:barkermrl/imagenet-a:train:4122,53,1.000000
4009,hf:barkermrl/imagenet-a:train:4123,53,1.000000
4010,hf:barkermrl/imagenet-a:train:4124,53,1.000000
4011,hf:barkermrl/imagenet-a:train:4125,53,1.000000
4012,hf:barkermrl/imagenet-a:train:4126,53,1.000000
4013,hf:barkermrl/imagenet-a:train:4127,53,1.000000
4014,hf:barkermrl/imagenet-a:train:4128,53,1.000000
4015,hf:barkermrl/imagenet-a:train:4129,53,1.000000
4016,hf:barkermrl/imagenet-a:train:4130,53,1.000000
4017,hf:barkermrl/imagenet-a:train:4131,53,1.000000
4018,hf:barkermrl/imagenet-a:train:4132,53,1.000000
4019,hf:barkermrl/imagenet-a:train:4133,53,1.000000
4020,hf:barkermrl/imagenet-a:train:4134,53,1.000000
4021,hf:barkermrl/imagenet-a:train:4135,53,1.000000
4022,hf:barkermrl/imagenet-a:train:4136,53,1.000000
4023,hf:barkermrl/imagenet-a:train:4137,53,1.000000
4024,hf:barkermrl/imagenet-a:train:4138,53,1.000000
4025,hf:barkermrl/imagenet-a:train:4139,53,1.000000
4026,hf:barkermrl/imagenet-a:train:4140,53,1.000000
4027,hf:barkermrl/imagenet-a:train:4141,53,1.000000
4028,hf:barkermrl/imagenet-a:train:4142,53,1.000000
4029,hf:barkermrl/imagenet-a:train:4143,53,1.000000
4030,hf:barkermrl/imagenet-a:train:4144,53,1.000000
4031,hf:barkermrl/imagenet-a:train:4145,53,1.000000
4032,hf:barkermrl/imagenet-a:train:4146,53,1.000000
4033,hf:barkermrl/imagenet-a:train:4147,53,1.000000
4034,hf:barkermrl/imagenet-a:train:4148,53,1.000000
4035,hf:barkermrl/imagenet-a:train:4149,53,1.000000
4036,hf:barkermrl/imagenet-a:train:4150,53,1.000000
4037,hf:barkermrl/imagenet-a:train:4151,54,1.000000
4038,hf:barkermrl/imagenet-a:train:4152,54,1.000000
4039,hf:barkermrl/imagenet-a:train:4153,54,1.000000
4040,hf:barkermrl/imagenet-a:train:4154,54,1.000000
4041,hf:barkermrl/imagenet-a:train:4155,54,1.000000
4042,hf:barkermrl/imagenet-a:train:4156,54,1.000000
4043,hf:barkermrl/imagenet-a:train:4157,54,1.000000
4044,hf:barkermrl/imagenet-a:train:4158,54,1.000000
4045,hf:barkermrl/imagenet-a:train:4159,54,1.000000
4046,hf:barkermrl/imagenet-a:train:4160,54,1.000000
4047,hf:barkermrl/imagenet-a:train:4161,54,1.000000
4048,hf:barkermrl/imagenet-a:train:4162,54,1.000000
4049,hf:barkermrl/imagenet-a:train:4163,54,1.000000
4050,hf:barkermrl/imagenet-a:train:4164,54,1.000000
4051,hf:barkermrl/imagenet-a:train:4165,54,1.000000
4052,hf:barkermrl/imagenet-a:train:4166,54,1.000000
4053,hf:barkermrl/imagenet-a:train:4167,54,1.000000
4054,hf:barkermrl/imagenet-a:train:4168,54,1.000000
4055,hf:barkermrl/imagenet-a:train:4169,54,1.000000
4056,hf:barkermrl/imagenet-a:train:4170,54,1.000000
4057,hf:barkermrl/imagenet-a:train:4171,54,1.000000
4058,hf:barkermrl/imagenet-a:train:4172,54,1.000000
4059,hf:barkermrl/imagenet-a:train:4173,54,1.000000
4060,hf:barkermrl/imagenet-a:train:4174,54,1.000000
4061,hf:barkermrl/imagenet-a:train:4175,54,1.000000
4062,hf:barkermrl/imagenet-a:train:4176,54,1.000000
4063,hf:barkermrl/imagenet-a:train:4177,54,1.000000
4064,hf:barkermrl/imagenet-a:train:4178,54,1.000000
4065,hf:barkermrl/imagenet-a:train:4179,54,1.000000
4066,hf:barkermrl/imagenet-a:train:4180,54,1.000000
4067,hf:barkermrl/imagenet-a:train:4181,54,1.000000
4068,hf:barkermrl/imagenet-a:train:4182,54,1.000000
4069,hf:barkermrl/imagenet-a:train:4183,54,1.000000
4070,hf:barkermrl/imagenet-a:train:4184,54,1.000000
4071,hf:barkermrl/imagenet-a:train:4185,54,1.000000
4072,hf:barkermrl/imagenet-a:train:4186,54,1.000000
4073,hf:barkermrl/imagenet-a:train:4187,54,1.000000
4074,hf:barkermrl/imagenet-a:train:4188,54,1.000000
4075,hf:barkermrl/imagenet-a:train:4189,54,1.000000
4076,hf:barkermrl/imagenet-a:train:4190,54,1.000000
4077,hf:barkermrl/imagenet-a:train:4191,54,1.000000
4078,hf:barkermrl/imagenet-a:train:4192,54,1.000000
4079,hf:barkermrl/imagenet-a:train:4193,54,1.000000
4080,hf:barkermrl/imagenet-a:train:4194,54,1.000000
4081,hf:barkermrl/imagenet-a:train:4195,54,1.000000
4082,hf:barkermrl/imagenet-a:train:4196,54,1.000000
4083,hf:barkermrl/imagenet-a:train:4197,54,1.000000
4084,hf:barkermrl/imagenet-a:train:4198,54,1.000000
4085,hf:barkermrl/imagenet-a:train:4199,54,1.000000
4086,hf:barkermrl/imagenet-a:train:4200,54,1.000000
4087,hf:barkermrl/imagenet-a:train:4201,54,1.000000
4088,hf:barkermrl/imagenet-a:train:4202,54,1.000000
4089,hf:barkermrl/imagenet-a:train:4203,54,1.000000
4090,hf:barkermrl/imagenet-a:train:4204,54,1.000000
4091,hf:barkermrl/imagenet-a:train:4205,54,1.000000
4092,hf:barkermrl/imagenet-a:train:4206,54,1.000000
4093,hf:barkermrl/imagenet-a:train:4207,54,1.000000
4094,hf:barkermrl/imagenet-a:train:4208,54,1.000000
4095,hf:barkermrl/imagenet-a:train:4209,54,1.000000
4096,hf:barkermrl/imagenet-a:train:4210,54,1.000000
4097,hf:barkermrl/imagenet-a:train:4211,54,1.000000
4098,hf:barkermrl/imagenet-a:train:4212,54,1.000000
4099,hf:barkermrl/imagenet-a:train:4213,55,1.000000
4100,hf:barkermrl/imagenet-a:train:4214,55,1.000000
4101,hf:barkermrl/imagenet-a:train:4215,55,1.000000
4102,hf:barkermrl/imagenet-a:train:4216,55,1.000000
4103,hf:barkermrl/imagenet-a:train:4217,55,1.000000
4104,hf:barkermrl/imagenet-a:train:4218,55,1.000000
4105,hf:barkermrl/imagenet-a:train:4219,55,1.000000
4106,hf:barkermrl/imagenet-a:train:4220,55,1.000000
4107,hf:barkermrl/imagenet-a:train:4221,55,1.000000
4108,hf:barkermrl/imagenet-a:train:4222,55,1.000000
4109,hf:barkermrl/imagenet-a:train:4223,55,1.000000
4110,hf:barkermrl/imagenet-a:train:4224,55,1.000000
4111,hf:barkermrl/imagenet-a:train:4225,55,1.000000
4112,hf:barkermrl/imagenet-a:train:4226,55,1.000000
4113,hf:barkermrl/imagenet-a:train:4227,55,1.000000
4114,hf:barkermrl/imagenet-a:train:4228,55,1.000000
4115,hf:barkermrl/imagenet-a:train:4229,55,1.000000
4116,hf:barkermrl/imagenet-a:train:4230,55,1.000000
4117,hf:barkermrl/imagenet-a:train:4231,55,1.000000
4118,hf:barkermrl/imagenet-a:train:4232,55,1.000000
4119,hf:barkermrl/imagenet-a:train:4233,55,1.000000
4120,hf:barkermrl/imagenet-a:train:4234,55,1.000000
4121,hf:barkermrl/imagenet-a:train:4235,55,1.000000
4122,hf:barkermrl/imagenet-a:train:4236,55,1.000000
4123,hf:barkermrl/imagenet-a:train:4237,55,1.000000
4124,hf:barkermrl/imagenet-a:train:4238,55,1.000000
4125,hf:barkermrl/imagenet-a:train:4239,55,1.000000
4126,hf:barkermrl/imagenet-a:train:4240,55,1.000000
4127,hf:barkermrl/imagenet-a:train:4241,55,1.000000
4128,hf:barkermrl/imagenet-a:train:4242,55,1.000000
4129,hf:barkermrl/imagenet-a:train:4243,55,1.000000
4130,hf:barkermrl/imagenet-a:train:4244,55,1.000000
4131,hf:barkermrl/imagenet-a:train:4245,55,1.000000
4132,hf:barkermrl/imagenet-a:train:4246,55,1.000000
4133,hf:barkermrl/imagenet-a:train:4247,55,1.000000
4134,hf:barkermrl/imagenet-a:train:4248,55,1.000000
4135,hf:barkermrl/imagenet-a:train:4249,55,1.000000
4136,hf:barkermrl/imagenet-a:train:4250,55,1.000000
4137,hf:barkermrl/imagenet-a:train:4251,55,1.000000
4138,hf:barkermrl/imagenet-a:train:4252,55,1.000000
4139,hf:barkermrl/imagenet-a:train:4253,55,1.000000
4140,hf:barkermrl/imagenet-a:train:4254,55,1.000000
4141,hf:barkermrl/imagenet-a:train:4255,55,1.000000
4142,hf:barkermrl/imagenet-a:train:4256,55,1.000000
4143,hf:barkermrl/imagenet-a:train:4257,55,1.000000
4144,hf:barkermrl/imagenet-a:train:4258,55,1.000000
4145,hf:barkermrl/imagenet-a:train:4259,55,1.000000
4146,hf:barkermrl/imagenet-a:train:4260,55,1.000000
4147,hf:barkermrl/imagenet-a:train:4261,55,1.000000
4148,hf:barkermrl/imagenet-a:train:4262,55,1.000000
4149,hf:barkermrl/imagenet-a:train:4263,55,1.000000
4150,hf:barkermrl/imagenet-a:train:4264,55,1.000000
4151,hf:barkermrl/imagenet-a:train:4265,55,1.000000
4152,hf:barkermrl/imagenet-a:train:4266,55,1.000000
4153,hf:barkermrl/imagenet-a:train:4267,55,1.000000
4154,hf:barkermrl/imagenet-a:train:4268,55,1.000000
4155,hf:barkermrl/imagenet-a:train:4269,55,1.000000
4156,hf:barkermrl/imagenet-a:train:4270,55,1.000000
4157,hf:barkermrl/imagenet-a:train:4271,55,1.000000
4158,hf:barkermrl/imagenet-a:train:4272,55,1.000000
4159,hf:barkermrl/imagenet-a:train:4273,55,1.000000
4160,hf:barkermrl/imagenet-a:train:4274,55,1.000000
4161,hf:barkermrl/imagenet-a:train:4275,55,1.000000
4162,hf:barkermrl/imagenet-a:train:4276,55,1.000000
4163,hf:barkermrl/imagenet-a:train:4277,55,1.000000
4164,hf:barkermrl/imagenet-a:train:4278,55,1.000000
4165,hf:barkermrl/imagenet-a:train:4279,55,1.000000
4166,hf:barkermrl/imagenet-a:train:4280,55,1.000000
4167,hf:barkermrl/imagenet-a:train:4281,55,1.000000
4168,hf:barkermrl/imagenet-a:train:4282,55,1.000000
4169,hf:barkermrl/imagenet-a:train:4283,55,1.000000
4170,hf:barkermrl/imagenet-a:train:4284,55,1.000000
4171,hf:barkermrl/imagenet-a:train:4285,55,1.000000
4172,hf:barkermrl/imagenet-a:train:4286,55,1.000000
4173,hf:barkermrl/imagenet-a:train:4287,55,1.000000
4174,hf:barkermrl/imagenet-a:train:4288,55,1.000000
4175,hf:barkermrl/imagenet-a:train:4289,55,1.000000
4176,hf:barkermrl/imagenet-a:train:4290,55,1.000000
4177,hf:barkermrl/imagenet-a:train:4291,55,1.000000
4178,hf:barkermrl/imagenet-a:train:4292,55,1.000000
4179,hf:barkermrl/imagenet-a:train:4293,55,1.000000
4180,hf:barkermrl/imagenet-a:train:4294,56,1.000000
4181,hf:barkermrl/imagenet-a:train:4295,56,1.000000
4182,hf:barkermrl/imagenet-a:train:4296,56,1.000000
4183,hf:barkermrl/imagenet-a:train:4297,56,1.000000
4184,hf:barkermrl/imagenet-a:train:4298,56,1.000000
4185,hf:barkermrl/imagenet-a:train:4299,56,1.000000
4186,hf:barkermrl/imagenet-a:train:4300,56,1.000000
4187,hf:barkermrl/imagenet-a:train:4301,56,1.000000
4188,hf:barkermrl/imagenet-a:train:4302,56,1.000000
4189,hf:barkermrl/imagenet-a:train:4303,56,1.000000
4190,hf:barkermrl/imagenet-a:train:4304,56,1.000000
4191,hf:barkermrl/imagenet-a:train:4305,56,1.000000
4192,hf:barkermrl/imagenet-a:train:4306,56,1.000000
4193,hf:barkermrl/imagenet-a:train:4307,56,1.000000
4194,hf:barkermrl/imagenet-a:train:4308,56,1.000000
4195,hf:barkermrl/imagenet-a:train:4309,56,1.000000
4196,hf:barkermrl/imagenet-a:train:4310,56,1.000000
4197,hf:barkermrl/imagenet-a:train:4311,56,1.000000
4198,hf:barkermrl/imagenet-a:train:4312,56,1.000000
4199,hf:barkermrl/imagenet-a:train:4313,56,1.000000
4200,hf:barkermrl/imagenet-a:train:4314,56,1.000000
4201,hf:barkermrl/imagenet-a:train:4315,56,1.000000
4202,hf:barkermrl/imagenet-a:train:4316,56,1.000000
4203,hf:barkermrl/imagenet-a:train:4317,56,1.000000
4204,hf:barkermrl/imagenet-a:train:4318,56,1.000000
4205,hf:barkermrl/imagenet-a:train:4319,56,1.000000
4206,hf:barkermrl/imagenet-a:train:4320,56,1.000000
4207,hf:barkermrl/imagenet-a:train:4321,56,1.000000
4208,hf:barkermrl/imagenet-a:train:4322,56,1.000000
4209,hf:barkermrl/imagenet-a:train:4323,56,1.000000
4210,hf:barkermrl/imagenet-a:train:4324,56,1.000000
4211,hf:barkermrl/imagenet-a:train:4325,57,1.000000
4212,hf:barkermrl/imagenet-a:train:4326,57,1.000000
4213,hf:barkermrl/imagenet-a:train:4327,57,1.000000
4214,hf:barkermrl/imagenet-a:train:4328,57,1.000000
4215,hf:barkermrl/imagenet-a:train:4329,57,1.000000
4216,hf:barkermrl/imagenet-a:train:4330,57,1.000000
4217,hf:barkermrl/imagenet-a:train:4331,57,1.000000
4218,hf:barkermrl/imagenet-a:train:4332,57,1.000000
4219,hf:barkermrl/imagenet-a:train:4333,57,1.000000
4220,hf:barkermrl/imagenet-a:train:4334,57,1.000000
4221,hf:barkermrl/imagenet-a:train:4335,57,1.000000
4222,hf:barkermrl/imagenet-a:train:4336,57,1.000000
4223,hf:barkermrl/imagenet-a:train:4337,57,1.000000
4224,hf:barkermrl/imagenet-a:train:4338,57,1.000000
4225,hf:barkermrl/imagenet-a:train:4339,57,1.000000
4226,hf:barkermrl/imagenet-a:train:4340,57,1.000000
4227,hf:barkermrl/imagenet-a:train:4341,57,1.000000
4228,hf:barkermrl/imagenet-a:train:4342,57,1.000000
4229,hf:barkermrl/imagenet-a:train:4343,57,1.000000
4230,hf:barkermrl/imagenet-a:train:4344,57,1.000000
4231,hf:barkermrl/imagenet-a:train:4345,57,1.000000
4232,hf:barkermrl/imagenet-a:train:4346,57,1.000000
4233,hf:barkermrl/imagenet-a:train:4347,57,1.000000
4234,hf:barkermrl/imagenet-a:train:4348,57,1.000000
4235,hf:barkermrl/imagenet-a:train:4349,57,1.000000
4236,hf:barkermrl/imagenet-a:train:4350,57,1.000000
4237,hf:barkermrl/imagenet-a:train:4351,57,1.000000
4238,hf:barkermrl/imagenet-a:train:4352,57,1.000000
4239,hf:barkermrl/imagenet-a:train:4353,57,1.000000
4240,hf:barkermrl/imagenet-a:train:4354,57,1.000000
4241,hf:barkermrl/imagenet-a:train:4355,57,1.000000
4242,hf:barkermrl/imagenet-a:train:4356,57,1.000000
4243,hf:barkermrl/imagenet-a:train:4357,57,1.000000
4244,hf:barkermrl/imagenet-a:train:4358,57,1.000000
4245,hf:barkermrl/imagenet-a:train:4359,57,1.000000
4246,hf:barkermrl/imagenet-a:train:4360,57,1.000000
4247,hf:barkermrl/imagenet-a:train:4361,57,1.000000
4248,hf:barkermrl/imagenet-a:train:4362,57,1.000000
4249,hf:barkermrl/imagenet-a:train:4363,57,1.000000
4250,hf:barkermrl/imagenet-a:train:4364,57,1.000000
4251,hf:barkermrl/imagenet-a:train:4365,57,1.000000
4252,hf:barkermrl/imagenet-a:train:4366,57,1.000000
4253,hf:barkermrl/imagenet-a:train:4367,57,1.000000
4254,hf:barkermrl/imagenet-a:train:4368,57,1.000000
4255,hf:barkermrl/imagenet-a:train:4369,57,1.000000
4256,hf:barkermrl/imagenet-a:train:4370,57,1.000000
4257,hf:barkermrl/imagenet-a:train:4371,57,1.000000
4258,hf:barkermrl/imagenet-a:train:4372,57,1.000000
4259,hf:barkermrl/imagenet-a:train:4373,57,1.000000
4260,hf:barkermrl/imagenet-a:train:4374,57,1.000000
4261,hf:barkermrl/imagenet-a:train:4375,57,1.000000
4262,hf:barkermrl/imagenet-a:train:4376,57,1.000000
4263,hf:barkermrl/imagenet-a:train:4377,57,1.000000
4264,hf:barkermrl/imagenet-a:train:4378,57,1.000000
4265,hf:barkermrl/imagenet-a:train:4379,57,1.000000
4266,hf:barkermrl/imagenet-a:train:4380,57,1.000000
4267,hf:barkermrl/imagenet-a:train:4381,57,1.000000
4268,hf:barkermrl/imagenet-a:train:4382,57,1.000000
4269,hf:barkermrl/imagenet-a:train:4383,57,1.000000
4270,hf:barkermrl/imagenet-a:train:4384,57,1.000000
4271,hf:barkermrl/imagenet-a:train:4385,58,1.000000
4272,hf:barkermrl/imagenet-a:train:4386,58,1.000000
4273,hf:barkermrl/imagenet-a:train:4387,58,1.000000
4274,hf:barkermrl/imagenet-a:train:4388,58,1.000000
4275,hf:barkermrl/imagenet-a:train:4389,58,1.000000
4276,hf:barkermrl/imagenet-a:train:4390,58,1.000000
4277,hf:barkermrl/imagenet-a:train:4391,58,1.000000
4278,hf:barkermrl/imagenet-a:train:4392,58,1.000000
4279,hf:barkermrl/imagenet-a:train:4393,58,1.000000
4280,hf:barkermrl/imagenet-a:train:4394,58,1.000000
4281,hf:barkermrl/imagenet-a:train:4395,58,1.000000
4282,hf:barkermrl/imagenet-a:train:4396,58,1.000000
4283,hf:barkermrl/imagenet-a:train:4397,58,1.000000
4284,hf:barkermrl/imagenet-a:train:4398,58,1.000000
4285,hf:barkermrl/imagenet-a:train:4399,58,1.000000
4286,hf:barkermrl/imagenet-a:train:4400,58,1.000000
4287,hf:barkermrl/imagenet-a:train:4401,58,1.000000
4288,hf:barkermrl/imagenet-a:train:4402,58,1.000000
4289,hf:barkermrl/imagenet-a:train:4403,58,1.000000
4290,hf:barkermrl/imagenet-a:train:4404,58,1.000000
4291,hf:barkermrl/imagenet-a:train:4405,58,1.000000
4292,hf:barkermrl/imagenet-a:train:4406,58,1.000000
4293,hf:barkermrl/imagenet-a:train:4407,58,1.000000
4294,hf:barkermrl/imagenet-a:train:4408,58,1.000000
4295,hf:barkermrl/imagenet-a:train:4409,58,1.000000
4296,hf:barkermrl/imagenet-a:train:4410,58,1.000000
4297,hf:barkermrl/imagenet-a:train:4411,58,1.000000
4298,hf:barkermrl/imagenet-a:train:4412,58,1.000000
4299,hf:barkermrl/imagenet-a:train:4413,58,1.000000
4300,hf:barkermrl/imagenet-a:train:4414,58,1.000000
4301,hf:barkermrl/imagenet-a:train:4415,58,1.000000
4302,hf:barkermrl/imagenet-a:train:4416,58,1.000000
4303,hf:barkermrl/imagenet-a:train:4417,58,1.000000
4304,hf:barkermrl/imagenet-a:train:4418,58,1.000000
4305,hf:barkermrl/imagenet-a:train:4419,58,1.000000
4306,hf:barkermrl/imagenet-a:train:4420,58,1.000000
4307,hf:barkermrl/imagenet-a:train:4421,58,1.000000
4308,hf:barkermrl/imagenet-a:train:4422,58,1.000000
4309,hf:barkermrl/imagenet-a:train:4423,58,1.000000
4310,hf:barkermrl/imagenet-a:train:4424,58,1.000000
4311,hf:barkermrl/imagenet-a:train:4425,58,1.000000
4312,hf:barkermrl/imagenet-a:train:4426,58,1.000000
4313,hf:barkermrl/imagenet-a:train:4427,58,1.000000
4314,hf:barkermrl/imagenet-a:train:4428,58,1.000000
4315,hf:barkermrl/imagenet-a:train:4429,58,1.000000
4316,hf:barkermrl/imagenet-a:train:4430,58,1.000000
4317,hf:barkermrl/imagenet-a:train:4431,58,1.000000
4318,hf:barkermrl/imagenet-a:train:4432,58,1.000000
4319,hf:barkermrl/imagenet-a:train:4433,58,1.000000
4320,hf:barkermrl/imagenet-a:train:4434,58,1.000000
4321,hf:barkermrl/imagenet-a:train:4435,58,1.000000
4322,hf:barkermrl/imagenet-a:train:4436,58,1.000000
4323,hf:barkermrl/imagenet-a:train:4437,58,1.000000
4324,hf:barkermrl/imagenet-a:train:4438,58,1.000000
4325,hf:barkermrl/imagenet-a:train:4439,58,1.000000
4326,hf:barkermrl/imagenet-a:train:4440,58,1.000000
4327,hf:barkermrl/imagenet-a:train:4441,58,1.000000
4328,hf:barkermrl/imagenet-a:train:4442,59,1.000000
4329,hf:barkermrl/imagenet-a:train:4443,59,1.000000
4330,hf:barkermrl/imagenet-a:train:4444,59,1.000000
4331,hf:barkermrl/imagenet-a:train:4445,59,1.000000
4332,hf:barkermrl/imagenet-a:train:4446,59,1.000000
4333,hf:barkermrl/imagenet-a:train:4447,59,1.000000
4334,hf:barkermrl/imagenet-a:train:4448,59,1.000000
4335,hf:barkermrl/imagenet-a:train:4449,59,1.000000
4336,hf:barkermrl/imagenet-a:train:4450,59,1.000000
4337,hf:barkermrl/imagenet-a:train:4451,59,1.000000
4338,hf:barkermrl/imagenet-a:train:4452,59,1.000000
4339,hf:barkermrl/imagenet-a:train:4453,59,1.000000
4340,hf:barkermrl/imagenet-a:train:4454,59,1.000000
4341,hf:barkermrl/imagenet-a:train:4455,59,1.000000
4342,hf:barkermrl/imagenet-a:train:4456,59,1.000000
4343,hf:barkermrl/imagenet-a:train:4457,59,1.000000
4344,hf:barkermrl/imagenet-a:train:4458,59,1.000000
4345,hf:barkermrl/imagenet-a:train:4459,59,1.000000
4346,hf:barkermrl/imagenet-a:train:4460,59,1.000000
4347,hf:barkermrl/imagenet-a:train:4461,59,1.000000
4348,hf:barkermrl/imagenet-a:train:4462,59,1.000000
4349,hf:barkermrl/imagenet-a:train:4463,59,1.000000
4350,hf:barkermrl/imagenet-a:train:4464,59,1.000000
4351,hf:barkermrl/imagenet-a:train:4465,59,1.000000
4352,hf:barkermrl/imagenet-a:train:4466,59,1.000000
4353,hf:barkermrl/imagenet-a:train:4467,59,1.000000
4354,hf:barkermrl/imagenet-a:train:4468,59,1.000000
4355,hf:barkermrl/imagenet-a:train:4469,59,1.000000
4356,hf:barkermrl/imagenet-a:train:4470,59,1.000000
4357,hf:barkermrl/imagenet-a:train:4471,59,1.000000
4358,hf:barkermrl/imagenet-a:train:4472,59,1.000000
4359,hf:barkermrl/imagenet-a:train:4473,59,1.000000
4360,hf:barkermrl/imagenet-a:train:4474,59,1.000000
4361,hf:barkermrl/imagenet-a:train:4475,59,1.000000
4362,hf:barkermrl/imagenet-a:train:4476,59,1.000000
4363,hf:barkermrl/imagenet-a:train:4477,59,1.000000
4364,hf:barkermrl/imagenet-a:train:4478,59,1.000000
4365,hf:barkermrl/imagenet-a:train:4479,59,1.000000
4366,hf:barkermrl/imagenet-a:train:4480,59,1.000000
4367,hf:barkermrl/imagenet-a:train:4481,59,1.000000
4368,hf:barkermrl/imagenet-a:train:4482,59,1.000000
4369,hf:barkermrl/imagenet-a:train:4483,59,1.000000
4370,hf:barkermrl/imagenet-a:train:4484,59,1.000000
4371,hf:barkermrl/imagenet-a:train:4485,59,1.000000
4372,hf:barkermrl/imagenet-a:train:4486,59,1.000000
4373,hf:barkermrl/imagenet-a:train:4487,59,1.000000
4374,hf:barkermrl/imagenet-a:train:4488,59,1.000000
4375,hf:barkermrl/imagenet-a:train:4489,59,1.000000
4376,hf:barkermrl/imagenet-a:train:4490,59,1.000000
4377,hf:barkermrl/imagenet-a:train:4491,59,1.000000
4378,hf:barkermrl/imagenet-a:train:4492,59,1.000000
4379,hf:barkermrl/imagenet-a:train:4493,59,1.000000
4380,hf:barkermrl/imagenet-a:train:4494,59,1.000000
4381,hf:barkermrl/imagenet-a:train:4495,59,1.000000
4382,hf:barkermrl/imagenet-a:train:4496,59,1.000000
4383,hf:barkermrl/imagenet-a:train:4497,59,1.000000
4384,hf:barkermrl/imagenet-a:train:4498,59,1.000000
4385,hf:barkermrl/imagenet-a:train:4499,59,1.000000
4386,hf:barkermrl/imagenet-a:train:4500,59,1.000000
4387,hf:barkermrl/imagenet-a:train:4501,59,1.000000
4388,hf:barkermrl/imagenet-a:train:4502,59,1.000000
4389,hf:barkermrl/imagenet-a:train:4503,59,1.000000
4390,hf:barkermrl/imagenet-a:train:4504,59,1.000000
4391,hf:barkermrl/imagenet-a:train:4505,59,1.000000
4392,hf:barkermrl/imagenet-a:train:4506,59,1.000000
4393,hf:barkermrl/imagenet-a:train:4507,59,1.000000
4394,hf:barkermrl/imagenet-a:train:4508,59,1.000000
4395,hf:barkermrl/imagenet-a:train:4509,59,1.000000
4396,hf:barkermrl/imagenet-a:train:4510,59,1.000000
4397,hf:barkermrl/imagenet-a:train:4511,59,1.000000
4398,hf:barkermrl/imagenet-a:train:4512,59,1.000000
4399,hf:barkermrl/imagenet-a:train:4513,59,1.000000
4400,hf:barkermrl/imagenet-a:train:4514,59,1.000000
4401,hf:barkermrl/imagenet-a:train:4515,59,1.000000
4402,hf:barkermrl/imagenet-a:train:4516,59,1.000000
4403,hf:barkermrl/imagenet-a:train:4517,59,1.000000
4404,hf:barkermrl/imagenet-a:train:4518,59,1.000000
4405,hf:barkermrl/imagenet-a:train:4519,59,1.000000
4406,hf:barkermrl/imagenet-a:train:4520,59,1.000000
4407,hf:barkermrl/imagenet-a:train:4521,59,1.000000
4408,hf:barkermrl/imagenet-a:train:4522,59,1.000000
4409,hf:barkermrl/imagenet-a:train:4523,59,1.000000
4410,hf:barkermrl/imagenet-a:train:4524,59,1.000000
4411,hf:barkermrl/imagenet-a:train:4525,59,1.000000
4412,hf:barkermrl/imagenet-a:train:4526,59,1.000000
4413,hf:barkermrl/imagenet-a:train:4527,59,1.000000
4414,hf:barkermrl/imagenet-a:train:4528,59,1.000000
4415,hf:barkermrl/imagenet-a:train:4529,59,1.000000
4416,hf:barkermrl/imagenet-a:train:4530,59,1.000000
4417,hf:barkermrl/imagenet-a:train:4531,59,1.000000
4418,hf:barkermrl/imagenet-a:train:4532,59,1.000000
4419,hf:barkermrl/imagenet-a:train:4533,59,1.000000
4420,hf:barkermrl/imagenet-a:train:4534,59,1.000000
4421,hf:barkermrl/imagenet-a:train:4535,59,1.000000
4422,hf:barkermrl/imagenet-a:train:4536,59,1.000000
4423,hf:barkermrl/imagenet-a:train:4537,59,1.000000
4424,hf:barkermrl/imagenet-a:train:4538,59,1.000000
4425,hf:barkermrl/imagenet-a:train:4539,59,1.000000
4426,hf:barkermrl/imagenet-a:train:4540,59,1.000000
4427,hf:barkermrl/imagenet-a:train:4541,59,1.000000
4428,hf:barkermrl/imagenet-a:train:4582,60,1.000000
4429,hf:barkermrl/imagenet-a:train:4583,60,1.000000
4430,hf:barkermrl/imagenet-a:train:4584,60,1.000000
4431,hf:barkermrl/imagenet-a:train:4585,60,1.000000
4432,hf:barkermrl/imagenet-a:train:4586,60,1.000000
4433,hf:barkermrl/imagenet-a:train:4587,60,1.000000
4434,hf:barkermrl/imagenet-a:train:4588,60,1.000000
4435,hf:barkermrl/imagenet-a:train:4589,60,1.000000
4436,hf:barkermrl/imagenet-a:train:4590,60,1.000000
4437,hf:barkermrl/imagenet-a:train:4591,60,1.000000
4438,hf:barkermrl/imagenet-a:train:4592,60,1.000000
4439,hf:barkermrl/imagenet-a:train:4593,60,1.000000
4440,hf:barkermrl/imagenet-a:train:4594,60,1.000000
4441,hf:barkermrl/imagenet-a:train:4595,60,1.000000
4442,hf:barkermrl/imagenet-a:train:4596,60,1.000000
4443,hf:barkermrl/imagenet-a:train:4597,60,1.000000
4444,hf:barkermrl/imagenet-a:train:4598,60,1.000000
4445,hf:barkermrl/imagenet-a:train:4599,60,1.000000
4446,hf:barkermrl/imagenet-a:train:4600,60,1.000000
4447,hf:barkermrl/imagenet-a:train:4601,60,1.000000
4448,hf:barkermrl/imagenet-a:train:4602,60,1.000000
4449,hf:barkermrl/imagenet-a:train:4603,60,1.000000
4450,hf:barkermrl/imagenet-a:train:4604,60,1.000000
4451,hf:barkermrl/imagenet-a:train:4605,60,1.000000
4452,hf:barkermrl/imagenet-a:train:4606,60,1.000000
4453,hf:barkermrl/imagenet-a:train:4607,60,1.000000
4454,hf:barkermrl/imagenet-a:train:4608,60,1.000000
4455,hf:barkermrl/imagenet-a:train:4609,60,1.000000
4456,hf:barkermrl/imagenet-a:train:4610,60,1.000000
4457,hf:barkermrl/imagenet-a:train:4611,60,1.000000
4458,hf:barkermrl/imagenet-a:train:4612,60,1.000000
4459,hf:barkermrl/imagenet-a:train:4613,60,1.000000
4460,hf:barkermrl/imagenet-a:train:4614,60,1.000000
4461,hf:barkermrl/imagenet-a:train:4615,60,1.000000
4462,hf:barkermrl/imagenet-a:train:4616,60,1.000000
4463,hf:barkermrl/imagenet-a:train:4617,60,1.000000
4464,hf:barkermrl/imagenet-a:train:4618,60,1.000000
4465,hf:barkermrl/imagenet-a:train:4619,60,1.000000
4466,hf:barkermrl/imagenet-a:train:4620,60,1.000000
4467,hf:barkermrl/imagenet-a:train:4621,60,1.000000
4468,hf:barkermrl/imagenet-a:train:4622,60,1.000000
4469,hf:barkermrl/imagenet-a:train:4623,60,1.000000
4470,hf:barkermrl/imagenet-a:train:4624,60,1.000000
4471,hf:barkermrl/imagenet-a:train:4625,60,1.000000
4472,hf:barkermrl/imagenet-a:train:4626,60,1.000000
4473,hf:barkermrl/imagenet-a:train:4627,60,1.000000
4474,hf:barkermrl/imagenet-a:train:4628,60,1.000000
4475,hf:barkermrl/imagenet-a:train:4629,60,1.000000
4476,hf:barkermrl/imagenet-a:train:4630,60,1.000000
4477,hf:barkermrl/imagenet-a:train:4631,60,1.000000
4478,hf:barkermrl/imagenet-a:train:4632,60,1.000000
4479,hf:barkermrl/imagenet-a:train:4633,60,1.000000
4480,hf:barkermrl/imagenet-a:train:4634,60,1.000000
4481,hf:barkermrl/imagenet-a:train:4635,60,1.000000
4482,hf:barkermrl/imagenet-a:train:4636,60,1.000000
4483,hf:barkermrl/imagenet-a:train:4637,60,1.000000
4484,hf:barkermrl/imagenet-a:train:4638,60,1.000000
4485,hf:barkermrl/imagenet-a:train:4639,60,1.000000
4486,hf:barkermrl/imagenet-a:train:4640,60,1.000000
4487,hf:barkermrl/imagenet-a:train:4641,60,1.000000
4488,hf:barkermrl/imagenet-a:train:4642,60,1.000000
4489,hf:barkermrl/imagenet-a:train:4643,60,1.000000
4490,hf:barkermrl/imagenet-a:train:4644,60,1.000000
4491,hf:barkermrl/imagenet-a:train:4645,60,1.000000
4492,hf:barkermrl/imagenet-a:train:4687,61,1.000000
4493,hf:barkermrl/imagenet-a:train:4688,61,1.000000
4494,hf:barkermrl/imagenet-a:train:4689,61,1.000000
4495,hf:barkermrl/imagenet-a:train:4690,61,1.000000
4496,hf:barkermrl/imagenet-a:train:4691,61,1.000000
4497,hf:barkermrl/imagenet-a:train:4692,61,1.000000
4498,hf:barkermrl/imagenet-a:train:4693,61,1.000000
4499,hf:barkermrl/imagenet-a:train:4694,61,1.000000
4500,hf:barkermrl/imagenet-a:train:4695,61,1.000000
4501,hf:barkermrl/imagenet-a:train:4696,61,1.000000
4502,hf:barkermrl/imagenet-a:train:4697,61,1.000000
4503,hf:barkermrl/imagenet-a:train:4698,61,1.000000
4504,hf:barkermrl/imagenet-a:train:4699,61,1.000000
4505,hf:barkermrl/imagenet-a:train:4700,61,1.000000
4506,hf:barkermrl/imagenet-a:train:4701,61,1.000000
4507,hf:barkermrl/imagenet-a:train:4702,61,1.000000
4508,hf:barkermrl/imagenet-a:train:4703,61,1.000000
4509,hf:barkermrl/imagenet-a:train:4704,61,1.000000
4510,hf:barkermrl/imagenet-a:train:4705,61,1.000000
4511,hf:barkermrl/imagenet-a:train:4706,61,1.000000
4512,hf:barkermrl/imagenet-a:train:4707,61,1.000000
4513,hf:barkermrl/imagenet-a:train:4708,61,1.000000
4514,hf:barkermrl/imagenet-a:train:4709,61,1.000000
4515,hf:barkermrl/imagenet-a:train:4710,61,1.000000
4516,hf:barkermrl/imagenet-a:train:4711,61,1.000000
4517,hf:barkermrl/imagenet-a:train:4712,61,1.000000
4518,hf:barkermrl/imagenet-a:train:4713,61,1.000000
4519,hf:barkermrl/imagenet-a:train:4714,61,1.000000
4520,hf:barkermrl/imagenet-a:train:4715,62,1.000000
4521,hf:barkermrl/imagenet-a:train:4716,62,1.000000
4522,hf:barkermrl/imagenet-a:train:4717,62,1.000000
4523,hf:barkermrl/imagenet-a:train:4718,62,1.000000
4524,hf:barkermrl/imagenet-a:train:4719,62,1.000000
4525,hf:barkermrl/imagenet-a:train:4720,62,1.000000
4526,hf:barkermrl/imagenet-a:train:4721,62,1.000000
4527,hf:barkermrl/imagenet-a:train:4722,62,1.000000
4528,hf:barkermrl/imagenet-a:train:4723,62,1.000000
4529,hf:barkermrl/imagenet-a:train:4724,62,1.000000
4530,hf:barkermrl/imagenet-a:train:4725,62,1.000000
4531,hf:barkermrl/imagenet-a:train:4726,62,1.000000
4532,hf:barkermrl/imagenet-a:train:4727,62,1.000000
4533,hf:barkermrl/imagenet-a:train:4728,62,1.000000
4534,hf:barkermrl/imagenet-a:train:4729,62,1.000000
4535,hf:barkermrl/imagenet-a:train:4730,62,1.000000
4536,hf:barkermrl/imagenet-a:train:4731,62,1.000000
4537,hf:barkermrl/imagenet-a:train:4732,62,1.000000
4538,hf:barkermrl/imagenet-a:train:4733,62,1.000000
4539,hf:barkermrl/imagenet-a:train:4734,62,1.000000
4540,hf:barkermrl/imagenet-a:train:4735,62,1.000000
4541,hf:barkermrl/imagenet-a:train:4736,62,1.000000
4542,hf:barkermrl/imagenet-a:train:4737,62,1.000000
4543,hf:barkermrl/imagenet-a:train:4738,62,1.000000
4544,hf:barkermrl/imagenet-a:train:4739,62,1.000000
4545,hf:barkermrl/imagenet-a:train:4740,62,1.000000
4546,hf:barkermrl/imagenet-a:train:4741,62,1.000000
4547,hf:barkermrl/imagenet-a:train:4742,62,1.000000
4548,hf:barkermrl/imagenet-a:train:4743,62,1.000000
4549,hf:barkermrl/imagenet-a:train:4744,62,1.000000
4550,hf:barkermrl/imagenet-a:train:4745,62,1.000000
4551,hf:barkermrl/imagenet-a:train:4746,62,1.000000
4552,hf:barkermrl/imagenet-a:train:4747,62,1.000000
4553,hf:barkermrl/imagenet-a:train:4748,62,1.000000
4554,hf:barkermrl/imagenet-a:train:4749,62,1.000000
4555,hf:barkermrl/imagenet-a:train:4750,62,1.000000
4556,hf:barkermrl/imagenet-a:train:4751,62,1.000000
4557,hf:barkermrl/imagenet-a:train:4752,62,1.000000
4558,hf:barkermrl/imagenet-a:train:4753,62,1.000000
4559,hf:barkermrl/imagenet-a:train:4754,62,1.000000
4560,hf:barkermrl/imagenet-a:train:4755,62,1.000000
4561,hf:barkermrl/imagenet-a:train:4756,62,1.000000
4562,hf:barkermrl/imagenet-a:train:4757,62,1.000000
4563,hf:barkermrl/imagenet-a:train:4851,63,1.000000
4564,hf:barkermrl/imagenet-a:train:4852,63,1.000000
4565,hf:barkermrl/imagenet-a:train:4853,63,1.000000
4566,hf:barkermrl/imagenet-a:train:4854,63,1.000000
4567,hf:barkermrl/imagenet-a:train:4855,63,1.000000
4568,hf:barkermrl/imagenet-a:train:4856,63,1.000000
4569,hf:barkermrl/imagenet-a:train:4857,63,1.000000
4570,hf:barkermrl/imagenet-a:train:4858,63,1.000000
4571,hf:barkermrl/imagenet-a:train:4859,63,1.000000
4572,hf:barkermrl/imagenet-a:train:4860,63,1.000000
4573,hf:barkermrl/imagenet-a:train:4861,63,1.000000
4574,hf:barkermrl/imagenet-a:train:4862,63,1.000000
4575,hf:barkermrl/imagenet-a:train:4863,63,1.000000
4576,hf:barkermrl/imagenet-a:train:4864,63,1.000000
4577,hf:barkermrl/imagenet-a:train:4865,63,1.000000
4578,hf:barkermrl/imagenet-a:train:4866,63,1.000000
4579,hf:barkermrl/imagenet-a:train:4867,63,1.000000
4580,hf:barkermrl/imagenet-a:train:4868,63,1.000000
4581,hf:barkermrl/imagenet-a:train:4869,63,1.000000
4582,hf:barkermrl/imagenet-a:train:4870,63,1.000000
4583,hf:barkermrl/imagenet-a:train:4871,63,1.000000
4584,hf:barkermrl/imagenet-a:train:4872,63,1.000000
4585,hf:barkermrl/imagenet-a:train:4873,63,1.000000
4586,hf:barkermrl/imagenet-a:train:4874,63,1.000000
4587,hf:barkermrl/imagenet-a:train:4875,63,1.000000
4588,hf:barkermrl/imagenet-a:train:4876,63,1.000000
4589,hf:barkermrl/imagenet-a:train:4877,63,1.000000
4590,hf:barkermrl/imagenet-a:train:4878,63,1.000000
4591,hf:barkermrl/imagenet-a:train:4879,63,1.000000
4592,hf:barkermrl/imagenet-a:train:4880,63,1.000000
4593,hf:barkermrl/imagenet-a:train:4881,63,1.000000
4594,hf:barkermrl/imagenet-a:train:4882,64,1.000000
4595,hf:barkermrl/imagenet-a:train:4883,64,1.000000
4596,hf:barkermrl/imagenet-a:train:4884,64,1.000000
4597,hf:barkermrl/imagenet-a:train:4885,64,1.000000
4598,hf:barkermrl/imagenet-a:train:4886,64,1.000000
4599,hf:barkermrl/imagenet-a:train:4887,64,1.000000
4600,hf:barkermrl/imagenet-a:train:4888,64,1.000000
4601,hf:barkermrl/imagenet-a:train:4889,64,1.000000
4602,hf:barkermrl/imagenet-a:train:4890,64,1.000000
4603,hf:barkermrl/imagenet-a:train:4891,64,1.000000
4604,hf:barkermrl/imagenet-a:train:4892,64,1.000000
4605,hf:barkermrl/imagenet-a:train:4893,64,1.000000
4606,hf:barkermrl/imagenet-a:train:4894,64,1.000000
4607,hf:barkermrl/imagenet-a:train:4895,64,1.000000
4608,hf:barkermrl/imagenet-a:train:4896,64,1.000000
4609,hf:barkermrl/imagenet-a:train:4897,64,1.000000
4610,hf:barkermrl/imagenet-a:train:4898,64,1.000000
4611,hf:barkermrl/imagenet-a:train:4899,64,1.000000
4612,hf:barkermrl/imagenet-a:train:4900,64,1.000000
4613,hf:barkermrl/imagenet-a:train:4901,64,1.000000
4614,hf:barkermrl/imagenet-a:train:4902,64,1.000000
4615,hf:barkermrl/imagenet-a:train:4903,64,1.000000
4616,hf:barkermrl/imagenet-a:train:4904,64,1.000000
4617,hf:barkermrl/imagenet-a:train:4905,64,1.000000
4618,hf:barkermrl/imagenet-a:train:4906,64,1.000000
4619,hf:barkermrl/imagenet-a:train:4907,64,1.000000
4620,hf:barkermrl/imagenet-a:train:4908,64,1.000000
4621,hf:barkermrl/imagenet-a:train:4909,64,1.000000
4622,hf:barkermrl/imagenet-a:train:4910,64,1.000000
4623,hf:barkermrl/imagenet-a:train:4911,64,1.000000
4624,hf:barkermrl/imagenet-a:train:4912,64,1.000000
4625,hf:barkermrl/imagenet-a:train:4913,64,1.000000
4626,hf:barkermrl/imagenet-a:train:4949,65,1.000000
4627,hf:barkermrl/imagenet-a:train:4950,65,1.000000
4628,hf:barkermrl/imagenet-a:train:4951,65,1.000000
4629,hf:barkermrl/imagenet-a:train:4952,65,1.000000
4630,hf:barkermrl/imagenet-a:train:4953,65,1.000000
4631,hf:barkermrl/imagenet-a:train:4954,65,1.000000
4632,hf:barkermrl/imagenet-a:train:4955,65,1.000000
4633,hf:barkermrl/imagenet-a:train:4956,65,1.000000
4634,hf:barkermrl/imagenet-a:train:4957,65,1.000000
4635,hf:barkermrl/imagenet-a:train:4958,65,1.000000
4636,hf:barkermrl/imagenet-a:train:4959,65,1.000000
4637,hf:barkermrl/imagenet-a:train:4960,65,1.000000
4638,hf:barkermrl/imagenet-a:train:4961,65,1.000000
4639,hf:barkermrl/imagenet-a:train:4962,65,1.000000
4640,hf:barkermrl/imagenet-a:train:4963,65,1.000000
4641,hf:barkermrl/imagenet-a:train:4964,65,1.000000
4642,hf:barkermrl/imagenet-a:train:4965,65,1.000000
4643,hf:barkermrl/imagenet-a:train:4966,65,1.000000
4644,hf:barkermrl/imagenet-a:train:4967,65,1.000000
4645,hf:barkermrl/imagenet-a:train:4968,65,1.000000
4646,hf:barkermrl/imagenet-a:train:4969,65,1.000000
4647,hf:barkermrl/imagenet-a:train:4970,65,1.000000
4648,hf:barkermrl/imagenet-a:train:4971,65,1.000000
4649,hf:barkermrl/imagenet-a:train:4972,65,1.000000
4650,hf:barkermrl/imagenet-a:train:4973,65,1.000000
4651,hf:barkermrl/imagenet-a:train:4974,65,1.000000
4652,hf:barkermrl/imagenet-a:train:4975,65,1.000000
4653,hf:barkermrl/imagenet-a:train:4976,65,1.000000
4654,hf:barkermrl/imagenet-a:train:4977,65,1.000000
4655,hf:barkermrl/imagenet-a:train:4978,65,1.000000
4656,hf:barkermrl/imagenet-a:train:4979,65,1.000000
4657,hf:barkermrl/imagenet-a:train:4980,65,1.000000
4658,hf:barkermrl/imagenet-a:train:4981,65,1.000000
4659,hf:barkermrl/imagenet-a:train:4982,65,1.000000
4660,hf:barkermrl/imagenet-a:train:4983,65,1.000000
4661,hf:barkermrl/imagenet-a:train:4984,65,1.000000
4662,hf:barkermrl/imagenet-a:train:4985,65,1.000000
4663,hf:barkermrl/imagenet-a:train:4986,65,1.000000
4664,hf:barkermrl/imagenet-a:train:4987,65,1.000000
4665,hf:barkermrl/imagenet-a:train:4988,65,1.000000
4666,hf:barkermrl/imagenet-a:train:4989,65,1.000000
4667,hf:barkermrl/imagenet-a:train:4990,65,1.000000
4668,hf:barkermrl/imagenet-a:train:4991,66,1.000000
4669,hf:barkermrl/imagenet-a:train:4992,66,1.000000
4670,hf:barkermrl/imagenet-a:train:4993,66,1.000000
4671,hf:barkermrl/imagenet-a:train:4994,66,1.000000
4672,hf:barkermrl/imagenet-a:train:4995,66,1.000000
4673,hf:barkermrl/imagenet-a:train:4996,66,1.000000
4674,hf:barkermrl/imagenet-a:train:4997,66,1.000000
4675,hf:barkermrl/imagenet-a:train:4998,66,1.000000
4676,hf:barkermrl/imagenet-a:train:4999,66,1.000000
4677,hf:barkermrl/imagenet-a:train:5000,66,1.000000
4678,hf:barkermrl/imagenet-a:train:5001,66,1.000000
4679,hf:barkermrl/imagenet-a:train:5002,66,1.000000
4680,hf:barkermrl/imagenet-a:train:5003,66,1.000000
4681,hf:barkermrl/imagenet-a:train:5004,66,1.000000
4682,hf:barkermrl/imagenet-a:train:5005,66,1.000000
4683,hf:barkermrl/imagenet-a:train:5006,66,1.000000
4684,hf:barkermrl/imagenet-a:train:5007,66,1.000000
4685,hf:barkermrl/imagenet-a:train:5008,66,1.000000
4686,hf:barkermrl/imagenet-a:train:5009,66,1.000000
4687,hf:barkermrl/imagenet-a:train:5010,66,1.000000
4688,hf:barkermrl/imagenet-a:train:5011,66,1.000000
4689,hf:barkermrl/imagenet-a:train:5012,66,1.000000
4690,hf:barkermrl/imagenet-a:train:5013,66,1.000000
4691,hf:barkermrl/imagenet-a:train:5014,66,1.000000
4692,hf:barkermrl/imagenet-a:train:5015,66,1.000000
4693,hf:barkermrl/imagenet-a:train:5016,66,1.000000
4694,hf:barkermrl/imagenet-a:train:5017,66,1.000000
4695,hf:barkermrl/imagenet-a:train:5018,66,1.000000
4696,hf:barkermrl/imagenet-a:train:5019,66,1.000000
4697,hf:barkermrl/imagenet-a:train:5020,66,1.000000
4698,hf:barkermrl/imagenet-a:train:5021,66,1.000000
4699,hf:barkermrl/imagenet-a:train:5022,66,1.000000
4700,hf:barkermrl/imagenet-a:train:5023,66,1.000000
4701,hf:barkermrl/imagenet-a:train:5024,66,1.000000
4702,hf:barkermrl/imagenet-a:train:5025,66,1.000000
4703,hf:barkermrl/imagenet-a:train:5026,66,1.000000
4704,hf:barkermrl/imagenet-a:train:5027,66,1.000000
4705,hf:barkermrl/imagenet-a:train:5028,66,1.000000
4706,hf:barkermrl/imagenet-a:train:5029,66,1.000000
4707,hf:barkermrl/imagenet-a:train:5030,66,1.000000
4708,hf:barkermrl/imagenet-a:train:5031,66,1.000000
4709,hf:barkermrl/imagenet-a:train:5032,66,1.000000
4710,hf:barkermrl/imagenet-a:train:5033,66,1.000000
4711,hf:barkermrl/imagenet-a:train:5034,66,1.000000
4712,hf:barkermrl/imagenet-a:train:5035,66,1.000000
4713,hf:barkermrl/imagenet-a:train:5036,66,1.000000
4714,hf:barkermrl/imagenet-a:train:5037,67,1.000000
4715,hf:barkermrl/imagenet-a:train:5038,67,1.000000
4716,hf:barkermrl/imagenet-a:train:5039,67,1.000000
4717,hf:barkermrl/imagenet-a:train:5040,67,1.000000
4718,hf:barkermrl/imagenet-a:train:5041,67,1.000000
4719,hf:barkermrl/imagenet-a:train:5042,67,1.000000
4720,hf:barkermrl/imagenet-a:train:5043,67,1.000000
4721,hf:barkermrl/imagenet-a:train:5044,67,1.000000
4722,hf:barkermrl/imagenet-a:train:5045,67,1.000000
4723,hf:barkermrl/imagenet-a:train:5046,67,1.000000
4724,hf:barkermrl/imagenet-a:train:5047,67,1.000000
4725,hf:barkermrl/imagenet-a:train:5048,67,1.000000
4726,hf:barkermrl/imagenet-a:train:5049,67,1.000000
4727,hf:barkermrl/imagenet-a:train:5050,67,1.000000
4728,hf:barkermrl/imagenet-a:train:5051,67,1.000000
4729,hf:barkermrl/imagenet-a:train:5052,67,1.000000
4730,hf:barkermrl/imagenet-a:train:5053,67,1.000000
4731,hf:barkermrl/imagenet-a:train:5054,67,1.000000
4732,hf:barkermrl/imagenet-a:train:5055,67,1.000000
4733,hf:barkermrl/imagenet-a:train:5056,67,1.000000
4734,hf:barkermrl/imagenet-a:train:5057,67,1.000000
4735,hf:barkermrl/imagenet-a:train:5058,67,1.000000
4736,hf:barkermrl/imagenet-a:train:5059,67,1.000000
4737,hf:barkermrl/imagenet-a:train:5060,67,1.000000
4738,hf:barkermrl/imagenet-a:train:5061,67,1.000000
4739,hf:barkermrl/imagenet-a:train:5062,67,1.000000
4740,hf:barkermrl/imagenet-a:train:5117,68,1.000000
4741,hf:barkermrl/imagenet-a:train:5118,68,1.000000
4742,hf:barkermrl/imagenet-a:train:5119,68,1.000000
4743,hf:barkermrl/imagenet-a:train:5120,68,1.000000
4744,hf:barkermrl/imagenet-a:train:5121,68,1.000000
4745,hf:barkermrl/imagenet-a:train:5122,68,1.000000
4746,hf:barkermrl/imagenet-a:train:5123,68,1.000000
4747,hf:barkermrl/imagenet-a:train:5124,68,1.000000
4748,hf:barkermrl/imagenet-a:train:5125,68,1.000000
4749,hf:barkermrl/imagenet-a:train:5126,68,1.000000
4750,hf:barkermrl/imagenet-a:train:5127,68,1.000000
4751,hf:barkermrl/imagenet-a:train:5128,68,1.000000
4752,hf:barkermrl/imagenet-a:train:5129,68,1.000000
4753,hf:barkermrl/imagenet-a:train:5130,68,1.000000
4754,hf:barkermrl/imagenet-a:train:5131,68,1.000000
4755,hf:barkermrl/imagenet-a:train:5132,68,1.000000
4756,hf:barkermrl/imagenet-a:train:5133,68,1.000000
4757,hf:barkermrl/imagenet-a:train:5134,68,1.000000
4758,hf:barkermrl/imagenet-a:train:5135,68,1.000000
4759,hf:barkermrl/imagenet-a:train:5136,68,1.000000
4760,hf:barkermrl/imagenet-a:train:5137,68,1.000000
4761,hf:barkermrl/imagenet-a:train:5138,68,1.000000
4762,hf:barkermrl/imagenet-a:train:5139,68,1.000000
4763,hf:barkermrl/imagenet-a:train:5140,68,1.000000
4764,hf:barkermrl/imagenet-a:train:5141,68,1.000000
4765,hf:barkermrl/imagenet-a:train:5142,68,1.000000
4766,hf:barkermrl/imagenet-a:train:5143,68,1.000000
4767,hf:barkermrl/imagenet-a:train:5155,69,1.000000
4768,hf:barkermrl/imagenet-a:train:5156,69,1.000000
4769,hf:barkermrl/imagenet-a:train:5157,69,1.000000
4770,hf:barkermrl/imagenet-a:train:5158,69,1.000000
4771,hf:barkermrl/imagenet-a:train:5159,69,1.000000
4772,hf:barkermrl/imagenet-a:train:5160,69,1.000000
4773,hf:barkermrl/imagenet-a:train:5161,69,1.000000
4774,hf:barkermrl/imagenet-a:train:5162,69,1.000000
4775,hf:barkermrl/imagenet-a:train:5163,69,1.000000
4776,hf:barkermrl/imagenet-a:train:5164,69,1.000000
4777,hf:barkermrl/imagenet-a:train:5165,69,1.000000
4778,hf:barkermrl/imagenet-a:train:5166,69,1.000000
4779,hf:barkermrl/imagenet-a:train:5167,69,1.000000
4780,hf:barkermrl/imagenet-a:train:5168,69,1.000000
4781,hf:barkermrl/imagenet-a:train:5169,69,1.000000
4782,hf:barkermrl/imagenet-a:train:5170,69,1.000000
4783,hf:barkermrl/imagenet-a:train:5171,69,1.000000
4784,hf:barkermrl/imagenet-a:train:5172,69,1.000000
4785,hf:barkermrl/imagenet-a:train:5173,69,1.000000
4786,hf:barkermrl/imagenet-a:train:5174,69,1.000000
4787,hf:barkermrl/imagenet-a:train:5175,69,1.000000
4788,hf:barkermrl/imagenet-a:train:5176,69,1.000000
4789,hf:barkermrl/imagenet-a:train:5177,69,1.000000
4790,hf:barkermrl/imagenet-a:train:5178,69,1.000000
4791,hf:barkermrl/imagenet-a:train:5179,69,1.000000
4792,hf:barkermrl/imagenet-a:train:5180,69,1.000000
4793,hf:barkermrl/imagenet-a:train:5181,69,1.000000
4794,hf:barkermrl/imagenet-a:train:5182,69,1.000000
4795,hf:barkermrl/imagenet-a:train:5183,69,1.000000
4796,hf:barkermrl/imagenet-a:train:5184,69,1.000000
4797,hf:barkermrl/imagenet-a:train:5185,69,1.000000
4798,hf:barkermrl/imagenet-a:train:5186,69,1.000000
4799,hf:barkermrl/imagenet-a:train:5187,69,1.000000
4800,hf:barkermrl/imagenet-a:train:5188,69,1.000000
4801,hf:barkermrl/imagenet-a:train:5189,69,1.000000
4802,hf:barkermrl/imagenet-a:train:5190,70,1.000000
4803,hf:barkermrl/imagenet-a:train:5191,70,1.000000
4804,hf:barkermrl/imagenet-a:train:5192,70,1.000000
4805,hf:barkermrl/imagenet-a:train:5193,70,1.000000
4806,hf:barkermrl/imagenet-a:train:5194,70,1.000000
4807,hf:barkermrl/imagenet-a:train:5195,70,1.000000
4808,hf:barkermrl/imagenet-a:train:5196,70,1.000000
4809,hf:barkermrl/imagenet-a:train:5197,70,1.000000
4810,hf:barkermrl/imagenet-a:train:5198,70,1.000000
4811,hf:barkermrl/imagenet-a:train:5199,70,1.000000
4812,hf:barkermrl/imagenet-a:train:5200,70,1.000000
4813,hf:barkermrl/imagenet-a:train:5201,70,1.000000
4814,hf:barkermrl/imagenet-a:train:5202,70,1.000000
4815,hf:barkermrl/imagenet-a:train:5203,70,1.000000
4816,hf:barkermrl/imagenet-a:train:5204,70,1.000000
4817,hf:barkermrl/imagenet-a:train:5205,70,1.000000
4818,hf:barkermrl/imagenet-a:train:5206,70,1.000000
4819,hf:barkermrl/imagenet-a:train:5207,70,1.000000
4820,hf:barkermrl/imagenet-a:train:5208,70,1.000000
4821,hf:barkermrl/imagenet-a:train:5209,70,1.000000
4822,hf:barkermrl/imagenet-a:train:5210,70,1.000000
4823,hf:barkermrl/imagenet-a:train:5211,70,1.000000
4824,hf:barkermrl/imagenet-a:train:5212,70,1.000000
4825,hf:barkermrl/imagenet-a:train:5213,70,1.000000
4826,hf:barkermrl/imagenet-a:train:5214,70,1.000000
4827,hf:barkermrl/imagenet-a:train:5215,70,1.000000
4828,hf:barkermrl/imagenet-a:train:5216,70,1.000000
4829,hf:barkermrl/imagenet-a:train:5217,70,1.000000
4830,hf:barkermrl/imagenet-a:train:5218,70,1.000000
4831,hf:barkermrl/imagenet-a:train:5219,70,1.000000
4832,hf:barkermrl/imagenet-a:train:5220,70,1.000000
4833,hf:barkermrl/imagenet-a:train:5221,70,1.000000
4834,hf:barkermrl/imagenet-a:train:5222,70,1.000000
4835,hf:barkermrl/imagenet-a:train:5223,70,1.000000
4836,hf:barkermrl/imagenet-a:train:5224,70,1.000000
4837,hf:barkermrl/imagenet-a:train:5225,70,1.000000
4838,hf:barkermrl/imagenet-a:train:5226,70,1.000000
4839,hf:barkermrl/imagenet-a:train:5227,70,1.000000
4840,hf:barkermrl/imagenet-a:train:5228,70,1.000000
4841,hf:barkermrl/imagenet-a:train:5229,70,1.000000
4842,hf:barkermrl/imagenet-a:train:5230,70,1.000000
4843,hf:barkermrl/imagenet-a:train:5231,70,1.000000
4844,hf:barkermrl/imagenet-a:train:5232,70,1.000000
4845,hf:barkermrl/imagenet-a:train:5233,70,1.000000
4846,hf:barkermrl/imagenet-a:train:5234,70,1.000000
4847,hf:barkermrl/imagenet-a:train:5235,70,1.000000
4848,hf:barkermrl/imagenet-a:train:5236,70,1.000000
4849,hf:barkermrl/imagenet-a:train:5237,70,1.000000
4850,hf:barkermrl/imagenet-a:train:5238,70,1.000000
4851,hf:barkermrl/imagenet-a:train:5239,70,1.000000
4852,hf:barkermrl/imagenet-a:train:5240,70,1.000000
4853,hf:barkermrl/imagenet-a:train:5241,70,1.000000
4854,hf:barkermrl/imagenet-a:train:5242,70,1.000000
4855,hf:barkermrl/imagenet-a:train:5243,70,1.000000
4856,hf:barkermrl/imagenet-a:train:5244,70,1.000000
4857,hf:barkermrl/imagenet-a:train:5245,70,1.000000
4858,hf:barkermrl/imagenet-a:train:5246,70,1.000000
4859,hf:barkermrl/imagenet-a:train:5247,70,1.000000
4860,hf:barkermrl/imagenet-a:train:5248,70,1.000000
4861,hf:barkermrl/imagenet-a:train:5249,70,1.000000
4862,hf:barkermrl/imagenet-a:train:5281,71,1.000000
4863,hf:barkermrl/imagenet-a:train:5282,71,1.000000
4864,hf:barkermrl/imagenet-a:train:5283,71,1.000000
4865,hf:barkermrl/imagenet-a:train:5284,71,1.000000
4866,hf:barkermrl/imagenet-a:train:5285,71,1.000000
4867,hf:barkermrl/imagenet-a:train:5286,71,1.000000
4868,hf:barkermrl/imagenet-a:train:5287,71,1.000000
4869,hf:barkermrl/imagenet-a:train:5288,71,1.000000
4870,hf:barkermrl/imagenet-a:train:5289,71,1.000000
4871,hf:barkermrl/imagenet-a:train:5290,71,1.000000
4872,hf:barkermrl/imagenet-a:train:5291,71,1.000000
4873,hf:barkermrl/imagenet-a:train:5292,71,1.000000
4874,hf:barkermrl/imagenet-a:train:5293,71,1.000000
4875,hf:barkermrl/imagenet-a:train:5294,71,1.000000
4876,hf:barkermrl/imagenet-a:train:5295,71,1.000000
4877,hf:barkermrl/imagenet-a:train:5296,71,1.000000
4878,hf:barkermrl/imagenet-a:train:5297,71,1.000000
4879,hf:barkermrl/imagenet-a:train:5298,71,1.000000
4880,hf:barkermrl/imagenet-a:train:5299,71,1.000000
4881,hf:barkermrl/imagenet-a:train:5300,71,1.000000
4882,hf:barkermrl/imagenet-a:train:5301,71,1.000000
4883,hf:barkermrl/imagenet-a:train:5302,71,1.000000
4884,hf:barkermrl/imagenet-a:train:5303,71,1.000000
4885,hf:barkermrl/imagenet-a:train:5304,71,1.000000
4886,hf:barkermrl/imagenet-a:train:5305,71,1.000000
4887,hf:barkermrl/imagenet-a:train:5306,71,1.000000
4888,hf:barkermrl/imagenet-a:train:5307,71,1.000000
4889,hf:barkermrl/imagenet-a:train:5308,71,1.000000
4890,hf:barkermrl/imagenet-a:train:5309,71,1.000000
4891,hf:barkermrl/imagenet-a:train:5310,71,1.000000
4892,hf:barkermrl/imagenet-a:train:5311,71,1.000000
4893,hf:barkermrl/imagenet-a:train:5312,71,1.000000
4894,hf:barkermrl/imagenet-a:train:5313,71,1.000000
4895,hf:barkermrl/imagenet-a:train:5314,71,1.000000
4896,hf:barkermrl/imagenet-a:train:5315,71,1.000000
4897,hf:barkermrl/imagenet-a:train:5316,71,1.000000
4898,hf:barkermrl/imagenet-a:train:5317,71,1.000000
4899,hf:barkermrl/imagenet-a:train:5318,71,1.000000
4900,hf:barkermrl/imagenet-a:train:5319,71,1.000000
4901,hf:barkermrl/imagenet-a:train:5320,71,1.000000
4902,hf:barkermrl/imagenet-a:train:5321,71,1.000000
4903,hf:barkermrl/imagenet-a:train:5322,71,1.000000
4904,hf:barkermrl/imagenet-a:train:5323,71,1.000000
4905,hf:barkermrl/imagenet-a:train:5324,71,1.000000
4906,hf:barkermrl/imagenet-a:train:5325,71,1.000000
4907,hf:barkermrl/imagenet-a:train:5326,71,1.000000
4908,hf:barkermrl/imagenet-a:train:5327,71,1.000000
4909,hf:barkermrl/imagenet-a:train:5328,71,1.000000
4910,hf:barkermrl/imagenet-a:train:5329,71,1.000000
4911,hf:barkermrl/imagenet-a:train:5330,71,1.000000
4912,hf:barkermrl/imagenet-a:train:5331,71,1.000000
4913,hf:barkermrl/imagenet-a:train:5332,71,1.000000
4914,hf:barkermrl/imagenet-a:train:5333,71,1.000000
4915,hf:barkermrl/imagenet-a:train:5334,71,1.000000
4916,hf:barkermrl/imagenet-a:train:5335,71,1.000000
4917,hf:barkermrl/imagenet-a:train:5336,71,1.000000
4918,hf:barkermrl/imagenet-a:train:5337,71,1.000000
4919,hf:barkermrl/imagenet-a:train:5338,71,1.000000
4920,hf:barkermrl/imagenet-a:train:5339,71,1.000000
4921,hf:barkermrl/imagenet-a:train:5340,71,1.000000
4922,hf:barkermrl/imagenet-a:train:5341,71,1.000000
4923,hf:barkermrl/imagenet-a:train:5342,71,1.000000
4924,hf:barkermrl/imagenet-a:train:5380,72,1.000000
4925,hf:barkermrl/imagenet-a:train:5381,72,1.000000
4926,hf:barkermrl/imagenet-a:train:5382,72,1.000000
4927,hf:barkermrl/imagenet-a:train:5383,72,1.000000
4928,hf:barkermrl/imagenet-a:train:5384,72,1.000000
4929,hf:barkermrl/imagenet-a:train:5385,72,1.000000
4930,hf:barkermrl/imagenet-a:train:5386,72,1.000000
4931,hf:barkermrl/imagenet-a:train:5387,72,1.000000
4932,hf:barkermrl/imagenet-a:train:5388,72,1.000000
4933,hf:barkermrl/imagenet-a:train:5389,72,1.000000
4934,hf:barkermrl/imagenet-a:train:5390,72,1.000000
4935,hf:barkermrl/imagenet-a:train:5391,72,1.000000
4936,hf:barkermrl/imagenet-a:train:5392,72,1.000000
4937,hf:barkermrl/imagenet-a:train:5393,72,1.000000
4938,hf:barkermrl/imagenet-a:train:5394,72,1.000000
4939,hf:barkermrl/imagenet-a:train:5395,72,1.000000
4940,hf:barkermrl/imagenet-a:train:5396,72,1.000000
4941,hf:barkermrl/imagenet-a:train:5397,72,1.000000
4942,hf:barkermrl/imagenet-a:train:5398,72,1.000000
4943,hf:barkermrl/imagenet-a:train:5399,72,1.000000
4944,hf:barkermrl/imagenet-a:train:5400,72,1.000000
4945,hf:barkermrl/imagenet-a:train:5401,72,1.000000
4946,hf:barkermrl/imagenet-a:train:5402,72,1.000000
4947,hf:barkermrl/imagenet-a:train:5403,72,1.000000
4948,hf:barkermrl/imagenet-a:train:5404,72,1.000000
4949,hf:barkermrl/imagenet-a:train:5405,72,1.000000
4950,hf:barkermrl/imagenet-a:train:5406,72,1.000000
4951,hf:barkermrl/imagenet-a:train:5407,72,1.000000
4952,hf:barkermrl/imagenet-a:train:5484,73,1.000000
4953,hf:barkermrl/imagenet-a:train:5485,73,1.000000
4954,hf:barkermrl/imagenet-a:train:5486,73,1.000000
4955,hf:barkermrl/imagenet-a:train:5487,73,1.000000
4956,hf:barkermrl/imagenet-a:train:5488,73,1.000000
4957,hf:barkermrl/imagenet-a:train:5489,73,1.000000
4958,hf:barkermrl/imagenet-a:train:5490,73,1.000000
4959,hf:barkermrl/imagenet-a:train:5491,73,1.000000
4960,hf:barkermrl/imagenet-a:train:5492,73,1.000000
4961,hf:barkermrl/imagenet-a:train:5493,73,1.000000
4962,hf:barkermrl/imagenet-a:train:5494,73,1.000000
4963,hf:barkermrl/imagenet-a:train:5495,73,1.000000
4964,hf:barkermrl/imagenet-a:train:5496,73,1.000000
4965,hf:barkermrl/imagenet-a:train:5497,73,1.000000
4966,hf:barkermrl/imagenet-a:train:5498,73,1.000000
4967,hf:barkermrl/imagenet-a:train:5499,73,1.000000
4968,hf:barkermrl/imagenet-a:train:5500,73,1.000000
4969,hf:barkermrl/imagenet-a:train:5501,73,1.000000
4970,hf:barkermrl/imagenet-a:train:5502,73,1.000000
4971,hf:barkermrl/imagenet-a:train:5503,73,1.000000
4972,hf:barkermrl/imagenet-a:train:5504,73,1.000000
4973,hf:barkermrl/imagenet-a:train:5505,73,1.000000
4974,hf:barkermrl/imagenet-a:train:5506,73,1.000000
4975,hf:barkermrl/imagenet-a:train:5507,73,1.000000
4976,hf:barkermrl/imagenet-a:train:5508,73,1.000000
4977,hf:barkermrl/imagenet-a:train:5509,73,1.000000
4978,hf:barkermrl/imagenet-a:train:5510,73,1.000000
4979,hf:barkermrl/imagenet-a:train:5511,73,1.000000
4980,hf:barkermrl/imagenet-a:train:5512,73,1.000000
4981,hf:barkermrl/imagenet-a:train:5513,73,1.000000
4982,hf:barkermrl/imagenet-a:train:5514,73,1.000000
4983,hf:barkermrl/imagenet-a:train:5515,73,1.000000
4984,hf:barkermrl/imagenet-a:train:5516,73,1.000000
4985,hf:barkermrl/imagenet-a:train:5517,73,1.000000
4986,hf:barkermrl/imagenet-a:train:5518,73,1.000000
4987,hf:barkermrl/imagenet-a:train:5519,73,1.000000
4988,hf:barkermrl/imagenet-a:train:5528,74,1.000000
4989,hf:barkermrl/imagenet-a:train:5529,74,1.000000
4990,hf:barkermrl/imagenet-a:train:5530,74,1.000000
4991,hf:barkermrl/imagenet-a:train:5531,74,1.000000
4992,hf:barkermrl/imagenet-a:train:5532,74,1.000000
4993,hf:barkermrl/imagenet-a:train:5533,74,1.000000
4994,hf:barkermrl/imagenet-a:train:5534,74,1.000000
4995,hf:barkermrl/imagenet-a:train:5535,74,1.000000
4996,hf:barkermrl/imagenet-a:train:5536,74,1.000000
4997,hf:barkermrl/imagenet-a:train:5537,74,1.000000
4998,hf:barkermrl/imagenet-a:train:5538,74,1.000000
4999,hf:barkermrl/imagenet-a:train:5539,74,1.000000
5000,hf:barkermrl/imagenet-a:train:5540,74,1.000000
5001,hf:barkermrl/imagenet-a:train:5541,74,1.000000
5002,hf:barkermrl/imagenet-a:train:5542,74,1.000000
5003,hf:barkermrl/imagenet-a:train:5543,74,1.000000
5004,hf:barkermrl/imagenet-a:train:5544,74,1.000000
5005,hf:barkermrl/imagenet-a:train:5545,74,1.000000
5006,hf:barkermrl/imagenet-a:train:5546,74,1.000000
5007,hf:barkermrl/imagenet-a:train:5547,74,1.000000
5008,hf:barkermrl/imagenet-a:train:5548,74,1.000000
5009,hf:barkermrl/imagenet-a:train:5549,74,1.000000
5010,hf:barkermrl/imagenet-a:train:5550,74,1.000000
5011,hf:barkermrl/imagenet-a:train:5551,74,1.000000
5012,hf:barkermrl/imagenet-a:train:5552,74,1.000000
5013,hf:barkermrl/imagenet-a:train:5553,74,1.000000
5014,hf:barkermrl/imagenet-a:train:5554,74,1.000000
5015,hf:barkermrl/imagenet-a:train:5568,75,1.000000
5016,hf:barkermrl/imagenet-a:train:5569,75,1.000000
5017,hf:barkermrl/imagenet-a:train:5570,75,1.000000
5018,hf:barkermrl/imagenet-a:train:5571,75,1.000000
5019,hf:barkermrl/imagenet-a:train:5572,75,1.000000
5020,hf:barkermrl/imagenet-a:train:5573,75,1.000000
5021,hf:barkermrl/imagenet-a:train:5574,75,1.000000
5022,hf:barkermrl/imagenet-a:train:5575,75,1.000000
5023,hf:barkermrl/imagenet-a:train:5576,75,1.000000
5024,hf:barkermrl/imagenet-a:train:5577,75,1.000000
5025,hf:barkermrl/imagenet-a:train:5578,75,1.000000
5026,hf:barkermrl/imagenet-a:train:5579,75,1.000000
5027,hf:barkermrl/imagenet-a:train:5580,75,1.000000
5028,hf:barkermrl/imagenet-a:train:5581,75,1.000000
5029,hf:barkermrl/imagenet-a:train:5582,75,1.000000
5030,hf:barkermrl/imagenet-a:train:5583,75,1.000000
5031,hf:barkermrl/imagenet-a:train:5584,75,1.000000
5032,hf:barkermrl/imagenet-a:train:5585,75,1.000000
5033,hf:barkermrl/imagenet-a:train:5586,75,1.000000
5034,hf:barkermrl/imagenet-a:train:5587,75,1.000000
5035,hf:barkermrl/imagenet-a:train:5588,75,1.000000
5036,hf:barkermrl/imagenet-a:train:5589,75,1.000000
5037,hf:barkermrl/imagenet-a:train:5590,75,1.000000
5038,hf:barkermrl/imagenet-a:train:5591,75,1.000000
5039,hf:barkermrl/imagenet-a:train:5592,75,1.000000
5040,hf:barkermrl/imagenet-a:train:5593,75,1.000000
5041,hf:barkermrl/imagenet-a:train:5603,76,1.000000
5042,hf:barkermrl/imagenet-a:train:5604,76,1.000000
5043,hf:barkermrl/imagenet-a:train:5605,76,1.000000
5044,hf:barkermrl/imagenet-a:train:5606,76,1.000000
5045,hf:barkermrl/imagenet-a:train:5607,76,1.000000
5046,hf:barkermrl/imagenet-a:train:5608,76,1.000000
5047,hf:barkermrl/imagenet-a:train:5609,76,1.000000
5048,hf:barkermrl/imagenet-a:train:5610,76,1.000000
5049,hf:barkermrl/imagenet-a:train:5611,76,1.000000
5050,hf:barkermrl/imagenet-a:train:5612,76,1.000000
5051,hf:barkermrl/imagenet-a:train:5613,76,1.000000
5052,hf:barkermrl/imagenet-a:train:5614,76,1.000000
5053,hf:barkermrl/imagenet-a:train:5615,76,1.000000
5054,hf:barkermrl/imagenet-a:train:5616,76,1.000000
5055,hf:barkermrl/imagenet-a:train:5617,76,1.000000
5056,hf:barkermrl/imagenet-a:train:5618,76,1.000000
5057,hf:barkermrl/imagenet-a:train:5619,76,1.000000
5058,hf:barkermrl/imagenet-a:train:5620,76,1.000000
5059,hf:barkermrl/imagenet-a:train:5621,76,1.000000
5060,hf:barkermrl/imagenet-a:train:5622,76,1.000000
5061,hf:barkermrl/imagenet-a:train:5623,76,1.000000
5062,hf:barkermrl/imagenet-a:train:5624,76,1.000000
5063,hf:barkermrl/imagenet-a:train:5625,76,1.000000
5064,hf:barkermrl/imagenet-a:train:5626,76,1.000000
5065,hf:barkermrl/imagenet-a:train:5627,76,1.000000
5066,hf:barkermrl/imagenet-a:train:5628,76,1.000000
5067,hf:barkermrl/imagenet-a:train:5629,76,1.000000
5068,hf:barkermrl/imagenet-a:train:5630,76,1.000000
5069,hf:barkermrl/imagenet-a:train:5712,77,1.000000
5070,hf:barkermrl/imagenet-a:train:5713,77,1.000000
5071,hf:barkermrl/imagenet-a:train:5714,77,1.000000
5072,hf:barkermrl/imagenet-a:train:5715,77,1.000000
5073,hf:barkermrl/imagenet-a:train:5716,77,1.000000
5074,hf:barkermrl/imagenet-a:train:5717,77,1.000000
5075,hf:barkermrl/imagenet-a:train:5718,77,1.000000
5076,hf:barkermrl/imagenet-a:train:5719,77,1.000000
5077,hf:barkermrl/imagenet-a:train:5720,77,1.000000
5078,hf:barkermrl/imagenet-a:train:5721,77,1.000000
5079,hf:barkermrl/imagenet-a:train:5722,77,1.000000
5080,hf:barkermrl/imagenet-a:train:5723,77,1.000000
5081,hf:barkermrl/imagenet-a:train:5724,77,1.000000
5082,hf:barkermrl/imagenet-a:train:5725,77,1.000000
5083,hf:barkermrl/imagenet-a:train:5726,77,1.000000
5084,hf:barkermrl/imagenet-a:train:5727,77,1.000000
5085,hf:barkermrl/imagenet-a:train:5728,77,1.000000
5086,hf:barkermrl/imagenet-a:train:5729,77,1.000000
5087,hf:barkermrl/imagenet-a:train:5730,77,1.000000
5088,hf:barkermrl/imagenet-a:train:5731,77,1.000000
5089,hf:barkermrl/imagenet-a:train:5732,77,1.000000
5090,hf:barkermrl/imagenet-a:train:5733,77,1.000000
5091,hf:barkermrl/imagenet-a:train:5734,77,1.000000
5092,hf:barkermrl/imagenet-a:train:5735,77,1.000000
5093,hf:barkermrl/imagenet-a:train:5736,77,1.000000
5094,hf:barkermrl/imagenet-a:train:5737,77,1.000000
5095,hf:barkermrl/imagenet-a:train:5738,77,1.000000
5096,hf:barkermrl/imagenet-a:train:5739,77,1.000000
5097,hf:barkermrl/imagenet-a:train:5740,77,1.000000
5098,hf:barkermrl/imagenet-a:train:5741,77,1.000000
5099,hf:barkermrl/imagenet-a:train:5742,77,1.000000
5100,hf:barkermrl/imagenet-a:train:5743,77,1.000000
5101,hf:barkermrl/imagenet-a:train:5744,77,1.000000
5102,hf:barkermrl/imagenet-a:train:5745,77,1.000000
5103,hf:barkermrl/imagenet-a:train:5746,78,1.000000
5104,hf:barkermrl/imagenet-a:train:5747,78,1.000000
5105,hf:barkermrl/imagenet-a:train:5748,78,1.000000
5106,hf:barkermrl/imagenet-a:train:5749,78,1.000000
5107,hf:barkermrl/imagenet-a:train:5750,78,1.000000
5108,hf:barkermrl/imagenet-a:train:5751,78,1.000000
5109,hf:barkermrl/imagenet-a:train:5752,78,1.000000
5110,hf:barkermrl/imagenet-a:train:5753,78,1.000000
5111,hf:barkermrl/imagenet-a:train:5754,78,1.000000
5112,hf:barkermrl/imagenet-a:train:5755,78,1.000000
5113,hf:barkermrl/imagenet-a:train:5756,78,1.000000
5114,hf:barkermrl/imagenet-a:train:5757,78,1.000000
5115,hf:barkermrl/imagenet-a:train:5758,78,1.000000
5116,hf:barkermrl/imagenet-a:train:5759,78,1.000000
5117,hf:barkermrl/imagenet-a:train:5760,78,1.000000
5118,hf:barkermrl/imagenet-a:train:5761,78,1.000000
5119,hf:barkermrl/imagenet-a:train:5762,78,1.000000
5120,hf:barkermrl/imagenet-a:train:5763,78,1.000000
5121,hf:barkermrl/imagenet-a:train:5764,78,1.000000
5122,hf:barkermrl/imagenet-a:train:5765,78,1.000000
5123,hf:barkermrl/imagenet-a:train:5766,78,1.000000
5124,hf:barkermrl/imagenet-a:train:5767,78,1.000000
5125,hf:barkermrl/imagenet-a:train:5768,78,1.000000
5126,hf:barkermrl/imagenet-a:train:5769,78,1.000000
5127,hf:barkermrl/imagenet-a:train:5770,78,1.000000
5128,hf:barkermrl/imagenet-a:train:5771,78,1.000000
5129,hf:barkermrl/imagenet-a:train:5772,78,1.000000
5130,hf:barkermrl/imagenet-a:train:5773,79,1.000000
5131,hf:barkermrl/imagenet-a:train:5774,79,1.000000
5132,hf:barkermrl/imagenet-a:train:5775,79,1.000000
5133,hf:barkermrl/imagenet-a:train:5776,79,1.000000
5134,hf:barkermrl/imagenet-a:train:5777,79,1.000000
5135,hf:barkermrl/imagenet-a:train:5778,79,1.000000
5136,hf:barkermrl/imagenet-a:train:5779,79,1.000000
5137,hf:barkermrl/imagenet-a:train:5780,79,1.000000
5138,hf:barkermrl/imagenet-a:train:5781,79,1.000000
5139,hf:barkermrl/imagenet-a:train:5782,79,1.000000
5140,hf:barkermrl/imagenet-a:train:5783,79,1.000000
5141,hf:barkermrl/imagenet-a:train:5784,79,1.000000
5142,hf:barkermrl/imagenet-a:train:5785,79,1.000000
5143,hf:barkermrl/imagenet-a:train:5786,79,1.000000
5144,hf:barkermrl/imagenet-a:train:5787,79,1.000000
5145,hf:barkermrl/imagenet-a:train:5788,79,1.000000
5146,hf:barkermrl/imagenet-a:train:5789,79,1.000000
5147,hf:barkermrl/imagenet-a:train:5790,79,1.000000
5148,hf:barkermrl/imagenet-a:train:5791,79,1.000000
5149,hf:barkermrl/imagenet-a:train:5792,79,1.000000
5150,hf:barkermrl/imagenet-a:train:5793,79,1.000000
5151,hf:barkermrl/imagenet-a:train:5794,79,1.000000
5152,hf:barkermrl/imagenet-a:train:5795,79,1.000000
5153,hf:barkermrl/imagenet-a:train:5796,79,1.000000
5154,hf:barkermrl/imagenet-a:train:5797,79,1.000000
5155,hf:barkermrl/imagenet-a:train:5798,79,1.000000
5156,hf:barkermrl/imagenet-a:train:5799,79,1.000000
5157,hf:barkermrl/imagenet-a:train:5800,79,1.000000
5158,hf:barkermrl/imagenet-a:train:5801,79,1.000000
5159,hf:barkermrl/imagenet-a:train:5802,79,1.000000
5160,hf:barkermrl/imagenet-a:train:5803,79,1.000000
5161,hf:barkermrl/imagenet-a:train:5804,79,1.000000
5162,hf:barkermrl/imagenet-a:train:5805,79,1.000000
5163,hf:barkermrl/imagenet-a:train:5806,79,1.000000
5164,hf:barkermrl/imagenet-a:train:5807,79,1.000000
5165,hf:barkermrl/imagenet-a:train:5808,79,1.000000
5166,hf:barkermrl/imagenet-a:train:5809,79,1.000000
5167,hf:barkermrl/imagenet-a:train:5810,79,1.000000
5168,hf:barkermrl/imagenet-a:train:5811,79,1.000000
5169,hf:barkermrl/imagenet-a:train:5812,79,1.000000
5170,hf:barkermrl/imagenet-a:train:5813,79,1.000000
5171,hf:barkermrl/imagenet-a:train:5814,79,1.000000
5172,hf:barkermrl/imagenet-a:train:5815,79,1.000000
5173,hf:barkermrl/imagenet-a:train:5816,79,1.000000
5174,hf:barkermrl/imagenet-a:train:5817,79,1.000000
5175,hf:barkermrl/imagenet-a:train:5818,79,1.000000
5176,hf:barkermrl/imagenet-a:train:5819,79,1.000000
5177,hf:barkermrl/imagenet-a:train:5820,79,1.000000
5178,hf:barkermrl/imagenet-a:train:5821,79,1.000000
5179,hf:barkermrl/imagenet-a:train:5822,79,1.000000
5180,hf:barkermrl/imagenet-a:train:5823,79,1.000000
5181,hf:barkermrl/imagenet-a:train:5824,79,1.000000
5182,hf:barkermrl/imagenet-a:train:5825,79,1.000000
5183,hf:barkermrl/imagenet-a:train:5826,79,1.000000
5184,hf:barkermrl/imagenet-a:train:5827,79,1.000000
5185,hf:barkermrl/imagenet-a:train:5828,79,1.000000
5186,hf:barkermrl/imagenet-a:train:5829,79,1.000000
5187,hf:barkermrl/imagenet-a:train:5830,79,1.000000
5188,hf:barkermrl/imagenet-a:train:5831,79,1.000000
5189,hf:barkermrl/imagenet-a:train:5832,79,1.000000
5190,hf:barkermrl/imagenet-a:train:5833,79,1.000000
5191,hf:barkermrl/imagenet-a:train:5834,79,1.000000
5192,hf:barkermrl/imagenet-a:train:5835,79,1.000000
5193,hf:barkermrl/imagenet-a:train:5836,79,1.000000
5194,hf:barkermrl/imagenet-a:train:5844,80,1.000000
5195,hf:barkermrl/imagenet-a:train:5845,80,1.000000
5196,hf:barkermrl/imagenet-a:train:5846,80,1.000000
5197,hf:barkermrl/imagenet-a:train:5847,80,1.000000
5198,hf:barkermrl/imagenet-a:train:5848,80,1.000000
5199,hf:barkermrl/imagenet-a:train:5849,80,1.000000
5200,hf:barkermrl/imagenet-a:train:5850,80,1.000000
5201,hf:barkermrl/imagenet-a:train:5851,80,1.000000
5202,hf:barkermrl/imagenet-a:train:5852,80,1.000000
5203,hf:barkermrl/imagenet-a:train:5853,80,1.000000
5204,hf:barkermrl/imagenet-a:train:5854,80,1.000000
5205,hf:barkermrl/imagenet-a:train:5855,80,1.000000
5206,hf:barkermrl/imagenet-a:train:5856,80,1.000000
5207,hf:barkermrl/imagenet-a:train:5857,80,1.000000
5208,hf:barkermrl/imagenet-a:train:5858,80,1.000000
5209,hf:barkermrl/imagenet-a:train:5859,80,1.000000
5210,hf:barkermrl/imagenet-a:train:5860,80,1.000000
5211,hf:barkermrl/imagenet-a:train:5861,80,1.000000
5212,hf:barkermrl/imagenet-a:train:5862,80,1.000000
5213,hf:barkermrl/imagenet-a:train:5863,80,1.000000
5214,hf:barkermrl/imagenet-a:train:5864,80,1.000000
5215,hf:barkermrl/imagenet-a:train:5865,80,1.000000
5216,hf:barkermrl/imagenet-a:train:5866,80,1.000000
5217,hf:barkermrl/imagenet-a:train:5867,80,1.000000
5218,hf:barkermrl/imagenet-a:train:5868,80,1.000000
5219,hf:barkermrl/imagenet-a:train:5869,80,1.000000
5220,hf:barkermrl/imagenet-a:train:5870,80,1.000000
5221,hf:barkermrl/imagenet-a:train:5871,80,1.000000
5222,hf:barkermrl/imagenet-a:train:5872,80,1.000000
5223,hf:barkermrl/imagenet-a:train:5873,80,1.000000
5224,hf:barkermrl/imagenet-a:train:5874,80,1.000000
5225,hf:barkermrl/imagenet-a:train:5875,80,1.000000
5226,hf:barkermrl/imagenet-a:train:5910,81,1.000000
5227,hf:barkermrl/imagenet-a:train:5911,81,1.000000
5228,hf:barkermrl/imagenet-a:train:5912,81,1.000000
5229,hf:barkermrl/imagenet-a:train:5913,81,1.000000
5230,hf:barkermrl/imagenet-a:train:5914,81,1.000000
5231,hf:barkermrl/imagenet-a:train:5915,81,1.000000
5232,hf:barkermrl/imagenet-a:train:5916,81,1.000000
5233,hf:barkermrl/imagenet-a:train:5917,81,1.000000
5234,hf:barkermrl/imagenet-a:train:5918,81,1.000000
5235,hf:barkermrl/imagenet-a:train:5919,81,1.000000
5236,hf:barkermrl/imagenet-a:train:5920,81,1.000000
5237,hf:barkermrl/imagenet-a:train:5921,81,1.000000
5238,hf:barkermrl/imagenet-a:train:5922,81,1.000000
5239,hf:barkermrl/imagenet-a:train:5923,81,1.000000
5240,hf:barkermrl/imagenet-a:train:5924,81,1.000000
5241,hf:barkermrl/imagenet-a:train:5925,81,1.000000
5242,hf:barkermrl/imagenet-a:train:5926,81,1.000000
5243,hf:barkermrl/imagenet-a:train:5927,81,1.000000
5244,hf:barkermrl/imagenet-a:train:5928,81,1.000000
5245,hf:barkermrl/imagenet-a:train:5929,81,1.000000
5246,hf:barkermrl/imagenet-a:train:5930,81,1.000000
5247,hf:barkermrl/imagenet-a:train:5931,81,1.000000
5248,hf:barkermrl/imagenet-a:train:5932,81,1.000000
5249,hf:barkermrl/imagenet-a:train:5933,81,1.000000
5250,hf:barkermrl/imagenet-a:train:5934,81,1.000000
5251,hf:barkermrl/imagenet-a:train:5935,81,1.000000
5252,hf:barkermrl/imagenet-a:train:5936,81,1.000000
5253,hf:barkermrl/imagenet-a:train:5937,81,1.000000
5254,hf:barkermrl/imagenet-a:train:5938,81,1.000000
5255,hf:barkermrl/imagenet-a:train:5939,81,1.000000
5256,hf:barkermrl/imagenet-a:train:5940,81,1.000000
5257,hf:barkermrl/imagenet-a:train:5941,81,1.000000
5258,hf:barkermrl/imagenet-a:train:5942,81,1.000000
5259,hf:barkermrl/imagenet-a:train:5943,81,1.000000
5260,hf:barkermrl/imagenet-a:train:5944,81,1.000000
5261,hf:barkermrl/imagenet-a:train:5945,81,1.000000
5262,hf:barkermrl/imagenet-a:train:5946,81,1.000000
5263,hf:barkermrl/imagenet-a:train:5947,81,1.000000
5264,hf:barkermrl/imagenet-a:train:5948,81,1.000000
5265,hf:barkermrl/imagenet-a:train:5949,81,1.000000
5266,hf:barkermrl/imagenet-a:train:5950,81,1.000000
5267,hf:barkermrl/imagenet-a:train:5951,81,1.000000
5268,hf:barkermrl/imagenet-a:train:5952,81,1.000000
5269,hf:barkermrl/imagenet-a:train:5953,81,1.000000
5270,hf:barkermrl/imagenet-a:train:5954,81,1.000000
5271,hf:barkermrl/imagenet-a:train:5955,81,1.000000
5272,hf:barkermrl/imagenet-a:train:5956,81,1.000000
5273,hf:barkermrl/imagenet-a:train:5957,82,1.000000
5274,hf:barkermrl/imagenet-a:train:5958,82,1.000000
5275,hf:barkermrl/imagenet-a:train:5959,82,1.000000
5276,hf:barkermrl/imagenet-a:train:5960,82,1.000000
5277,hf:barkermrl/imagenet-a:train:5961,82,1.000000
5278,hf:barkermrl/imagenet-a:train:5962,82,1.000000
5279,hf:barkermrl/imagenet-a:train:5963,82,1.000000
5280,hf:barkermrl/imagenet-a:train:5964,82,1.000000
5281,hf:barkermrl/imagenet-a:train:5965,82,1.000000
5282,hf:barkermrl/imagenet-a:train:5966,82,1.000000
5283,hf:barkermrl/imagenet-a:train:5967,82,1.000000
5284,hf:barkermrl/imagenet-a:train:5968,82,1.000000
5285,hf:barkermrl/imagenet-a:train:5969,82,1.000000
5286,hf:barkermrl/imagenet-a:train:5970,82,1.000000
5287,hf:barkermrl/imagenet-a:train:5971,82,1.000000
5288,hf:barkermrl/imagenet-a:train:5972,82,1.000000
5289,hf:barkermrl/imagenet-a:train:5973,82,1.000000
5290,hf:barkermrl/imagenet-a:train:5974,82,1.000000
5291,hf:barkermrl/imagenet-a:train:5975,82,1.000000
5292,hf:barkermrl/imagenet-a:train:5976,82,1.000000
5293,hf:barkermrl/imagenet-a:train:5977,82,1.000000
5294,hf:barkermrl/imagenet-a:train:5978,82,1.000000
5295,hf:barkermrl/imagenet-a:train:5979,82,1.000000
5296,hf:barkermrl/imagenet-a:train:5980,82,1.000000
5297,hf:barkermrl/imagenet-a:train:5981,82,1.000000
5298,hf:barkermrl/imagenet-a:train:5982,82,1.000000
5299,hf:barkermrl/imagenet-a:train:5983,82,1.000000
5300,hf:barkermrl/imagenet-a:train:5984,82,1.000000
5301,hf:barkermrl/imagenet-a:train:5985,82,1.000000
5302,hf:barkermrl/imagenet-a:train:5986,82,1.000000
5303,hf:barkermrl/imagenet-a:train:5987,82,1.000000
5304,hf:barkermrl/imagenet-a:train:6229,83,1.000000
5305,hf:barkermrl/imagenet-a:train:6230,83,1.000000
5306,hf:barkermrl/imagenet-a:train:6231,83,1.000000
5307,hf:barkermrl/imagenet-a:train:6232,83,1.000000
5308,hf:barkermrl/imagenet-a:train:6233,83,1.000000
5309,hf:barkermrl/imagenet-a:train:6234,83,1.000000
5310,hf:barkermrl/imagenet-a:train:6235,83,1.000000
5311,hf:barkermrl/imagenet-a:train:6236,83,1.000000
5312,hf:barkermrl/imagenet-a:train:6237,83,1.000000
5313,hf:barkermrl/imagenet-a:train:6238,83,1.000000
5314,hf:barkermrl/imagenet-a:train:6239,83,1.000000
5315,hf:barkermrl/imagenet-a:train:6240,83,1.000000
5316,hf:barkermrl/imagenet-a:train:6241,83,1.000000
5317,hf:barkermrl/imagenet-a:train:6242,83,1.000000
5318,hf:barkermrl/imagenet-a:train:6243,83,1.000000
5319,hf:barkermrl/imagenet-a:train:6244,83,1.000000
5320,hf:barkermrl/imagenet-a:train:6245,83,1.000000
5321,hf:barkermrl/imagenet-a:train:6246,83,1.000000
5322,hf:barkermrl/imagenet-a:train:6247,83,1.000000
5323,hf:barkermrl/imagenet-a:train:6248,83,1.000000
5324,hf:barkermrl/imagenet-a:train:6249,83,1.000000
5325,hf:barkermrl/imagenet-a:train:6250,83,1.000000
5326,hf:barkermrl/imagenet-a:train:6251,83,1.000000
5327,hf:barkermrl/imagenet-a:train:6252,83,1.000000
5328,hf:barkermrl/imagenet-a:train:6253,83,1.000000
5329,hf:barkermrl/imagenet-a:train:6254,83,1.000000
5330,hf:barkermrl/imagenet-a:train:6255,83,1.000000
5331,hf:barkermrl/imagenet-a:train:6256,83,1.000000
5332,hf:barkermrl/imagenet-a:train:6257,84,1.000000
5333,hf:barkermrl/imagenet-a:train:6258,84,1.000000
5334,hf:barkermrl/imagenet-a:train:6259,84,1.000000
5335,hf:barkermrl/imagenet-a:train:6260,84,1.000000
5336,hf:barkermrl/imagenet-a:train:6261,84,1.000000
5337,hf:barkermrl/imagenet-a:train:6262,84,1.000000
5338,hf:barkermrl/imagenet-a:train:6263,84,1.000000
5339,hf:barkermrl/imagenet-a:train:6264,84,1.000000
5340,hf:barkermrl/imagenet-a:train:6265,84,1.000000
5341,hf:barkermrl/imagenet-a:train:6266,84,1.000000
5342,hf:barkermrl/imagenet-a:train:6267,84,1.000000
5343,hf:barkermrl/imagenet-a:train:6268,84,1.000000
5344,hf:barkermrl/imagenet-a:train:6269,84,1.000000
5345,hf:barkermrl/imagenet-a:train:6270,84,1.000000
5346,hf:barkermrl/imagenet-a:train:6271,84,1.000000
5347,hf:barkermrl/imagenet-a:train:6272,84,1.000000
5348,hf:barkermrl/imagenet-a:train:6273,84,1.000000
5349,hf:barkermrl/imagenet-a:train:6274,84,1.000000
5350,hf:barkermrl/imagenet-a:train:6275,84,1.000000
5351,hf:barkermrl/imagenet-a:train:6276,84,1.000000
5352,hf:barkermrl/imagenet-a:train:6277,84,1.000000
5353,hf:barkermrl/imagenet-a:train:6278,84,1.000000
5354,hf:barkermrl/imagenet-a:train:6279,84,1.000000
5355,hf:barkermrl/imagenet-a:train:6280,84,1.000000
5356,hf:barkermrl/imagenet-a:train:6281,84,1.000000
5357,hf:barkermrl/imagenet-a:train:6282,84,1.000000
5358,hf:barkermrl/imagenet-a:train:6283,84,1.000000
5359,hf:barkermrl/imagenet-a:train:6284,84,1.000000
5360,hf:barkermrl/imagenet-a:train:6285,84,1.000000
5361,hf:barkermrl/imagenet-a:train:6286,84,1.000000
5362,hf:barkermrl/imagenet-a:train:6287,84,1.000000
5363,hf:barkermrl/imagenet-a:train:6288,84,1.000000
5364,hf:barkermrl/imagenet-a:train:6289,84,1.000000
5365,hf:barkermrl/imagenet-a:train:6290,84,1.000000
5366,hf:barkermrl/imagenet-a:train:6291,84,1.000000
5367,hf:barkermrl/imagenet-a:train:6292,84,1.000000
5368,hf:barkermrl/imagenet-a:train:6293,84,1.000000
5369,hf:barkermrl/imagenet-a:train:6294,84,1.000000
5370,hf:barkermrl/imagenet-a:train:6295,84,1.000000
5371,hf:barkermrl/imagenet-a:train:6296,84,1.000000
5372,hf:barkermrl/imagenet-a:train:6297,84,1.000000
5373,hf:barkermrl/imagenet-a:train:6298,84,1.000000
5374,hf:barkermrl/imagenet-a:train:6299,84,1.000000
5375,hf:barkermrl/imagenet-a:train:6300,84,1.000000
5376,hf:barkermrl/imagenet-a:train:6301,84,1.000000
5377,hf:barkermrl/imagenet-a:train:6302,84,1.000000
5378,hf:barkermrl/imagenet-a:train:6317,85,1.000000
5379,hf:barkermrl/imagenet-a:train:6318,85,1.000000
5380,hf:barkermrl/imagenet-a:train:6319,85,1.000000
5381,hf:barkermrl/imagenet-a:train:6320,85,1.000000
5382,hf:barkermrl/imagenet-a:train:6321,85,1.000000
5383,hf:barkermrl/imagenet-a:train:6322,85,1.000000
5384,hf:barkermrl/imagenet-a:train:6323,85,1.000000
5385,hf:barkermrl/imagenet-a:train:6324,85,1.000000
5386,hf:barkermrl/imagenet-a:train:6325,85,1.000000
5387,hf:barkermrl/imagenet-a:train:6326,85,1.000000
5388,hf:barkermrl/imagenet-a:train:6327,85,1.000000
5389,hf:barkermrl/imagenet-a:train:6328,85,1.000000
5390,hf:barkermrl/imagenet-a:train:6329,85,1.000000
5391,hf:barkermrl/imagenet-a:train:6330,85,1.000000
5392,hf:barkermrl/imagenet-a:train:6331,85,1.000000
5393,hf:barkermrl/imagenet-a:train:6332,85,1.000000
5394,hf:barkermrl/imagenet-a:train:6333,85,1.000000
5395,hf:barkermrl/imagenet-a:train:6334,85,1.000000
5396,hf:barkermrl/imagenet-a:train:6335,85,1.000000
5397,hf:barkermrl/imagenet-a:train:6336,85,1.000000
5398,hf:barkermrl/imagenet-a:train:6337,85,1.000000
5399,hf:barkermrl/imagenet-a:train:6338,85,1.000000
5400,hf:barkermrl/imagenet-a:train:6339,85,1.000000
5401,hf:barkermrl/imagenet-a:train:6340,85,1.000000
5402,hf:barkermrl/imagenet-a:train:6341,85,1.000000
5403,hf:barkermrl/imagenet-a:train:6342,85,1.000000
5404,hf:barkermrl/imagenet-a:train:6343,85,1.000000
5405,hf:barkermrl/imagenet-a:train:6344,85,1.000000
5406,hf:barkermrl/imagenet-a:train:6345,85,1.000000
5407,hf:barkermrl/imagenet-a:train:6346,85,1.000000
5408,hf:barkermrl/imagenet-a:train:6458,86,1.000000
5409,hf:barkermrl/imagenet-a:train:6459,86,1.000000
5410,hf:barkermrl/imagenet-a:train:6460,86,1.000000
5411,hf:barkermrl/imagenet-a:train:6461,86,1.000000
5412,hf:barkermrl/imagenet-a:train:6462,86,1.000000
5413,hf:barkermrl/imagenet-a:train:6463,86,1.000000
5414,hf:barkermrl/imagenet-a:train:6464,86,1.000000
5415,hf:barkermrl/imagenet-a:train:6465,86,1.000000
5416,hf:barkermrl/imagenet-a:train:6466,86,1.000000
5417,hf:barkermrl/imagenet-a:train:6467,86,1.000000
5418,hf:barkermrl/imagenet-a:train:6468,86,1.000000
5419,hf:barkermrl/imagenet-a:train:6469,86,1.000000
5420,hf:barkermrl/imagenet-a:train:6470,86,1.000000
5421,hf:barkermrl/imagenet-a:train:6471,86,1.000000
5422,hf:barkermrl/imagenet-a:train:6472,86,1.000000
5423,hf:barkermrl/imagenet-a:train:6473,86,1.000000
5424,hf:barkermrl/imagenet-a:train:6474,86,1.000000
5425,hf:barkermrl/imagenet-a:train:6475,86,1.000000
5426,hf:barkermrl/imagenet-a:train:6476,86,1.000000
5427,hf:barkermrl/imagenet-a:train:6477,86,1.000000
5428,hf:barkermrl/imagenet-a:train:6478,86,1.000000
5429,hf:barkermrl/imagenet-a:train:6479,86,1.000000
5430,hf:barkermrl/imagenet-a:train:6480,86,1.000000
5431,hf:barkermrl/imagenet-a:train:6481,86,1.000000
5432,hf:barkermrl/imagenet-a:train:6482,86,1.000000
5433,hf:barkermrl/imagenet-a:train:6483,86,1.000000
5434,hf:barkermrl/imagenet-a:train:6484,86,1.000000
5435,hf:barkermrl/imagenet-a:train:6485,86,1.000000
5436,hf:barkermrl/imagenet-a:train:6486,86,1.000000
5437,hf:barkermrl/imagenet-a:train:6487,86,1.000000
5438,hf:barkermrl/imagenet-a:train:6488,86,1.000000
5439,hf:barkermrl/imagenet-a:train:6489,86,1.000000
5440,hf:barkermrl/imagenet-a:train:6490,86,1.000000
5441,hf:barkermrl/imagenet-a:train:6491,86,1.000000
5442,hf:barkermrl/imagenet-a:train:6492,86,1.000000
5443,hf:barkermrl/imagenet-a:train:6493,86,1.000000
5444,hf:barkermrl/imagenet-a:train:6494,86,1.000000
5445,hf:barkermrl/imagenet-a:train:6495,86,1.000000
5446,hf:barkermrl/imagenet-a:train:6496,86,1.000000
5447,hf:barkermrl/imagenet-a:train:6497,87,1.000000
5448,hf:barkermrl/imagenet-a:train:6498,87,1.000000
5449,hf:barkermrl/imagenet-a:train:6499,87,1.000000
5450,hf:barkermrl/imagenet-a:train:6500,87,1.000000
5451,hf:barkermrl/imagenet-a:train:6501,87,1.000000
5452,hf:barkermrl/imagenet-a:train:6502,87,1.000000
5453,hf:barkermrl/imagenet-a:train:6503,87,1.000000
5454,hf:barkermrl/imagenet-a:train:6504,87,1.000000
5455,hf:barkermrl/imagenet-a:train:6505,87,1.000000
5456,hf:barkermrl/imagenet-a:train:6506,87,1.000000
5457,hf:barkermrl/imagenet-a:train:6507,87,1.000000
5458,hf:barkermrl/imagenet-a:train:6508,87,1.000000
5459,hf:barkermrl/imagenet-a:train:6509,87,1.000000
5460,hf:barkermrl/imagenet-a:train:6510,87,1.000000
5461,hf:barkermrl/imagenet-a:train:6511,87,1.000000
5462,hf:barkermrl/imagenet-a:train:6512,87,1.000000
5463,hf:barkermrl/imagenet-a:train:6513,87,1.000000
5464,hf:barkermrl/imagenet-a:train:6514,87,1.000000
5465,hf:barkermrl/imagenet-a:train:6515,87,1.000000
5466,hf:barkermrl/imagenet-a:train:6516,87,1.000000
5467,hf:barkermrl/imagenet-a:train:6517,87,1.000000
5468,hf:barkermrl/imagenet-a:train:6518,87,1.000000
5469,hf:barkermrl/imagenet-a:train:6519,87,1.000000
5470,hf:barkermrl/imagenet-a:train:6520,87,1.000000
5471,hf:barkermrl/imagenet-a:train:6521,87,1.000000
5472,hf:barkermrl/imagenet-a:train:6522,87,1.000000
5473,hf:barkermrl/imagenet-a:train:6523,87,1.000000
5474,hf:barkermrl/imagenet-a:train:6524,87,1.000000
5475,hf:barkermrl/imagenet-a:train:6525,87,1.000000
5476,hf:barkermrl/imagenet-a:train:6526,87,1.000000
5477,hf:barkermrl/imagenet-a:train:6527,87,1.000000
5478,hf:barkermrl/imagenet-a:train:6528,87,1.000000
5479,hf:barkermrl/imagenet-a:train:6529,87,1.000000
5480,hf:barkermrl/imagenet-a:train:6547,88,1.000000
5481,hf:barkermrl/imagenet-a:train:6548,88,1.000000
5482,hf:barkermrl/imagenet-a:train:6549,88,1.000000
5483,hf:barkermrl/imagenet-a:train:6550,88,1.000000
5484,hf:barkermrl/imagenet-a:train:6551,88,1.000000
5485,hf:barkermrl/imagenet-a:train:6552,88,1.000000
5486,hf:barkermrl/imagenet-a:train:6553,88,1.000000
5487,hf:barkermrl/imagenet-a:train:6554,88,1.000000
5488,hf:barkermrl/imagenet-a:train:6555,88,1.000000
5489,hf:barkermrl/imagenet-a:train:6556,88,1.000000
5490,hf:barkermrl/imagenet-a:train:6557,88,1.000000
5491,hf:barkermrl/imagenet-a:train:6558,88,1.000000
5492,hf:barkermrl/imagenet-a:train:6559,88,1.000000
5493,hf:barkermrl/imagenet-a:train:6560,88,1.000000
5494,hf:barkermrl/imagenet-a:train:6561,88,1.000000
5495,hf:barkermrl/imagenet-a:train:6562,88,1.000000
5496,hf:barkermrl/imagenet-a:train:6563,88,1.000000
5497,hf:barkermrl/imagenet-a:train:6564,88,1.000000
5498,hf:barkermrl/imagenet-a:train:6565,88,1.000000
5499,hf:barkermrl/imagenet-a:train:6566,88,1.000000
5500,hf:barkermrl/imagenet-a:train:6567,88,1.000000
5501,hf:barkermrl/imagenet-a:train:6568,88,1.000000
5502,hf:barkermrl/imagenet-a:train:6569,88,1.000000
5503,hf:barkermrl/imagenet-a:train:6570,88,1.000000
5504,hf:barkermrl/imagenet-a:train:6571,88,1.000000
5505,hf:barkermrl/imagenet-a:train:6572,88,1.000000
5506,hf:barkermrl/imagenet-a:train:6573,88,1.000000
5507,hf:barkermrl/imagenet-a:train:6574,88,1.000000
5508,hf:barkermrl/imagenet-a:train:6575,88,1.000000
5509,hf:barkermrl/imagenet-a:train:6576,88,1.000000
5510,hf:barkermrl/imagenet-a:train:6577,88,1.000000
5511,hf:barkermrl/imagenet-a:train:6578,88,1.000000
5512,hf:barkermrl/imagenet-a:train:6579,88,1.000000
5513,hf:barkermrl/imagenet-a:train:6580,88,1.000000
5514,hf:barkermrl/imagenet-a:train:6581,88,1.000000
5515,hf:barkermrl/imagenet-a:train:6582,88,1.000000
5516,hf:barkermrl/imagenet-a:train:6583,88,1.000000
5517,hf:barkermrl/imagenet-a:train:6584,88,1.000000
5518,hf:barkermrl/imagenet-a:train:6585,88,1.000000
5519,hf:barkermrl/imagenet-a:train:6586,88,1.000000
5520,hf:barkermrl/imagenet-a:train:6587,88,1.000000
5521,hf:barkermrl/imagenet-a:train:6588,88,1.000000
5522,hf:barkermrl/imagenet-a:train:6589,88,1.000000
5523,hf:barkermrl/imagenet-a:train:6590,88,1.000000
5524,hf:barkermrl/imagenet-a:train:6629,89,1.000000
5525,hf:barkermrl/imagenet-a:train:6630,89,1.000000
5526,hf:barkermrl/imagenet-a:train:6631,89,1.000000
5527,hf:barkermrl/imagenet-a:train:6632,89,1.000000
5528,hf:barkermrl/imagenet-a:train:6633,89,1.000000
5529,hf:barkermrl/imagenet-a:train:6634,89,1.000000
5530,hf:barkermrl/imagenet-a:train:6635,89,1.000000
5531,hf:barkermrl/imagenet-a:train:6636,89,1.000000
5532,hf:barkermrl/imagenet-a:train:6637,89,1.000000
5533,hf:barkermrl/imagenet-a:train:6638,89,1.000000
5534,hf:barkermrl/imagenet-a:train:6639,89,1.000000
5535,hf:barkermrl/imagenet-a:train:6640,89,1.000000
5536,hf:barkermrl/imagenet-a:train:6641,89,1.000000
5537,hf:barkermrl/imagenet-a:train:6642,89,1.000000
5538,hf:barkermrl/imagenet-a:train:6643,89,1.000000
5539,hf:barkermrl/imagenet-a:train:6644,89,1.000000
5540,hf:barkermrl/imagenet-a:train:6645,89,1.000000
5541,hf:barkermrl/imagenet-a:train:6646,89,1.000000
5542,hf:barkermrl/imagenet-a:train:6647,89,1.000000
5543,hf:barkermrl/imagenet-a:train:6648,89,1.000000
5544,hf:barkermrl/imagenet-a:train:6649,89,1.000000
5545,hf:barkermrl/imagenet-a:train:6650,89,1.000000
5546,hf:barkermrl/imagenet-a:train:6651,89,1.000000
5547,hf:barkermrl/imagenet-a:train:6652,89,1.000000
5548,hf:barkermrl/imagenet-a:train:6653,89,1.000000
5549,hf:barkermrl/imagenet-a:train:6654,89,1.000000
5550,hf:barkermrl/imagenet-a:train:6666,90,1.000000
5551,hf:barkermrl/imagenet-a:train:6667,90,1.000000
5552,hf:barkermrl/imagenet-a:train:6668,90,1.000000
5553,hf:barkermrl/imagenet-a:train:6669,90,1.000000
5554,hf:barkermrl/imagenet-a:train:6670,90,1.000000
5555,hf:barkermrl/imagenet-a:train:6671,90,1.000000
5556,hf:barkermrl/imagenet-a:train:6672,90,1.000000
5557,hf:barkermrl/imagenet-a:train:6673,90,1.000000
5558,hf:barkermrl/imagenet-a:train:6674,90,1.000000
5559,hf:barkermrl/imagenet-a:train:6675,90,1.000000
5560,hf:barkermrl/imagenet-a:train:6676,90,1.000000
5561,hf:barkermrl/imagenet-a:train:6677,90,1.000000
5562,hf:barkermrl/imagenet-a:train:6678,90,1.000000
5563,hf:barkermrl/imagenet-a:train:6679,90,1.000000
5564,hf:barkermrl/imagenet-a:train:6680,90,1.000000
5565,hf:barkermrl/imagenet-a:train:6681,90,1.000000
5566,hf:barkermrl/imagenet-a:train:6682,90,1.000000
5567,hf:barkermrl/imagenet-a:train:6683,90,1.000000
5568,hf:barkermrl/imagenet-a:train:6684,90,1.000000
5569,hf:barkermrl/imagenet-a:train:6685,90,1.000000
5570,hf:barkermrl/imagenet-a:train:6686,90,1.000000
5571,hf:barkermrl/imagenet-a:train:6687,90,1.000000
5572,hf:barkermrl/imagenet-a:train:6688,90,1.000000
5573,hf:barkermrl/imagenet-a:train:6689,90,1.000000
5574,hf:barkermrl/imagenet-a:train:6690,90,1.000000
5575,hf:barkermrl/imagenet-a:train:6691,90,1.000000
5576,hf:barkermrl/imagenet-a:train:6692,91,1.000000
5577,hf:barkermrl/imagenet-a:train:6693,91,1.000000
5578,hf:barkermrl/imagenet-a:train:6694,91,1.000000
5579,hf:barkermrl/imagenet-a:train:6695,91,1.000000
5580,hf:barkermrl/imagenet-a:train:6696,91,1.000000
5581,hf:barkermrl/imagenet-a:train:6697,91,1.000000
5582,hf:barkermrl/imagenet-a:train:6698,91,1.000000
5583,hf:barkermrl/imagenet-a:train:6699,91,1.000000
5584,hf:barkermrl/imagenet-a:train:6700,91,1.000000
5585,hf:barkermrl/imagenet-a:train:6701,91,1.000000
5586,hf:barkermrl/imagenet-a:train:6702,91,1.000000
5587,hf:barkermrl/imagenet-a:train:6703,91,1.000000
5588,hf:barkermrl/imagenet-a:train:6704,91,1.000000
5589,hf:barkermrl/imagenet-a:train:6705,91,1.000000
5590,hf:barkermrl/imagenet-a:train:6706,91,1.000000
5591,hf:barkermrl/imagenet-a:train:6707,91,1.000000
5592,hf:barkermrl/imagenet-a:train:6708,91,1.000000
5593,hf:barkermrl/imagenet-a:train:6709,91,1.000000
5594,hf:barkermrl/imagenet-a:train:6710,91,1.000000
5595,hf:barkermrl/imagenet-a:train:6711,91,1.000000
5596,hf:barkermrl/imagenet-a:train:6712,91,1.000000
5597,hf:barkermrl/imagenet-a:train:6713,91,1.000000
5598,hf:barkermrl/imagenet-a:train:6714,91,1.000000
5599,hf:barkermrl/imagenet-a:train:6715,91,1.000000
5600,hf:barkermrl/imagenet-a:train:6716,91,1.000000
5601,hf:barkermrl/imagenet-a:train:6717,91,1.000000
5602,hf:barkermrl/imagenet-a:train:6718,91,1.000000
5603,hf:barkermrl/imagenet-a:train:6719,91,1.000000
5604,hf:barkermrl/imagenet-a:train:6720,91,1.000000
5605,hf:barkermrl/imagenet-a:train:6721,91,1.000000
5606,hf:barkermrl/imagenet-a:train:6722,91,1.000000
5607,hf:barkermrl/imagenet-a:train:6723,91,1.000000
5608,hf:barkermrl/imagenet-a:train:6724,91,1.000000
5609,hf:barkermrl/imagenet-a:train:6725,91,1.000000
5610,hf:barkermrl/imagenet-a:train:6726,91,1.000000
5611,hf:barkermrl/imagenet-a:train:6727,91,1.000000
5612,hf:barkermrl/imagenet-a:train:6728,91,1.000000
5613,hf:barkermrl/imagenet-a:train:6729,91,1.000000
5614,hf:barkermrl/imagenet-a:train:6730,91,1.000000
5615,hf:barkermrl/imagenet-a:train:6731,91,1.000000
5616,hf:barkermrl/imagenet-a:train:6732,91,1.000000
5617,hf:barkermrl/imagenet-a:train:6733,91,1.000000
5618,hf:barkermrl/imagenet-a:train:6734,91,1.000000
5619,hf:barkermrl/imagenet-a:train:6735,91,1.000000
5620,hf:barkermrl/imagenet-a:train:6736,91,1.000000
5621,hf:barkermrl/imagenet-a:train:6737,91,1.000000
5622,hf:barkermrl/imagenet-a:train:6738,91,1.000000
5623,hf:barkermrl/imagenet-a:train:6739,91,1.000000
5624,hf:barkermrl/imagenet-a:train:6740,91,1.000000
5625,hf:barkermrl/imagenet-a:train:6741,91,1.000000
5626,hf:barkermrl/imagenet-a:train:6742,91,1.000000
5627,hf:barkermrl/imagenet-a:train:6743,91,1.000000
5628,hf:barkermrl/imagenet-a:train:6744,91,1.000000
5629,hf:barkermrl/imagenet-a:train:6745,91,1.000000
5630,hf:barkermrl/imagenet-a:train:6746,91,1.000000
5631,hf:barkermrl/imagenet-a:train:6747,91,1.000000
5632,hf:barkermrl/imagenet-a:train:6748,91,1.000000
5633,hf:barkermrl/imagenet-a:train:6749,91,1.000000
5634,hf:barkermrl/imagenet-a:train:6750,91,1.000000
5635,hf:barkermrl/imagenet-a:train:6751,91,1.000000
5636,hf:barkermrl/imagenet-a:train:6752,91,1.000000
5637,hf:barkermrl/imagenet-a:train:6797,92,1.000000
5638,hf:barkermrl/imagenet-a:train:6798,92,1.000000
5639,hf:barkermrl/imagenet-a:train:6799,92,1.000000
5640,hf:barkermrl/imagenet-a:train:6800,92,1.000000
5641,hf:barkermrl/imagenet-a:train:6801,92,1.000000
5642,hf:barkermrl/imagenet-a:train:6802,92,1.000000
5643,hf:barkermrl/imagenet-a:train:6803,92,1.000000
5644,hf:barkermrl/imagenet-a:train:6804,92,1.000000
5645,hf:barkermrl/imagenet-a:train:6805,92,1.000000
5646,hf:barkermrl/imagenet-a:train:6806,92,1.000000
5647,hf:barkermrl/imagenet-a:train:6807,92,1.000000
5648,hf:barkermrl/imagenet-a:train:6808,92,1.000000
5649,hf:barkermrl/imagenet-a:train:6809,92,1.000000
5650,hf:barkermrl/imagenet-a:train:6810,92,1.000000
5651,hf:barkermrl/imagenet-a:train:6811,92,1.000000
5652,hf:barkermrl/imagenet-a:train:6812,92,1.000000
5653,hf:barkermrl/imagenet-a:train:6813,92,1.000000
5654,hf:barkermrl/imagenet-a:train:6814,92,1.000000
5655,hf:barkermrl/imagenet-a:train:6815,92,1.000000
5656,hf:barkermrl/imagenet-a:train:6816,92,1.000000
5657,hf:barkermrl/imagenet-a:train:6817,92,1.000000
5658,hf:barkermrl/imagenet-a:train:6818,92,1.000000
5659,hf:barkermrl/imagenet-a:train:6819,92,1.000000
5660,hf:barkermrl/imagenet-a:train:6820,92,1.000000
5661,hf:barkermrl/imagenet-a:train:6821,92,1.000000
5662,hf:barkermrl/imagenet-a:train:6822,92,1.000000
5663,hf:barkermrl/imagenet-a:train:6823,92,1.000000
5664,hf:barkermrl/imagenet-a:train:6824,92,1.000000
5665,hf:barkermrl/imagenet-a:train:6825,92,1.000000
5666,hf:barkermrl/imagenet-a:train:6826,92,1.000000
5667,hf:barkermrl/imagenet-a:train:6827,92,1.000000
5668,hf:barkermrl/imagenet-a:train:6866,93,1.000000
5669,hf:barkermrl/imagenet-a:train:6867,93,1.000000
5670,hf:barkermrl/imagenet-a:train:6868,93,1.000000
5671,hf:barkermrl/imagenet-a:train:6869,93,1.000000
5672,hf:barkermrl/imagenet-a:train:6870,93,1.000000
5673,hf:barkermrl/imagenet-a:train:6871,93,1.000000
5674,hf:barkermrl/imagenet-a:train:6872,93,1.000000
5675,hf:barkermrl/imagenet-a:train:6873,93,1.000000
5676,hf:barkermrl/imagenet-a:train:6874,93,1.000000
5677,hf:barkermrl/imagenet-a:train:6875,93,1.000000
5678,hf:barkermrl/imagenet-a:train:6876,93,1.000000
5679,hf:barkermrl/imagenet-a:train:6877,93,1.000000
5680,hf:barkermrl/imagenet-a:train:6878,93,1.000000
5681,hf:barkermrl/imagenet-a:train:6879,93,1.000000
5682,hf:barkermrl/imagenet-a:train:6880,93,1.000000
5683,hf:barkermrl/imagenet-a:train:6881,93,1.000000
5684,hf:barkermrl/imagenet-a:train:6882,93,1.000000
5685,hf:barkermrl/imagenet-a:train:6883,93,1.000000
5686,hf:barkermrl/imagenet-a:train:6884,93,1.000000
5687,hf:barkermrl/imagenet-a:train:6885,93,1.000000
5688,hf:barkermrl/imagenet-a:train:6886,93,1.000000
5689,hf:barkermrl/imagenet-a:train:6887,93,1.000000
5690,hf:barkermrl/imagenet-a:train:6888,93,1.000000
5691,hf:barkermrl/imagenet-a:train:6889,93,1.000000
5692,hf:barkermrl/imagenet-a:train:6890,93,1.000000
5693,hf:barkermrl/imagenet-a:train:6891,93,1.000000
5694,hf:barkermrl/imagenet-a:train:6892,93,1.000000
5695,hf:barkermrl/imagenet-a:train:6908,94,1.000000
5696,hf:barkermrl/imagenet-a:train:6909,94,1.000000
5697,hf:barkermrl/imagenet-a:train:6910,94,1.000000
5698,hf:barkermrl/imagenet-a:train:6911,94,1.000000
5699,hf:barkermrl/imagenet-a:train:6912,94,1.000000
5700,hf:barkermrl/imagenet-a:train:6913,94,1.000000
5701,hf:barkermrl/imagenet-a:train:6914,94,1.000000
5702,hf:barkermrl/imagenet-a:train:6915,94,1.000000
5703,hf:barkermrl/imagenet-a:train:6916,94,1.000000
5704,hf:barkermrl/imagenet-a:train:6917,94,1.000000
5705,hf:barkermrl/imagenet-a:train:6918,94,1.000000
5706,hf:barkermrl/imagenet-a:train:6919,94,1.000000
5707,hf:barkermrl/imagenet-a:train:6920,94,1.000000
5708,hf:barkermrl/imagenet-a:train:6921,94,1.000000
5709,hf:barkermrl/imagenet-a:train:6922,94,1.000000
5710,hf:barkermrl/imagenet-a:train:6923,94,1.000000
5711,hf:barkermrl/imagenet-a:train:6924,94,1.000000
5712,hf:barkermrl/imagenet-a:train:6925,94,1.000000
5713,hf:barkermrl/imagenet-a:train:6926,94,1.000000
5714,hf:barkermrl/imagenet-a:train:6927,94,1.000000
5715,hf:barkermrl/imagenet-a:train:6928,94,1.000000
5716,hf:barkermrl/imagenet-a:train:6929,94,1.000000
5717,hf:barkermrl/imagenet-a:train:6930,94,1.000000
5718,hf:barkermrl/imagenet-a:train:6931,94,1.000000
5719,hf:barkermrl/imagenet-a:train:6932,94,1.000000
5720,hf:barkermrl/imagenet-a:train:6933,94,1.000000
5721,hf:barkermrl/imagenet-a:train:6934,94,1.000000
5722,hf:barkermrl/imagenet-a:train:6935,94,1.000000
5723,hf:barkermrl/imagenet-a:train:6936,94,1.000000
5724,hf:barkermrl/imagenet-a:train:6937,94,1.000000
5725,hf:barkermrl/imagenet-a:train:6938,94,1.000000
5726,hf:barkermrl/imagenet-a:train:6939,94,1.000000
5727,hf:barkermrl/imagenet-a:train:6940,94,1.000000
5728,hf:barkermrl/imagenet-a:train:6941,94,1.000000
5729,hf:barkermrl/imagenet-a:train:6942,94,1.000000
5730,hf:barkermrl/imagenet-a:train:6943,94,1.000000
5731,hf:barkermrl/imagenet-a:train:6944,94,1.000000
5732,hf:barkermrl/imagenet-a:train:6945,94,1.000000
5733,hf:barkermrl/imagenet-a:train:6946,94,1.000000
5734,hf:barkermrl/imagenet-a:train:6947,95,1.000000
5735,hf:barkermrl/imagenet-a:train:6948,95,1.000000
5736,hf:barkermrl/imagenet-a:train:6949,95,1.000000
5737,hf:barkermrl/imagenet-a:train:6950,95,1.000000
5738,hf:barkermrl/imagenet-a:train:6951,95,1.000000
5739,hf:barkermrl/imagenet-a:train:6952,95,1.000000
5740,hf:barkermrl/imagenet-a:train:6953,95,1.000000
5741,hf:barkermrl/imagenet-a:train:6954,95,1.000000
5742,hf:barkermrl/imagenet-a:train:6955,95,1.000000
5743,hf:barkermrl/imagenet-a:train:6956,95,1.000000
5744,hf:barkermrl/imagenet-a:train:6957,95,1.000000
5745,hf:barkermrl/imagenet-a:train:6958,95,1.000000
5746,hf:barkermrl/imagenet-a:train:6959,95,1.000000
5747,hf:barkermrl/imagenet-a:train:6960,95,1.000000
5748,hf:barkermrl/imagenet-a:train:6961,95,1.000000
5749,hf:barkermrl/imagenet-a:train:6962,95,1.000000
5750,hf:barkermrl/imagenet-a:train:6963,95,1.000000
5751,hf:barkermrl/imagenet-a:train:6964,95,1.000000
5752,hf:barkermrl/imagenet-a:train:6965,95,1.000000
5753,hf:barkermrl/imagenet-a:train:6966,95,1.000000
5754,hf:barkermrl/imagenet-a:train:6967,95,1.000000
5755,hf:barkermrl/imagenet-a:train:6968,95,1.000000
5756,hf:barkermrl/imagenet-a:train:6969,95,1.000000
5757,hf:barkermrl/imagenet-a:train:6970,95,1.000000
5758,hf:barkermrl/imagenet-a:train:6971,95,1.000000
5759,hf:barkermrl/imagenet-a:train:6972,95,1.000000
5760,hf:barkermrl/imagenet-a:train:6973,95,1.000000
5761,hf:barkermrl/imagenet-a:train:6974,95,1.000000
5762,hf:barkermrl/imagenet-a:train:6975,95,1.000000
5763,hf:barkermrl/imagenet-a:train:6976,95,1.000000
5764,hf:barkermrl/imagenet-a:train:6977,95,1.000000
5765,hf:barkermrl/imagenet-a:train:6978,95,1.000000
5766,hf:barkermrl/imagenet-a:train:6979,95,1.000000
5767,hf:barkermrl/imagenet-a:train:6980,95,1.000000
5768,hf:barkermrl/imagenet-a:train:6981,95,1.000000
5769,hf:barkermrl/imagenet-a:train:6982,95,1.000000
5770,hf:barkermrl/imagenet-a:train:6983,95,1.000000
5771,hf:barkermrl/imagenet-a:train:6984,95,1.000000
5772,hf:barkermrl/imagenet-a:train:6985,95,1.000000
5773,hf:barkermrl/imagenet-a:train:6986,95,1.000000
5774,hf:barkermrl/imagenet-a:train:7069,96,1.000000
5775,hf:barkermrl/imagenet-a:train:7070,96,1.000000
5776,hf:barkermrl/imagenet-a:train:7071,96,1.000000
5777,hf:barkermrl/imagenet-a:train:7072,96,1.000000
5778,hf:barkermrl/imagenet-a:train:7073,96,1.000000
5779,hf:barkermrl/imagenet-a:train:7074,96,1.000000
5780,hf:barkermrl/imagenet-a:train:7075,96,1.000000
5781,hf:barkermrl/imagenet-a:train:7076,96,1.000000
5782,hf:barkermrl/imagenet-a:train:7077,96,1.000000
5783,hf:barkermrl/imagenet-a:train:7078,96,1.000000
5784,hf:barkermrl/imagenet-a:train:7079,96,1.000000
5785,hf:barkermrl/imagenet-a:train:7080,96,1.000000
5786,hf:barkermrl/imagenet-a:train:7081,96,1.000000
5787,hf:barkermrl/imagenet-a:train:7082,96,1.000000
5788,hf:barkermrl/imagenet-a:train:7083,96,1.000000
5789,hf:barkermrl/imagenet-a:train:7084,96,1.000000
5790,hf:barkermrl/imagenet-a:train:7085,96,1.000000
5791,hf:barkermrl/imagenet-a:train:7086,96,1.000000
5792,hf:barkermrl/imagenet-a:train:7087,96,1.000000
5793,hf:barkermrl/imagenet-a:train:7088,96,1.000000
5794,hf:barkermrl/imagenet-a:train:7089,96,1.000000
5795,hf:barkermrl/imagenet-a:train:7090,96,1.000000
5796,hf:barkermrl/imagenet-a:train:7091,96,1.000000
5797,hf:barkermrl/imagenet-a:train:7092,96,1.000000
5798,hf:barkermrl/imagenet-a:train:7093,96,1.000000
5799,hf:barkermrl/imagenet-a:train:7094,96,1.000000
5800,hf:barkermrl/imagenet-a:train:7095,96,1.000000
5801,hf:barkermrl/imagenet-a:train:7096,96,1.000000
5802,hf:barkermrl/imagenet-a:train:7097,96,1.000000
5803,hf:barkermrl/imagenet-a:train:7098,97,1.000000
5804,hf:barkermrl/imagenet-a:train:7099,97,1.000000
5805,hf:barkermrl/imagenet-a:train:7100,97,1.000000
5806,hf:barkermrl/imagenet-a:train:7101,97,1.000000
5807,hf:barkermrl/imagenet-a:train:7102,97,1.000000
5808,hf:barkermrl/imagenet-a:train:7103,97,1.000000
5809,hf:barkermrl/imagenet-a:train:7104,97,1.000000
5810,hf:barkermrl/imagenet-a:train:7105,97,1.000000
5811,hf:barkermrl/imagenet-a:train:7106,97,1.000000
5812,hf:barkermrl/imagenet-a:train:7107,97,1.000000
5813,hf:barkermrl/imagenet-a:train:7108,97,1.000000
5814,hf:barkermrl/imagenet-a:train:7109,97,1.000000
5815,hf:barkermrl/imagenet-a:train:7110,97,1.000000
5816,hf:barkermrl/imagenet-a:train:7111,97,1.000000
5817,hf:barkermrl/imagenet-a:train:7112,97,1.000000
5818,hf:barkermrl/imagenet-a:train:7113,97,1.000000
5819,hf:barkermrl/imagenet-a:train:7114,97,1.000000
5820,hf:barkermrl/imagenet-a:train:7115,97,1.000000
5821,hf:barkermrl/imagenet-a:train:7116,97,1.000000
5822,hf:barkermrl/imagenet-a:train:7117,97,1.000000
5823,hf:barkermrl/imagenet-a:train:7118,97,1.000000
5824,hf:barkermrl/imagenet-a:train:7119,97,1.000000
5825,hf:barkermrl/imagenet-a:train:7120,97,1.000000
5826,hf:barkermrl/imagenet-a:train:7121,97,1.000000
5827,hf:barkermrl/imagenet-a:train:7122,97,1.000000
5828,hf:barkermrl/imagenet-a:train:7123,97,1.000000
5829,hf:barkermrl/imagenet-a:train:7124,97,1.000000
5830,hf:barkermrl/imagenet-a:train:7125,97,1.000000
5831,hf:barkermrl/imagenet-a:train:7126,97,1.000000
5832,hf:barkermrl/imagenet-a:train:7127,97,1.000000
5833,hf:barkermrl/imagenet-a:train:7128,97,1.000000
5834,hf:barkermrl/imagenet-a:train:7129,97,1.000000
5835,hf:barkermrl/imagenet-a:train:7130,97,1.000000
5836,hf:barkermrl/imagenet-a:train:7131,97,1.000000
5837,hf:barkermrl/imagenet-a:train:7132,97,1.000000
5838,hf:barkermrl/imagenet-a:train:7133,97,1.000000
5839,hf:barkermrl/imagenet-a:train:7134,97,1.000000
5840,hf:barkermrl/imagenet-a:train:7135,97,1.000000
5841,hf:barkermrl/imagenet-a:train:7136,97,1.000000
5842,hf:barkermrl/imagenet-a:train:7137,97,1.000000
5843,hf:barkermrl/imagenet-a:train:7138,97,1.000000
5844,hf:barkermrl/imagenet-a:train:7139,97,1.000000
5845,hf:barkermrl/imagenet-a:train:7140,98,1.000000
5846,hf:barkermrl/imagenet-a:train:7141,98,1.000000
5847,hf:barkermrl/imagenet-a:train:7142,98,1.000000
5848,hf:barkermrl/imagenet-a:train:7143,98,1.000000
5849,hf:barkermrl/imagenet-a:train:7144,98,1.000000
5850,hf:barkermrl/imagenet-a:train:7145,98,1.000000
5851,hf:barkermrl/imagenet-a:train:7146,98,1.000000
5852,hf:barkermrl/imagenet-a:train:7147,98,1.000000
5853,hf:barkermrl/imagenet-a:train:7148,98,1.000000
5854,hf:barkermrl/imagenet-a:train:7149,98,1.000000
5855,hf:barkermrl/imagenet-a:train:7150,98,1.000000
5856,hf:barkermrl/imagenet-a:train:7151,98,1.000000
5857,hf:barkermrl/imagenet-a:train:7152,98,1.000000
5858,hf:barkermrl/imagenet-a:train:7153,98,1.000000
5859,hf:barkermrl/imagenet-a:train:7154,98,1.000000
5860,hf:barkermrl/imagenet-a:train:7155,98,1.000000
5861,hf:barkermrl/imagenet-a:train:7156,98,1.000000
5862,hf:barkermrl/imagenet-a:train:7157,98,1.000000
5863,hf:barkermrl/imagenet-a:train:7158,98,1.000000
5864,hf:barkermrl/imagenet-a:train:7159,98,1.000000
5865,hf:barkermrl/imagenet-a:train:7160,98,1.000000
5866,hf:barkermrl/imagenet-a:train:7161,98,1.000000
5867,hf:barkermrl/imagenet-a:train:7162,98,1.000000
5868,hf:barkermrl/imagenet-a:train:7163,98,1.000000
5869,hf:barkermrl/imagenet-a:train:7164,98,1.000000
5870,hf:barkermrl/imagenet-a:train:7165,98,1.000000
5871,hf:barkermrl/imagenet-a:train:7166,98,1.000000
5872,hf:barkermrl/imagenet-a:train:7167,98,1.000000
5873,hf:barkermrl/imagenet-a:train:7168,98,1.000000
5874,hf:barkermrl/imagenet-a:train:7169,98,1.000000
5875,hf:barkermrl/imagenet-a:train:7170,98,1.000000
5876,hf:barkermrl/imagenet-a:train:7171,98,1.000000
5877,hf:barkermrl/imagenet-a:train:7172,98,1.000000
5878,hf:barkermrl/imagenet-a:train:7173,98,1.000000
5879,hf:barkermrl/imagenet-a:train:7174,98,1.000000
5880,hf:barkermrl/imagenet-a:train:7175,98,1.000000
5881,hf:barkermrl/imagenet-a:train:7176,98,1.000000
5882,hf:barkermrl/imagenet-a:train:7177,98,1.000000
5883,hf:barkermrl/imagenet-a:train:7178,98,1.000000
5884,hf:barkermrl/imagenet-a:train:7179,98,1.000000
5885,hf:barkermrl/imagenet-a:train:7180,98,1.000000
5886,hf:barkermrl/imagenet-a:train:7181,98,1.000000
5887,hf:barkermrl/imagenet-a:train:7182,98,1.000000
5888,hf:barkermrl/imagenet-a:train:7183,98,1.000000
5889,hf:barkermrl/imagenet-a:train:7184,98,1.000000
5890,hf:barkermrl/imagenet-a:train:7185,98,1.000000
5891,hf:barkermrl/imagenet-a:train:7186,98,1.000000
5892,hf:barkermrl/imagenet-a:train:7187,98,1.000000
5893,hf:barkermrl/imagenet-a:train:7188,98,1.000000
5894,hf:barkermrl/imagenet-a:train:7189,98,1.000000
5895,hf:barkermrl/imagenet-a:train:7190,98,1.000000
5896,hf:barkermrl/imagenet-a:train:7191,98,1.000000
5897,hf:barkermrl/imagenet-a:train:7192,98,1.000000
5898,hf:barkermrl/imagenet-a:train:7193,98,1.000000
5899,hf:barkermrl/imagenet-a:train:7194,98,1.000000
5900,hf:barkermrl/imagenet-a:train:7195,98,1.000000
5901,hf:barkermrl/imagenet-a:train:7196,98,1.000000
5902,hf:barkermrl/imagenet-a:train:7197,98,1.000000
5903,hf:barkermrl/imagenet-a:train:7198,98,1.000000
5904,hf:barkermrl/imagenet-a:train:7199,98,1.000000
5905,hf:barkermrl/imagenet-a:train:7200,98,1.000000
5906,hf:barkermrl/imagenet-a:train:7201,98,1.000000
5907,hf:barkermrl/imagenet-a:train:7202,98,1.000000
5908,hf:barkermrl/imagenet-a:train:7203,98,1.000000
5909,hf:barkermrl/imagenet-a:train:7204,98,1.000000
5910,hf:barkermrl/imagenet-a:train:7205,98,1.000000
5911,hf:barkermrl/imagenet-a:train:7206,98,1.000000
5912,hf:barkermrl/imagenet-a:train:7207,98,1.000000
5913,hf:barkermrl/imagenet-a:train:7208,98,1.000000
5914,hf:barkermrl/imagenet-a:train:7209,98,1.000000
5915,hf:barkermrl/imagenet-a:train:7210,98,1.000000
5916,hf:barkermrl/imagenet-a:train:7211,98,1.000000
5917,hf:barkermrl/imagenet-a:train:7212,98,1.000000
5918,hf:barkermrl/imagenet-a:train:7213,98,1.000000
5919,hf:barkermrl/imagenet-a:train:7214,98,1.000000
5920,hf:barkermrl/imagenet-a:train:7215,98,1.000000
5921,hf:barkermrl/imagenet-a:train:7216,98,1.000000
5922,hf:barkermrl/imagenet-a:train:7217,98,1.000000
5923,hf:barkermrl/imagenet-a:train:7218,98,1.000000
5924,hf:barkermrl/imagenet-a:train:7219,98,1.000000
5925,hf:barkermrl/imagenet-a:train:7220,98,1.000000
5926,hf:barkermrl/imagenet-a:train:7221,98,1.000000
5927,hf:barkermrl/imagenet-a:train:7222,98,1.000000
5928,hf:barkermrl/imagenet-a:train:7223,98,1.000000
5929,hf:barkermrl/imagenet-a:train:7224,98,1.000000
5930,hf:barkermrl/imagenet-a:train:7225,98,1.000000
5931,hf:barkermrl/imagenet-a:train:7226,98,1.000000
5932,hf:barkermrl/imagenet-a:train:7227,98,1.000000
5933,hf:barkermrl/imagenet-a:train:7228,98,1.000000
5934,hf:barkermrl/imagenet-a:train:7229,98,1.000000
5935,hf:barkermrl/imagenet-a:train:7230,98,1.000000
5936,hf:barkermrl/imagenet-a:train:7231,98,1.000000
5937,hf:barkermrl/imagenet-a:train:7232,98,1.000000
5938,hf:barkermrl/imagenet-a:train:7233,98,1.000000
5939,hf:barkermrl/imagenet-a:train:7234,98,1.000000
5940,hf:barkermrl/imagenet-a:train:7235,98,1.000000
5941,hf:barkermrl/imagenet-a:train:7236,98,1.000000
5942,hf:barkermrl/imagenet-a:train:7237,98,1.000000
5943,hf:barkermrl/imagenet-a:train:7290,99,1.000000
5944,hf:barkermrl/imagenet-a:train:7291,99,1.000000
5945,hf:barkermrl/imagenet-a:train:7292,99,1.000000
5946,hf:barkermrl/imagenet-a:train:7293,99,1.000000
5947,hf:barkermrl/imagenet-a:train:7294,99,1.000000
5948,hf:barkermrl/imagenet-a:train:7295,99,1.000000
5949,hf:barkermrl/imagenet-a:train:7296,99,1.000000
5950,hf:barkermrl/imagenet-a:train:7297,99,1.000000
5951,hf:barkermrl/imagenet-a:train:7298,99,1.000000
5952,hf:barkermrl/imagenet-a:train:7299,99,1.000000
5953,hf:barkermrl/imagenet-a:train:7300,99,1.000000
5954,hf:barkermrl/imagenet-a:train:7301,99,1.000000
5955,hf:barkermrl/imagenet-a:train:7302,99,1.000000
5956,hf:barkermrl/imagenet-a:train:7303,99,1.000000
5957,hf:barkermrl/imagenet-a:train:7304,99,1.000000
5958,hf:barkermrl/imagenet-a:train:7305,99,1.000000
5959,hf:barkermrl/imagenet-a:train:7306,99,1.000000
5960,hf:barkermrl/imagenet-a:train:7307,99,1.000000
5961,hf:barkermrl/imagenet-a:train:7308,99,1.000000
5962,hf:barkermrl/imagenet-a:train:7309,99,1.000000
5963,hf:barkermrl/imagenet-a:train:7310,99,1.000000
5964,hf:barkermrl/imagenet-a:train:7311,99,1.000000
5965,hf:barkermrl/imagenet-a:train:7312,99,1.000000
5966,hf:barkermrl/imagenet-a:train:7313,99,1.000000
5967,hf:barkermrl/imagenet-a:train:7314,99,1.000000
5968,hf:barkermrl/imagenet-a:train:7315,99,1.000000
5969,hf:barkermrl/imagenet-a:train:7316,99,1.000000
5970,hf:barkermrl/imagenet-a:train:7317,99,1.000000
5971,hf:barkermrl/imagenet-a:train:7318,99,1.000000
5972,hf:barkermrl/imagenet-a:train:7319,99,1.000000
5973,hf:barkermrl/imagenet-a:train:7320,99,1.000000
5974,hf:barkermrl/imagenet-a:train:7321,99,1.000000
5975,hf:barkermrl/imagenet-a:train:7322,99,1.000000
5976,hf:barkermrl/imagenet-a:train:7323,99,1.000000
5977,hf:barkermrl/imagenet-a:train:7324,99,1.000000
5978,hf:barkermrl/imagenet-a:train:7325,99,1.000000
5979,hf:barkermrl/imagenet-a:train:7326,99,1.000000
5980,hf:barkermrl/imagenet-a:train:7327,99,1.000000
5981,hf:barkermrl/imagenet-a:train:7328,99,1.000000
5982,hf:barkermrl/imagenet-a:train:7329,99,1.000000
5983,hf:barkermrl/imagenet-a:train:7330,99,1.000000
5984,hf:barkermrl/imagenet-a:train:7331,99,1.000000
5985,hf:barkermrl/imagenet-a:train:7332,99,1.000000
5986,hf:barkermrl/imagenet-a:train:7333,99,1.000000
5987,hf:barkermrl/imagenet-a:train:7334,99,1.000000
5988,hf:barkermrl/imagenet-a:train:7350,100,1.000000
5989,hf:barkermrl/imagenet-a:train:7351,100,1.000000
5990,hf:barkermrl/imagenet-a:train:7352,100,1.000000
5991,hf:barkermrl/imagenet-a:train:7353,100,1.000000
5992,hf:barkermrl/imagenet-a:train:7354,100,1.000000
5993,hf:barkermrl/imagenet-a:train:7355,100,1.000000
5994,hf:barkermrl/imagenet-a:train:7356,100,1.000000
5995,hf:barkermrl/imagenet-a:train:7357,100,1.000000
5996,hf:barkermrl/imagenet-a:train:7358,100,1.000000
5997,hf:barkermrl/imagenet-a:train:7359,100,1.000000
5998,hf:barkermrl/imagenet-a:train:7360,100,1.000000
5999,hf:barkermrl/imagenet-a:train:7361,100,1.000000
6000,hf:barkermrl/imagenet-a:train:7362,100,1.000000
6001,hf:barkermrl/imagenet-a:train:7363,100,1.000000
6002,hf:barkermrl/imagenet-a:train:7364,100,1.000000
6003,hf:barkermrl/imagenet-a:train:7365,100,1.000000
6004,hf:barkermrl/imagenet-a:train:7366,100,1.000000
6005,hf:barkermrl/imagenet-a:train:7367,100,1.000000
6006,hf:barkermrl/imagenet-a:train:7368,100,1.000000
6007,hf:barkermrl/imagenet-a:train:7369,100,1.000000
6008,hf:barkermrl/imagenet-a:train:7370,100,1.000000
6009,hf:barkermrl/imagenet-a:train:7371,100,1.000000
6010,hf:barkermrl/imagenet-a:train:7372,100,1.000000
6011,hf:barkermrl/imagenet-a:train:7373,100,1.000000
6012,hf:barkermrl/imagenet-a:train:7374,100,1.000000
6013,hf:barkermrl/imagenet-a:train:7375,100,1.000000
6014,hf:barkermrl/imagenet-a:train:7376,100,1.000000
6015,hf:barkermrl/imagenet-a:train:7377,100,1.000000
6016,hf:barkermrl/imagenet-a:train:7378,100,1.000000
6017,hf:barkermrl/imagenet-a:train:7379,100,1.000000
6018,hf:barkermrl/imagenet-a:train:7380,100,1.000000
6019,hf:barkermrl/imagenet-a:train:7381,100,1.000000
6020,hf:barkermrl/imagenet-a:train:7382,100,1.000000
6021,hf:barkermrl/imagenet-a:train:7383,100,1.000000
6022,hf:barkermrl/imagenet-a:train:7384,100,1.000000
6023,hf:barkermrl/imagenet-a:train:7385,100,1.000000
6024,hf:barkermrl/imagenet-a:train:7386,100,1.000000
6025,hf:barkermrl/imagenet-a:train:7387,100,1.000000
6026,hf:barkermrl/imagenet-a:train:7388,100,1.000000
6027,hf:barkermrl/imagenet-a:train:7389,100,1.000000
6028,hf:barkermrl/imagenet-a:train:7390,100,1.000000
