cache_index,ref,label,cosine
0,pacs_data/pacs_data/sketch/dog/5281.png,0,0.999999
1,pacs_data/pacs_data/sketch/dog/5282.png,0,1.000000
2,pacs_data/pacs_data/sketch/dog/5283.png,0,1.000000
3,pacs_data/pacs_data/sketch/dog/5284.png,0,1.000000
4,pacs_data/pacs_data/sketch/dog/5285.png,0,1.000000
5,pacs_data/pacs_data/sketch/dog/5286.png,0,1.000000
6,pacs_data/pacs_data/sketch/dog/5287.png,0,1.000000
7,pacs_data/pacs_data/sketch/dog/5288.png,0,1.000000
8,pacs_data/pacs_data/sketch/dog/5289.png,0,1.000000
9,pacs_data/pacs_data/sketch/dog/5290.png,0,1.000000
10,pacs_data/pacs_data/sketch/dog/5291.png,0,1.000000
11,pacs_data/pacs_data/sketch/dog/5292.png,0,1.000000
12,pacs_data/pacs_data/sketch/dog/5293.png,0,1.000000
13,pacs_data/pacs_data/sketch/dog/5294.png,0,1.000000
14,pacs_data/pacs_data/sketch/dog/5295.png,0,1.000000
15,pacs_data/pacs_data/sketch/dog/5296.png,0,1.000000
16,pacs_data/pacs_data/sketch/dog/5297.png,0,1.000000
17,pacs_data/pacs_data/sketch/dog/5298.png,0,1.000000
18,pacs_data/pacs_data/sketch/dog/5299.png,0,1.000000
19,pacs_data/pacs_data/sketch/dog/5300.png,0,1.000000
20,pacs_data/pacs_data/sketch/dog/5301.png,0,1.000000
21,pacs_data/pacs_data/sketch/dog/5302.png,0,1.000000
22,pacs_data/pacs_data/sketch/dog/5303.png,0,1.000000
23,pacs_data/pacs_data/sketch/dog/5304.png,0,1.000000
24,pacs_data/pacs_data/sketch/dog/5305.png,0,1.000000
25,pacs_data/pacs_data/sketch/dog/5306.png,0,1.000000
26,pacs_data/pacs_data/sketch/dog/5307.png,0,1.000000
27,pacs_data/pacs_data/sketch/dog/5308.png,0,1.000000
28,pacs_data/pacs_data/sketch/dog/5309.png,0,1.000000
29,pacs_data/pacs_data/sketch/dog/5310.png,0,1.000000
30,pacs_data/pacs_data/sketch/dog/5311.png,0,1.000000
31,pacs_data/pacs_data/sketch/dog/5312.png,0,1.000000
32,pacs_data/pacs_data/sketch/dog/5313.png,0,1.000000
33,pacs_data/pacs_data/sketch/dog/5314.png,0,1.000000
34,pacs_data/pacs_data/sketch/dog/5315.png,0,1.000000
35,pacs_data/pacs_data/sketch/dog/5316.png,0,1.000000
36,pacs_data/pacs_data/sketch/dog/5317.png,0,1.000000
37,pacs_data/pacs_data/sketch/dog/5318.png,0,1.000000
38,pacs_data/pacs_data/sketch/dog/5319.png,0,1.000000
39,pacs_data/pacs_data/sketch/dog/5320.png,0,1.000000
40,pacs_data/pacs_data/sketch/dog/5321.png,0,1.000000
41,pacs_data/pacs_data/sketch/dog/5322.png,0,1.000000
42,pacs_data/pacs_data/sketch/dog/5323.png,0,1.000000
43,pacs_data/pacs_data/sketch/dog/5324.png,0,0.999999
44,pacs_data/pacs_data/sketch/dog/5325.png,0,1.000000
45,pacs_data/pacs_data/sketch/dog/5326.png,0,1.000000
46,pacs_data/pacs_data/sketch/dog/5327.png,0,1.000000
47,pacs_data/pacs_data/sketch/dog/5328.png,0,1.000000
48,pacs_data/pacs_data/sketch/dog/5329.png,0,1.000000
49,pacs_data/pacs_data/sketch/dog/5330.png,0,1.000000
50,pacs_data/pacs_data/sketch/dog/5331.png,0,1.000000
51,pacs_data/pacs_data/sketch/dog/5332.png,0,1.000000
52,pacs_data/pacs_data/sketch/dog/5333.png,0,1.000000
53,pacs_data/pacs_data/sketch/dog/5334.png,0,1.000000
54,pacs_data/pacs_data/sketch/dog/5335.png,0,1.000000
55,pacs_data/pacs_data/sketch/dog/5336.png,0,1.000000
56,pacs_data/pacs_data/sketch/dog/5337.png,0,1.000000
57,pacs_data/pacs_data/sketch/dog/5338.png,0,1.000000
58,pacs_data/pacs_data/sketch/dog/5339.png,0,1.000000
59,pacs_data/pacs_data/sketch/dog/5340.png,0,1.000000
60,pacs_data/pacs_data/sketch/dog/5341.png,0,1.000000
61,pacs_data/pacs_data/sketch/dog/5342.png,0,1.000000
62,pacs_data/pacs_data/sketch/dog/5343.png,0,1.000000
63,pacs_data/pacs_data/sketch/dog/5344.png,0,1.000000
64,pacs_data/pacs_data/sketch/dog/5345.png,0,1.000000
65,pacs_data/pacs_data/sketch/dog/5346.png,0,1.000000
66,pacs_data/pacs_data/sketch/dog/5347.png,0,1.000000
67,pacs_data/pacs_data/sketch/dog/5348.png,0,1.000000
68,pacs_data/pacs_data/sketch/dog/5349.png,0,1.000000
69,pacs_data/pacs_data/sketch/dog/5350.png,0,1.000000
70,pacs_data/pacs_data/sketch/dog/5351.png,0,1.000000
71,pacs_data/pacs_data/sketch/dog/5352.png,0,1.000000
72,pacs_data/pacs_data/sketch/dog/5353.png,0,1.000000
73,pacs_data/pacs_data/sketch/dog/5354.png,0,1.000000
74,pacs_data/pacs_data/sketch/dog/5355.png,0,1.000000
75,pacs_data/pacs_data/sketch/dog/5356.png,0,1.000000
76,pacs_data/pacs_data/sketch/dog/5357.png,0,1.000000
77,pacs_data/pacs_data/sketch/dog/5358.png,0,1.000000
78,pacs_data/pacs_data/sketch/dog/5359.png,0,1.000000
79,pacs_data/pacs_data/sketch/dog/5360.png,0,1.000000
80,pacs_data/pacs_data/sketch/dog/n02103406_1011-1.png,0,1.000000
81,pacs_data/pacs_data/sketch/dog/n02103406_1011-2.png,0,1.000000
82,pacs_data/pacs_data/sketch/dog/n02103406_1011-3.png,0,1.000000
83,pacs_data/pacs_data/sketch/dog/n02103406_1011-4.png,0,1.000000
84,pacs_data/pacs_data/sketch/dog/n02103406_1011-5.png,0,1.000000
85,pacs_data/pacs_data/sketch/dog/n02103406_1138-1.png,0,1.000000
86,pacs_data/pacs_data/sketch/dog/n02103406_1138-2.png,0,1.000000
87,pacs_data/pacs_data/sketch/dog/n02103406_1138-3.png,0,1.000000
88,pacs_data/pacs_data/sketch/dog/n02103406_1138-4.png,0,1.000000
89,pacs_data/pacs_data/sketch/dog/n02103406_1138-5.png,0,1.000000
90,pacs_data/pacs_data/sketch/dog/n02103406_1138-6.png,0,1.000000
91,pacs_data/pacs_data/sketch/dog/n02103406_1138-7.png,0,1.000000
92,pacs_data/pacs_data/sketch/dog/n02103406_1138-8.png,0,1.000000
93,pacs_data/pacs_data/sketch/dog/n02103406_1170-1.png,0,1.000000
94,pacs_data/pacs_data/sketch/dog/n02103406_1170-2.png,0,1.000000
95,pacs_data/pacs_data/sketch/dog/n02103406_1170-3.png,0,1.000000
96,pacs_data/pacs_data/sketch/dog/n02103406_1170-4.png,0,1.000000
97,pacs_data/pacs_data/sketch/dog/n02103406_1170-5.png,0,1.000000
98,pacs_data/pacs_data/sketch/dog/n02103406_1170-6.png,0,1.000000
99,pacs_data/pacs_data/sketch/dog/n02103406_1247-1.png,0,1.000000
100,pacs_data/pacs_data/sketch/dog/n02103406_1247-2.png,0,1.000000
101,pacs_data/pacs_data/sketch/dog/n02103406_1247-3.png,0,1.000000
102,pacs_data/pacs_data/sketch/dog/n02103406_1247-4.png,0,1.000000
103,pacs_data/pacs_data/sketch/dog/n02103406_1247-5.png,0,1.000000
104,pacs_data/pacs_data/sketch/dog/n02103406_1247-6.png,0,1.000000
105,pacs_data/pacs_data/sketch/dog/n02103406_1247-7.png,0,1.000000
106,pacs_data/pacs_data/sketch/dog/n02103406_13049-1.png,0,1.000000
107,pacs_data/pacs_data/sketch/dog/n02103406_13049-2.png,0,1.000000
108,pacs_data/pacs_data/sketch/dog/n02103406_13049-3.png,0,1.000000
109,pacs_data/pacs_data/sketch/dog/n02103406_13049-4.png,0,1.000000
110,pacs_data/pacs_data/sketch/dog/n02103406_13049-5.png,0,1.000000
111,pacs_data/pacs_data/sketch/dog/n02103406_13049-6.png,0,1.000000
112,pacs_data/pacs_data/sketch/dog/n02103406_1599-1.png,0,1.000000
113,pacs_data/pacs_data/sketch/dog/n02103406_1599-2.png,0,1.000000
114,pacs_data/pacs_data/sketch/dog/n02103406_1599-3.png,0,1.000000
115,pacs_data/pacs_data/sketch/dog/n02103406_1599-4.png,0,1.000000
116,pacs_data/pacs_data/sketch/dog/n02103406_1599-5.png,0,1.000000
117,pacs_data/pacs_data/sketch/dog/n02103406_1754-1.png,0,1.000000
118,pacs_data/pacs_data/sketch/dog/n02103406_1754-2.png,0,1.000000
119,pacs_data/pacs_data/sketch/dog/n02103406_1754-3.png,0,1.000000
120,pacs_data/pacs_data/sketch/dog/n02103406_1754-4.png,0,1.000000
121,pacs_data/pacs_data/sketch/dog/n02103406_1754-5.png,0,1.000000
122,pacs_data/pacs_data/sketch/dog/n02103406_2209-1.png,0,1.000000
123,pacs_data/pacs_data/sketch/dog/n02103406_2209-2.png,0,1.000000
124,pacs_data/pacs_data/sketch/dog/n02103406_2209-3.png,0,1.000000
125,pacs_data/pacs_data/sketch/dog/n02103406_2209-4.png,0,1.000000
126,pacs_data/pacs_data/sketch/dog/n02103406_2209-5.png,0,1.000000
127,pacs_data/pacs_data/sketch/dog/n02103406_2209-6.png,0,1.000000
128,pacs_data/pacs_data/sketch/dog/n02103406_2209-7.png,0,1.000000
129,pacs_data/pacs_data/sketch/dog/n02103406_2209-8.png,0,1.000000
130,pacs_data/pacs_data/sketch/dog/n02103406_2706-1.png,0,1.000000
131,pacs_data/pacs_data/sketch/dog/n02103406_2706-2.png,0,1.000000
132,pacs_data/pacs_data/sketch/dog/n02103406_2706-3.png,0,1.000000
133,pacs_data/pacs_data/sketch/dog/n02103406_2706-4.png,0,1.000000
134,pacs_data/pacs_data/sketch/dog/n02103406_2706-5.png,0,1.000000
135,pacs_data/pacs_data/sketch/dog/n02103406_2706-6.png,0,1.000000
136,pacs_data/pacs_data/sketch/dog/n02103406_2706-7.png,0,1.000000
137,pacs_data/pacs_data/sketch/dog/n02103406_2706-8.png,0,1.000000
138,pacs_data/pacs_data/sketch/dog/n02103406_2706-9.png,0,1.000000
139,pacs_data/pacs_data/sketch/dog/n02103406_2954-1.png,0,1.000000
140,pacs_data/pacs_data/sketch/dog/n02103406_2954-2.png,0,1.000000
141,pacs_data/pacs_data/sketch/dog/n02103406_2954-3.png,0,1.000000
142,pacs_data/pacs_data/sketch/dog/n02103406_2954-4.png,0,1.000000
143,pacs_data/pacs_data/sketch/dog/n02103406_2954-5.png,0,1.000000
144,pacs_data/pacs_data/sketch/dog/n02103406_2954-6.png,0,1.000000
145,pacs_data/pacs_data/sketch/dog/n02103406_2976-1.png,0,1.000000
146,pacs_data/pacs_data/sketch/dog/n02103406_2976-2.png,0,1.000000
147,pacs_data/pacs_data/sketch/dog/n02103406_2976-3.png,0,1.000000
148,pacs_data/pacs_data/sketch/dog/n02103406_2976-4.png,0,1.000000
149,pacs_data/pacs_data/sketch/dog/n02103406_2976-5.png,0,1.000000
150,pacs_data/pacs_data/sketch/dog/n02103406_2976-6.png,0,1.000000
151,pacs_data/pacs_data/sketch/dog/n02103406_2976-7.png,0,1.000000
152,pacs_data/pacs_data/sketch/dog/n02103406_3056-1.png,0,1.000000
153,pacs_data/pacs_data/sketch/dog/n02103406_3056-2.png,0,1.000000
154,pacs_data/pacs_data/sketch/dog/n02103406_3056-3.png,0,1.000000
155,pacs_data/pacs_data/sketch/dog/n02103406_3056-4.png,0,1.000000
156,pacs_data/pacs_data/sketch/dog/n02103406_3056-5.png,0,1.000000
157,pacs_data/pacs_data/sketch/dog/n02103406_3108-1.png,0,1.000000
158,pacs_data/pacs_data/sketch/dog/n02103406_3108-2.png,0,1.000000
159,pacs_data/pacs_data/sketch/dog/n02103406_3108-3.png,0,1.000000
160,pacs_data/pacs_data/sketch/dog/n02103406_3108-4.png,0,1.000000
161,pacs_data/pacs_data/sketch/dog/n02103406_3108-5.png,0,1.000000
162,pacs_data/pacs_data/sketch/dog/n02103406_3108-6.png,0,1.000000
163,pacs_data/pacs_data/sketch/dog/n02103406_3132-1.png,0,1.000000
164,pacs_data/pacs_data/sketch/dog/n02103406_3132-2.png,0,1.000000
165,pacs_data/pacs_data/sketch/dog/n02103406_3132-3.png,0,1.000000
166,pacs_data/pacs_data/sketch/dog/n02103406_3132-4.png,0,1.000000
167,pacs_data/pacs_data/sketch/dog/n02103406_3132-5.png,0,1.000000
168,pacs_data/pacs_data/sketch/dog/n02103406_3132-6.png,0,1.000000
169,pacs_data/pacs_data/sketch/dog/n02103406_3132-7.png,0,1.000000
170,pacs_data/pacs_data/sketch/dog/n02103406_3255-1.png,0,1.000000
171,pacs_data/pacs_data/sketch/dog/n02103406_3255-10.png,0,1.000000
172,pacs_data/pacs_data/sketch/dog/n02103406_3255-11.png,0,1.000000
173,pacs_data/pacs_data/sketch/dog/n02103406_3255-2.png,0,1.000000
174,pacs_data/pacs_data/sketch/dog/n02103406_3255-3.png,0,1.000000
175,pacs_data/pacs_data/sketch/dog/n02103406_3255-4.png,0,1.000000
176,pacs_data/pacs_data/sketch/dog/n02103406_3255-5.png,0,1.000000
177,pacs_data/pacs_data/sketch/dog/n02103406_3255-6.png,0,1.000000
178,pacs_data/pacs_data/sketch/dog/n02103406_3255-7.png,0,1.000000
179,pacs_data/pacs_data/sketch/dog/n02103406_3255-8.png,0,1.000000
180,pacs_data/pacs_data/sketch/dog/n02103406_3255-9.png,0,0.999999
181,pacs_data/pacs_data/sketch/dog/n02103406_3299-1.png,0,1.000000
182,pacs_data/pacs_data/sketch/dog/n02103406_3299-2.png,0,1.000000
183,pacs_data/pacs_data/sketch/dog/n02103406_3299-3.png,0,1.000000
184,pacs_data/pacs_data/sketch/dog/n02103406_3299-4.png,0,1.000000
185,pacs_data/pacs_data/sketch/dog/n02103406_3299-5.png,0,1.000000
186,pacs_data/pacs_data/sketch/dog/n02103406_3299-6.png,0,1.000000
187,pacs_data/pacs_data/sketch/dog/n02103406_3299-7.png,0,1.000000
188,pacs_data/pacs_data/sketch/dog/n02103406_3299-8.png,0,1.000000
189,pacs_data/pacs_data/sketch/dog/n02103406_3299-9.png,0,1.000000
190,pacs_data/pacs_data/sketch/dog/n02103406_3326-1.png,0,1.000000
191,pacs_data/pacs_data/sketch/dog/n02103406_3326-10.png,0,1.000000
192,pacs_data/pacs_data/sketch/dog/n02103406_3326-11.png,0,1.000000
193,pacs_data/pacs_data/sketch/dog/n02103406_3326-12.png,0,1.000000
194,pacs_data/pacs_data/sketch/dog/n02103406_3326-13.png,0,1.000000
195,pacs_data/pacs_data/sketch/dog/n02103406_3326-2.png,0,1.000000
196,pacs_data/pacs_data/sketch/dog/n02103406_3326-3.png,0,1.000000
197,pacs_data/pacs_data/sketch/dog/n02103406_3326-4.png,0,1.000000
198,pacs_data/pacs_data/sketch/dog/n02103406_3326-5.png,0,1.000000
199,pacs_data/pacs_data/sketch/dog/n02103406_3326-6.png,0,1.000000
200,pacs_data/pacs_data/sketch/dog/n02103406_3326-7.png,0,1.000000
201,pacs_data/pacs_data/sketch/dog/n02103406_3326-8.png,0,1.000000
202,pacs_data/pacs_data/sketch/dog/n02103406_3326-9.png,0,1.000000
203,pacs_data/pacs_data/sketch/dog/n02103406_3401-1.png,0,1.000000
204,pacs_data/pacs_data/sketch/dog/n02103406_3401-2.png,0,1.000000
205,pacs_data/pacs_data/sketch/dog/n02103406_3401-3.png,0,1.000000
206,pacs_data/pacs_data/sketch/dog/n02103406_3401-4.png,0,1.000000
207,pacs_data/pacs_data/sketch/dog/n02103406_3401-5.png,0,1.000000
208,pacs_data/pacs_data/sketch/dog/n02103406_3401-6.png,0,1.000000
209,pacs_data/pacs_data/sketch/dog/n02103406_343-1.png,0,1.000000
210,pacs_data/pacs_data/sketch/dog/n02103406_343-2.png,0,1.000000
211,pacs_data/pacs_data/sketch/dog/n02103406_343-3.png,0,1.000000
212,pacs_data/pacs_data/sketch/dog/n02103406_343-4.png,0,1.000000
213,pacs_data/pacs_data/sketch/dog/n02103406_343-5.png,0,1.000000
214,pacs_data/pacs_data/sketch/dog/n02103406_343-6.png,0,1.000000
215,pacs_data/pacs_data/sketch/dog/n02103406_343-7.png,0,1.000000
216,pacs_data/pacs_data/sketch/dog/n02103406_343-8.png,0,1.000000
217,pacs_data/pacs_data/sketch/dog/n02103406_343-9.png,0,1.000000
218,pacs_data/pacs_data/sketch/dog/n02103406_346-1.png,0,1.000000
219,pacs_data/pacs_data/sketch/dog/n02103406_346-2.png,0,1.000000
220,pacs_data/pacs_data/sketch/dog/n02103406_346-3.png,0,1.000000
221,pacs_data/pacs_data/sketch/dog/n02103406_346-4.png,0,1.000000
222,pacs_data/pacs_data/sketch/dog/n02103406_346-5.png,0,1.000000
223,pacs_data/pacs_data/sketch/dog/n02103406_346-6.png,0,1.000000
224,pacs_data/pacs_data/sketch/dog/n02103406_346-7.png,0,1.000000
225,pacs_data/pacs_data/sketch/dog/n02103406_3538-1.png,0,1.000000
226,pacs_data/pacs_data/sketch/dog/n02103406_3538-2.png,0,1.000000
227,pacs_data/pacs_data/sketch/dog/n02103406_3538-3.png,0,1.000000
228,pacs_data/pacs_data/sketch/dog/n02103406_3538-4.png,0,1.000000
229,pacs_data/pacs_data/sketch/dog/n02103406_3538-5.png,0,1.000000
230,pacs_data/pacs_data/sketch/dog/n02103406_3538-6.png,0,1.000000
231,pacs_data/pacs_data/sketch/dog/n02103406_3538-7.png,0,1.000000
232,pacs_data/pacs_data/sketch/dog/n02103406_371-1.png,0,1.000000
233,pacs_data/pacs_data/sketch/dog/n02103406_371-10.png,0,1.000000
234,pacs_data/pacs_data/sketch/dog/n02103406_371-11.png,0,1.000000
235,pacs_data/pacs_data/sketch/dog/n02103406_371-2.png,0,1.000000
236,pacs_data/pacs_data/sketch/dog/n02103406_371-3.png,0,1.000000
237,pacs_data/pacs_data/sketch/dog/n02103406_371-4.png,0,1.000000
238,pacs_data/pacs_data/sketch/dog/n02103406_371-5.png,0,1.000000
239,pacs_data/pacs_data/sketch/dog/n02103406_371-6.png,0,1.000000
240,pacs_data/pacs_data/sketch/dog/n02103406_371-7.png,0,1.000000
241,pacs_data/pacs_data/sketch/dog/n02103406_371-8.png,0,1.000000
242,pacs_data/pacs_data/sketch/dog/n02103406_371-9.png,0,1.000000
243,pacs_data/pacs_data/sketch/dog/n02103406_3743-1.png,0,1.000000
244,pacs_data/pacs_data/sketch/dog/n02103406_3743-10.png,0,1.000000
245,pacs_data/pacs_data/sketch/dog/n02103406_3743-2.png,0,1.000000
246,pacs_data/pacs_data/sketch/dog/n02103406_3743-3.png,0,1.000000
247,pacs_data/pacs_data/sketch/dog/n02103406_3743-4.png,0,1.000000
248,pacs_data/pacs_data/sketch/dog/n02103406_3743-5.png,0,1.000000
249,pacs_data/pacs_data/sketch/dog/n02103406_3743-6.png,0,1.000000
250,pacs_data/pacs_data/sketch/dog/n02103406_3743-7.png,0,1.000000
251,pacs_data/pacs_data/sketch/dog/n02103406_3743-8.png,0,1.000000
252,pacs_data/pacs_data/sketch/dog/n02103406_3743-9.png,0,1.000000
253,pacs_data/pacs_data/sketch/dog/n02103406_3750-1.png,0,1.000000
254,pacs_data/pacs_data/sketch/dog/n02103406_3750-2.png,0,1.000000
255,pacs_data/pacs_data/sketch/dog/n02103406_3750-3.png,0,1.000000
256,pacs_data/pacs_data/sketch/dog/n02103406_3750-4.png,0,1.000000
257,pacs_data/pacs_data/sketch/dog/n02103406_3750-5.png,0,0.999999
258,pacs_data/pacs_data/sketch/dog/n02103406_3750-6.png,0,1.000000
259,pacs_data/pacs_data/sketch/dog/n02103406_3964-1.png,0,1.000000
260,pacs_data/pacs_data/sketch/dog/n02103406_3964-2.png,0,1.000000
261,pacs_data/pacs_data/sketch/dog/n02103406_3964-3.png,0,1.000000
262,pacs_data/pacs_data/sketch/dog/n02103406_3964-4.png,0,1.000000
263,pacs_data/pacs_data/sketch/dog/n02103406_3964-5.png,0,1.000000
264,pacs_data/pacs_data/sketch/dog/n02103406_4068-1.png,0,1.000000
265,pacs_data/pacs_data/sketch/dog/n02103406_4068-10.png,0,1.000000
266,pacs_data/pacs_data/sketch/dog/n02103406_4068-11.png,0,1.000000
267,pacs_data/pacs_data/sketch/dog/n02103406_4068-12.png,0,1.000000
268,pacs_data/pacs_data/sketch/dog/n02103406_4068-2.png,0,1.000000
269,pacs_data/pacs_data/sketch/dog/n02103406_4068-3.png,0,1.000000
270,pacs_data/pacs_data/sketch/dog/n02103406_4068-4.png,0,1.000000
271,pacs_data/pacs_data/sketch/dog/n02103406_4068-5.png,0,1.000000
272,pacs_data/pacs_data/sketch/dog/n02103406_4068-6.png,0,1.000000
273,pacs_data/pacs_data/sketch/dog/n02103406_4068-7.png,0,1.000000
274,pacs_data/pacs_data/sketch/dog/n02103406_4068-8.png,0,1.000000
275,pacs_data/pacs_data/sketch/dog/n02103406_4068-9.png,0,1.000000
276,pacs_data/pacs_data/sketch/dog/n02103406_4582-1.png,0,1.000000
277,pacs_data/pacs_data/sketch/dog/n02103406_4582-2.png,0,1.000000
278,pacs_data/pacs_data/sketch/dog/n02103406_4582-3.png,0,1.000000
279,pacs_data/pacs_data/sketch/dog/n02103406_4582-4.png,0,1.000000
280,pacs_data/pacs_data/sketch/dog/n02103406_4582-5.png,0,1.000000
281,pacs_data/pacs_data/sketch/dog/n02103406_4849-1.png,0,1.000000
282,pacs_data/pacs_data/sketch/dog/n02103406_4849-2.png,0,1.000000
283,pacs_data/pacs_data/sketch/dog/n02103406_4849-3.png,0,1.000000
284,pacs_data/pacs_data/sketch/dog/n02103406_4849-4.png,0,1.000000
285,pacs_data/pacs_data/sketch/dog/n02103406_4849-5.png,0,1.000000
286,pacs_data/pacs_data/sketch/dog/n02103406_4849-6.png,0,1.000000
287,pacs_data/pacs_data/sketch/dog/n02103406_4849-7.png,0,1.000000
288,pacs_data/pacs_data/sketch/dog/n02103406_4849-8.png,0,1.000000
289,pacs_data/pacs_data/sketch/dog/n02103406_4849-9.png,0,1.000000
290,pacs_data/pacs_data/sketch/dog/n02103406_4916-1.png,0,1.000000
291,pacs_data/pacs_data/sketch/dog/n02103406_4916-2.png,0,1.000000
292,pacs_data/pacs_data/sketch/dog/n02103406_4916-3.png,0,1.000000
293,pacs_data/pacs_data/sketch/dog/n02103406_4916-4.png,0,1.000000
294,pacs_data/pacs_data/sketch/dog/n02103406_4916-5.png,0,1.000000
295,pacs_data/pacs_data/sketch/dog/n02103406_5035-1.png,0,1.000000
296,pacs_data/pacs_data/sketch/dog/n02103406_5035-2.png,0,1.000000
297,pacs_data/pacs_data/sketch/dog/n02103406_5035-3.png,0,1.000000
298,pacs_data/pacs_data/sketch/dog/n02103406_5035-4.png,0,1.000000
299,pacs_data/pacs_data/sketch/dog/n02103406_5035-5.png,0,1.000000
300,pacs_data/pacs_data/sketch/dog/n02103406_5035-6.png,0,1.000000
301,pacs_data/pacs_data/sketch/dog/n02103406_5216-1.png,0,1.000000
302,pacs_data/pacs_data/sketch/dog/n02103406_5216-2.png,0,1.000000
303,pacs_data/pacs_data/sketch/dog/n02103406_5216-3.png,0,1.000000
304,pacs_data/pacs_data/sketch/dog/n02103406_5216-4.png,0,1.000000
305,pacs_data/pacs_data/sketch/dog/n02103406_5216-5.png,0,1.000000
306,pacs_data/pacs_data/sketch/dog/n02103406_5224-1.png,0,1.000000
307,pacs_data/pacs_data/sketch/dog/n02103406_5224-2.png,0,1.000000
308,pacs_data/pacs_data/sketch/dog/n02103406_5224-3.png,0,1.000000
309,pacs_data/pacs_data/sketch/dog/n02103406_5224-4.png,0,1.000000
310,pacs_data/pacs_data/sketch/dog/n02103406_5224-5.png,0,1.000000
311,pacs_data/pacs_data/sketch/dog/n02103406_5224-6.png,0,1.000000
312,pacs_data/pacs_data/sketch/dog/n02103406_5456-1.png,0,1.000000
313,pacs_data/pacs_data/sketch/dog/n02103406_5456-2.png,0,1.000000
314,pacs_data/pacs_data/sketch/dog/n02103406_5456-3.png,0,1.000000
315,pacs_data/pacs_data/sketch/dog/n02103406_5456-4.png,0,1.000000
316,pacs_data/pacs_data/sketch/dog/n02103406_5456-5.png,0,1.000000
317,pacs_data/pacs_data/sketch/dog/n02103406_5456-6.png,0,1.000000
318,pacs_data/pacs_data/sketch/dog/n02103406_5456-7.png,0,1.000000
319,pacs_data/pacs_data/sketch/dog/n02103406_5456-8.png,0,1.000000
320,pacs_data/pacs_data/sketch/dog/n02103406_5456-9.png,0,1.000000
321,pacs_data/pacs_data/sketch/dog/n02103406_5505-1.png,0,1.000000
322,pacs_data/pacs_data/sketch/dog/n02103406_5505-2.png,0,1.000000
323,pacs_data/pacs_data/sketch/dog/n02103406_5505-3.png,0,1.000000
324,pacs_data/pacs_data/sketch/dog/n02103406_5505-4.png,0,1.000000
325,pacs_data/pacs_data/sketch/dog/n02103406_5505-5.png,0,1.000000
326,pacs_data/pacs_data/sketch/dog/n02103406_5505-6.png,0,1.000000
327,pacs_data/pacs_data/sketch/dog/n02103406_5563-1.png,0,1.000000
328,pacs_data/pacs_data/sketch/dog/n02103406_5563-2.png,0,1.000000
329,pacs_data/pacs_data/sketch/dog/n02103406_5563-3.png,0,1.000000
330,pacs_data/pacs_data/sketch/dog/n02103406_5563-4.png,0,1.000000
331,pacs_data/pacs_data/sketch/dog/n02103406_5563-5.png,0,1.000000
332,pacs_data/pacs_data/sketch/dog/n02103406_5563-6.png,0,1.000000
333,pacs_data/pacs_data/sketch/dog/n02103406_5563-7.png,0,1.000000
334,pacs_data/pacs_data/sketch/dog/n02103406_5601-1.png,0,1.000000
335,pacs_data/pacs_data/sketch/dog/n02103406_5601-2.png,0,1.000000
336,pacs_data/pacs_data/sketch/dog/n02103406_5601-3.png,0,1.000000
337,pacs_data/pacs_data/sketch/dog/n02103406_5601-4.png,0,1.000000
338,pacs_data/pacs_data/sketch/dog/n02103406_5601-5.png,0,1.000000
339,pacs_data/pacs_data/sketch/dog/n02103406_5601-6.png,0,1.000000
340,pacs_data/pacs_data/sketch/dog/n02103406_6274-1.png,0,1.000000
341,pacs_data/pacs_data/sketch/dog/n02103406_6274-2.png,0,1.000000
342,pacs_data/pacs_data/sketch/dog/n02103406_6274-3.png,0,1.000000
343,pacs_data/pacs_data/sketch/dog/n02103406_6274-4.png,0,1.000000
344,pacs_data/pacs_data/sketch/dog/n02103406_6274-5.png,0,1.000000
345,pacs_data/pacs_data/sketch/dog/n02103406_6461-1.png,0,1.000000
346,pacs_data/pacs_data/sketch/dog/n02103406_6461-2.png,0,1.000000
347,pacs_data/pacs_data/sketch/dog/n02103406_6461-3.png,0,1.000000
348,pacs_data/pacs_data/sketch/dog/n02103406_6461-4.png,0,1.000000
349,pacs_data/pacs_data/sketch/dog/n02103406_6461-5.png,0,1.000000
350,pacs_data/pacs_data/sketch/dog/n02103406_6461-6.png,0,1.000000
351,pacs_data/pacs_data/sketch/dog/n02103406_6461-7.png,0,1.000000
352,pacs_data/pacs_data/sketch/dog/n02103406_651-1.png,0,1.000000
353,pacs_data/pacs_data/sketch/dog/n02103406_651-2.png,0,1.000000
354,pacs_data/pacs_data/sketch/dog/n02103406_651-3.png,0,1.000000
355,pacs_data/pacs_data/sketch/dog/n02103406_651-4.png,0,1.000000
356,pacs_data/pacs_data/sketch/dog/n02103406_651-5.png,0,1.000000
357,pacs_data/pacs_data/sketch/dog/n02103406_651-6.png,0,1.000000
358,pacs_data/pacs_data/sketch/dog/n02103406_651-7.png,0,1.000000
359,pacs_data/pacs_data/sketch/dog/n02103406_6530-1.png,0,1.000000
360,pacs_data/pacs_data/sketch/dog/n02103406_6530-2.png,0,1.000000
361,pacs_data/pacs_data/sketch/dog/n02103406_6530-3.png,0,1.000000
362,pacs_data/pacs_data/sketch/dog/n02103406_6530-4.png,0,1.000000
363,pacs_data/pacs_data/sketch/dog/n02103406_6530-5.png,0,1.000000
364,pacs_data/pacs_data/sketch/dog/n02103406_6530-6.png,0,1.000000
365,pacs_data/pacs_data/sketch/dog/n02103406_6530-7.png,0,1.000000
366,pacs_data/pacs_data/sketch/dog/n02103406_6688-1.png,0,1.000000
367,pacs_data/pacs_data/sketch/dog/n02103406_6688-2.png,0,1.000000
368,pacs_data/pacs_data/sketch/dog/n02103406_6688-3.png,0,1.000000
369,pacs_data/pacs_data/sketch/dog/n02103406_6688-4.png,0,1.000000
370,pacs_data/pacs_data/sketch/dog/n02103406_6688-5.png,0,1.000000
371,pacs_data/pacs_data/sketch/dog/n02103406_6688-6.png,0,1.000000
372,pacs_data/pacs_data/sketch/dog/n02103406_6688-7.png,0,1.000000
373,pacs_data/pacs_data/sketch/dog/n02103406_6688-8.png,0,1.000000
374,pacs_data/pacs_data/sketch/dog/n02103406_6688-9.png,0,1.000000
375,pacs_data/pacs_data/sketch/dog/n02103406_6852-1.png,0,1.000000
376,pacs_data/pacs_data/sketch/dog/n02103406_6852-2.png,0,1.000000
377,pacs_data/pacs_data/sketch/dog/n02103406_6852-3.png,0,1.000000
378,pacs_data/pacs_data/sketch/dog/n02103406_6852-4.png,0,1.000000
379,pacs_data/pacs_data/sketch/dog/n02103406_6852-5.png,0,1.000000
380,pacs_data/pacs_data/sketch/dog/n02103406_6852-6.png,0,1.000000
381,pacs_data/pacs_data/sketch/dog/n02103406_6852-7.png,0,1.000000
382,pacs_data/pacs_data/sketch/dog/n02103406_6852-8.png,0,1.000000
383,pacs_data/pacs_data/sketch/dog/n02103406_6852-9.png,0,1.000000
384,pacs_data/pacs_data/sketch/dog/n02103406_6857-1.png,0,1.000000
385,pacs_data/pacs_data/sketch/dog/n02103406_6857-2.png,0,1.000000
386,pacs_data/pacs_data/sketch/dog/n02103406_6857-3.png,0,1.000000
387,pacs_data/pacs_data/sketch/dog/n02103406_6857-4.png,0,1.000000
388,pacs_data/pacs_data/sketch/dog/n02103406_6857-5.png,0,1.000000
389,pacs_data/pacs_data/sketch/dog/n02103406_6857-6.png,0,1.000000
390,pacs_data/pacs_data/sketch/dog/n02103406_6857-7.png,0,1.000000
391,pacs_data/pacs_data/sketch/dog/n02103406_6857-8.png,0,1.000000
392,pacs_data/pacs_data/sketch/dog/n02103406_7201-1.png,0,1.000000
393,pacs_data/pacs_data/sketch/dog/n02103406_7201-2.png,0,1.000000
394,pacs_data/pacs_data/sketch/dog/n02103406_7201-3.png,0,1.000000
395,pacs_data/pacs_data/sketch/dog/n02103406_7201-4.png,0,1.000000
396,pacs_data/pacs_data/sketch/dog/n02103406_7201-5.png,0,1.000000
397,pacs_data/pacs_data/sketch/dog/n02103406_7201-6.png,0,1.000000
398,pacs_data/pacs_data/sketch/dog/n02103406_7368-1.png,0,1.000000
399,pacs_data/pacs_data/sketch/dog/n02103406_7368-10.png,0,1.000000
400,pacs_data/pacs_data/sketch/dog/n02103406_7368-2.png,0,1.000000
401,pacs_data/pacs_data/sketch/dog/n02103406_7368-3.png,0,1.000000
402,pacs_data/pacs_data/sketch/dog/n02103406_7368-4.png,0,1.000000
403,pacs_data/pacs_data/sketch/dog/n02103406_7368-5.png,0,1.000000
404,pacs_data/pacs_data/sketch/dog/n02103406_7368-6.png,0,1.000000
405,pacs_data/pacs_data/sketch/dog/n02103406_7368-7.png,0,1.000000
406,pacs_data/pacs_data/sketch/dog/n02103406_7368-8.png,0,1.000000
407,pacs_data/pacs_data/sketch/dog/n02103406_7368-9.png,0,1.000000
408,pacs_data/pacs_data/sketch/dog/n02103406_7521-1.png,0,1.000000
409,pacs_data/pacs_data/sketch/dog/n02103406_7521-2.png,0,1.000000
410,pacs_data/pacs_data/sketch/dog/n02103406_7521-3.png,0,1.000000
411,pacs_data/pacs_data/sketch/dog/n02103406_7521-4.png,0,1.000000
412,pacs_data/pacs_data/sketch/dog/n02103406_7521-5.png,0,1.000000
413,pacs_data/pacs_data/sketch/dog/n02103406_7521-6.png,0,1.000000
414,pacs_data/pacs_data/sketch/dog/n02103406_7521-7.png,0,1.000000
415,pacs_data/pacs_data/sketch/dog/n02103406_7521-8.png,0,1.000000
416,pacs_data/pacs_data/sketch/dog/n02103406_7708-1.png,0,1.000000
417,pacs_data/pacs_data/sketch/dog/n02103406_7708-10.png,0,1.000000
418,pacs_data/pacs_data/sketch/dog/n02103406_7708-2.png,0,1.000000
419,pacs_data/pacs_data/sketch/dog/n02103406_7708-3.png,0,1.000000
420,pacs_data/pacs_data/sketch/dog/n02103406_7708-4.png,0,1.000000
421,pacs_data/pacs_data/sketch/dog/n02103406_7708-5.png,0,1.000000
422,pacs_data/pacs_data/sketch/dog/n02103406_7708-6.png,0,1.000000
423,pacs_data/pacs_data/sketch/dog/n02103406_7708-7.png,0,1.000000
424,pacs_data/pacs_data/sketch/dog/n02103406_7708-8.png,0,1.000000
425,pacs_data/pacs_data/sketch/dog/n02103406_7708-9.png,0,1.000000
426,pacs_data/pacs_data/sketch/dog/n02103406_8004-1.png,0,1.000000
427,pacs_data/pacs_data/sketch/dog/n02103406_8004-2.png,0,1.000000
428,pacs_data/pacs_data/sketch/dog/n02103406_8004-3.png,0,1.000000
429,pacs_data/pacs_data/sketch/dog/n02103406_8004-4.png,0,1.000000
430,pacs_data/pacs_data/sketch/dog/n02103406_8004-5.png,0,1.000000
431,pacs_data/pacs_data/sketch/dog/n02103406_8004-6.png,0,1.000000
432,pacs_data/pacs_data/sketch/dog/n02103406_8004-7.png,0,1.000000
433,pacs_data/pacs_data/sketch/dog/n02103406_8004-8.png,0,1.000000
434,pacs_data/pacs_data/sketch/dog/n02103406_8004-9.png,0,1.000000
435,pacs_data/pacs_data/sketch/dog/n02103406_8280-1.png,0,1.000000
436,pacs_data/pacs_data/sketch/dog/n02103406_8280-2.png,0,1.000000
437,pacs_data/pacs_data/sketch/dog/n02103406_8280-3.png,0,1.000000
438,pacs_data/pacs_data/sketch/dog/n02103406_8280-4.png,0,1.000000
439,pacs_data/pacs_data/sketch/dog/n02103406_8280-5.png,0,1.000000
440,pacs_data/pacs_data/sketch/dog/n02103406_8280-6.png,0,1.000000
441,pacs_data/pacs_data/sketch/dog/n02103406_8362-1.png,0,1.000000
442,pacs_data/pacs_data/sketch/dog/n02103406_8362-10.png,0,1.000000
443,pacs_data/pacs_data/sketch/dog/n02103406_8362-2.png,0,1.000000
444,pacs_data/pacs_data/sketch/dog/n02103406_8362-3.png,0,1.000000
445,pacs_data/pacs_data/sketch/dog/n02103406_8362-4.png,0,1.000000
446,pacs_data/pacs_data/sketch/dog/n02103406_8362-5.png,0,1.000001
447,pacs_data/pacs_data/sketch/dog/n02103406_8362-6.png,0,1.000000
448,pacs_data/pacs_data/sketch/dog/n02103406_8362-7.png,0,1.000000
449,pacs_data/pacs_data/sketch/dog/n02103406_8362-8.png,0,1.000000
450,pacs_data/pacs_data/sketch/dog/n02103406_8362-9.png,0,1.000000
451,pacs_data/pacs_data/sketch/dog/n02103406_8421-1.png,0,1.000000
452,pacs_data/pacs_data/sketch/dog/n02103406_8421-2.png,0,1.000000
453,pacs_data/pacs_data/sketch/dog/n02103406_8421-3.png,0,1.000000
454,pacs_data/pacs_data/sketch/dog/n02103406_8421-4.png,0,1.000000
455,pacs_data/pacs_data/sketch/dog/n02103406_8421-5.png,0,1.000000
456,pacs_data/pacs_data/sketch/dog/n02103406_8421-6.png,0,1.000000
457,pacs_data/pacs_data/sketch/dog/n02103406_865-1.png,0,1.000000
458,pacs_data/pacs_data/sketch/dog/n02103406_865-10.png,0,1.000000
459,pacs_data/pacs_data/sketch/dog/n02103406_865-11.png,0,1.000000
460,pacs_data/pacs_data/sketch/dog/n02103406_865-2.png,0,1.000000
461,pacs_data/pacs_data/sketch/dog/n02103406_865-3.png,0,1.000000
462,pacs_data/pacs_data/sketch/dog/n02103406_865-4.png,0,1.000000
463,pacs_data/pacs_data/sketch/dog/n02103406_865-5.png,0,1.000000
464,pacs_data/pacs_data/sketch/dog/n02103406_865-6.png,0,1.000000
465,pacs_data/pacs_data/sketch/dog/n02103406_865-7.png,0,1.000000
466,pacs_data/pacs_data/sketch/dog/n02103406_865-8.png,0,1.000001
467,pacs_data/pacs_data/sketch/dog/n02103406_865-9.png,0,1.000000
468,pacs_data/pacs_data/sketch/dog/n02103406_936-1.png,0,1.000000
469,pacs_data/pacs_data/sketch/dog/n02103406_936-2.png,0,1.000000
470,pacs_data/pacs_data/sketch/dog/n02103406_936-3.png,0,1.000000
471,pacs_data/pacs_data/sketch/dog/n02103406_936-4.png,0,1.000000
472,pacs_data/pacs_data/sketch/dog/n02103406_936-5.png,0,1.000000
473,pacs_data/pacs_data/sketch/dog/n02103406_936-6.png,0,1.000000
474,pacs_data/pacs_data/sketch/dog/n02103406_936-7.png,0,1.000000
475,pacs_data/pacs_data/sketch/dog/n02103406_936-8.png,0,1.000000
476,pacs_data/pacs_data/sketch/dog/n02103406_936-9.png,0,1.000000
477,pacs_data/pacs_data/sketch/dog/n02103406_995-1.png,0,1.000000
478,pacs_data/pacs_data/sketch/dog/n02103406_995-2.png,0,1.000000
479,pacs_data/pacs_data/sketch/dog/n02103406_995-3.png,0,1.000000
480,pacs_data/pacs_data/sketch/dog/n02103406_995-4.png,0,1.000000
481,pacs_data/pacs_data/sketch/dog/n02103406_995-5.png,0,1.000000
482,pacs_data/pacs_data/sketch/dog/n02103406_995-6.png,0,1.000000
483,pacs_data/pacs_data/sketch/dog/n02106662_10406-1.png,0,1.000000
484,pacs_data/pacs_data/sketch/dog/n02106662_10406-2.png,0,1.000000
485,pacs_data/pacs_data/sketch/dog/n02106662_10406-3.png,0,0.999999
486,pacs_data/pacs_data/sketch/dog/n02106662_10406-4.png,0,1.000000
487,pacs_data/pacs_data/sketch/dog/n02106662_10406-5.png,0,1.000000
488,pacs_data/pacs_data/sketch/dog/n02106662_10406-6.png,0,1.000000
489,pacs_data/pacs_data/sketch/dog/n02106662_11133-1.png,0,1.000000
490,pacs_data/pacs_data/sketch/dog/n02106662_11133-2.png,0,1.000000
491,pacs_data/pacs_data/sketch/dog/n02106662_11133-3.png,0,1.000000
492,pacs_data/pacs_data/sketch/dog/n02106662_11133-4.png,0,1.000000
493,pacs_data/pacs_data/sketch/dog/n02106662_11133-5.png,0,1.000000
494,pacs_data/pacs_data/sketch/dog/n02106662_13178-1.png,0,1.000000
495,pacs_data/pacs_data/sketch/dog/n02106662_13178-2.png,0,1.000000
496,pacs_data/pacs_data/sketch/dog/n02106662_13178-3.png,0,1.000000
497,pacs_data/pacs_data/sketch/dog/n02106662_13178-4.png,0,1.000000
498,pacs_data/pacs_data/sketch/dog/n02106662_13178-5.png,0,1.000000
499,pacs_data/pacs_data/sketch/dog/n02106662_13912-1.png,0,1.000000
500,pacs_data/pacs_data/sketch/dog/n02106662_13912-2.png,0,1.000000
501,pacs_data/pacs_data/sketch/dog/n02106662_13912-3.png,0,1.000000
502,pacs_data/pacs_data/sketch/dog/n02106662_13912-4.png,0,1.000000
503,pacs_data/pacs_data/sketch/dog/n02106662_13912-5.png,0,1.000000
504,pacs_data/pacs_data/sketch/dog/n02106662_15858-1.png,0,1.000000
505,pacs_data/pacs_data/sketch/dog/n02106662_15858-2.png,0,1.000000
506,pacs_data/pacs_data/sketch/dog/n02106662_15858-3.png,0,1.000000
507,pacs_data/pacs_data/sketch/dog/n02106662_15858-4.png,0,1.000000
508,pacs_data/pacs_data/sketch/dog/n02106662_15858-5.png,0,1.000000
509,pacs_data/pacs_data/sketch/dog/n02106662_15858-6.png,0,1.000000
510,pacs_data/pacs_data/sketch/dog/n02106662_18402-1.png,0,1.000000
511,pacs_data/pacs_data/sketch/dog/n02106662_18402-2.png,0,1.000000
512,pacs_data/pacs_data/sketch/dog/n02106662_18402-3.png,0,1.000000
513,pacs_data/pacs_data/sketch/dog/n02106662_18402-4.png,0,1.000000
514,pacs_data/pacs_data/sketch/dog/n02106662_18402-5.png,0,1.000000
515,pacs_data/pacs_data/sketch/dog/n02106662_18405-1.png,0,1.000000
516,pacs_data/pacs_data/sketch/dog/n02106662_18405-2.png,0,1.000000
517,pacs_data/pacs_data/sketch/dog/n02106662_18405-3.png,0,1.000000
518,pacs_data/pacs_data/sketch/dog/n02106662_18405-4.png,0,1.000000
519,pacs_data/pacs_data/sketch/dog/n02106662_18405-5.png,0,1.000000
520,pacs_data/pacs_data/sketch/dog/n02106662_1874-1.png,0,1.000000
521,pacs_data/pacs_data/sketch/dog/n02106662_1874-2.png,0,1.000000
522,pacs_data/pacs_data/sketch/dog/n02106662_1874-3.png,0,1.000000
523,pacs_data/pacs_data/sketch/dog/n02106662_1874-4.png,0,1.000000
524,pacs_data/pacs_data/sketch/dog/n02106662_1874-5.png,0,1.000000
525,pacs_data/pacs_data/sketch/dog/n02106662_18922-1.png,0,1.000000
526,pacs_data/pacs_data/sketch/dog/n02106662_18922-10.png,0,1.000000
527,pacs_data/pacs_data/sketch/dog/n02106662_18922-11.png,0,1.000000
528,pacs_data/pacs_data/sketch/dog/n02106662_18922-2.png,0,1.000000
529,pacs_data/pacs_data/sketch/dog/n02106662_18922-3.png,0,1.000000
530,pacs_data/pacs_data/sketch/dog/n02106662_18922-4.png,0,1.000000
531,pacs_data/pacs_data/sketch/dog/n02106662_18922-5.png,0,1.000000
532,pacs_data/pacs_data/sketch/dog/n02106662_18922-6.png,0,1.000000
533,pacs_data/pacs_data/sketch/dog/n02106662_18922-7.png,0,1.000000
534,pacs_data/pacs_data/sketch/dog/n02106662_18922-8.png,0,1.000000
535,pacs_data/pacs_data/sketch/dog/n02106662_18922-9.png,0,1.000000
536,pacs_data/pacs_data/sketch/dog/n02106662_18953-1.png,0,1.000000
537,pacs_data/pacs_data/sketch/dog/n02106662_18953-2.png,0,1.000000
538,pacs_data/pacs_data/sketch/dog/n02106662_18953-3.png,0,1.000000
539,pacs_data/pacs_data/sketch/dog/n02106662_18953-4.png,0,1.000000
540,pacs_data/pacs_data/sketch/dog/n02106662_18953-5.png,0,1.000000
541,pacs_data/pacs_data/sketch/dog/n02106662_18953-6.png,0,1.000000
542,pacs_data/pacs_data/sketch/dog/n02106662_18953-7.png,0,1.000000
543,pacs_data/pacs_data/sketch/dog/n02106662_1922-1.png,0,1.000000
544,pacs_data/pacs_data/sketch/dog/n02106662_1922-2.png,0,1.000000
545,pacs_data/pacs_data/sketch/dog/n02106662_1922-3.png,0,1.000000
546,pacs_data/pacs_data/sketch/dog/n02106662_1922-4.png,0,1.000000
547,pacs_data/pacs_data/sketch/dog/n02106662_1922-5.png,0,1.000000
548,pacs_data/pacs_data/sketch/dog/n02106662_2101-1.png,0,1.000000
549,pacs_data/pacs_data/sketch/dog/n02106662_2101-2.png,0,1.000000
550,pacs_data/pacs_data/sketch/dog/n02106662_2101-3.png,0,1.000000
551,pacs_data/pacs_data/sketch/dog/n02106662_2101-4.png,0,1.000000
552,pacs_data/pacs_data/sketch/dog/n02106662_2101-5.png,0,1.000000
553,pacs_data/pacs_data/sketch/dog/n02106662_2101-6.png,0,1.000000
554,pacs_data/pacs_data/sketch/dog/n02106662_2101-7.png,0,1.000000
555,pacs_data/pacs_data/sketch/dog/n02106662_2101-8.png,0,1.000000
556,pacs_data/pacs_data/sketch/dog/n02106662_2101-9.png,0,1.000000
557,pacs_data/pacs_data/sketch/dog/n02106662_2157-1.png,0,1.000000
558,pacs_data/pacs_data/sketch/dog/n02106662_2157-2.png,0,1.000000
559,pacs_data/pacs_data/sketch/dog/n02106662_2157-3.png,0,1.000000
560,pacs_data/pacs_data/sketch/dog/n02106662_2157-4.png,0,1.000000
561,pacs_data/pacs_data/sketch/dog/n02106662_2157-5.png,0,1.000000
562,pacs_data/pacs_data/sketch/dog/n02106662_2157-6.png,0,1.000000
563,pacs_data/pacs_data/sketch/dog/n02106662_2377-1.png,0,1.000000
564,pacs_data/pacs_data/sketch/dog/n02106662_2377-2.png,0,1.000000
565,pacs_data/pacs_data/sketch/dog/n02106662_2377-3.png,0,1.000000
566,pacs_data/pacs_data/sketch/dog/n02106662_2377-4.png,0,1.000000
567,pacs_data/pacs_data/sketch/dog/n02106662_2377-5.png,0,1.000000
568,pacs_data/pacs_data/sketch/dog/n02106662_2377-6.png,0,1.000000
569,pacs_data/pacs_data/sketch/dog/n02106662_24019-1.png,0,1.000000
570,pacs_data/pacs_data/sketch/dog/n02106662_24019-2.png,0,1.000000
571,pacs_data/pacs_data/sketch/dog/n02106662_24019-3.png,0,1.000000
572,pacs_data/pacs_data/sketch/dog/n02106662_24019-4.png,0,1.000000
573,pacs_data/pacs_data/sketch/dog/n02106662_24019-5.png,0,1.000000
574,pacs_data/pacs_data/sketch/dog/n02106662_24019-6.png,0,1.000000
575,pacs_data/pacs_data/sketch/dog/n02106662_24019-7.png,0,1.000000
576,pacs_data/pacs_data/sketch/dog/n02106662_24019-8.png,0,1.000000
577,pacs_data/pacs_data/sketch/dog/n02106662_24577-1.png,0,1.000000
578,pacs_data/pacs_data/sketch/dog/n02106662_24577-2.png,0,1.000000
579,pacs_data/pacs_data/sketch/dog/n02106662_24577-3.png,0,1.000000
580,pacs_data/pacs_data/sketch/dog/n02106662_24577-4.png,0,1.000000
581,pacs_data/pacs_data/sketch/dog/n02106662_24577-5.png,0,1.000000
582,pacs_data/pacs_data/sketch/dog/n02106662_24786-1.png,0,1.000000
583,pacs_data/pacs_data/sketch/dog/n02106662_24786-2.png,0,1.000000
584,pacs_data/pacs_data/sketch/dog/n02106662_24786-3.png,0,1.000000
585,pacs_data/pacs_data/sketch/dog/n02106662_24786-4.png,0,1.000000
586,pacs_data/pacs_data/sketch/dog/n02106662_24786-5.png,0,1.000000
587,pacs_data/pacs_data/sketch/dog/n02106662_24786-6.png,0,1.000000
588,pacs_data/pacs_data/sketch/dog/n02106662_24786-7.png,0,1.000000
589,pacs_data/pacs_data/sketch/dog/n02106662_25917-1.png,0,1.000000
590,pacs_data/pacs_data/sketch/dog/n02106662_25917-2.png,0,1.000000
591,pacs_data/pacs_data/sketch/dog/n02106662_25917-3.png,0,1.000000
592,pacs_data/pacs_data/sketch/dog/n02106662_25917-4.png,0,1.000000
593,pacs_data/pacs_data/sketch/dog/n02106662_25917-5.png,0,1.000000
594,pacs_data/pacs_data/sketch/dog/n02106662_25917-6.png,0,1.000000
595,pacs_data/pacs_data/sketch/dog/n02106662_25917-7.png,0,1.000000
596,pacs_data/pacs_data/sketch/dog/n02106662_26549-1.png,0,1.000000
597,pacs_data/pacs_data/sketch/dog/n02106662_26549-2.png,0,1.000000
598,pacs_data/pacs_data/sketch/dog/n02106662_26549-3.png,0,1.000000
599,pacs_data/pacs_data/sketch/dog/n02106662_26549-4.png,0,1.000000
600,pacs_data/pacs_data/sketch/dog/n02106662_26549-5.png,0,1.000000
601,pacs_data/pacs_data/sketch/dog/n02106662_26549-6.png,0,1.000000
602,pacs_data/pacs_data/sketch/dog/n02106662_27393-1.png,0,1.000000
603,pacs_data/pacs_data/sketch/dog/n02106662_27393-2.png,0,1.000000
604,pacs_data/pacs_data/sketch/dog/n02106662_27393-3.png,0,1.000000
605,pacs_data/pacs_data/sketch/dog/n02106662_27393-4.png,0,1.000000
606,pacs_data/pacs_data/sketch/dog/n02106662_27393-5.png,0,1.000000
607,pacs_data/pacs_data/sketch/dog/n02106662_2740-1.png,0,1.000000
608,pacs_data/pacs_data/sketch/dog/n02106662_2740-2.png,0,1.000000
609,pacs_data/pacs_data/sketch/dog/n02106662_2740-3.png,0,1.000000
610,pacs_data/pacs_data/sketch/dog/n02106662_2740-4.png,0,1.000000
611,pacs_data/pacs_data/sketch/dog/n02106662_2740-5.png,0,1.000000
612,pacs_data/pacs_data/sketch/dog/n02106662_466-1.png,0,1.000000
613,pacs_data/pacs_data/sketch/dog/n02106662_466-2.png,0,1.000000
614,pacs_data/pacs_data/sketch/dog/n02106662_466-3.png,0,1.000000
615,pacs_data/pacs_data/sketch/dog/n02106662_466-4.png,0,1.000000
616,pacs_data/pacs_data/sketch/dog/n02106662_466-5.png,0,1.000000
617,pacs_data/pacs_data/sketch/dog/n02106662_466-6.png,0,1.000000
618,pacs_data/pacs_data/sketch/dog/n02106662_466-7.png,0,1.000000
619,pacs_data/pacs_data/sketch/dog/n02106662_5001-1.png,0,1.000000
620,pacs_data/pacs_data/sketch/dog/n02106662_5001-2.png,0,1.000000
621,pacs_data/pacs_data/sketch/dog/n02106662_5001-3.png,0,1.000000
622,pacs_data/pacs_data/sketch/dog/n02106662_5001-4.png,0,1.000000
623,pacs_data/pacs_data/sketch/dog/n02106662_5001-5.png,0,1.000000
624,pacs_data/pacs_data/sketch/dog/n02106662_5001-6.png,0,1.000000
625,pacs_data/pacs_data/sketch/dog/n02106662_5001-7.png,0,1.000000
626,pacs_data/pacs_data/sketch/dog/n02106662_7885-1.png,0,1.000000
627,pacs_data/pacs_data/sketch/dog/n02106662_7885-2.png,0,1.000000
628,pacs_data/pacs_data/sketch/dog/n02106662_7885-3.png,0,1.000000
629,pacs_data/pacs_data/sketch/dog/n02106662_7885-4.png,0,1.000000
630,pacs_data/pacs_data/sketch/dog/n02106662_7885-5.png,0,1.000000
631,pacs_data/pacs_data/sketch/dog/n02106662_7960-1.png,0,1.000000
632,pacs_data/pacs_data/sketch/dog/n02106662_7960-2.png,0,1.000000
633,pacs_data/pacs_data/sketch/dog/n02106662_7960-3.png,0,1.000000
634,pacs_data/pacs_data/sketch/dog/n02106662_7960-4.png,0,1.000000
635,pacs_data/pacs_data/sketch/dog/n02106662_7960-5.png,0,1.000000
636,pacs_data/pacs_data/sketch/dog/n02106662_7960-6.png,0,1.000000
637,pacs_data/pacs_data/sketch/dog/n02106662_8511-1.png,0,1.000000
638,pacs_data/pacs_data/sketch/dog/n02106662_8511-2.png,0,1.000000
639,pacs_data/pacs_data/sketch/dog/n02106662_8511-3.png,0,1.000000
640,pacs_data/pacs_data/sketch/dog/n02106662_8511-4.png,0,1.000000
641,pacs_data/pacs_data/sketch/dog/n02106662_8511-5.png,0,1.000000
642,pacs_data/pacs_data/sketch/dog/n02106662_8511-6.png,0,1.000000
643,pacs_data/pacs_data/sketch/dog/n02106662_8870-1.png,0,1.000000
644,pacs_data/pacs_data/sketch/dog/n02106662_8870-2.png,0,1.000000
645,pacs_data/pacs_data/sketch/dog/n02106662_8870-3.png,0,1.000000
646,pacs_data/pacs_data/sketch/dog/n02106662_8870-4.png,0,1.000000
647,pacs_data/pacs_data/sketch/dog/n02106662_8870-5.png,0,1.000000
648,pacs_data/pacs_data/sketch/dog/n02106662_8870-6.png,0,1.000000
649,pacs_data/pacs_data/sketch/dog/n02106662_8870-7.png,0,1.000000
650,pacs_data/pacs_data/sketch/dog/n02106662_928-1.png,0,1.000000
651,pacs_data/pacs_data/sketch/dog/n02106662_928-10.png,0,1.000000
652,pacs_data/pacs_data/sketch/dog/n02106662_928-11.png,0,1.000000
653,pacs_data/pacs_data/sketch/dog/n02106662_928-2.png,0,1.000000
654,pacs_data/pacs_data/sketch/dog/n02106662_928-3.png,0,1.000000
655,pacs_data/pacs_data/sketch/dog/n02106662_928-4.png,0,1.000000
656,pacs_data/pacs_data/sketch/dog/n02106662_928-5.png,0,1.000000
657,pacs_data/pacs_data/sketch/dog/n02106662_928-6.png,0,1.000000
658,pacs_data/pacs_data/sketch/dog/n02106662_928-7.png,0,1.000000
659,pacs_data/pacs_data/sketch/dog/n02106662_928-8.png,0,1.000000
660,pacs_data/pacs_data/sketch/dog/n02106662_928-9.png,0,1.000000
661,pacs_data/pacs_data/sketch/dog/n02109525_10297-1.png,0,1.000000
662,pacs_data/pacs_data/sketch/dog/n02109525_10297-2.png,0,1.000000
663,pacs_data/pacs_data/sketch/dog/n02109525_10297-3.png,0,1.000000
664,pacs_data/pacs_data/sketch/dog/n02109525_10297-4.png,0,1.000000
665,pacs_data/pacs_data/sketch/dog/n02109525_10297-5.png,0,1.000000
666,pacs_data/pacs_data/sketch/dog/n02109525_11444-1.png,0,1.000000
667,pacs_data/pacs_data/sketch/dog/n02109525_11444-2.png,0,1.000000
668,pacs_data/pacs_data/sketch/dog/n02109525_11444-3.png,0,1.000000
669,pacs_data/pacs_data/sketch/dog/n02109525_11444-4.png,0,1.000000
670,pacs_data/pacs_data/sketch/dog/n02109525_11444-5.png,0,1.000000
671,pacs_data/pacs_data/sketch/dog/n02109525_12875-1.png,0,1.000000
672,pacs_data/pacs_data/sketch/dog/n02109525_12875-2.png,0,1.000000
673,pacs_data/pacs_data/sketch/dog/n02109525_12875-3.png,0,1.000000
674,pacs_data/pacs_data/sketch/dog/n02109525_12875-4.png,0,1.000000
675,pacs_data/pacs_data/sketch/dog/n02109525_12875-5.png,0,1.000000
676,pacs_data/pacs_data/sketch/dog/n02109525_12875-6.png,0,1.000000
677,pacs_data/pacs_data/sketch/dog/n02109525_13700-1.png,0,1.000000
678,pacs_data/pacs_data/sketch/dog/n02109525_13700-2.png,0,1.000000
679,pacs_data/pacs_data/sketch/dog/n02109525_13700-3.png,0,1.000000
680,pacs_data/pacs_data/sketch/dog/n02109525_13700-4.png,0,1.000000
681,pacs_data/pacs_data/sketch/dog/n02109525_13700-5.png,0,1.000000
682,pacs_data/pacs_data/sketch/dog/n02109525_16346-1.png,0,1.000000
683,pacs_data/pacs_data/sketch/dog/n02109525_16346-2.png,0,1.000000
684,pacs_data/pacs_data/sketch/dog/n02109525_16346-3.png,0,1.000000
685,pacs_data/pacs_data/sketch/dog/n02109525_16346-4.png,0,1.000000
686,pacs_data/pacs_data/sketch/dog/n02109525_16346-5.png,0,1.000000
687,pacs_data/pacs_data/sketch/dog/n02109525_16346-6.png,0,1.000000
688,pacs_data/pacs_data/sketch/dog/n02109525_16346-7.png,0,1.000000
689,pacs_data/pacs_data/sketch/dog/n02109525_16346-8.png,0,1.000000
690,pacs_data/pacs_data/sketch/dog/n02109525_18347-1.png,0,1.000000
691,pacs_data/pacs_data/sketch/dog/n02109525_18347-2.png,0,1.000000
692,pacs_data/pacs_data/sketch/dog/n02109525_18347-3.png,0,1.000000
693,pacs_data/pacs_data/sketch/dog/n02109525_18347-4.png,0,1.000000
694,pacs_data/pacs_data/sketch/dog/n02109525_18347-5.png,0,1.000000
695,pacs_data/pacs_data/sketch/dog/n02109525_18347-6.png,0,1.000000
696,pacs_data/pacs_data/sketch/dog/n02109525_18347-7.png,0,1.000000
697,pacs_data/pacs_data/sketch/dog/n02109525_1893-1.png,0,1.000000
698,pacs_data/pacs_data/sketch/dog/n02109525_1893-2.png,0,1.000000
699,pacs_data/pacs_data/sketch/dog/n02109525_1893-3.png,0,1.000000
700,pacs_data/pacs_data/sketch/dog/n02109525_1893-4.png,0,1.000000
701,pacs_data/pacs_data/sketch/dog/n02109525_1893-5.png,0,1.000000
702,pacs_data/pacs_data/sketch/dog/n02109525_1893-6.png,0,1.000000
703,pacs_data/pacs_data/sketch/dog/n02109525_1893-7.png,0,1.000000
704,pacs_data/pacs_data/sketch/dog/n02109525_3202-1.png,0,1.000000
705,pacs_data/pacs_data/sketch/dog/n02109525_3202-2.png,0,1.000000
706,pacs_data/pacs_data/sketch/dog/n02109525_3202-3.png,0,1.000000
707,pacs_data/pacs_data/sketch/dog/n02109525_3202-4.png,0,1.000000
708,pacs_data/pacs_data/sketch/dog/n02109525_3202-5.png,0,1.000000
709,pacs_data/pacs_data/sketch/dog/n02109525_3202-6.png,0,1.000000
710,pacs_data/pacs_data/sketch/dog/n02109525_3782-1.png,0,1.000000
711,pacs_data/pacs_data/sketch/dog/n02109525_3782-10.png,0,1.000000
712,pacs_data/pacs_data/sketch/dog/n02109525_3782-2.png,0,1.000000
713,pacs_data/pacs_data/sketch/dog/n02109525_3782-3.png,0,1.000000
714,pacs_data/pacs_data/sketch/dog/n02109525_3782-4.png,0,1.000000
715,pacs_data/pacs_data/sketch/dog/n02109525_3782-5.png,0,1.000000
716,pacs_data/pacs_data/sketch/dog/n02109525_3782-6.png,0,1.000000
717,pacs_data/pacs_data/sketch/dog/n02109525_3782-7.png,0,1.000000
718,pacs_data/pacs_data/sketch/dog/n02109525_3782-8.png,0,1.000000
719,pacs_data/pacs_data/sketch/dog/n02109525_3782-9.png,0,1.000000
720,pacs_data/pacs_data/sketch/dog/n02109525_5013-1.png,0,1.000000
721,pacs_data/pacs_data/sketch/dog/n02109525_5013-2.png,0,1.000000
722,pacs_data/pacs_data/sketch/dog/n02109525_5013-3.png,0,1.000000
723,pacs_data/pacs_data/sketch/dog/n02109525_5013-4.png,0,1.000000
724,pacs_data/pacs_data/sketch/dog/n02109525_5013-5.png,0,1.000000
725,pacs_data/pacs_data/sketch/dog/n02109525_5013-6.png,0,1.000000
726,pacs_data/pacs_data/sketch/dog/n02109525_5583-1.png,0,1.000000
727,pacs_data/pacs_data/sketch/dog/n02109525_5583-2.png,0,1.000000
728,pacs_data/pacs_data/sketch/dog/n02109525_5583-3.png,0,1.000000
729,pacs_data/pacs_data/sketch/dog/n02109525_5583-4.png,0,1.000000
730,pacs_data/pacs_data/sketch/dog/n02109525_5583-5.png,0,1.000000
731,pacs_data/pacs_data/sketch/dog/n02109525_5583-6.png,0,1.000000
732,pacs_data/pacs_data/sketch/dog/n02109525_5583-7.png,0,1.000000
733,pacs_data/pacs_data/sketch/dog/n02109525_5966-1.png,0,1.000000
734,pacs_data/pacs_data/sketch/dog/n02109525_5966-2.png,0,1.000000
735,pacs_data/pacs_data/sketch/dog/n02109525_5966-3.png,0,1.000000
736,pacs_data/pacs_data/sketch/dog/n02109525_5966-4.png,0,1.000000
737,pacs_data/pacs_data/sketch/dog/n02109525_5966-5.png,0,1.000000
738,pacs_data/pacs_data/sketch/dog/n02109525_6693-1.png,0,1.000000
739,pacs_data/pacs_data/sketch/dog/n02109525_6693-2.png,0,1.000000
740,pacs_data/pacs_data/sketch/dog/n02109525_6693-3.png,0,1.000000
741,pacs_data/pacs_data/sketch/dog/n02109525_6693-4.png,0,1.000000
742,pacs_data/pacs_data/sketch/dog/n02109525_6693-5.png,0,1.000000
743,pacs_data/pacs_data/sketch/dog/n02109525_704-1.png,0,1.000000
744,pacs_data/pacs_data/sketch/dog/n02109525_704-2.png,0,1.000000
745,pacs_data/pacs_data/sketch/dog/n02109525_704-3.png,0,1.000000
746,pacs_data/pacs_data/sketch/dog/n02109525_704-4.png,0,1.000000
747,pacs_data/pacs_data/sketch/dog/n02109525_704-5.png,0,1.000000
748,pacs_data/pacs_data/sketch/dog/n02109525_704-6.png,0,1.000000
749,pacs_data/pacs_data/sketch/dog/n02109525_7874-1.png,0,1.000000
750,pacs_data/pacs_data/sketch/dog/n02109525_7874-2.png,0,1.000000
751,pacs_data/pacs_data/sketch/dog/n02109525_7874-3.png,0,1.000000
752,pacs_data/pacs_data/sketch/dog/n02109525_7874-4.png,0,1.000000
753,pacs_data/pacs_data/sketch/dog/n02109525_7874-5.png,0,1.000000
754,pacs_data/pacs_data/sketch/dog/n02109525_7874-6.png,0,1.000000
755,pacs_data/pacs_data/sketch/dog/n02109525_8211-1.png,0,1.000000
756,pacs_data/pacs_data/sketch/dog/n02109525_8211-2.png,0,1.000000
757,pacs_data/pacs_data/sketch/dog/n02109525_8211-3.png,0,1.000000
758,pacs_data/pacs_data/sketch/dog/n02109525_8211-4.png,0,1.000000
759,pacs_data/pacs_data/sketch/dog/n02109525_8211-5.png,0,1.000000
760,pacs_data/pacs_data/sketch/dog/n02109525_8457-1.png,0,1.000000
761,pacs_data/pacs_data/sketch/dog/n02109525_8457-2.png,0,1.000000
762,pacs_data/pacs_data/sketch/dog/n02109525_8457-3.png,0,1.000000
763,pacs_data/pacs_data/sketch/dog/n02109525_8457-4.png,0,1.000000
764,pacs_data/pacs_data/sketch/dog/n02109525_8457-5.png,0,1.000000
765,pacs_data/pacs_data/sketch/dog/n02109525_9037-1.png,0,1.000000
766,pacs_data/pacs_data/sketch/dog/n02109525_9037-2.png,0,1.000000
767,pacs_data/pacs_data/sketch/dog/n02109525_9037-3.png,0,1.000000
768,pacs_data/pacs_data/sketch/dog/n02109525_9037-4.png,0,1.000000
769,pacs_data/pacs_data/sketch/dog/n02109525_9037-5.png,0,1.000000
770,pacs_data/pacs_data/sketch/dog/n02109525_9037-6.png,0,1.000000
771,pacs_data/pacs_data/sketch/dog/n02109525_9037-7.png,0,1.000000
772,pacs_data/pacs_data/sketch/elephant/5921.png,1,1.000000
773,pacs_data/pacs_data/sketch/elephant/5922.png,1,1.000000
774,pacs_data/pacs_data/sketch/elephant/5923.png,1,1.000000
775,pacs_data/pacs_data/sketch/elephant/5924.png,1,1.000000
776,pacs_data/pacs_data/sketch/elephant/5925.png,1,1.000000
777,pacs_data/pacs_data/sketch/elephant/5926.png,1,1.000000
778,pacs_data/pacs_data/sketch/elephant/5927.png,1,1.000000
779,pacs_data/pacs_data/sketch/elephant/5928.png,1,1.000000
780,pacs_data/pacs_data/sketch/elephant/5929.png,1,1.000000
781,pacs_data/pacs_data/sketch/elephant/5930.png,1,1.000000
782,pacs_data/pacs_data/sketch/elephant/5931.png,1,1.000000
783,pacs_data/pacs_data/sketch/elephant/5932.png,1,1.000000
784,pacs_data/pacs_data/sketch/elephant/5933.png,1,1.000000
785,pacs_data/pacs_data/sketch/elephant/5934.png,1,1.000000
786,pacs_data/pacs_data/sketch/elephant/5935.png,1,1.000000
787,pacs_data/pacs_data/sketch/elephant/5936.png,1,1.000000
788,pacs_data/pacs_data/sketch/elephant/5937.png,1,1.000000
789,pacs_data/pacs_data/sketch/elephant/5938.png,1,0.999999
790,pacs_data/pacs_data/sketch/elephant/5939.png,1,1.000000
791,pacs_data/pacs_data/sketch/elephant/5940.png,1,1.000000
792,pacs_data/pacs_data/sketch/elephant/5941.png,1,1.000000
793,pacs_data/pacs_data/sketch/elephant/5942.png,1,1.000000
794,pacs_data/pacs_data/sketch/elephant/5943.png,1,1.000000
795,pacs_data/pacs_data/sketch/elephant/5944.png,1,1.000000
796,pacs_data/pacs_data/sketch/elephant/5945.png,1,1.000001
797,pacs_data/pacs_data/sketch/elephant/5946.png,1,1.000000
798,pacs_data/pacs_data/sketch/elephant/5947.png,1,1.000000
799,pacs_data/pacs_data/sketch/elephant/5948.png,1,1.000000
800,pacs_data/pacs_data/sketch/elephant/5949.png,1,1.000000
801,pacs_data/pacs_data/sketch/elephant/5950.png,1,1.000000
802,pacs_data/pacs_data/sketch/elephant/5951.png,1,1.000000
803,pacs_data/pacs_data/sketch/elephant/5952.png,1,1.000000
804,pacs_data/pacs_data/sketch/elephant/5953.png,1,1.000000
805,pacs_data/pacs_data/sketch/elephant/5954.png,1,1.000000
806,pacs_data/pacs_data/sketch/elephant/5955.png,1,1.000000
807,pacs_data/pacs_data/sketch/elephant/5956.png,1,1.000000
808,pacs_data/pacs_data/sketch/elephant/5957.png,1,1.000000
809,pacs_data/pacs_data/sketch/elephant/5958.png,1,1.000000
810,pacs_data/pacs_data/sketch/elephant/5959.png,1,1.000000
811,pacs_data/pacs_data/sketch/elephant/5960.png,1,1.000000
812,pacs_data/pacs_data/sketch/elephant/5961.png,1,1.000000
813,pacs_data/pacs_data/sketch/elephant/5962.png,1,1.000000
814,pacs_data/pacs_data/sketch/elephant/5963.png,1,1.000000
815,pacs_data/pacs_data/sketch/elephant/5964.png,1,1.000000
816,pacs_data/pacs_data/sketch/elephant/5965.png,1,1.000000
817,pacs_data/pacs_data/sketch/elephant/5966.png,1,1.000000
818,pacs_data/pacs_data/sketch/elephant/5967.png,1,1.000000
819,pacs_data/pacs_data/sketch/elephant/5968.png,1,1.000000
820,pacs_data/pacs_data/sketch/elephant/5969.png,1,1.000000
821,pacs_data/pacs_data/sketch/elephant/5970.png,1,1.000000
822,pacs_data/pacs_data/sketch/elephant/5971.png,1,1.000000
823,pacs_data/pacs_data/sketch/elephant/5972.png,1,1.000000
824,pacs_data/pacs_data/sketch/elephant/5973.png,1,1.000000
825,pacs_data/pacs_data/sketch/elephant/5974.png,1,1.000000
826,pacs_data/pacs_data/sketch/elephant/5975.png,1,1.000000
827,pacs_data/pacs_data/sketch/elephant/5976.png,1,1.000000
828,pacs_data/pacs_data/sketch/elephant/5977.png,1,1.000000
829,pacs_data/pacs_data/sketch/elephant/5978.png,1,1.000000
830,pacs_data/pacs_data/sketch/elephant/5979.png,1,1.000000
831,pacs_data/pacs_data/sketch/elephant/5980.png,1,1.000000
832,pacs_data/pacs_data/sketch/elephant/5981.png,1,1.000000
833,pacs_data/pacs_data/sketch/elephant/5982.png,1,1.000000
834,pacs_data/pacs_data/sketch/elephant/5983.png,1,1.000000
835,pacs_data/pacs_data/sketch/elephant/5984.png,1,1.000000
836,pacs_data/pacs_data/sketch/elephant/5985.png,1,1.000000
837,pacs_data/pacs_data/sketch/elephant/5986.png,1,1.000000
838,pacs_data/pacs_data/sketch/elephant/5987.png,1,1.000000
839,pacs_data/pacs_data/sketch/elephant/5988.png,1,1.000000
840,pacs_data/pacs_data/sketch/elephant/5989.png,1,1.000000
841,pacs_data/pacs_data/sketch/elephant/5990.png,1,1.000000
842,pacs_data/pacs_data/sketch/elephant/5991.png,1,1.000000
843,pacs_data/pacs_data/sketch/elephant/5992.png,1,1.000000
844,pacs_data/pacs_data/sketch/elephant/5993.png,1,1.000000
845,pacs_data/pacs_data/sketch/elephant/5994.png,1,1.000000
846,pacs_data/pacs_data/sketch/elephant/5995.png,1,1.000000
847,pacs_data/pacs_data/sketch/elephant/5996.png,1,1.000000
848,pacs_data/pacs_data/sketch/elephant/5997.png,1,1.000000
849,pacs_data/pacs_data/sketch/elephant/5998.png,1,1.000000
850,pacs_data/pacs_data/sketch/elephant/5999.png,1,1.000000
851,pacs_data/pacs_data/sketch/elephant/6000.png,1,1.000000
852,pacs_data/pacs_data/sketch/elephant/n02503517_10036-1.png,1,1.000000
853,pacs_data/pacs_data/sketch/elephant/n02503517_10036-10.png,1,1.000000
854,pacs_data/pacs_data/sketch/elephant/n02503517_10036-2.png,1,1.000000
855,pacs_data/pacs_data/sketch/elephant/n02503517_10036-3.png,1,1.000000
856,pacs_data/pacs_data/sketch/elephant/n02503517_10036-4.png,1,1.000000
857,pacs_data/pacs_data/sketch/elephant/n02503517_10036-5.png,1,1.000000
858,pacs_data/pacs_data/sketch/elephant/n02503517_10036-6.png,1,1.000000
859,pacs_data/pacs_data/sketch/elephant/n02503517_10036-7.png,1,1.000000
860,pacs_data/pacs_data/sketch/elephant/n02503517_10036-8.png,1,1.000000
861,pacs_data/pacs_data/sketch/elephant/n02503517_10036-9.png,1,1.000000
862,pacs_data/pacs_data/sketch/elephant/n02503517_10075-1.png,1,1.000000
863,pacs_data/pacs_data/sketch/elephant/n02503517_10075-2.png,1,1.000000
864,pacs_data/pacs_data/sketch/elephant/n02503517_10075-3.png,1,1.000000
865,pacs_data/pacs_data/sketch/elephant/n02503517_10075-4.png,1,1.000000
866,pacs_data/pacs_data/sketch/elephant/n02503517_10075-5.png,1,1.000000
867,pacs_data/pacs_data/sketch/elephant/n02503517_10193-1.png,1,1.000000
868,pacs_data/pacs_data/sketch/elephant/n02503517_10193-10.png,1,1.000000
869,pacs_data/pacs_data/sketch/elephant/n02503517_10193-2.png,1,1.000000
870,pacs_data/pacs_data/sketch/elephant/n02503517_10193-3.png,1,1.000000
871,pacs_data/pacs_data/sketch/elephant/n02503517_10193-4.png,1,1.000000
872,pacs_data/pacs_data/sketch/elephant/n02503517_10193-5.png,1,1.000000
873,pacs_data/pacs_data/sketch/elephant/n02503517_10193-6.png,1,1.000000
874,pacs_data/pacs_data/sketch/elephant/n02503517_10193-7.png,1,1.000000
875,pacs_data/pacs_data/sketch/elephant/n02503517_10193-8.png,1,1.000000
876,pacs_data/pacs_data/sketch/elephant/n02503517_10193-9.png,1,1.000000
877,pacs_data/pacs_data/sketch/elephant/n02503517_10259-1.png,1,1.000000
878,pacs_data/pacs_data/sketch/elephant/n02503517_10259-2.png,1,1.000000
879,pacs_data/pacs_data/sketch/elephant/n02503517_10259-3.png,1,1.000000
880,pacs_data/pacs_data/sketch/elephant/n02503517_10259-4.png,1,1.000000
881,pacs_data/pacs_data/sketch/elephant/n02503517_10259-5.png,1,1.000000
882,pacs_data/pacs_data/sketch/elephant/n02503517_10259-6.png,1,1.000000
883,pacs_data/pacs_data/sketch/elephant/n02503517_10259-7.png,1,1.000000
884,pacs_data/pacs_data/sketch/elephant/n02503517_10259-8.png,1,1.000000
885,pacs_data/pacs_data/sketch/elephant/n02503517_10259-9.png,1,1.000000
886,pacs_data/pacs_data/sketch/elephant/n02503517_10275-1.png,1,1.000000
887,pacs_data/pacs_data/sketch/elephant/n02503517_10275-2.png,1,1.000000
888,pacs_data/pacs_data/sketch/elephant/n02503517_10275-3.png,1,1.000000
889,pacs_data/pacs_data/sketch/elephant/n02503517_10275-4.png,1,1.000000
890,pacs_data/pacs_data/sketch/elephant/n02503517_10275-5.png,1,1.000000
891,pacs_data/pacs_data/sketch/elephant/n02503517_10275-6.png,1,1.000000
892,pacs_data/pacs_data/sketch/elephant/n02503517_10300-1.png,1,1.000000
893,pacs_data/pacs_data/sketch/elephant/n02503517_10300-2.png,1,1.000000
894,pacs_data/pacs_data/sketch/elephant/n02503517_10300-3.png,1,1.000000
895,pacs_data/pacs_data/sketch/elephant/n02503517_10300-4.png,1,1.000000
896,pacs_data/pacs_data/sketch/elephant/n02503517_10300-5.png,1,1.000000
897,pacs_data/pacs_data/sketch/elephant/n02503517_10439-1.png,1,1.000000
898,pacs_data/pacs_data/sketch/elephant/n02503517_10439-2.png,1,1.000000
899,pacs_data/pacs_data/sketch/elephant/n02503517_10439-3.png,1,1.000000
900,pacs_data/pacs_data/sketch/elephant/n02503517_10439-4.png,1,1.000000
901,pacs_data/pacs_data/sketch/elephant/n02503517_10439-5.png,1,1.000000
902,pacs_data/pacs_data/sketch/elephant/n02503517_10439-6.png,1,1.000000
903,pacs_data/pacs_data/sketch/elephant/n02503517_10439-7.png,1,1.000000
904,pacs_data/pacs_data/sketch/elephant/n02503517_10439-8.png,1,1.000000
905,pacs_data/pacs_data/sketch/elephant/n02503517_10440-1.png,1,1.000000
906,pacs_data/pacs_data/sketch/elephant/n02503517_10440-2.png,1,1.000000
907,pacs_data/pacs_data/sketch/elephant/n02503517_10440-3.png,1,1.000000
908,pacs_data/pacs_data/sketch/elephant/n02503517_10440-4.png,1,1.000000
909,pacs_data/pacs_data/sketch/elephant/n02503517_10440-5.png,1,1.000000
910,pacs_data/pacs_data/sketch/elephant/n02503517_10440-6.png,1,1.000000
911,pacs_data/pacs_data/sketch/elephant/n02503517_10440-7.png,1,1.000000
912,pacs_data/pacs_data/sketch/elephant/n02503517_10440-8.png,1,1.000000
913,pacs_data/pacs_data/sketch/elephant/n02503517_10440-9.png,1,1.000000
914,pacs_data/pacs_data/sketch/elephant/n02503517_10528-1.png,1,1.000000
915,pacs_data/pacs_data/sketch/elephant/n02503517_10528-2.png,1,1.000000
916,pacs_data/pacs_data/sketch/elephant/n02503517_10528-3.png,1,1.000000
917,pacs_data/pacs_data/sketch/elephant/n02503517_10528-4.png,1,1.000000
918,pacs_data/pacs_data/sketch/elephant/n02503517_10528-5.png,1,1.000000
919,pacs_data/pacs_data/sketch/elephant/n02503517_10558-1.png,1,1.000000
920,pacs_data/pacs_data/sketch/elephant/n02503517_10558-2.png,1,1.000000
921,pacs_data/pacs_data/sketch/elephant/n02503517_10558-3.png,1,1.000000
922,pacs_data/pacs_data/sketch/elephant/n02503517_10558-4.png,1,1.000000
923,pacs_data/pacs_data/sketch/elephant/n02503517_10558-5.png,1,1.000000
924,pacs_data/pacs_data/sketch/elephant/n02503517_10778-1.png,1,1.000000
925,pacs_data/pacs_data/sketch/elephant/n02503517_10778-2.png,1,1.000000
926,pacs_data/pacs_data/sketch/elephant/n02503517_10778-3.png,1,1.000000
927,pacs_data/pacs_data/sketch/elephant/n02503517_10778-4.png,1,1.000000
928,pacs_data/pacs_data/sketch/elephant/n02503517_10778-5.png,1,1.000000
929,pacs_data/pacs_data/sketch/elephant/n02503517_10778-6.png,1,1.000000
930,pacs_data/pacs_data/sketch/elephant/n02503517_11873-1.png,1,1.000000
931,pacs_data/pacs_data/sketch/elephant/n02503517_11873-2.png,1,1.000000
932,pacs_data/pacs_data/sketch/elephant/n02503517_11873-3.png,1,1.000000
933,pacs_data/pacs_data/sketch/elephant/n02503517_11873-4.png,1,1.000000
934,pacs_data/pacs_data/sketch/elephant/n02503517_11873-5.png,1,1.000000
935,pacs_data/pacs_data/sketch/elephant/n02503517_11873-6.png,1,1.000000
936,pacs_data/pacs_data/sketch/elephant/n02503517_11873-7.png,1,1.000000
937,pacs_data/pacs_data/sketch/elephant/n02503517_11873-8.png,1,1.000000
938,pacs_data/pacs_data/sketch/elephant/n02503517_11873-9.png,1,1.000000
939,pacs_data/pacs_data/sketch/elephant/n02503517_12688-1.png,1,1.000000
940,pacs_data/pacs_data/sketch/elephant/n02503517_12688-2.png,1,1.000000
941,pacs_data/pacs_data/sketch/elephant/n02503517_12688-3.png,1,1.000000
942,pacs_data/pacs_data/sketch/elephant/n02503517_12688-4.png,1,1.000000
943,pacs_data/pacs_data/sketch/elephant/n02503517_12688-5.png,1,1.000000
944,pacs_data/pacs_data/sketch/elephant/n02503517_1292-1.png,1,1.000000
945,pacs_data/pacs_data/sketch/elephant/n02503517_1292-2.png,1,1.000000
946,pacs_data/pacs_data/sketch/elephant/n02503517_1292-3.png,1,1.000000
947,pacs_data/pacs_data/sketch/elephant/n02503517_1292-4.png,1,1.000000
948,pacs_data/pacs_data/sketch/elephant/n02503517_1292-5.png,1,1.000000
949,pacs_data/pacs_data/sketch/elephant/n02503517_1292-6.png,1,1.000000
950,pacs_data/pacs_data/sketch/elephant/n02503517_1292-7.png,1,1.000000
951,pacs_data/pacs_data/sketch/elephant/n02503517_1359-1.png,1,1.000000
952,pacs_data/pacs_data/sketch/elephant/n02503517_1359-2.png,1,1.000000
953,pacs_data/pacs_data/sketch/elephant/n02503517_1359-3.png,1,1.000000
954,pacs_data/pacs_data/sketch/elephant/n02503517_1359-4.png,1,1.000000
955,pacs_data/pacs_data/sketch/elephant/n02503517_1359-5.png,1,1.000000
956,pacs_data/pacs_data/sketch/elephant/n02503517_1359-6.png,1,1.000000
957,pacs_data/pacs_data/sketch/elephant/n02503517_1383-1.png,1,1.000000
958,pacs_data/pacs_data/sketch/elephant/n02503517_1383-2.png,1,1.000000
959,pacs_data/pacs_data/sketch/elephant/n02503517_1383-3.png,1,1.000000
960,pacs_data/pacs_data/sketch/elephant/n02503517_1383-4.png,1,1.000000
961,pacs_data/pacs_data/sketch/elephant/n02503517_1383-5.png,1,1.000000
962,pacs_data/pacs_data/sketch/elephant/n02503517_1383-6.png,1,1.000000
963,pacs_data/pacs_data/sketch/elephant/n02503517_1415-1.png,1,1.000000
964,pacs_data/pacs_data/sketch/elephant/n02503517_1415-2.png,1,1.000000
965,pacs_data/pacs_data/sketch/elephant/n02503517_1415-3.png,1,1.000000
966,pacs_data/pacs_data/sketch/elephant/n02503517_1415-4.png,1,1.000000
967,pacs_data/pacs_data/sketch/elephant/n02503517_1415-5.png,1,1.000000
968,pacs_data/pacs_data/sketch/elephant/n02503517_1453-1.png,1,1.000000
969,pacs_data/pacs_data/sketch/elephant/n02503517_1453-2.png,1,1.000000
970,pacs_data/pacs_data/sketch/elephant/n02503517_1453-3.png,1,1.000000
971,pacs_data/pacs_data/sketch/elephant/n02503517_1453-4.png,1,1.000000
972,pacs_data/pacs_data/sketch/elephant/n02503517_1453-5.png,1,1.000000
973,pacs_data/pacs_data/sketch/elephant/n02503517_1453-6.png,1,1.000000
974,pacs_data/pacs_data/sketch/elephant/n02503517_1583-1.png,1,1.000000
975,pacs_data/pacs_data/sketch/elephant/n02503517_1583-2.png,1,1.000000
976,pacs_data/pacs_data/sketch/elephant/n02503517_1583-3.png,1,1.000000
977,pacs_data/pacs_data/sketch/elephant/n02503517_1583-4.png,1,1.000000
978,pacs_data/pacs_data/sketch/elephant/n02503517_1583-5.png,1,1.000000
979,pacs_data/pacs_data/sketch/elephant/n02503517_1583-6.png,1,1.000000
980,pacs_data/pacs_data/sketch/elephant/n02503517_1829-1.png,1,1.000000
981,pacs_data/pacs_data/sketch/elephant/n02503517_1829-2.png,1,1.000000
982,pacs_data/pacs_data/sketch/elephant/n02503517_1829-3.png,1,1.000000
983,pacs_data/pacs_data/sketch/elephant/n02503517_1829-4.png,1,1.000000
984,pacs_data/pacs_data/sketch/elephant/n02503517_1829-5.png,1,1.000000
985,pacs_data/pacs_data/sketch/elephant/n02503517_184-1.png,1,1.000000
986,pacs_data/pacs_data/sketch/elephant/n02503517_184-2.png,1,1.000000
987,pacs_data/pacs_data/sketch/elephant/n02503517_184-3.png,1,1.000000
988,pacs_data/pacs_data/sketch/elephant/n02503517_184-4.png,1,1.000000
989,pacs_data/pacs_data/sketch/elephant/n02503517_184-5.png,1,1.000000
990,pacs_data/pacs_data/sketch/elephant/n02503517_184-6.png,1,1.000000
991,pacs_data/pacs_data/sketch/elephant/n02503517_184-7.png,1,1.000000
992,pacs_data/pacs_data/sketch/elephant/n02503517_184-8.png,1,1.000000
993,pacs_data/pacs_data/sketch/elephant/n02503517_184-9.png,1,1.000000
994,pacs_data/pacs_data/sketch/elephant/n02503517_1852-1.png,1,1.000000
995,pacs_data/pacs_data/sketch/elephant/n02503517_1852-2.png,1,1.000000
996,pacs_data/pacs_data/sketch/elephant/n02503517_1852-3.png,1,1.000000
997,pacs_data/pacs_data/sketch/elephant/n02503517_1852-4.png,1,1.000000
998,pacs_data/pacs_data/sketch/elephant/n02503517_1852-5.png,1,1.000000
999,pacs_data/pacs_data/sketch/elephant/n02503517_194-1.png,1,1.000000
1000,pacs_data/pacs_data/sketch/elephant/n02503517_194-2.png,1,1.000000
1001,pacs_data/pacs_data/sketch/elephant/n02503517_194-3.png,1,1.000000
1002,pacs_data/pacs_data/sketch/elephant/n02503517_194-4.png,1,1.000000
1003,pacs_data/pacs_data/sketch/elephant/n02503517_194-5.png,1,1.000000
1004,pacs_data/pacs_data/sketch/elephant/n02503517_194-6.png,1,1.000000
1005,pacs_data/pacs_data/sketch/elephant/n02503517_1963-1.png,1,1.000000
1006,pacs_data/pacs_data/sketch/elephant/n02503517_1963-2.png,1,1.000000
1007,pacs_data/pacs_data/sketch/elephant/n02503517_1963-3.png,1,1.000000
1008,pacs_data/pacs_data/sketch/elephant/n02503517_1963-4.png,1,1.000000
1009,pacs_data/pacs_data/sketch/elephant/n02503517_1963-5.png,1,1.000000
1010,pacs_data/pacs_data/sketch/elephant/n02503517_1984-1.png,1,1.000000
1011,pacs_data/pacs_data/sketch/elephant/n02503517_1984-2.png,1,1.000000
1012,pacs_data/pacs_data/sketch/elephant/n02503517_1984-3.png,1,1.000000
1013,pacs_data/pacs_data/sketch/elephant/n02503517_1984-4.png,1,1.000000
1014,pacs_data/pacs_data/sketch/elephant/n02503517_1984-5.png,1,1.000000
1015,pacs_data/pacs_data/sketch/elephant/n02503517_2061-1.png,1,1.000000
1016,pacs_data/pacs_data/sketch/elephant/n02503517_2061-2.png,1,1.000000
1017,pacs_data/pacs_data/sketch/elephant/n02503517_2061-3.png,1,1.000000
1018,pacs_data/pacs_data/sketch/elephant/n02503517_2061-4.png,1,1.000000
1019,pacs_data/pacs_data/sketch/elephant/n02503517_2061-5.png,1,1.000000
1020,pacs_data/pacs_data/sketch/elephant/n02503517_2444-1.png,1,1.000000
1021,pacs_data/pacs_data/sketch/elephant/n02503517_2444-2.png,1,1.000000
1022,pacs_data/pacs_data/sketch/elephant/n02503517_2444-3.png,1,1.000000
1023,pacs_data/pacs_data/sketch/elephant/n02503517_2444-4.png,1,1.000000
1024,pacs_data/pacs_data/sketch/elephant/n02503517_2444-5.png,1,1.000000
1025,pacs_data/pacs_data/sketch/elephant/n02503517_2547-1.png,1,1.000000
1026,pacs_data/pacs_data/sketch/elephant/n02503517_2547-10.png,1,1.000000
1027,pacs_data/pacs_data/sketch/elephant/n02503517_2547-2.png,1,1.000000
1028,pacs_data/pacs_data/sketch/elephant/n02503517_2547-3.png,1,1.000000
1029,pacs_data/pacs_data/sketch/elephant/n02503517_2547-4.png,1,1.000000
1030,pacs_data/pacs_data/sketch/elephant/n02503517_2547-5.png,1,1.000000
1031,pacs_data/pacs_data/sketch/elephant/n02503517_2547-6.png,1,1.000000
1032,pacs_data/pacs_data/sketch/elephant/n02503517_2547-7.png,1,1.000000
1033,pacs_data/pacs_data/sketch/elephant/n02503517_2547-8.png,1,1.000000
1034,pacs_data/pacs_data/sketch/elephant/n02503517_2547-9.png,1,1.000000
1035,pacs_data/pacs_data/sketch/elephant/n02503517_2802-1.png,1,1.000000
1036,pacs_data/pacs_data/sketch/elephant/n02503517_2802-2.png,1,1.000000
1037,pacs_data/pacs_data/sketch/elephant/n02503517_2802-3.png,1,1.000000
1038,pacs_data/pacs_data/sketch/elephant/n02503517_2802-4.png,1,1.000000
1039,pacs_data/pacs_data/sketch/elephant/n02503517_2802-5.png,1,1.000000
1040,pacs_data/pacs_data/sketch/elephant/n02503517_2802-6.png,1,1.000000
1041,pacs_data/pacs_data/sketch/elephant/n02503517_2804-1.png,1,1.000000
1042,pacs_data/pacs_data/sketch/elephant/n02503517_2804-2.png,1,1.000000
1043,pacs_data/pacs_data/sketch/elephant/n02503517_2804-3.png,1,1.000000
1044,pacs_data/pacs_data/sketch/elephant/n02503517_2804-4.png,1,1.000000
1045,pacs_data/pacs_data/sketch/elephant/n02503517_2804-5.png,1,1.000000
1046,pacs_data/pacs_data/sketch/elephant/n02503517_2925-1.png,1,1.000000
1047,pacs_data/pacs_data/sketch/elephant/n02503517_2925-10.png,1,1.000000
1048,pacs_data/pacs_data/sketch/elephant/n02503517_2925-2.png,1,1.000000
1049,pacs_data/pacs_data/sketch/elephant/n02503517_2925-3.png,1,1.000000
1050,pacs_data/pacs_data/sketch/elephant/n02503517_2925-4.png,1,1.000000
1051,pacs_data/pacs_data/sketch/elephant/n02503517_2925-5.png,1,1.000000
1052,pacs_data/pacs_data/sketch/elephant/n02503517_2925-6.png,1,1.000000
1053,pacs_data/pacs_data/sketch/elephant/n02503517_2925-7.png,1,1.000000
1054,pacs_data/pacs_data/sketch/elephant/n02503517_2925-8.png,1,1.000000
1055,pacs_data/pacs_data/sketch/elephant/n02503517_2925-9.png,1,1.000000
1056,pacs_data/pacs_data/sketch/elephant/n02503517_2993-1.png,1,1.000000
1057,pacs_data/pacs_data/sketch/elephant/n02503517_2993-10.png,1,1.000000
1058,pacs_data/pacs_data/sketch/elephant/n02503517_2993-2.png,1,1.000000
1059,pacs_data/pacs_data/sketch/elephant/n02503517_2993-3.png,1,1.000000
1060,pacs_data/pacs_data/sketch/elephant/n02503517_2993-4.png,1,1.000000
1061,pacs_data/pacs_data/sketch/elephant/n02503517_2993-5.png,1,1.000000
1062,pacs_data/pacs_data/sketch/elephant/n02503517_2993-6.png,1,1.000000
1063,pacs_data/pacs_data/sketch/elephant/n02503517_2993-7.png,1,1.000000
1064,pacs_data/pacs_data/sketch/elephant/n02503517_2993-8.png,1,1.000000
1065,pacs_data/pacs_data/sketch/elephant/n02503517_2993-9.png,1,1.000000
1066,pacs_data/pacs_data/sketch/elephant/n02503517_3037-1.png,1,1.000000
1067,pacs_data/pacs_data/sketch/elephant/n02503517_3037-2.png,1,1.000000
1068,pacs_data/pacs_data/sketch/elephant/n02503517_3037-3.png,1,1.000000
1069,pacs_data/pacs_data/sketch/elephant/n02503517_3037-4.png,1,1.000000
1070,pacs_data/pacs_data/sketch/elephant/n02503517_3037-5.png,1,1.000000
1071,pacs_data/pacs_data/sketch/elephant/n02503517_3037-6.png,1,1.000000
1072,pacs_data/pacs_data/sketch/elephant/n02503517_3037-7.png,1,1.000000
1073,pacs_data/pacs_data/sketch/elephant/n02503517_3037-8.png,1,1.000000
1074,pacs_data/pacs_data/sketch/elephant/n02503517_3072-1.png,1,1.000000
1075,pacs_data/pacs_data/sketch/elephant/n02503517_3072-2.png,1,1.000000
1076,pacs_data/pacs_data/sketch/elephant/n02503517_3072-3.png,1,1.000000
1077,pacs_data/pacs_data/sketch/elephant/n02503517_3072-4.png,1,1.000000
1078,pacs_data/pacs_data/sketch/elephant/n02503517_3072-5.png,1,1.000000
1079,pacs_data/pacs_data/sketch/elephant/n02503517_3072-6.png,1,1.000000
1080,pacs_data/pacs_data/sketch/elephant/n02503517_3108-1.png,1,1.000000
1081,pacs_data/pacs_data/sketch/elephant/n02503517_3108-2.png,1,1.000000
1082,pacs_data/pacs_data/sketch/elephant/n02503517_3108-3.png,1,1.000000
1083,pacs_data/pacs_data/sketch/elephant/n02503517_3108-4.png,1,1.000000
1084,pacs_data/pacs_data/sketch/elephant/n02503517_3108-5.png,1,1.000000
1085,pacs_data/pacs_data/sketch/elephant/n02503517_3108-6.png,1,1.000000
1086,pacs_data/pacs_data/sketch/elephant/n02503517_3108-7.png,1,1.000000
1087,pacs_data/pacs_data/sketch/elephant/n02503517_3108-8.png,1,1.000000
1088,pacs_data/pacs_data/sketch/elephant/n02503517_3108-9.png,1,1.000000
1089,pacs_data/pacs_data/sketch/elephant/n02503517_311-1.png,1,1.000000
1090,pacs_data/pacs_data/sketch/elephant/n02503517_311-2.png,1,1.000000
1091,pacs_data/pacs_data/sketch/elephant/n02503517_311-3.png,1,1.000000
1092,pacs_data/pacs_data/sketch/elephant/n02503517_311-4.png,1,1.000000
1093,pacs_data/pacs_data/sketch/elephant/n02503517_311-5.png,1,1.000000
1094,pacs_data/pacs_data/sketch/elephant/n02503517_311-6.png,1,1.000000
1095,pacs_data/pacs_data/sketch/elephant/n02503517_3799-1.png,1,1.000000
1096,pacs_data/pacs_data/sketch/elephant/n02503517_3799-2.png,1,1.000000
1097,pacs_data/pacs_data/sketch/elephant/n02503517_3799-3.png,1,1.000000
1098,pacs_data/pacs_data/sketch/elephant/n02503517_3799-4.png,1,1.000000
1099,pacs_data/pacs_data/sketch/elephant/n02503517_3799-5.png,1,1.000000
1100,pacs_data/pacs_data/sketch/elephant/n02503517_3803-1.png,1,1.000000
1101,pacs_data/pacs_data/sketch/elephant/n02503517_3803-2.png,1,1.000000
1102,pacs_data/pacs_data/sketch/elephant/n02503517_3803-3.png,1,1.000000
1103,pacs_data/pacs_data/sketch/elephant/n02503517_3803-4.png,1,1.000000
1104,pacs_data/pacs_data/sketch/elephant/n02503517_3803-5.png,1,1.000000
1105,pacs_data/pacs_data/sketch/elephant/n02503517_3803-6.png,1,1.000000
1106,pacs_data/pacs_data/sketch/elephant/n02503517_3808-1.png,1,1.000000
1107,pacs_data/pacs_data/sketch/elephant/n02503517_3808-10.png,1,1.000000
1108,pacs_data/pacs_data/sketch/elephant/n02503517_3808-2.png,1,1.000000
1109,pacs_data/pacs_data/sketch/elephant/n02503517_3808-3.png,1,1.000000
1110,pacs_data/pacs_data/sketch/elephant/n02503517_3808-4.png,1,1.000000
1111,pacs_data/pacs_data/sketch/elephant/n02503517_3808-5.png,1,1.000000
1112,pacs_data/pacs_data/sketch/elephant/n02503517_3808-6.png,1,1.000000
1113,pacs_data/pacs_data/sketch/elephant/n02503517_3808-7.png,1,1.000000
1114,pacs_data/pacs_data/sketch/elephant/n02503517_3808-8.png,1,1.000000
1115,pacs_data/pacs_data/sketch/elephant/n02503517_3808-9.png,1,1.000000
1116,pacs_data/pacs_data/sketch/elephant/n02503517_3879-1.png,1,1.000000
1117,pacs_data/pacs_data/sketch/elephant/n02503517_3879-2.png,1,1.000000
1118,pacs_data/pacs_data/sketch/elephant/n02503517_3879-3.png,1,1.000000
1119,pacs_data/pacs_data/sketch/elephant/n02503517_3879-4.png,1,1.000000
1120,pacs_data/pacs_data/sketch/elephant/n02503517_3879-5.png,1,1.000000
1121,pacs_data/pacs_data/sketch/elephant/n02503517_3879-6.png,1,1.000000
1122,pacs_data/pacs_data/sketch/elephant/n02503517_3879-7.png,1,1.000000
1123,pacs_data/pacs_data/sketch/elephant/n02503517_4221-1.png,1,1.000000
1124,pacs_data/pacs_data/sketch/elephant/n02503517_4221-2.png,1,1.000000
1125,pacs_data/pacs_data/sketch/elephant/n02503517_4221-3.png,1,1.000000
1126,pacs_data/pacs_data/sketch/elephant/n02503517_4221-4.png,1,1.000000
1127,pacs_data/pacs_data/sketch/elephant/n02503517_4221-5.png,1,1.000000
1128,pacs_data/pacs_data/sketch/elephant/n02503517_4221-6.png,1,1.000000
1129,pacs_data/pacs_data/sketch/elephant/n02503517_4221-7.png,1,1.000000
1130,pacs_data/pacs_data/sketch/elephant/n02503517_4247-1.png,1,1.000000
1131,pacs_data/pacs_data/sketch/elephant/n02503517_4247-10.png,1,1.000000
1132,pacs_data/pacs_data/sketch/elephant/n02503517_4247-2.png,1,1.000001
1133,pacs_data/pacs_data/sketch/elephant/n02503517_4247-3.png,1,1.000000
1134,pacs_data/pacs_data/sketch/elephant/n02503517_4247-4.png,1,1.000000
1135,pacs_data/pacs_data/sketch/elephant/n02503517_4247-5.png,1,1.000000
1136,pacs_data/pacs_data/sketch/elephant/n02503517_4247-6.png,1,1.000000
1137,pacs_data/pacs_data/sketch/elephant/n02503517_4247-7.png,1,1.000000
1138,pacs_data/pacs_data/sketch/elephant/n02503517_4247-8.png,1,1.000000
1139,pacs_data/pacs_data/sketch/elephant/n02503517_4247-9.png,1,1.000000
1140,pacs_data/pacs_data/sketch/elephant/n02503517_4253-1.png,1,1.000000
1141,pacs_data/pacs_data/sketch/elephant/n02503517_4253-2.png,1,1.000000
1142,pacs_data/pacs_data/sketch/elephant/n02503517_4253-3.png,1,1.000000
1143,pacs_data/pacs_data/sketch/elephant/n02503517_4253-4.png,1,1.000000
1144,pacs_data/pacs_data/sketch/elephant/n02503517_4253-5.png,1,1.000000
1145,pacs_data/pacs_data/sketch/elephant/n02503517_4413-1.png,1,1.000000
1146,pacs_data/pacs_data/sketch/elephant/n02503517_4413-10.png,1,1.000000
1147,pacs_data/pacs_data/sketch/elephant/n02503517_4413-2.png,1,1.000000
1148,pacs_data/pacs_data/sketch/elephant/n02503517_4413-3.png,1,1.000000
1149,pacs_data/pacs_data/sketch/elephant/n02503517_4413-4.png,1,1.000000
1150,pacs_data/pacs_data/sketch/elephant/n02503517_4413-5.png,1,1.000000
1151,pacs_data/pacs_data/sketch/elephant/n02503517_4413-6.png,1,1.000000
1152,pacs_data/pacs_data/sketch/elephant/n02503517_4413-7.png,1,1.000000
1153,pacs_data/pacs_data/sketch/elephant/n02503517_4413-8.png,1,1.000000
1154,pacs_data/pacs_data/sketch/elephant/n02503517_4413-9.png,1,1.000000
1155,pacs_data/pacs_data/sketch/elephant/n02503517_4605-1.png,1,1.000000
1156,pacs_data/pacs_data/sketch/elephant/n02503517_4605-2.png,1,1.000000
1157,pacs_data/pacs_data/sketch/elephant/n02503517_4605-3.png,1,1.000000
1158,pacs_data/pacs_data/sketch/elephant/n02503517_4605-4.png,1,1.000000
1159,pacs_data/pacs_data/sketch/elephant/n02503517_4605-5.png,1,1.000000
1160,pacs_data/pacs_data/sketch/elephant/n02503517_4687-1.png,1,1.000000
1161,pacs_data/pacs_data/sketch/elephant/n02503517_4687-2.png,1,1.000000
1162,pacs_data/pacs_data/sketch/elephant/n02503517_4687-3.png,1,1.000000
1163,pacs_data/pacs_data/sketch/elephant/n02503517_4687-4.png,1,1.000000
1164,pacs_data/pacs_data/sketch/elephant/n02503517_4687-5.png,1,1.000000
1165,pacs_data/pacs_data/sketch/elephant/n02503517_4687-6.png,1,1.000000
1166,pacs_data/pacs_data/sketch/elephant/n02503517_5117-1.png,1,1.000000
1167,pacs_data/pacs_data/sketch/elephant/n02503517_5117-2.png,1,1.000000
1168,pacs_data/pacs_data/sketch/elephant/n02503517_5117-3.png,1,1.000000
1169,pacs_data/pacs_data/sketch/elephant/n02503517_5117-4.png,1,1.000000
1170,pacs_data/pacs_data/sketch/elephant/n02503517_5117-5.png,1,1.000000
1171,pacs_data/pacs_data/sketch/elephant/n02503517_5117-6.png,1,1.000000
1172,pacs_data/pacs_data/sketch/elephant/n02503517_5267-1.png,1,1.000000
1173,pacs_data/pacs_data/sketch/elephant/n02503517_5267-2.png,1,1.000000
1174,pacs_data/pacs_data/sketch/elephant/n02503517_5267-3.png,1,1.000000
1175,pacs_data/pacs_data/sketch/elephant/n02503517_5267-4.png,1,1.000000
1176,pacs_data/pacs_data/sketch/elephant/n02503517_5267-5.png,1,1.000000
1177,pacs_data/pacs_data/sketch/elephant/n02503517_5267-6.png,1,1.000000
1178,pacs_data/pacs_data/sketch/elephant/n02503517_5267-7.png,1,1.000000
1179,pacs_data/pacs_data/sketch/elephant/n02503517_5287-1.png,1,1.000000
1180,pacs_data/pacs_data/sketch/elephant/n02503517_5287-2.png,1,1.000000
1181,pacs_data/pacs_data/sketch/elephant/n02503517_5287-3.png,1,1.000000
1182,pacs_data/pacs_data/sketch/elephant/n02503517_5287-4.png,1,1.000000
1183,pacs_data/pacs_data/sketch/elephant/n02503517_5287-5.png,1,1.000000
1184,pacs_data/pacs_data/sketch/elephant/n02503517_5418-1.png,1,1.000000
1185,pacs_data/pacs_data/sketch/elephant/n02503517_5418-10.png,1,1.000000
1186,pacs_data/pacs_data/sketch/elephant/n02503517_5418-2.png,1,1.000000
1187,pacs_data/pacs_data/sketch/elephant/n02503517_5418-3.png,1,1.000000
1188,pacs_data/pacs_data/sketch/elephant/n02503517_5418-4.png,1,1.000000
1189,pacs_data/pacs_data/sketch/elephant/n02503517_5418-5.png,1,1.000000
1190,pacs_data/pacs_data/sketch/elephant/n02503517_5418-6.png,1,1.000000
1191,pacs_data/pacs_data/sketch/elephant/n02503517_5418-7.png,1,1.000000
1192,pacs_data/pacs_data/sketch/elephant/n02503517_5418-8.png,1,1.000000
1193,pacs_data/pacs_data/sketch/elephant/n02503517_5418-9.png,1,1.000000
1194,pacs_data/pacs_data/sketch/elephant/n02503517_5420-1.png,1,1.000000
1195,pacs_data/pacs_data/sketch/elephant/n02503517_5420-2.png,1,1.000000
1196,pacs_data/pacs_data/sketch/elephant/n02503517_5420-3.png,1,1.000000
1197,pacs_data/pacs_data/sketch/elephant/n02503517_5420-4.png,1,1.000000
1198,pacs_data/pacs_data/sketch/elephant/n02503517_5420-5.png,1,1.000000
1199,pacs_data/pacs_data/sketch/elephant/n02503517_5420-6.png,1,1.000000
1200,pacs_data/pacs_data/sketch/elephant/n02503517_5420-7.png,1,1.000000
1201,pacs_data/pacs_data/sketch/elephant/n02503517_5527-1.png,1,1.000000
1202,pacs_data/pacs_data/sketch/elephant/n02503517_5527-2.png,1,1.000000
1203,pacs_data/pacs_data/sketch/elephant/n02503517_5527-3.png,1,1.000000
1204,pacs_data/pacs_data/sketch/elephant/n02503517_5527-4.png,1,1.000000
1205,pacs_data/pacs_data/sketch/elephant/n02503517_5527-5.png,1,1.000000
1206,pacs_data/pacs_data/sketch/elephant/n02503517_5527-6.png,1,1.000000
1207,pacs_data/pacs_data/sketch/elephant/n02503517_564-1.png,1,1.000000
1208,pacs_data/pacs_data/sketch/elephant/n02503517_564-2.png,1,1.000000
1209,pacs_data/pacs_data/sketch/elephant/n02503517_564-3.png,1,1.000000
1210,pacs_data/pacs_data/sketch/elephant/n02503517_564-4.png,1,1.000000
1211,pacs_data/pacs_data/sketch/elephant/n02503517_564-5.png,1,1.000000
1212,pacs_data/pacs_data/sketch/elephant/n02503517_5892-1.png,1,1.000000
1213,pacs_data/pacs_data/sketch/elephant/n02503517_5892-2.png,1,1.000000
1214,pacs_data/pacs_data/sketch/elephant/n02503517_5892-3.png,1,1.000000
1215,pacs_data/pacs_data/sketch/elephant/n02503517_5892-4.png,1,1.000000
1216,pacs_data/pacs_data/sketch/elephant/n02503517_5892-5.png,1,1.000000
1217,pacs_data/pacs_data/sketch/elephant/n02503517_5892-6.png,1,1.000000
1218,pacs_data/pacs_data/sketch/elephant/n02503517_5892-7.png,1,1.000000
1219,pacs_data/pacs_data/sketch/elephant/n02503517_5905-10.png,1,1.000000
1220,pacs_data/pacs_data/sketch/elephant/n02503517_5905-11.png,1,1.000000
1221,pacs_data/pacs_data/sketch/elephant/n02503517_5905-2.png,1,1.000000
1222,pacs_data/pacs_data/sketch/elephant/n02503517_5905-3.png,1,1.000000
1223,pacs_data/pacs_data/sketch/elephant/n02503517_5905-4.png,1,1.000000
1224,pacs_data/pacs_data/sketch/elephant/n02503517_5905-5.png,1,1.000000
1225,pacs_data/pacs_data/sketch/elephant/n02503517_5905-6.png,1,1.000000
1226,pacs_data/pacs_data/sketch/elephant/n02503517_5905-7.png,1,1.000000
1227,pacs_data/pacs_data/sketch/elephant/n02503517_5905-8.png,1,1.000000
1228,pacs_data/pacs_data/sketch/elephant/n02503517_5905-9.png,1,1.000000
1229,pacs_data/pacs_data/sketch/elephant/n02503517_5909-1.png,1,1.000000
1230,pacs_data/pacs_data/sketch/elephant/n02503517_5909-2.png,1,1.000000
1231,pacs_data/pacs_data/sketch/elephant/n02503517_5909-3.png,1,1.000000
1232,pacs_data/pacs_data/sketch/elephant/n02503517_5909-4.png,1,1.000000
1233,pacs_data/pacs_data/sketch/elephant/n02503517_5909-5.png,1,1.000000
1234,pacs_data/pacs_data/sketch/elephant/n02503517_6032-1.png,1,1.000000
1235,pacs_data/pacs_data/sketch/elephant/n02503517_6032-2.png,1,1.000000
1236,pacs_data/pacs_data/sketch/elephant/n02503517_6032-3.png,1,1.000000
1237,pacs_data/pacs_data/sketch/elephant/n02503517_6032-4.png,1,1.000000
1238,pacs_data/pacs_data/sketch/elephant/n02503517_6032-5.png,1,1.000000
1239,pacs_data/pacs_data/sketch/elephant/n02503517_6032-6.png,1,1.000000
1240,pacs_data/pacs_data/sketch/elephant/n02503517_6043-1.png,1,1.000000
1241,pacs_data/pacs_data/sketch/elephant/n02503517_6043-2.png,1,1.000000
1242,pacs_data/pacs_data/sketch/elephant/n02503517_6043-3.png,1,1.000000
1243,pacs_data/pacs_data/sketch/elephant/n02503517_6043-4.png,1,1.000000
1244,pacs_data/pacs_data/sketch/elephant/n02503517_6043-5.png,1,1.000000
1245,pacs_data/pacs_data/sketch/elephant/n02503517_6043-6.png,1,1.000000
1246,pacs_data/pacs_data/sketch/elephant/n02503517_6232-1.png,1,1.000000
1247,pacs_data/pacs_data/sketch/elephant/n02503517_6232-2.png,1,1.000000
1248,pacs_data/pacs_data/sketch/elephant/n02503517_6232-3.png,1,1.000000
1249,pacs_data/pacs_data/sketch/elephant/n02503517_6232-4.png,1,1.000000
1250,pacs_data/pacs_data/sketch/elephant/n02503517_6232-5.png,1,1.000000
1251,pacs_data/pacs_data/sketch/elephant/n02503517_6232-6.png,1,1.000000
1252,pacs_data/pacs_data/sketch/elephant/n02503517_6232-7.png,1,1.000000
1253,pacs_data/pacs_data/sketch/elephant/n02503517_6396-1.png,1,1.000000
1254,pacs_data/pacs_data/sketch/elephant/n02503517_6396-2.png,1,1.000000
1255,pacs_data/pacs_data/sketch/elephant/n02503517_6396-3.png,1,1.000000
1256,pacs_data/pacs_data/sketch/elephant/n02503517_6396-4.png,1,1.000000
1257,pacs_data/pacs_data/sketch/elephant/n02503517_6396-5.png,1,1.000000
1258,pacs_data/pacs_data/sketch/elephant/n02503517_6429-1.png,1,1.000000
1259,pacs_data/pacs_data/sketch/elephant/n02503517_6429-2.png,1,1.000000
1260,pacs_data/pacs_data/sketch/elephant/n02503517_6429-3.png,1,1.000000
1261,pacs_data/pacs_data/sketch/elephant/n02503517_6429-4.png,1,1.000000
1262,pacs_data/pacs_data/sketch/elephant/n02503517_6429-5.png,1,1.000000
1263,pacs_data/pacs_data/sketch/elephant/n02503517_6479-1.png,1,1.000000
1264,pacs_data/pacs_data/sketch/elephant/n02503517_6479-2.png,1,1.000000
1265,pacs_data/pacs_data/sketch/elephant/n02503517_6479-3.png,1,1.000000
1266,pacs_data/pacs_data/sketch/elephant/n02503517_6479-4.png,1,1.000000
1267,pacs_data/pacs_data/sketch/elephant/n02503517_6479-5.png,1,1.000000
1268,pacs_data/pacs_data/sketch/elephant/n02503517_6479-6.png,1,1.000000
1269,pacs_data/pacs_data/sketch/elephant/n02503517_6479-7.png,1,1.000000
1270,pacs_data/pacs_data/sketch/elephant/n02503517_6479-8.png,1,1.000000
1271,pacs_data/pacs_data/sketch/elephant/n02503517_6511-1.png,1,1.000000
1272,pacs_data/pacs_data/sketch/elephant/n02503517_6511-2.png,1,1.000000
1273,pacs_data/pacs_data/sketch/elephant/n02503517_6511-3.png,1,1.000000
1274,pacs_data/pacs_data/sketch/elephant/n02503517_6511-4.png,1,1.000000
1275,pacs_data/pacs_data/sketch/elephant/n02503517_6511-5.png,1,1.000000
1276,pacs_data/pacs_data/sketch/elephant/n02503517_6611-1.png,1,1.000000
1277,pacs_data/pacs_data/sketch/elephant/n02503517_6611-10.png,1,1.000000
1278,pacs_data/pacs_data/sketch/elephant/n02503517_6611-2.png,1,1.000000
1279,pacs_data/pacs_data/sketch/elephant/n02503517_6611-3.png,1,1.000000
1280,pacs_data/pacs_data/sketch/elephant/n02503517_6611-4.png,1,1.000000
1281,pacs_data/pacs_data/sketch/elephant/n02503517_6611-5.png,1,1.000000
1282,pacs_data/pacs_data/sketch/elephant/n02503517_6611-6.png,1,1.000000
1283,pacs_data/pacs_data/sketch/elephant/n02503517_6611-7.png,1,1.000000
1284,pacs_data/pacs_data/sketch/elephant/n02503517_6611-8.png,1,1.000000
1285,pacs_data/pacs_data/sketch/elephant/n02503517_6611-9.png,1,1.000000
1286,pacs_data/pacs_data/sketch/elephant/n02503517_6613-1.png,1,1.000000
1287,pacs_data/pacs_data/sketch/elephant/n02503517_6613-2.png,1,1.000000
1288,pacs_data/pacs_data/sketch/elephant/n02503517_6613-3.png,1,1.000000
1289,pacs_data/pacs_data/sketch/elephant/n02503517_6613-4.png,1,1.000000
1290,pacs_data/pacs_data/sketch/elephant/n02503517_6613-5.png,1,1.000000
1291,pacs_data/pacs_data/sketch/elephant/n02503517_6624-1.png,1,1.000000
1292,pacs_data/pacs_data/sketch/elephant/n02503517_6624-2.png,1,1.000000
1293,pacs_data/pacs_data/sketch/elephant/n02503517_6624-3.png,1,1.000000
1294,pacs_data/pacs_data/sketch/elephant/n02503517_6624-4.png,1,1.000000
1295,pacs_data/pacs_data/sketch/elephant/n02503517_6624-5.png,1,1.000000
1296,pacs_data/pacs_data/sketch/elephant/n02503517_6624-6.png,1,1.000000
1297,pacs_data/pacs_data/sketch/elephant/n02503517_6661-1.png,1,1.000000
1298,pacs_data/pacs_data/sketch/elephant/n02503517_6661-2.png,1,1.000000
1299,pacs_data/pacs_data/sketch/elephant/n02503517_6661-3.png,1,1.000000
1300,pacs_data/pacs_data/sketch/elephant/n02503517_6661-4.png,1,1.000000
1301,pacs_data/pacs_data/sketch/elephant/n02503517_6661-5.png,1,1.000000
1302,pacs_data/pacs_data/sketch/elephant/n02503517_6784-1.png,1,1.000000
1303,pacs_data/pacs_data/sketch/elephant/n02503517_6784-2.png,1,1.000000
1304,pacs_data/pacs_data/sketch/elephant/n02503517_6784-3.png,1,1.000000
1305,pacs_data/pacs_data/sketch/elephant/n02503517_6784-4.png,1,1.000000
1306,pacs_data/pacs_data/sketch/elephant/n02503517_6784-5.png,1,1.000000
1307,pacs_data/pacs_data/sketch/elephant/n02503517_6880-1.png,1,1.000000
1308,pacs_data/pacs_data/sketch/elephant/n02503517_6880-2.png,1,1.000000
1309,pacs_data/pacs_data/sketch/elephant/n02503517_6880-3.png,1,1.000000
1310,pacs_data/pacs_data/sketch/elephant/n02503517_6880-4.png,1,1.000000
1311,pacs_data/pacs_data/sketch/elephant/n02503517_6880-5.png,1,1.000000
1312,pacs_data/pacs_data/sketch/elephant/n02503517_6937-1.png,1,1.000000
1313,pacs_data/pacs_data/sketch/elephant/n02503517_6937-2.png,1,1.000000
1314,pacs_data/pacs_data/sketch/elephant/n02503517_6937-3.png,1,1.000000
1315,pacs_data/pacs_data/sketch/elephant/n02503517_6937-4.png,1,1.000000
1316,pacs_data/pacs_data/sketch/elephant/n02503517_6937-5.png,1,1.000000
1317,pacs_data/pacs_data/sketch/elephant/n02503517_6937-6.png,1,1.000000
1318,pacs_data/pacs_data/sketch/elephant/n02503517_7020-1.png,1,1.000000
1319,pacs_data/pacs_data/sketch/elephant/n02503517_7020-2.png,1,1.000000
1320,pacs_data/pacs_data/sketch/elephant/n02503517_7020-3.png,1,1.000000
1321,pacs_data/pacs_data/sketch/elephant/n02503517_7020-4.png,1,1.000000
1322,pacs_data/pacs_data/sketch/elephant/n02503517_7020-5.png,1,1.000000
1323,pacs_data/pacs_data/sketch/elephant/n02503517_7020-6.png,1,1.000000
1324,pacs_data/pacs_data/sketch/elephant/n02503517_7031-1.png,1,1.000000
1325,pacs_data/pacs_data/sketch/elephant/n02503517_7031-10.png,1,1.000000
1326,pacs_data/pacs_data/sketch/elephant/n02503517_7031-2.png,1,1.000000
1327,pacs_data/pacs_data/sketch/elephant/n02503517_7031-3.png,1,1.000000
1328,pacs_data/pacs_data/sketch/elephant/n02503517_7031-4.png,1,1.000000
1329,pacs_data/pacs_data/sketch/elephant/n02503517_7031-5.png,1,1.000000
1330,pacs_data/pacs_data/sketch/elephant/n02503517_7031-6.png,1,1.000000
1331,pacs_data/pacs_data/sketch/elephant/n02503517_7031-7.png,1,1.000000
1332,pacs_data/pacs_data/sketch/elephant/n02503517_7031-8.png,1,1.000000
1333,pacs_data/pacs_data/sketch/elephant/n02503517_7031-9.png,1,1.000000
1334,pacs_data/pacs_data/sketch/elephant/n02503517_7083-1.png,1,1.000000
1335,pacs_data/pacs_data/sketch/elephant/n02503517_7083-2.png,1,1.000000
1336,pacs_data/pacs_data/sketch/elephant/n02503517_7083-3.png,1,1.000000
1337,pacs_data/pacs_data/sketch/elephant/n02503517_7083-4.png,1,1.000000
1338,pacs_data/pacs_data/sketch/elephant/n02503517_7083-5.png,1,1.000000
1339,pacs_data/pacs_data/sketch/elephant/n02503517_7173-1.png,1,1.000000
1340,pacs_data/pacs_data/sketch/elephant/n02503517_7173-2.png,1,1.000001
1341,pacs_data/pacs_data/sketch/elephant/n02503517_7173-3.png,1,1.000000
1342,pacs_data/pacs_data/sketch/elephant/n02503517_7173-4.png,1,1.000000
1343,pacs_data/pacs_data/sketch/elephant/n02503517_7173-5.png,1,1.000000
1344,pacs_data/pacs_data/sketch/elephant/n02503517_7211-1.png,1,1.000000
1345,pacs_data/pacs_data/sketch/elephant/n02503517_7211-2.png,1,1.000000
1346,pacs_data/pacs_data/sketch/elephant/n02503517_7211-3.png,1,1.000000
1347,pacs_data/pacs_data/sketch/elephant/n02503517_7211-4.png,1,1.000000
1348,pacs_data/pacs_data/sketch/elephant/n02503517_7211-5.png,1,1.000000
1349,pacs_data/pacs_data/sketch/elephant/n02503517_7393-1.png,1,1.000000
1350,pacs_data/pacs_data/sketch/elephant/n02503517_7393-2.png,1,1.000000
1351,pacs_data/pacs_data/sketch/elephant/n02503517_7393-3.png,1,1.000000
1352,pacs_data/pacs_data/sketch/elephant/n02503517_7393-4.png,1,1.000000
1353,pacs_data/pacs_data/sketch/elephant/n02503517_7393-5.png,1,1.000000
1354,pacs_data/pacs_data/sketch/elephant/n02503517_7393-6.png,1,1.000000
1355,pacs_data/pacs_data/sketch/elephant/n02503517_7393-7.png,1,1.000000
1356,pacs_data/pacs_data/sketch/elephant/n02503517_753-1.png,1,1.000000
1357,pacs_data/pacs_data/sketch/elephant/n02503517_753-2.png,1,1.000000
1358,pacs_data/pacs_data/sketch/elephant/n02503517_753-3.png,1,1.000000
1359,pacs_data/pacs_data/sketch/elephant/n02503517_753-4.png,1,1.000000
1360,pacs_data/pacs_data/sketch/elephant/n02503517_753-5.png,1,1.000000
1361,pacs_data/pacs_data/sketch/elephant/n02503517_753-6.png,1,1.000000
1362,pacs_data/pacs_data/sketch/elephant/n02503517_759-1.png,1,1.000000
1363,pacs_data/pacs_data/sketch/elephant/n02503517_759-2.png,1,1.000000
1364,pacs_data/pacs_data/sketch/elephant/n02503517_759-3.png,1,1.000000
1365,pacs_data/pacs_data/sketch/elephant/n02503517_759-4.png,1,1.000000
1366,pacs_data/pacs_data/sketch/elephant/n02503517_759-5.png,1,1.000000
1367,pacs_data/pacs_data/sketch/elephant/n02503517_759-6.png,1,1.000000
1368,pacs_data/pacs_data/sketch/elephant/n02503517_759-7.png,1,1.000000
1369,pacs_data/pacs_data/sketch/elephant/n02503517_759-8.png,1,1.000000
1370,pacs_data/pacs_data/sketch/elephant/n02503517_7592-1.png,1,1.000000
1371,pacs_data/pacs_data/sketch/elephant/n02503517_7592-2.png,1,1.000000
1372,pacs_data/pacs_data/sketch/elephant/n02503517_7592-3.png,1,1.000000
1373,pacs_data/pacs_data/sketch/elephant/n02503517_7592-4.png,1,1.000000
1374,pacs_data/pacs_data/sketch/elephant/n02503517_7592-5.png,1,1.000000
1375,pacs_data/pacs_data/sketch/elephant/n02503517_7592-6.png,1,1.000000
1376,pacs_data/pacs_data/sketch/elephant/n02503517_7592-7.png,1,1.000000
1377,pacs_data/pacs_data/sketch/elephant/n02503517_7592-8.png,1,1.000000
1378,pacs_data/pacs_data/sketch/elephant/n02503517_79-1.png,1,1.000000
1379,pacs_data/pacs_data/sketch/elephant/n02503517_79-2.png,1,1.000000
1380,pacs_data/pacs_data/sketch/elephant/n02503517_79-3.png,1,1.000000
1381,pacs_data/pacs_data/sketch/elephant/n02503517_79-4.png,1,1.000000
1382,pacs_data/pacs_data/sketch/elephant/n02503517_79-5.png,1,1.000000
1383,pacs_data/pacs_data/sketch/elephant/n02503517_792-1.png,1,1.000000
1384,pacs_data/pacs_data/sketch/elephant/n02503517_792-2.png,1,1.000000
1385,pacs_data/pacs_data/sketch/elephant/n02503517_792-3.png,1,1.000000
1386,pacs_data/pacs_data/sketch/elephant/n02503517_792-4.png,1,1.000000
1387,pacs_data/pacs_data/sketch/elephant/n02503517_792-5.png,1,1.000000
1388,pacs_data/pacs_data/sketch/elephant/n02503517_8137-1.png,1,1.000000
1389,pacs_data/pacs_data/sketch/elephant/n02503517_8137-2.png,1,1.000000
1390,pacs_data/pacs_data/sketch/elephant/n02503517_8137-3.png,1,1.000000
1391,pacs_data/pacs_data/sketch/elephant/n02503517_8137-4.png,1,1.000000
1392,pacs_data/pacs_data/sketch/elephant/n02503517_8137-5.png,1,1.000000
1393,pacs_data/pacs_data/sketch/elephant/n02503517_8205-1.png,1,1.000000
1394,pacs_data/pacs_data/sketch/elephant/n02503517_8205-2.png,1,1.000000
1395,pacs_data/pacs_data/sketch/elephant/n02503517_8205-3.png,1,1.000000
1396,pacs_data/pacs_data/sketch/elephant/n02503517_8205-4.png,1,1.000000
1397,pacs_data/pacs_data/sketch/elephant/n02503517_8205-5.png,1,1.000000
1398,pacs_data/pacs_data/sketch/elephant/n02503517_8222-1.png,1,1.000000
1399,pacs_data/pacs_data/sketch/elephant/n02503517_8222-2.png,1,1.000000
1400,pacs_data/pacs_data/sketch/elephant/n02503517_8222-3.png,1,1.000000
1401,pacs_data/pacs_data/sketch/elephant/n02503517_8222-4.png,1,1.000000
1402,pacs_data/pacs_data/sketch/elephant/n02503517_8222-5.png,1,1.000000
1403,pacs_data/pacs_data/sketch/elephant/n02503517_8265-1.png,1,1.000000
1404,pacs_data/pacs_data/sketch/elephant/n02503517_8265-2.png,1,1.000000
1405,pacs_data/pacs_data/sketch/elephant/n02503517_8265-3.png,1,1.000000
1406,pacs_data/pacs_data/sketch/elephant/n02503517_8265-4.png,1,1.000000
1407,pacs_data/pacs_data/sketch/elephant/n02503517_8265-5.png,1,1.000000
1408,pacs_data/pacs_data/sketch/elephant/n02503517_8292-1.png,1,1.000000
1409,pacs_data/pacs_data/sketch/elephant/n02503517_8292-2.png,1,1.000000
1410,pacs_data/pacs_data/sketch/elephant/n02503517_8292-3.png,1,1.000000
1411,pacs_data/pacs_data/sketch/elephant/n02503517_8292-4.png,1,1.000000
1412,pacs_data/pacs_data/sketch/elephant/n02503517_8292-5.png,1,1.000000
1413,pacs_data/pacs_data/sketch/elephant/n02503517_8292-6.png,1,1.000000
1414,pacs_data/pacs_data/sketch/elephant/n02503517_8518-1.png,1,1.000000
1415,pacs_data/pacs_data/sketch/elephant/n02503517_8518-2.png,1,1.000000
1416,pacs_data/pacs_data/sketch/elephant/n02503517_8518-3.png,1,1.000000
1417,pacs_data/pacs_data/sketch/elephant/n02503517_8518-4.png,1,1.000000
1418,pacs_data/pacs_data/sketch/elephant/n02503517_8518-5.png,1,1.000000
1419,pacs_data/pacs_data/sketch/elephant/n02503517_8518-6.png,1,1.000000
1420,pacs_data/pacs_data/sketch/elephant/n02503517_8571-1.png,1,1.000000
1421,pacs_data/pacs_data/sketch/elephant/n02503517_8571-2.png,1,1.000000
1422,pacs_data/pacs_data/sketch/elephant/n02503517_8571-3.png,1,1.000000
1423,pacs_data/pacs_data/sketch/elephant/n02503517_8571-4.png,1,1.000000
1424,pacs_data/pacs_data/sketch/elephant/n02503517_8571-5.png,1,1.000000
1425,pacs_data/pacs_data/sketch/elephant/n02503517_8571-6.png,1,1.000000
1426,pacs_data/pacs_data/sketch/elephant/n02503517_86-1.png,1,1.000000
1427,pacs_data/pacs_data/sketch/elephant/n02503517_86-2.png,1,1.000000
1428,pacs_data/pacs_data/sketch/elephant/n02503517_86-3.png,1,1.000000
1429,pacs_data/pacs_data/sketch/elephant/n02503517_86-4.png,1,1.000000
1430,pacs_data/pacs_data/sketch/elephant/n02503517_86-5.png,1,1.000000
1431,pacs_data/pacs_data/sketch/elephant/n02503517_86-6.png,1,1.000000
1432,pacs_data/pacs_data/sketch/elephant/n02503517_8757-1.png,1,1.000000
1433,pacs_data/pacs_data/sketch/elephant/n02503517_8757-2.png,1,1.000000
1434,pacs_data/pacs_data/sketch/elephant/n02503517_8757-3.png,1,1.000000
1435,pacs_data/pacs_data/sketch/elephant/n02503517_8757-4.png,1,1.000000
1436,pacs_data/pacs_data/sketch/elephant/n02503517_8757-5.png,1,1.000000
1437,pacs_data/pacs_data/sketch/elephant/n02503517_8757-6.png,1,1.000000
1438,pacs_data/pacs_data/sketch/elephant/n02503517_8901-1.png,1,1.000000
1439,pacs_data/pacs_data/sketch/elephant/n02503517_8901-2.png,1,1.000000
1440,pacs_data/pacs_data/sketch/elephant/n02503517_8901-3.png,1,1.000000
1441,pacs_data/pacs_data/sketch/elephant/n02503517_8901-4.png,1,1.000000
1442,pacs_data/pacs_data/sketch/elephant/n02503517_8901-5.png,1,1.000000
1443,pacs_data/pacs_data/sketch/elephant/n02503517_8901-6.png,1,1.000000
1444,pacs_data/pacs_data/sketch/elephant/n02503517_8901-7.png,1,1.000000
1445,pacs_data/pacs_data/sketch/elephant/n02503517_8904-1.png,1,1.000000
1446,pacs_data/pacs_data/sketch/elephant/n02503517_8904-2.png,1,1.000000
1447,pacs_data/pacs_data/sketch/elephant/n02503517_8904-3.png,1,1.000000
1448,pacs_data/pacs_data/sketch/elephant/n02503517_8904-4.png,1,1.000000
1449,pacs_data/pacs_data/sketch/elephant/n02503517_8904-5.png,1,1.000000
1450,pacs_data/pacs_data/sketch/elephant/n02503517_8904-6.png,1,1.000000
1451,pacs_data/pacs_data/sketch/elephant/n02503517_8938-1.png,1,1.000000
1452,pacs_data/pacs_data/sketch/elephant/n02503517_8938-2.png,1,1.000000
1453,pacs_data/pacs_data/sketch/elephant/n02503517_8938-3.png,1,1.000000
1454,pacs_data/pacs_data/sketch/elephant/n02503517_8938-4.png,1,1.000000
1455,pacs_data/pacs_data/sketch/elephant/n02503517_8938-5.png,1,1.000000
1456,pacs_data/pacs_data/sketch/elephant/n02503517_8938-6.png,1,1.000000
1457,pacs_data/pacs_data/sketch/elephant/n02503517_9043-1.png,1,1.000000
1458,pacs_data/pacs_data/sketch/elephant/n02503517_9043-10.png,1,1.000000
1459,pacs_data/pacs_data/sketch/elephant/n02503517_9043-2.png,1,1.000000
1460,pacs_data/pacs_data/sketch/elephant/n02503517_9043-3.png,1,1.000000
1461,pacs_data/pacs_data/sketch/elephant/n02503517_9043-4.png,1,1.000000
1462,pacs_data/pacs_data/sketch/elephant/n02503517_9043-5.png,1,1.000000
1463,pacs_data/pacs_data/sketch/elephant/n02503517_9043-6.png,1,1.000000
1464,pacs_data/pacs_data/sketch/elephant/n02503517_9043-7.png,1,1.000000
1465,pacs_data/pacs_data/sketch/elephant/n02503517_9043-8.png,1,1.000000
1466,pacs_data/pacs_data/sketch/elephant/n02503517_9043-9.png,1,1.000000
1467,pacs_data/pacs_data/sketch/elephant/n02503517_9154-1.png,1,1.000000
1468,pacs_data/pacs_data/sketch/elephant/n02503517_9154-2.png,1,1.000000
1469,pacs_data/pacs_data/sketch/elephant/n02503517_9154-3.png,1,1.000000
1470,pacs_data/pacs_data/sketch/elephant/n02503517_9154-4.png,1,1.000000
1471,pacs_data/pacs_data/sketch/elephant/n02503517_9154-5.png,1,1.000000
1472,pacs_data/pacs_data/sketch/elephant/n02503517_9154-6.png,1,1.000000
1473,pacs_data/pacs_data/sketch/elephant/n02503517_9237-1.png,1,1.000000
1474,pacs_data/pacs_data/sketch/elephant/n02503517_9237-2.png,1,1.000000
1475,pacs_data/pacs_data/sketch/elephant/n02503517_9237-3.png,1,1.000000
1476,pacs_data/pacs_data/sketch/elephant/n02503517_9237-4.png,1,1.000000
1477,pacs_data/pacs_data/sketch/elephant/n02503517_9237-5.png,1,1.000000
1478,pacs_data/pacs_data/sketch/elephant/n02503517_9237-6.png,1,1.000000
1479,pacs_data/pacs_data/sketch/elephant/n02503517_9237-7.png,1,1.000000
1480,pacs_data/pacs_data/sketch/elephant/n02503517_9241-1.png,1,1.000000
1481,pacs_data/pacs_data/sketch/elephant/n02503517_9241-2.png,1,1.000000
1482,pacs_data/pacs_data/sketch/elephant/n02503517_9241-3.png,1,1.000000
1483,pacs_data/pacs_data/sketch/elephant/n02503517_9241-4.png,1,1.000000
1484,pacs_data/pacs_data/sketch/elephant/n02503517_9241-5.png,1,1.000000
1485,pacs_data/pacs_data/sketch/elephant/n02503517_9270-1.png,1,1.000000
1486,pacs_data/pacs_data/sketch/elephant/n02503517_9270-10.png,1,1.000000
1487,pacs_data/pacs_data/sketch/elephant/n02503517_9270-2.png,1,1.000000
1488,pacs_data/pacs_data/sketch/elephant/n02503517_9270-3.png,1,1.000000
1489,pacs_data/pacs_data/sketch/elephant/n02503517_9270-4.png,1,1.000000
1490,pacs_data/pacs_data/sketch/elephant/n02503517_9270-5.png,1,1.000000
1491,pacs_data/pacs_data/sketch/elephant/n02503517_9270-6.png,1,1.000000
1492,pacs_data/pacs_data/sketch/elephant/n02503517_9270-7.png,1,1.000000
1493,pacs_data/pacs_data/sketch/elephant/n02503517_9270-8.png,1,1.000000
1494,pacs_data/pacs_data/sketch/elephant/n02503517_9270-9.png,1,1.000000
1495,pacs_data/pacs_data/sketch/elephant/n02503517_9421-1.png,1,1.000000
1496,pacs_data/pacs_data/sketch/elephant/n02503517_9421-2.png,1,1.000000
1497,pacs_data/pacs_data/sketch/elephant/n02503517_9421-3.png,1,1.000000
1498,pacs_data/pacs_data/sketch/elephant/n02503517_9421-4.png,1,1.000000
1499,pacs_data/pacs_data/sketch/elephant/n02503517_9421-5.png,1,1.000000
1500,pacs_data/pacs_data/sketch/elephant/n02503517_9421-6.png,1,1.000000
1501,pacs_data/pacs_data/sketch/elephant/n02503517_9421-7.png,1,1.000000
1502,pacs_data/pacs_data/sketch/elephant/n02503517_9421-8.png,1,1.000000
1503,pacs_data/pacs_data/sketch/elephant/n02503517_9421-9.png,1,1.000000
1504,pacs_data/pacs_data/sketch/elephant/n02503517_9827-1.png,1,1.000000
1505,pacs_data/pacs_data/sketch/elephant/n02503517_9827-2.png,1,1.000000
1506,pacs_data/pacs_data/sketch/elephant/n02503517_9827-3.png,1,1.000000
1507,pacs_data/pacs_data/sketch/elephant/n02503517_9827-4.png,1,1.000000
1508,pacs_data/pacs_data/sketch/elephant/n02503517_9827-5.png,1,1.000000
1509,pacs_data/pacs_data/sketch/elephant/n02503517_9827-6.png,1,1.000000
1510,pacs_data/pacs_data/sketch/elephant/n02503517_9827-7.png,1,1.000000
1511,pacs_data/pacs_data/sketch/elephant/n02503517_9827-8.png,1,1.000000
1512,pacs_data/pacs_data/sketch/giraffe/7361.png,2,1.000000
1513,pacs_data/pacs_data/sketch/giraffe/7362.png,2,1.000000
1514,pacs_data/pacs_data/sketch/giraffe/7363.png,2,1.000000
1515,pacs_data/pacs_data/sketch/giraffe/7364.png,2,1.000000
1516,pacs_data/pacs_data/sketch/giraffe/7365.png,2,1.000000
1517,pacs_data/pacs_data/sketch/giraffe/7366.png,2,1.000000
1518,pacs_data/pacs_data/sketch/giraffe/7367.png,2,1.000000
1519,pacs_data/pacs_data/sketch/giraffe/7368.png,2,1.000000
1520,pacs_data/pacs_data/sketch/giraffe/7369.png,2,1.000000
1521,pacs_data/pacs_data/sketch/giraffe/7370.png,2,1.000000
1522,pacs_data/pacs_data/sketch/giraffe/7371.png,2,1.000000
1523,pacs_data/pacs_data/sketch/giraffe/7372.png,2,1.000000
1524,pacs_data/pacs_data/sketch/giraffe/7373.png,2,1.000000
1525,pacs_data/pacs_data/sketch/giraffe/7374.png,2,1.000000
1526,pacs_data/pacs_data/sketch/giraffe/7375.png,2,1.000000
1527,pacs_data/pacs_data/sketch/giraffe/7376.png,2,1.000000
1528,pacs_data/pacs_data/sketch/giraffe/7377.png,2,1.000000
1529,pacs_data/pacs_data/sketch/giraffe/7378.png,2,1.000000
1530,pacs_data/pacs_data/sketch/giraffe/7379.png,2,1.000000
1531,pacs_data/pacs_data/sketch/giraffe/7380.png,2,1.000000
1532,pacs_data/pacs_data/sketch/giraffe/7381.png,2,1.000000
1533,pacs_data/pacs_data/sketch/giraffe/7382.png,2,1.000000
1534,pacs_data/pacs_data/sketch/giraffe/7383.png,2,1.000000
1535,pacs_data/pacs_data/sketch/giraffe/7384.png,2,1.000000
1536,pacs_data/pacs_data/sketch/giraffe/7385.png,2,1.000000
1537,pacs_data/pacs_data/sketch/giraffe/7386.png,2,1.000000
1538,pacs_data/pacs_data/sketch/giraffe/7387.png,2,1.000000
1539,pacs_data/pacs_data/sketch/giraffe/7388.png,2,1.000000
1540,pacs_data/pacs_data/sketch/giraffe/7389.png,2,1.000000
1541,pacs_data/pacs_data/sketch/giraffe/7390.png,2,1.000000
1542,pacs_data/pacs_data/sketch/giraffe/7391.png,2,1.000000
1543,pacs_data/pacs_data/sketch/giraffe/7392.png,2,1.000000
1544,pacs_data/pacs_data/sketch/giraffe/7393.png,2,1.000000
1545,pacs_data/pacs_data/sketch/giraffe/7394.png,2,1.000000
1546,pacs_data/pacs_data/sketch/giraffe/7395.png,2,1.000000
1547,pacs_data/pacs_data/sketch/giraffe/7396.png,2,1.000000
1548,pacs_data/pacs_data/sketch/giraffe/7397.png,2,1.000000
1549,pacs_data/pacs_data/sketch/giraffe/7398.png,2,1.000000
1550,pacs_data/pacs_data/sketch/giraffe/7399.png,2,1.000000
1551,pacs_data/pacs_data/sketch/giraffe/7400.png,2,1.000000
1552,pacs_data/pacs_data/sketch/giraffe/7401.png,2,1.000000
1553,pacs_data/pacs_data/sketch/giraffe/7402.png,2,1.000000
1554,pacs_data/pacs_data/sketch/giraffe/7403.png,2,1.000000
1555,pacs_data/pacs_data/sketch/giraffe/7404.png,2,1.000000
1556,pacs_data/pacs_data/sketch/giraffe/7405.png,2,1.000000
1557,pacs_data/pacs_data/sketch/giraffe/7406.png,2,1.000000
1558,pacs_data/pacs_data/sketch/giraffe/7407.png,2,1.000000
1559,pacs_data/pacs_data/sketch/giraffe/7408.png,2,1.000000
1560,pacs_data/pacs_data/sketch/giraffe/7409.png,2,1.000000
1561,pacs_data/pacs_data/sketch/giraffe/7410.png,2,1.000000
1562,pacs_data/pacs_data/sketch/giraffe/7411.png,2,1.000000
1563,pacs_data/pacs_data/sketch/giraffe/7412.png,2,1.000000
1564,pacs_data/pacs_data/sketch/giraffe/7413.png,2,1.000000
1565,pacs_data/pacs_data/sketch/giraffe/7414.png,2,1.000000
1566,pacs_data/pacs_data/sketch/giraffe/7415.png,2,1.000000
1567,pacs_data/pacs_data/sketch/giraffe/7416.png,2,1.000000
1568,pacs_data/pacs_data/sketch/giraffe/7417.png,2,1.000000
1569,pacs_data/pacs_data/sketch/giraffe/7418.png,2,1.000000
1570,pacs_data/pacs_data/sketch/giraffe/7419.png,2,1.000000
1571,pacs_data/pacs_data/sketch/giraffe/7420.png,2,1.000000
1572,pacs_data/pacs_data/sketch/giraffe/7421.png,2,1.000000
1573,pacs_data/pacs_data/sketch/giraffe/7422.png,2,1.000000
1574,pacs_data/pacs_data/sketch/giraffe/7423.png,2,1.000000
1575,pacs_data/pacs_data/sketch/giraffe/7424.png,2,1.000000
1576,pacs_data/pacs_data/sketch/giraffe/7425.png,2,1.000000
1577,pacs_data/pacs_data/sketch/giraffe/7426.png,2,1.000000
1578,pacs_data/pacs_data/sketch/giraffe/7427.png,2,0.999999
1579,pacs_data/pacs_data/sketch/giraffe/7428.png,2,1.000000
1580,pacs_data/pacs_data/sketch/giraffe/7429.png,2,1.000000
1581,pacs_data/pacs_data/sketch/giraffe/7430.png,2,1.000000
1582,pacs_data/pacs_data/sketch/giraffe/7431.png,2,1.000000
1583,pacs_data/pacs_data/sketch/giraffe/7432.png,2,1.000000
1584,pacs_data/pacs_data/sketch/giraffe/7433.png,2,1.000000
1585,pacs_data/pacs_data/sketch/giraffe/7434.png,2,1.000000
1586,pacs_data/pacs_data/sketch/giraffe/7435.png,2,1.000000
1587,pacs_data/pacs_data/sketch/giraffe/7436.png,2,1.000000
1588,pacs_data/pacs_data/sketch/giraffe/7437.png,2,1.000000
1589,pacs_data/pacs_data/sketch/giraffe/7438.png,2,1.000000
1590,pacs_data/pacs_data/sketch/giraffe/7439.png,2,1.000000
1591,pacs_data/pacs_data/sketch/giraffe/7440.png,2,1.000000
1592,pacs_data/pacs_data/sketch/giraffe/n02439033_10130-1.png,2,1.000000
1593,pacs_data/pacs_data/sketch/giraffe/n02439033_10130-2.png,2,1.000000
1594,pacs_data/pacs_data/sketch/giraffe/n02439033_10130-3.png,2,1.000000
1595,pacs_data/pacs_data/sketch/giraffe/n02439033_10130-4.png,2,1.000000
1596,pacs_data/pacs_data/sketch/giraffe/n02439033_10130-5.png,2,1.000000
1597,pacs_data/pacs_data/sketch/giraffe/n02439033_10130-6.png,2,1.000000
1598,pacs_data/pacs_data/sketch/giraffe/n02439033_10130-7.png,2,1.000000
1599,pacs_data/pacs_data/sketch/giraffe/n02439033_10164-1.png,2,1.000000
1600,pacs_data/pacs_data/sketch/giraffe/n02439033_10164-10.png,2,1.000000
1601,pacs_data/pacs_data/sketch/giraffe/n02439033_10164-2.png,2,1.000000
1602,pacs_data/pacs_data/sketch/giraffe/n02439033_10164-3.png,2,1.000000
1603,pacs_data/pacs_data/sketch/giraffe/n02439033_10164-4.png,2,1.000000
1604,pacs_data/pacs_data/sketch/giraffe/n02439033_10164-5.png,2,1.000000
1605,pacs_data/pacs_data/sketch/giraffe/n02439033_10164-6.png,2,1.000000
1606,pacs_data/pacs_data/sketch/giraffe/n02439033_10164-7.png,2,1.000000
1607,pacs_data/pacs_data/sketch/giraffe/n02439033_10164-8.png,2,1.000000
1608,pacs_data/pacs_data/sketch/giraffe/n02439033_10164-9.png,2,1.000000
1609,pacs_data/pacs_data/sketch/giraffe/n02439033_10279-1.png,2,1.000000
1610,pacs_data/pacs_data/sketch/giraffe/n02439033_10279-2.png,2,1.000000
1611,pacs_data/pacs_data/sketch/giraffe/n02439033_10279-3.png,2,1.000000
1612,pacs_data/pacs_data/sketch/giraffe/n02439033_10279-4.png,2,1.000000
1613,pacs_data/pacs_data/sketch/giraffe/n02439033_10279-5.png,2,1.000000
1614,pacs_data/pacs_data/sketch/giraffe/n02439033_10279-6.png,2,1.000000
1615,pacs_data/pacs_data/sketch/giraffe/n02439033_10295-1.png,2,1.000000
1616,pacs_data/pacs_data/sketch/giraffe/n02439033_10295-2.png,2,1.000000
1617,pacs_data/pacs_data/sketch/giraffe/n02439033_10295-3.png,2,1.000000
1618,pacs_data/pacs_data/sketch/giraffe/n02439033_10295-4.png,2,1.000000
1619,pacs_data/pacs_data/sketch/giraffe/n02439033_10295-5.png,2,1.000000
1620,pacs_data/pacs_data/sketch/giraffe/n02439033_10453-1.png,2,1.000000
1621,pacs_data/pacs_data/sketch/giraffe/n02439033_10453-2.png,2,1.000000
1622,pacs_data/pacs_data/sketch/giraffe/n02439033_10453-3.png,2,1.000000
1623,pacs_data/pacs_data/sketch/giraffe/n02439033_10453-4.png,2,1.000000
1624,pacs_data/pacs_data/sketch/giraffe/n02439033_10453-5.png,2,1.000000
1625,pacs_data/pacs_data/sketch/giraffe/n02439033_10453-6.png,2,1.000000
1626,pacs_data/pacs_data/sketch/giraffe/n02439033_10491-1.png,2,1.000000
1627,pacs_data/pacs_data/sketch/giraffe/n02439033_10491-2.png,2,1.000000
1628,pacs_data/pacs_data/sketch/giraffe/n02439033_10491-3.png,2,1.000000
1629,pacs_data/pacs_data/sketch/giraffe/n02439033_10491-4.png,2,1.000000
1630,pacs_data/pacs_data/sketch/giraffe/n02439033_10491-5.png,2,1.000000
1631,pacs_data/pacs_data/sketch/giraffe/n02439033_10491-6.png,2,1.000000
1632,pacs_data/pacs_data/sketch/giraffe/n02439033_10541-1.png,2,1.000000
1633,pacs_data/pacs_data/sketch/giraffe/n02439033_10541-2.png,2,1.000000
1634,pacs_data/pacs_data/sketch/giraffe/n02439033_10541-3.png,2,1.000000
1635,pacs_data/pacs_data/sketch/giraffe/n02439033_10541-4.png,2,1.000000
1636,pacs_data/pacs_data/sketch/giraffe/n02439033_10541-5.png,2,1.000000
1637,pacs_data/pacs_data/sketch/giraffe/n02439033_10541-6.png,2,1.000000
1638,pacs_data/pacs_data/sketch/giraffe/n02439033_10616-1.png,2,1.000000
1639,pacs_data/pacs_data/sketch/giraffe/n02439033_10616-2.png,2,1.000000
1640,pacs_data/pacs_data/sketch/giraffe/n02439033_10616-3.png,2,1.000000
1641,pacs_data/pacs_data/sketch/giraffe/n02439033_10616-4.png,2,1.000000
1642,pacs_data/pacs_data/sketch/giraffe/n02439033_10616-5.png,2,1.000000
1643,pacs_data/pacs_data/sketch/giraffe/n02439033_10802-1.png,2,1.000000
1644,pacs_data/pacs_data/sketch/giraffe/n02439033_10802-2.png,2,1.000000
1645,pacs_data/pacs_data/sketch/giraffe/n02439033_10802-3.png,2,1.000000
1646,pacs_data/pacs_data/sketch/giraffe/n02439033_10802-4.png,2,1.000000
1647,pacs_data/pacs_data/sketch/giraffe/n02439033_10802-5.png,2,1.000000
1648,pacs_data/pacs_data/sketch/giraffe/n02439033_10802-6.png,2,1.000000
1649,pacs_data/pacs_data/sketch/giraffe/n02439033_10802-7.png,2,1.000000
1650,pacs_data/pacs_data/sketch/giraffe/n02439033_10802-8.png,2,1.000000
1651,pacs_data/pacs_data/sketch/giraffe/n02439033_10803-1.png,2,1.000000
1652,pacs_data/pacs_data/sketch/giraffe/n02439033_10803-2.png,2,1.000000
1653,pacs_data/pacs_data/sketch/giraffe/n02439033_10803-3.png,2,1.000000
1654,pacs_data/pacs_data/sketch/giraffe/n02439033_10803-4.png,2,1.000000
1655,pacs_data/pacs_data/sketch/giraffe/n02439033_10803-5.png,2,1.000000
1656,pacs_data/pacs_data/sketch/giraffe/n02439033_10811-1.png,2,1.000000
1657,pacs_data/pacs_data/sketch/giraffe/n02439033_10811-2.png,2,1.000000
1658,pacs_data/pacs_data/sketch/giraffe/n02439033_10811-3.png,2,1.000000
1659,pacs_data/pacs_data/sketch/giraffe/n02439033_10811-4.png,2,1.000000
1660,pacs_data/pacs_data/sketch/giraffe/n02439033_10811-5.png,2,1.000000
1661,pacs_data/pacs_data/sketch/giraffe/n02439033_10811-6.png,2,1.000000
1662,pacs_data/pacs_data/sketch/giraffe/n02439033_10811-7.png,2,1.000000
1663,pacs_data/pacs_data/sketch/giraffe/n02439033_10839-1.png,2,1.000000
1664,pacs_data/pacs_data/sketch/giraffe/n02439033_10839-2.png,2,1.000000
1665,pacs_data/pacs_data/sketch/giraffe/n02439033_10839-3.png,2,1.000000
1666,pacs_data/pacs_data/sketch/giraffe/n02439033_10839-4.png,2,1.000000
1667,pacs_data/pacs_data/sketch/giraffe/n02439033_10839-5.png,2,1.000000
1668,pacs_data/pacs_data/sketch/giraffe/n02439033_10839-6.png,2,1.000000
1669,pacs_data/pacs_data/sketch/giraffe/n02439033_10839-7.png,2,1.000000
1670,pacs_data/pacs_data/sketch/giraffe/n02439033_10919-1.png,2,1.000000
1671,pacs_data/pacs_data/sketch/giraffe/n02439033_10919-2.png,2,1.000000
1672,pacs_data/pacs_data/sketch/giraffe/n02439033_10919-3.png,2,1.000000
1673,pacs_data/pacs_data/sketch/giraffe/n02439033_10919-4.png,2,1.000000
1674,pacs_data/pacs_data/sketch/giraffe/n02439033_10919-5.png,2,1.000000
1675,pacs_data/pacs_data/sketch/giraffe/n02439033_10919-6.png,2,1.000000
1676,pacs_data/pacs_data/sketch/giraffe/n02439033_11059-1.png,2,1.000000
1677,pacs_data/pacs_data/sketch/giraffe/n02439033_11059-2.png,2,1.000000
1678,pacs_data/pacs_data/sketch/giraffe/n02439033_11059-3.png,2,1.000000
1679,pacs_data/pacs_data/sketch/giraffe/n02439033_11059-4.png,2,1.000000
1680,pacs_data/pacs_data/sketch/giraffe/n02439033_11059-5.png,2,1.000000
1681,pacs_data/pacs_data/sketch/giraffe/n02439033_11059-6.png,2,1.000000
1682,pacs_data/pacs_data/sketch/giraffe/n02439033_11059-7.png,2,1.000000
1683,pacs_data/pacs_data/sketch/giraffe/n02439033_11059-8.png,2,1.000000
1684,pacs_data/pacs_data/sketch/giraffe/n02439033_11059-9.png,2,1.000000
1685,pacs_data/pacs_data/sketch/giraffe/n02439033_11114-1.png,2,1.000000
1686,pacs_data/pacs_data/sketch/giraffe/n02439033_11114-2.png,2,1.000000
1687,pacs_data/pacs_data/sketch/giraffe/n02439033_11114-3.png,2,1.000000
1688,pacs_data/pacs_data/sketch/giraffe/n02439033_11114-4.png,2,1.000000
1689,pacs_data/pacs_data/sketch/giraffe/n02439033_11114-5.png,2,1.000000
1690,pacs_data/pacs_data/sketch/giraffe/n02439033_11130-1.png,2,1.000000
1691,pacs_data/pacs_data/sketch/giraffe/n02439033_11130-2.png,2,1.000000
1692,pacs_data/pacs_data/sketch/giraffe/n02439033_11130-3.png,2,1.000000
1693,pacs_data/pacs_data/sketch/giraffe/n02439033_11130-4.png,2,1.000000
1694,pacs_data/pacs_data/sketch/giraffe/n02439033_11130-5.png,2,1.000000
1695,pacs_data/pacs_data/sketch/giraffe/n02439033_11130-6.png,2,1.000000
1696,pacs_data/pacs_data/sketch/giraffe/n02439033_11215-1.png,2,1.000000
1697,pacs_data/pacs_data/sketch/giraffe/n02439033_11215-2.png,2,1.000000
1698,pacs_data/pacs_data/sketch/giraffe/n02439033_11215-3.png,2,1.000000
1699,pacs_data/pacs_data/sketch/giraffe/n02439033_11215-4.png,2,1.000000
1700,pacs_data/pacs_data/sketch/giraffe/n02439033_11215-5.png,2,1.000000
1701,pacs_data/pacs_data/sketch/giraffe/n02439033_11273-1.png,2,1.000000
1702,pacs_data/pacs_data/sketch/giraffe/n02439033_11273-2.png,2,1.000000
1703,pacs_data/pacs_data/sketch/giraffe/n02439033_11273-3.png,2,1.000000
1704,pacs_data/pacs_data/sketch/giraffe/n02439033_11273-4.png,2,1.000000
1705,pacs_data/pacs_data/sketch/giraffe/n02439033_11273-5.png,2,1.000000
1706,pacs_data/pacs_data/sketch/giraffe/n02439033_11273-6.png,2,1.000000
1707,pacs_data/pacs_data/sketch/giraffe/n02439033_11328-1.png,2,1.000000
1708,pacs_data/pacs_data/sketch/giraffe/n02439033_11328-2.png,2,1.000000
1709,pacs_data/pacs_data/sketch/giraffe/n02439033_11328-3.png,2,1.000000
1710,pacs_data/pacs_data/sketch/giraffe/n02439033_11328-4.png,2,1.000000
1711,pacs_data/pacs_data/sketch/giraffe/n02439033_11328-5.png,2,1.000000
1712,pacs_data/pacs_data/sketch/giraffe/n02439033_11328-6.png,2,1.000000
1713,pacs_data/pacs_data/sketch/giraffe/n02439033_11458-1.png,2,1.000000
1714,pacs_data/pacs_data/sketch/giraffe/n02439033_11458-2.png,2,1.000000
1715,pacs_data/pacs_data/sketch/giraffe/n02439033_11458-3.png,2,1.000000
1716,pacs_data/pacs_data/sketch/giraffe/n02439033_11458-4.png,2,1.000000
1717,pacs_data/pacs_data/sketch/giraffe/n02439033_11458-5.png,2,1.000000
1718,pacs_data/pacs_data/sketch/giraffe/n02439033_11458-6.png,2,1.000000
1719,pacs_data/pacs_data/sketch/giraffe/n02439033_11486-1.png,2,1.000000
1720,pacs_data/pacs_data/sketch/giraffe/n02439033_11486-2.png,2,1.000000
1721,pacs_data/pacs_data/sketch/giraffe/n02439033_11486-3.png,2,1.000000
1722,pacs_data/pacs_data/sketch/giraffe/n02439033_11486-4.png,2,1.000000
1723,pacs_data/pacs_data/sketch/giraffe/n02439033_11486-5.png,2,1.000000
1724,pacs_data/pacs_data/sketch/giraffe/n02439033_11487-1.png,2,1.000000
1725,pacs_data/pacs_data/sketch/giraffe/n02439033_11487-2.png,2,1.000000
1726,pacs_data/pacs_data/sketch/giraffe/n02439033_11487-3.png,2,1.000000
1727,pacs_data/pacs_data/sketch/giraffe/n02439033_11487-4.png,2,1.000000
1728,pacs_data/pacs_data/sketch/giraffe/n02439033_11487-5.png,2,1.000000
1729,pacs_data/pacs_data/sketch/giraffe/n02439033_11487-6.png,2,1.000000
1730,pacs_data/pacs_data/sketch/giraffe/n02439033_11487-7.png,2,1.000000
1731,pacs_data/pacs_data/sketch/giraffe/n02439033_11504-1.png,2,1.000000
1732,pacs_data/pacs_data/sketch/giraffe/n02439033_11504-2.png,2,1.000000
1733,pacs_data/pacs_data/sketch/giraffe/n02439033_11504-3.png,2,1.000000
1734,pacs_data/pacs_data/sketch/giraffe/n02439033_11504-4.png,2,1.000000
1735,pacs_data/pacs_data/sketch/giraffe/n02439033_11504-5.png,2,1.000000
1736,pacs_data/pacs_data/sketch/giraffe/n02439033_11504-6.png,2,1.000000
1737,pacs_data/pacs_data/sketch/giraffe/n02439033_11504-7.png,2,1.000000
1738,pacs_data/pacs_data/sketch/giraffe/n02439033_11599-1.png,2,1.000000
1739,pacs_data/pacs_data/sketch/giraffe/n02439033_11599-2.png,2,1.000000
1740,pacs_data/pacs_data/sketch/giraffe/n02439033_11599-3.png,2,1.000000
1741,pacs_data/pacs_data/sketch/giraffe/n02439033_11599-4.png,2,1.000000
1742,pacs_data/pacs_data/sketch/giraffe/n02439033_11599-5.png,2,1.000000
1743,pacs_data/pacs_data/sketch/giraffe/n02439033_11599-6.png,2,1.000000
1744,pacs_data/pacs_data/sketch/giraffe/n02439033_11599-7.png,2,1.000000
1745,pacs_data/pacs_data/sketch/giraffe/n02439033_11599-8.png,2,1.000000
1746,pacs_data/pacs_data/sketch/giraffe/n02439033_11627-1.png,2,1.000000
1747,pacs_data/pacs_data/sketch/giraffe/n02439033_11627-2.png,2,1.000000
1748,pacs_data/pacs_data/sketch/giraffe/n02439033_11627-3.png,2,1.000001
1749,pacs_data/pacs_data/sketch/giraffe/n02439033_11627-4.png,2,1.000000
1750,pacs_data/pacs_data/sketch/giraffe/n02439033_11627-5.png,2,1.000000
1751,pacs_data/pacs_data/sketch/giraffe/n02439033_11627-6.png,2,1.000000
1752,pacs_data/pacs_data/sketch/giraffe/n02439033_11627-7.png,2,1.000000
1753,pacs_data/pacs_data/sketch/giraffe/n02439033_11666-1.png,2,1.000000
1754,pacs_data/pacs_data/sketch/giraffe/n02439033_11666-2.png,2,1.000000
1755,pacs_data/pacs_data/sketch/giraffe/n02439033_11666-3.png,2,1.000000
1756,pacs_data/pacs_data/sketch/giraffe/n02439033_11666-4.png,2,1.000000
1757,pacs_data/pacs_data/sketch/giraffe/n02439033_11666-5.png,2,1.000000
1758,pacs_data/pacs_data/sketch/giraffe/n02439033_11666-6.png,2,1.000000
1759,pacs_data/pacs_data/sketch/giraffe/n02439033_11666-7.png,2,1.000000
1760,pacs_data/pacs_data/sketch/giraffe/n02439033_11683-1.png,2,1.000000
1761,pacs_data/pacs_data/sketch/giraffe/n02439033_11683-2.png,2,1.000000
1762,pacs_data/pacs_data/sketch/giraffe/n02439033_11683-3.png,2,1.000000
1763,pacs_data/pacs_data/sketch/giraffe/n02439033_11683-4.png,2,1.000000
1764,pacs_data/pacs_data/sketch/giraffe/n02439033_11683-5.png,2,1.000000
1765,pacs_data/pacs_data/sketch/giraffe/n02439033_11683-6.png,2,1.000000
1766,pacs_data/pacs_data/sketch/giraffe/n02439033_11683-7.png,2,1.000000
1767,pacs_data/pacs_data/sketch/giraffe/n02439033_11715-1.png,2,1.000000
1768,pacs_data/pacs_data/sketch/giraffe/n02439033_11715-2.png,2,1.000000
1769,pacs_data/pacs_data/sketch/giraffe/n02439033_11715-3.png,2,1.000000
1770,pacs_data/pacs_data/sketch/giraffe/n02439033_11715-4.png,2,1.000000
1771,pacs_data/pacs_data/sketch/giraffe/n02439033_11715-5.png,2,1.000000
1772,pacs_data/pacs_data/sketch/giraffe/n02439033_11715-6.png,2,1.000000
1773,pacs_data/pacs_data/sketch/giraffe/n02439033_11845-1.png,2,1.000000
1774,pacs_data/pacs_data/sketch/giraffe/n02439033_11845-10.png,2,1.000000
1775,pacs_data/pacs_data/sketch/giraffe/n02439033_11845-2.png,2,1.000000
1776,pacs_data/pacs_data/sketch/giraffe/n02439033_11845-3.png,2,1.000000
1777,pacs_data/pacs_data/sketch/giraffe/n02439033_11845-4.png,2,1.000000
1778,pacs_data/pacs_data/sketch/giraffe/n02439033_11845-5.png,2,1.000000
1779,pacs_data/pacs_data/sketch/giraffe/n02439033_11845-6.png,2,1.000000
1780,pacs_data/pacs_data/sketch/giraffe/n02439033_11845-7.png,2,1.000000
1781,pacs_data/pacs_data/sketch/giraffe/n02439033_11845-8.png,2,1.000000
1782,pacs_data/pacs_data/sketch/giraffe/n02439033_11845-9.png,2,1.000000
1783,pacs_data/pacs_data/sketch/giraffe/n02439033_11894-1.png,2,1.000000
1784,pacs_data/pacs_data/sketch/giraffe/n02439033_11894-2.png,2,1.000000
1785,pacs_data/pacs_data/sketch/giraffe/n02439033_11894-3.png,2,1.000000
1786,pacs_data/pacs_data/sketch/giraffe/n02439033_11894-4.png,2,1.000000
1787,pacs_data/pacs_data/sketch/giraffe/n02439033_11894-5.png,2,1.000000
1788,pacs_data/pacs_data/sketch/giraffe/n02439033_11894-6.png,2,1.000000
1789,pacs_data/pacs_data/sketch/giraffe/n02439033_11894-7.png,2,1.000000
1790,pacs_data/pacs_data/sketch/giraffe/n02439033_11894-8.png,2,1.000000
1791,pacs_data/pacs_data/sketch/giraffe/n02439033_11894-9.png,2,1.000000
1792,pacs_data/pacs_data/sketch/giraffe/n02439033_12059-1.png,2,1.000000
1793,pacs_data/pacs_data/sketch/giraffe/n02439033_12059-2.png,2,1.000000
1794,pacs_data/pacs_data/sketch/giraffe/n02439033_12059-3.png,2,1.000000
1795,pacs_data/pacs_data/sketch/giraffe/n02439033_12059-4.png,2,1.000000
1796,pacs_data/pacs_data/sketch/giraffe/n02439033_12059-5.png,2,1.000000
1797,pacs_data/pacs_data/sketch/giraffe/n02439033_12413-1.png,2,1.000000
1798,pacs_data/pacs_data/sketch/giraffe/n02439033_12413-2.png,2,1.000000
1799,pacs_data/pacs_data/sketch/giraffe/n02439033_12413-3.png,2,1.000000
1800,pacs_data/pacs_data/sketch/giraffe/n02439033_12413-4.png,2,1.000000
1801,pacs_data/pacs_data/sketch/giraffe/n02439033_12413-5.png,2,1.000000
1802,pacs_data/pacs_data/sketch/giraffe/n02439033_12413-6.png,2,1.000000
1803,pacs_data/pacs_data/sketch/giraffe/n02439033_12413-7.png,2,1.000000
1804,pacs_data/pacs_data/sketch/giraffe/n02439033_12485-1.png,2,1.000000
1805,pacs_data/pacs_data/sketch/giraffe/n02439033_12485-2.png,2,1.000000
1806,pacs_data/pacs_data/sketch/giraffe/n02439033_12485-3.png,2,1.000000
1807,pacs_data/pacs_data/sketch/giraffe/n02439033_12485-4.png,2,1.000000
1808,pacs_data/pacs_data/sketch/giraffe/n02439033_12485-5.png,2,1.000000
1809,pacs_data/pacs_data/sketch/giraffe/n02439033_12485-6.png,2,1.000000
1810,pacs_data/pacs_data/sketch/giraffe/n02439033_12680-1.png,2,1.000000
1811,pacs_data/pacs_data/sketch/giraffe/n02439033_12680-2.png,2,1.000000
1812,pacs_data/pacs_data/sketch/giraffe/n02439033_12680-3.png,2,1.000000
1813,pacs_data/pacs_data/sketch/giraffe/n02439033_12680-4.png,2,1.000000
1814,pacs_data/pacs_data/sketch/giraffe/n02439033_12680-5.png,2,1.000000
1815,pacs_data/pacs_data/sketch/giraffe/n02439033_12930-1.png,2,1.000000
1816,pacs_data/pacs_data/sketch/giraffe/n02439033_12930-2.png,2,1.000000
1817,pacs_data/pacs_data/sketch/giraffe/n02439033_12930-3.png,2,1.000000
1818,pacs_data/pacs_data/sketch/giraffe/n02439033_12930-4.png,2,1.000000
1819,pacs_data/pacs_data/sketch/giraffe/n02439033_12930-5.png,2,1.000000
1820,pacs_data/pacs_data/sketch/giraffe/n02439033_12939-1.png,2,1.000000
1821,pacs_data/pacs_data/sketch/giraffe/n02439033_12939-2.png,2,1.000000
1822,pacs_data/pacs_data/sketch/giraffe/n02439033_12939-3.png,2,1.000000
1823,pacs_data/pacs_data/sketch/giraffe/n02439033_12939-4.png,2,1.000000
1824,pacs_data/pacs_data/sketch/giraffe/n02439033_12939-5.png,2,1.000000
1825,pacs_data/pacs_data/sketch/giraffe/n02439033_12939-6.png,2,1.000000
1826,pacs_data/pacs_data/sketch/giraffe/n02439033_12939-7.png,2,1.000000
1827,pacs_data/pacs_data/sketch/giraffe/n02439033_12939-8.png,2,1.000000
1828,pacs_data/pacs_data/sketch/giraffe/n02439033_12987-1.png,2,1.000000
1829,pacs_data/pacs_data/sketch/giraffe/n02439033_12987-2.png,2,1.000000
1830,pacs_data/pacs_data/sketch/giraffe/n02439033_12987-3.png,2,1.000000
1831,pacs_data/pacs_data/sketch/giraffe/n02439033_12987-4.png,2,1.000000
1832,pacs_data/pacs_data/sketch/giraffe/n02439033_12987-5.png,2,1.000000
1833,pacs_data/pacs_data/sketch/giraffe/n02439033_12987-6.png,2,1.000000
1834,pacs_data/pacs_data/sketch/giraffe/n02439033_13236-1.png,2,1.000000
1835,pacs_data/pacs_data/sketch/giraffe/n02439033_13236-2.png,2,1.000000
1836,pacs_data/pacs_data/sketch/giraffe/n02439033_13236-3.png,2,1.000000
1837,pacs_data/pacs_data/sketch/giraffe/n02439033_13236-4.png,2,1.000000
1838,pacs_data/pacs_data/sketch/giraffe/n02439033_13236-5.png,2,1.000000
1839,pacs_data/pacs_data/sketch/giraffe/n02439033_13236-6.png,2,1.000000
1840,pacs_data/pacs_data/sketch/giraffe/n02439033_1327-1.png,2,1.000000
1841,pacs_data/pacs_data/sketch/giraffe/n02439033_1327-2.png,2,1.000000
1842,pacs_data/pacs_data/sketch/giraffe/n02439033_1327-3.png,2,1.000000
1843,pacs_data/pacs_data/sketch/giraffe/n02439033_1327-4.png,2,1.000000
1844,pacs_data/pacs_data/sketch/giraffe/n02439033_1327-5.png,2,1.000000
1845,pacs_data/pacs_data/sketch/giraffe/n02439033_13384-1.png,2,1.000000
1846,pacs_data/pacs_data/sketch/giraffe/n02439033_13384-2.png,2,1.000000
1847,pacs_data/pacs_data/sketch/giraffe/n02439033_13384-3.png,2,1.000000
1848,pacs_data/pacs_data/sketch/giraffe/n02439033_13384-4.png,2,1.000000
1849,pacs_data/pacs_data/sketch/giraffe/n02439033_13384-5.png,2,1.000000
1850,pacs_data/pacs_data/sketch/giraffe/n02439033_13384-6.png,2,1.000000
1851,pacs_data/pacs_data/sketch/giraffe/n02439033_13430-1.png,2,1.000000
1852,pacs_data/pacs_data/sketch/giraffe/n02439033_13430-2.png,2,1.000000
1853,pacs_data/pacs_data/sketch/giraffe/n02439033_13430-3.png,2,1.000000
1854,pacs_data/pacs_data/sketch/giraffe/n02439033_13430-4.png,2,1.000000
1855,pacs_data/pacs_data/sketch/giraffe/n02439033_13430-5.png,2,1.000000
1856,pacs_data/pacs_data/sketch/giraffe/n02439033_13602-1.png,2,1.000000
1857,pacs_data/pacs_data/sketch/giraffe/n02439033_13602-2.png,2,1.000000
1858,pacs_data/pacs_data/sketch/giraffe/n02439033_13602-3.png,2,1.000000
1859,pacs_data/pacs_data/sketch/giraffe/n02439033_13602-4.png,2,1.000000
1860,pacs_data/pacs_data/sketch/giraffe/n02439033_13602-5.png,2,1.000000
1861,pacs_data/pacs_data/sketch/giraffe/n02439033_13602-6.png,2,1.000000
1862,pacs_data/pacs_data/sketch/giraffe/n02439033_13602-7.png,2,1.000000
1863,pacs_data/pacs_data/sketch/giraffe/n02439033_13868-1.png,2,1.000000
1864,pacs_data/pacs_data/sketch/giraffe/n02439033_13868-2.png,2,1.000001
1865,pacs_data/pacs_data/sketch/giraffe/n02439033_13868-3.png,2,1.000000
1866,pacs_data/pacs_data/sketch/giraffe/n02439033_13868-4.png,2,1.000000
1867,pacs_data/pacs_data/sketch/giraffe/n02439033_13868-5.png,2,1.000000
1868,pacs_data/pacs_data/sketch/giraffe/n02439033_13868-6.png,2,1.000000
1869,pacs_data/pacs_data/sketch/giraffe/n02439033_13868-7.png,2,1.000000
1870,pacs_data/pacs_data/sketch/giraffe/n02439033_14040-1.png,2,1.000000
1871,pacs_data/pacs_data/sketch/giraffe/n02439033_14040-2.png,2,1.000000
1872,pacs_data/pacs_data/sketch/giraffe/n02439033_14040-3.png,2,1.000000
1873,pacs_data/pacs_data/sketch/giraffe/n02439033_14040-4.png,2,1.000000
1874,pacs_data/pacs_data/sketch/giraffe/n02439033_14040-5.png,2,1.000000
1875,pacs_data/pacs_data/sketch/giraffe/n02439033_14040-6.png,2,1.000000
1876,pacs_data/pacs_data/sketch/giraffe/n02439033_14060-1.png,2,1.000000
1877,pacs_data/pacs_data/sketch/giraffe/n02439033_14060-2.png,2,1.000000
1878,pacs_data/pacs_data/sketch/giraffe/n02439033_14060-3.png,2,1.000000
1879,pacs_data/pacs_data/sketch/giraffe/n02439033_14060-4.png,2,1.000000
1880,pacs_data/pacs_data/sketch/giraffe/n02439033_14060-5.png,2,1.000000
1881,pacs_data/pacs_data/sketch/giraffe/n02439033_14060-6.png,2,1.000000
1882,pacs_data/pacs_data/sketch/giraffe/n02439033_14060-7.png,2,1.000000
1883,pacs_data/pacs_data/sketch/giraffe/n02439033_14060-8.png,2,1.000000
1884,pacs_data/pacs_data/sketch/giraffe/n02439033_14121-1.png,2,1.000000
1885,pacs_data/pacs_data/sketch/giraffe/n02439033_14121-10.png,2,1.000000
1886,pacs_data/pacs_data/sketch/giraffe/n02439033_14121-2.png,2,1.000000
1887,pacs_data/pacs_data/sketch/giraffe/n02439033_14121-3.png,2,1.000000
1888,pacs_data/pacs_data/sketch/giraffe/n02439033_14121-4.png,2,1.000000
1889,pacs_data/pacs_data/sketch/giraffe/n02439033_14121-5.png,2,1.000000
1890,pacs_data/pacs_data/sketch/giraffe/n02439033_14121-6.png,2,1.000000
1891,pacs_data/pacs_data/sketch/giraffe/n02439033_14121-7.png,2,1.000000
1892,pacs_data/pacs_data/sketch/giraffe/n02439033_14121-8.png,2,1.000000
1893,pacs_data/pacs_data/sketch/giraffe/n02439033_14121-9.png,2,1.000000
1894,pacs_data/pacs_data/sketch/giraffe/n02439033_14148-1.png,2,1.000000
1895,pacs_data/pacs_data/sketch/giraffe/n02439033_14148-10.png,2,1.000000
1896,pacs_data/pacs_data/sketch/giraffe/n02439033_14148-2.png,2,1.000000
1897,pacs_data/pacs_data/sketch/giraffe/n02439033_14148-3.png,2,1.000000
1898,pacs_data/pacs_data/sketch/giraffe/n02439033_14148-4.png,2,1.000000
1899,pacs_data/pacs_data/sketch/giraffe/n02439033_14148-5.png,2,1.000000
1900,pacs_data/pacs_data/sketch/giraffe/n02439033_14148-6.png,2,1.000000
1901,pacs_data/pacs_data/sketch/giraffe/n02439033_14148-7.png,2,1.000000
1902,pacs_data/pacs_data/sketch/giraffe/n02439033_14148-8.png,2,1.000000
1903,pacs_data/pacs_data/sketch/giraffe/n02439033_14148-9.png,2,1.000000
1904,pacs_data/pacs_data/sketch/giraffe/n02439033_14184-1.png,2,1.000000
1905,pacs_data/pacs_data/sketch/giraffe/n02439033_14184-2.png,2,1.000000
1906,pacs_data/pacs_data/sketch/giraffe/n02439033_14184-3.png,2,1.000000
1907,pacs_data/pacs_data/sketch/giraffe/n02439033_14184-4.png,2,1.000000
1908,pacs_data/pacs_data/sketch/giraffe/n02439033_14184-5.png,2,1.000000
1909,pacs_data/pacs_data/sketch/giraffe/n02439033_14322-1.png,2,1.000000
1910,pacs_data/pacs_data/sketch/giraffe/n02439033_14322-2.png,2,1.000000
1911,pacs_data/pacs_data/sketch/giraffe/n02439033_14322-3.png,2,1.000000
1912,pacs_data/pacs_data/sketch/giraffe/n02439033_14322-4.png,2,1.000000
1913,pacs_data/pacs_data/sketch/giraffe/n02439033_14322-5.png,2,1.000000
1914,pacs_data/pacs_data/sketch/giraffe/n02439033_14497-1.png,2,1.000000
1915,pacs_data/pacs_data/sketch/giraffe/n02439033_14497-2.png,2,1.000000
1916,pacs_data/pacs_data/sketch/giraffe/n02439033_14497-3.png,2,1.000000
1917,pacs_data/pacs_data/sketch/giraffe/n02439033_14497-4.png,2,1.000000
1918,pacs_data/pacs_data/sketch/giraffe/n02439033_14497-5.png,2,1.000000
1919,pacs_data/pacs_data/sketch/giraffe/n02439033_14497-6.png,2,1.000000
1920,pacs_data/pacs_data/sketch/giraffe/n02439033_14554-1.png,2,1.000000
1921,pacs_data/pacs_data/sketch/giraffe/n02439033_14554-2.png,2,1.000000
1922,pacs_data/pacs_data/sketch/giraffe/n02439033_14554-3.png,2,1.000000
1923,pacs_data/pacs_data/sketch/giraffe/n02439033_14554-4.png,2,1.000000
1924,pacs_data/pacs_data/sketch/giraffe/n02439033_14554-5.png,2,1.000000
1925,pacs_data/pacs_data/sketch/giraffe/n02439033_14554-6.png,2,1.000000
1926,pacs_data/pacs_data/sketch/giraffe/n02439033_14554-7.png,2,1.000000
1927,pacs_data/pacs_data/sketch/giraffe/n02439033_14554-8.png,2,1.000000
1928,pacs_data/pacs_data/sketch/giraffe/n02439033_14554-9.png,2,1.000000
1929,pacs_data/pacs_data/sketch/giraffe/n02439033_14580-1.png,2,1.000000
1930,pacs_data/pacs_data/sketch/giraffe/n02439033_14580-10.png,2,1.000000
1931,pacs_data/pacs_data/sketch/giraffe/n02439033_14580-2.png,2,1.000000
1932,pacs_data/pacs_data/sketch/giraffe/n02439033_14580-3.png,2,1.000000
1933,pacs_data/pacs_data/sketch/giraffe/n02439033_14580-4.png,2,1.000000
1934,pacs_data/pacs_data/sketch/giraffe/n02439033_14580-5.png,2,1.000000
1935,pacs_data/pacs_data/sketch/giraffe/n02439033_14580-6.png,2,1.000000
1936,pacs_data/pacs_data/sketch/giraffe/n02439033_14580-7.png,2,1.000000
1937,pacs_data/pacs_data/sketch/giraffe/n02439033_14580-8.png,2,1.000000
1938,pacs_data/pacs_data/sketch/giraffe/n02439033_14580-9.png,2,1.000000
1939,pacs_data/pacs_data/sketch/giraffe/n02439033_14600-1.png,2,1.000000
1940,pacs_data/pacs_data/sketch/giraffe/n02439033_14600-2.png,2,1.000000
1941,pacs_data/pacs_data/sketch/giraffe/n02439033_14600-3.png,2,1.000000
1942,pacs_data/pacs_data/sketch/giraffe/n02439033_14600-4.png,2,1.000000
1943,pacs_data/pacs_data/sketch/giraffe/n02439033_14600-5.png,2,1.000000
1944,pacs_data/pacs_data/sketch/giraffe/n02439033_14600-6.png,2,1.000000
1945,pacs_data/pacs_data/sketch/giraffe/n02439033_14600-7.png,2,1.000000
1946,pacs_data/pacs_data/sketch/giraffe/n02439033_14600-8.png,2,1.000000
1947,pacs_data/pacs_data/sketch/giraffe/n02439033_14600-9.png,2,1.000000
1948,pacs_data/pacs_data/sketch/giraffe/n02439033_14609-1.png,2,1.000000
1949,pacs_data/pacs_data/sketch/giraffe/n02439033_14609-2.png,2,1.000000
1950,pacs_data/pacs_data/sketch/giraffe/n02439033_14609-3.png,2,1.000000
1951,pacs_data/pacs_data/sketch/giraffe/n02439033_14609-4.png,2,1.000000
1952,pacs_data/pacs_data/sketch/giraffe/n02439033_14609-5.png,2,1.000000
1953,pacs_data/pacs_data/sketch/giraffe/n02439033_14609-6.png,2,1.000000
1954,pacs_data/pacs_data/sketch/giraffe/n02439033_14724-1.png,2,1.000000
1955,pacs_data/pacs_data/sketch/giraffe/n02439033_14724-2.png,2,1.000000
1956,pacs_data/pacs_data/sketch/giraffe/n02439033_14724-3.png,2,1.000000
1957,pacs_data/pacs_data/sketch/giraffe/n02439033_14724-4.png,2,1.000000
1958,pacs_data/pacs_data/sketch/giraffe/n02439033_14724-5.png,2,1.000000
1959,pacs_data/pacs_data/sketch/giraffe/n02439033_14764-1.png,2,1.000000
1960,pacs_data/pacs_data/sketch/giraffe/n02439033_14764-2.png,2,1.000000
1961,pacs_data/pacs_data/sketch/giraffe/n02439033_14764-3.png,2,1.000000
1962,pacs_data/pacs_data/sketch/giraffe/n02439033_14764-4.png,2,1.000000
1963,pacs_data/pacs_data/sketch/giraffe/n02439033_14764-5.png,2,1.000000
1964,pacs_data/pacs_data/sketch/giraffe/n02439033_14781-1.png,2,1.000000
1965,pacs_data/pacs_data/sketch/giraffe/n02439033_14781-2.png,2,1.000000
1966,pacs_data/pacs_data/sketch/giraffe/n02439033_14781-3.png,2,1.000000
1967,pacs_data/pacs_data/sketch/giraffe/n02439033_14781-4.png,2,1.000000
1968,pacs_data/pacs_data/sketch/giraffe/n02439033_14781-5.png,2,1.000000
1969,pacs_data/pacs_data/sketch/giraffe/n02439033_14781-6.png,2,1.000000
1970,pacs_data/pacs_data/sketch/giraffe/n02439033_14781-7.png,2,1.000000
1971,pacs_data/pacs_data/sketch/giraffe/n02439033_14781-8.png,2,1.000000
1972,pacs_data/pacs_data/sketch/giraffe/n02439033_14784-1.png,2,1.000000
1973,pacs_data/pacs_data/sketch/giraffe/n02439033_14784-2.png,2,1.000000
1974,pacs_data/pacs_data/sketch/giraffe/n02439033_14784-3.png,2,1.000000
1975,pacs_data/pacs_data/sketch/giraffe/n02439033_14784-4.png,2,1.000000
1976,pacs_data/pacs_data/sketch/giraffe/n02439033_14784-5.png,2,1.000000
1977,pacs_data/pacs_data/sketch/giraffe/n02439033_14784-6.png,2,1.000000
1978,pacs_data/pacs_data/sketch/giraffe/n02439033_14846-1.png,2,1.000000
1979,pacs_data/pacs_data/sketch/giraffe/n02439033_14846-2.png,2,1.000000
1980,pacs_data/pacs_data/sketch/giraffe/n02439033_14846-3.png,2,1.000001
1981,pacs_data/pacs_data/sketch/giraffe/n02439033_14846-4.png,2,1.000000
1982,pacs_data/pacs_data/sketch/giraffe/n02439033_14846-5.png,2,1.000000
1983,pacs_data/pacs_data/sketch/giraffe/n02439033_14846-6.png,2,1.000000
1984,pacs_data/pacs_data/sketch/giraffe/n02439033_14846-7.png,2,1.000000
1985,pacs_data/pacs_data/sketch/giraffe/n02439033_14846-8.png,2,1.000000
1986,pacs_data/pacs_data/sketch/giraffe/n02439033_14872-1.png,2,1.000000
1987,pacs_data/pacs_data/sketch/giraffe/n02439033_14872-2.png,2,1.000000
1988,pacs_data/pacs_data/sketch/giraffe/n02439033_14872-3.png,2,1.000000
1989,pacs_data/pacs_data/sketch/giraffe/n02439033_14872-4.png,2,1.000000
1990,pacs_data/pacs_data/sketch/giraffe/n02439033_14872-5.png,2,1.000000
1991,pacs_data/pacs_data/sketch/giraffe/n02439033_14872-6.png,2,1.000000
1992,pacs_data/pacs_data/sketch/giraffe/n02439033_14885-1.png,2,1.000000
1993,pacs_data/pacs_data/sketch/giraffe/n02439033_14885-2.png,2,1.000000
1994,pacs_data/pacs_data/sketch/giraffe/n02439033_14885-3.png,2,1.000000
1995,pacs_data/pacs_data/sketch/giraffe/n02439033_14885-4.png,2,1.000000
1996,pacs_data/pacs_data/sketch/giraffe/n02439033_14885-5.png,2,1.000000
1997,pacs_data/pacs_data/sketch/giraffe/n02439033_14962-1.png,2,1.000000
1998,pacs_data/pacs_data/sketch/giraffe/n02439033_14962-2.png,2,1.000000
1999,pacs_data/pacs_data/sketch/giraffe/n02439033_14962-3.png,2,1.000000
2000,pacs_data/pacs_data/sketch/giraffe/n02439033_14962-4.png,2,1.000000
2001,pacs_data/pacs_data/sketch/giraffe/n02439033_14962-5.png,2,1.000000
2002,pacs_data/pacs_data/sketch/giraffe/n02439033_14962-6.png,2,1.000000
2003,pacs_data/pacs_data/sketch/giraffe/n02439033_14962-7.png,2,1.000000
2004,pacs_data/pacs_data/sketch/giraffe/n02439033_15005-1.png,2,1.000000
2005,pacs_data/pacs_data/sketch/giraffe/n02439033_15005-10.png,2,1.000000
2006,pacs_data/pacs_data/sketch/giraffe/n02439033_15005-2.png,2,1.000000
2007,pacs_data/pacs_data/sketch/giraffe/n02439033_15005-3.png,2,1.000000
2008,pacs_data/pacs_data/sketch/giraffe/n02439033_15005-4.png,2,1.000000
2009,pacs_data/pacs_data/sketch/giraffe/n02439033_15005-5.png,2,1.000000
2010,pacs_data/pacs_data/sketch/giraffe/n02439033_15005-6.png,2,1.000000
2011,pacs_data/pacs_data/sketch/giraffe/n02439033_15005-7.png,2,1.000000
2012,pacs_data/pacs_data/sketch/giraffe/n02439033_15005-8.png,2,1.000000
2013,pacs_data/pacs_data/sketch/giraffe/n02439033_15005-9.png,2,1.000000
2014,pacs_data/pacs_data/sketch/giraffe/n02439033_1508-1.png,2,1.000000
2015,pacs_data/pacs_data/sketch/giraffe/n02439033_1508-2.png,2,1.000000
2016,pacs_data/pacs_data/sketch/giraffe/n02439033_1508-3.png,2,1.000000
2017,pacs_data/pacs_data/sketch/giraffe/n02439033_1508-4.png,2,1.000000
2018,pacs_data/pacs_data/sketch/giraffe/n02439033_1508-5.png,2,1.000000
2019,pacs_data/pacs_data/sketch/giraffe/n02439033_1508-6.png,2,1.000001
2020,pacs_data/pacs_data/sketch/giraffe/n02439033_1508-7.png,2,1.000000
2021,pacs_data/pacs_data/sketch/giraffe/n02439033_1508-8.png,2,1.000000
2022,pacs_data/pacs_data/sketch/giraffe/n02439033_1508-9.png,2,1.000000
2023,pacs_data/pacs_data/sketch/giraffe/n02439033_15384-1.png,2,1.000000
2024,pacs_data/pacs_data/sketch/giraffe/n02439033_15384-2.png,2,1.000000
2025,pacs_data/pacs_data/sketch/giraffe/n02439033_15384-3.png,2,1.000000
2026,pacs_data/pacs_data/sketch/giraffe/n02439033_15384-4.png,2,1.000000
2027,pacs_data/pacs_data/sketch/giraffe/n02439033_15384-5.png,2,1.000000
2028,pacs_data/pacs_data/sketch/giraffe/n02439033_15401-1.png,2,1.000000
2029,pacs_data/pacs_data/sketch/giraffe/n02439033_15401-2.png,2,1.000000
2030,pacs_data/pacs_data/sketch/giraffe/n02439033_15401-3.png,2,1.000000
2031,pacs_data/pacs_data/sketch/giraffe/n02439033_15401-4.png,2,1.000000
2032,pacs_data/pacs_data/sketch/giraffe/n02439033_15401-5.png,2,1.000000
2033,pacs_data/pacs_data/sketch/giraffe/n02439033_15453-1.png,2,1.000000
2034,pacs_data/pacs_data/sketch/giraffe/n02439033_15453-2.png,2,1.000000
2035,pacs_data/pacs_data/sketch/giraffe/n02439033_15453-3.png,2,1.000000
2036,pacs_data/pacs_data/sketch/giraffe/n02439033_15453-4.png,2,1.000000
2037,pacs_data/pacs_data/sketch/giraffe/n02439033_15453-5.png,2,1.000000
2038,pacs_data/pacs_data/sketch/giraffe/n02439033_15453-6.png,2,1.000001
2039,pacs_data/pacs_data/sketch/giraffe/n02439033_15453-7.png,2,1.000000
2040,pacs_data/pacs_data/sketch/giraffe/n02439033_15453-8.png,2,1.000000
2041,pacs_data/pacs_data/sketch/giraffe/n02439033_15453-9.png,2,1.000000
2042,pacs_data/pacs_data/sketch/giraffe/n02439033_15479-1.png,2,1.000000
2043,pacs_data/pacs_data/sketch/giraffe/n02439033_15479-2.png,2,0.999999
2044,pacs_data/pacs_data/sketch/giraffe/n02439033_15479-3.png,2,1.000000
2045,pacs_data/pacs_data/sketch/giraffe/n02439033_15479-4.png,2,1.000000
2046,pacs_data/pacs_data/sketch/giraffe/n02439033_15479-5.png,2,1.000000
2047,pacs_data/pacs_data/sketch/giraffe/n02439033_15479-6.png,2,1.000000
2048,pacs_data/pacs_data/sketch/giraffe/n02439033_15479-7.png,2,1.000000
2049,pacs_data/pacs_data/sketch/giraffe/n02439033_15540-1.png,2,1.000000
2050,pacs_data/pacs_data/sketch/giraffe/n02439033_15540-2.png,2,1.000000
2051,pacs_data/pacs_data/sketch/giraffe/n02439033_15540-3.png,2,1.000000
2052,pacs_data/pacs_data/sketch/giraffe/n02439033_15540-4.png,2,1.000000
2053,pacs_data/pacs_data/sketch/giraffe/n02439033_15540-5.png,2,1.000000
2054,pacs_data/pacs_data/sketch/giraffe/n02439033_15540-6.png,2,1.000000
2055,pacs_data/pacs_data/sketch/giraffe/n02439033_15555-1.png,2,1.000000
2056,pacs_data/pacs_data/sketch/giraffe/n02439033_15555-2.png,2,1.000000
2057,pacs_data/pacs_data/sketch/giraffe/n02439033_15555-3.png,2,1.000000
2058,pacs_data/pacs_data/sketch/giraffe/n02439033_15555-4.png,2,1.000000
2059,pacs_data/pacs_data/sketch/giraffe/n02439033_15555-5.png,2,1.000000
2060,pacs_data/pacs_data/sketch/giraffe/n02439033_15936-1.png,2,1.000000
2061,pacs_data/pacs_data/sketch/giraffe/n02439033_15936-2.png,2,1.000000
2062,pacs_data/pacs_data/sketch/giraffe/n02439033_15936-3.png,2,1.000000
2063,pacs_data/pacs_data/sketch/giraffe/n02439033_15936-4.png,2,1.000000
2064,pacs_data/pacs_data/sketch/giraffe/n02439033_15936-5.png,2,1.000000
2065,pacs_data/pacs_data/sketch/giraffe/n02439033_15936-6.png,2,1.000000
2066,pacs_data/pacs_data/sketch/giraffe/n02439033_15936-7.png,2,1.000000
2067,pacs_data/pacs_data/sketch/giraffe/n02439033_16085-1.png,2,1.000000
2068,pacs_data/pacs_data/sketch/giraffe/n02439033_16085-2.png,2,1.000000
2069,pacs_data/pacs_data/sketch/giraffe/n02439033_16085-3.png,2,1.000000
2070,pacs_data/pacs_data/sketch/giraffe/n02439033_16085-4.png,2,1.000000
2071,pacs_data/pacs_data/sketch/giraffe/n02439033_16085-5.png,2,1.000000
2072,pacs_data/pacs_data/sketch/giraffe/n02439033_16356-1.png,2,1.000000
2073,pacs_data/pacs_data/sketch/giraffe/n02439033_16356-2.png,2,1.000000
2074,pacs_data/pacs_data/sketch/giraffe/n02439033_16356-3.png,2,1.000000
2075,pacs_data/pacs_data/sketch/giraffe/n02439033_16356-4.png,2,1.000000
2076,pacs_data/pacs_data/sketch/giraffe/n02439033_16356-5.png,2,1.000000
2077,pacs_data/pacs_data/sketch/giraffe/n02439033_16483-1.png,2,1.000000
2078,pacs_data/pacs_data/sketch/giraffe/n02439033_16483-2.png,2,1.000000
2079,pacs_data/pacs_data/sketch/giraffe/n02439033_16483-3.png,2,1.000000
2080,pacs_data/pacs_data/sketch/giraffe/n02439033_16483-4.png,2,1.000000
2081,pacs_data/pacs_data/sketch/giraffe/n02439033_16483-5.png,2,1.000000
2082,pacs_data/pacs_data/sketch/giraffe/n02439033_16483-6.png,2,1.000000
2083,pacs_data/pacs_data/sketch/giraffe/n02439033_221-1.png,2,1.000000
2084,pacs_data/pacs_data/sketch/giraffe/n02439033_221-2.png,2,1.000000
2085,pacs_data/pacs_data/sketch/giraffe/n02439033_221-3.png,2,1.000000
2086,pacs_data/pacs_data/sketch/giraffe/n02439033_221-4.png,2,1.000000
2087,pacs_data/pacs_data/sketch/giraffe/n02439033_221-5.png,2,1.000000
2088,pacs_data/pacs_data/sketch/giraffe/n02439033_221-6.png,2,1.000000
2089,pacs_data/pacs_data/sketch/giraffe/n02439033_2486-1.png,2,1.000000
2090,pacs_data/pacs_data/sketch/giraffe/n02439033_2486-2.png,2,0.999999
2091,pacs_data/pacs_data/sketch/giraffe/n02439033_2486-3.png,2,1.000000
2092,pacs_data/pacs_data/sketch/giraffe/n02439033_2486-4.png,2,1.000000
2093,pacs_data/pacs_data/sketch/giraffe/n02439033_2486-5.png,2,1.000000
2094,pacs_data/pacs_data/sketch/giraffe/n02439033_2486-6.png,2,1.000000
2095,pacs_data/pacs_data/sketch/giraffe/n02439033_2500-1.png,2,1.000000
2096,pacs_data/pacs_data/sketch/giraffe/n02439033_2500-2.png,2,1.000000
2097,pacs_data/pacs_data/sketch/giraffe/n02439033_2500-3.png,2,1.000000
2098,pacs_data/pacs_data/sketch/giraffe/n02439033_2500-4.png,2,1.000000
2099,pacs_data/pacs_data/sketch/giraffe/n02439033_2500-5.png,2,1.000000
2100,pacs_data/pacs_data/sketch/giraffe/n02439033_2500-6.png,2,1.000000
2101,pacs_data/pacs_data/sketch/giraffe/n02439033_2677-1.png,2,1.000000
2102,pacs_data/pacs_data/sketch/giraffe/n02439033_2677-2.png,2,1.000000
2103,pacs_data/pacs_data/sketch/giraffe/n02439033_2677-3.png,2,1.000000
2104,pacs_data/pacs_data/sketch/giraffe/n02439033_2677-4.png,2,1.000000
2105,pacs_data/pacs_data/sketch/giraffe/n02439033_2677-5.png,2,1.000000
2106,pacs_data/pacs_data/sketch/giraffe/n02439033_2677-6.png,2,1.000000
2107,pacs_data/pacs_data/sketch/giraffe/n02439033_2677-7.png,2,1.000000
2108,pacs_data/pacs_data/sketch/giraffe/n02439033_376-1.png,2,1.000000
2109,pacs_data/pacs_data/sketch/giraffe/n02439033_376-2.png,2,1.000000
2110,pacs_data/pacs_data/sketch/giraffe/n02439033_376-3.png,2,1.000000
2111,pacs_data/pacs_data/sketch/giraffe/n02439033_376-4.png,2,1.000000
2112,pacs_data/pacs_data/sketch/giraffe/n02439033_376-5.png,2,1.000000
2113,pacs_data/pacs_data/sketch/giraffe/n02439033_3944-1.png,2,1.000000
2114,pacs_data/pacs_data/sketch/giraffe/n02439033_3944-10.png,2,1.000000
2115,pacs_data/pacs_data/sketch/giraffe/n02439033_3944-2.png,2,1.000000
2116,pacs_data/pacs_data/sketch/giraffe/n02439033_3944-3.png,2,1.000000
2117,pacs_data/pacs_data/sketch/giraffe/n02439033_3944-4.png,2,1.000000
2118,pacs_data/pacs_data/sketch/giraffe/n02439033_3944-5.png,2,1.000000
2119,pacs_data/pacs_data/sketch/giraffe/n02439033_3944-6.png,2,1.000000
2120,pacs_data/pacs_data/sketch/giraffe/n02439033_3944-7.png,2,1.000000
2121,pacs_data/pacs_data/sketch/giraffe/n02439033_3944-8.png,2,1.000000
2122,pacs_data/pacs_data/sketch/giraffe/n02439033_3944-9.png,2,1.000000
2123,pacs_data/pacs_data/sketch/giraffe/n02439033_4601-1.png,2,1.000000
2124,pacs_data/pacs_data/sketch/giraffe/n02439033_4601-2.png,2,1.000000
2125,pacs_data/pacs_data/sketch/giraffe/n02439033_4601-3.png,2,1.000000
2126,pacs_data/pacs_data/sketch/giraffe/n02439033_4601-4.png,2,1.000000
2127,pacs_data/pacs_data/sketch/giraffe/n02439033_4601-5.png,2,1.000000
2128,pacs_data/pacs_data/sketch/giraffe/n02439033_5004-1.png,2,1.000000
2129,pacs_data/pacs_data/sketch/giraffe/n02439033_5004-2.png,2,1.000000
2130,pacs_data/pacs_data/sketch/giraffe/n02439033_5004-3.png,2,1.000000
2131,pacs_data/pacs_data/sketch/giraffe/n02439033_5004-4.png,2,1.000000
2132,pacs_data/pacs_data/sketch/giraffe/n02439033_5004-5.png,2,1.000000
2133,pacs_data/pacs_data/sketch/giraffe/n02439033_5004-6.png,2,1.000000
2134,pacs_data/pacs_data/sketch/giraffe/n02439033_5004-7.png,2,1.000000
2135,pacs_data/pacs_data/sketch/giraffe/n02439033_5004-8.png,2,1.000000
2136,pacs_data/pacs_data/sketch/giraffe/n02439033_5652-1.png,2,1.000000
2137,pacs_data/pacs_data/sketch/giraffe/n02439033_5652-2.png,2,1.000000
2138,pacs_data/pacs_data/sketch/giraffe/n02439033_5652-3.png,2,1.000000
2139,pacs_data/pacs_data/sketch/giraffe/n02439033_5652-4.png,2,1.000000
2140,pacs_data/pacs_data/sketch/giraffe/n02439033_5652-5.png,2,1.000000
2141,pacs_data/pacs_data/sketch/giraffe/n02439033_569-1.png,2,1.000000
2142,pacs_data/pacs_data/sketch/giraffe/n02439033_569-2.png,2,1.000000
2143,pacs_data/pacs_data/sketch/giraffe/n02439033_569-3.png,2,1.000000
2144,pacs_data/pacs_data/sketch/giraffe/n02439033_569-4.png,2,1.000000
2145,pacs_data/pacs_data/sketch/giraffe/n02439033_569-5.png,2,1.000000
2146,pacs_data/pacs_data/sketch/giraffe/n02439033_628-1.png,2,1.000000
2147,pacs_data/pacs_data/sketch/giraffe/n02439033_628-10.png,2,1.000000
2148,pacs_data/pacs_data/sketch/giraffe/n02439033_628-2.png,2,1.000000
2149,pacs_data/pacs_data/sketch/giraffe/n02439033_628-3.png,2,1.000000
2150,pacs_data/pacs_data/sketch/giraffe/n02439033_628-4.png,2,1.000000
2151,pacs_data/pacs_data/sketch/giraffe/n02439033_628-5.png,2,1.000000
2152,pacs_data/pacs_data/sketch/giraffe/n02439033_628-6.png,2,1.000000
2153,pacs_data/pacs_data/sketch/giraffe/n02439033_628-7.png,2,1.000000
2154,pacs_data/pacs_data/sketch/giraffe/n02439033_628-8.png,2,1.000000
2155,pacs_data/pacs_data/sketch/giraffe/n02439033_628-9.png,2,1.000000
2156,pacs_data/pacs_data/sketch/giraffe/n02439033_6552-1.png,2,1.000000
2157,pacs_data/pacs_data/sketch/giraffe/n02439033_6552-2.png,2,1.000000
2158,pacs_data/pacs_data/sketch/giraffe/n02439033_6552-3.png,2,1.000000
2159,pacs_data/pacs_data/sketch/giraffe/n02439033_6552-4.png,2,1.000000
2160,pacs_data/pacs_data/sketch/giraffe/n02439033_6552-5.png,2,1.000000
2161,pacs_data/pacs_data/sketch/giraffe/n02439033_67-1.png,2,1.000000
2162,pacs_data/pacs_data/sketch/giraffe/n02439033_67-2.png,2,1.000000
2163,pacs_data/pacs_data/sketch/giraffe/n02439033_67-3.png,2,1.000000
2164,pacs_data/pacs_data/sketch/giraffe/n02439033_67-4.png,2,1.000000
2165,pacs_data/pacs_data/sketch/giraffe/n02439033_67-5.png,2,1.000000
2166,pacs_data/pacs_data/sketch/giraffe/n02439033_67-6.png,2,1.000000
2167,pacs_data/pacs_data/sketch/giraffe/n02439033_67-7.png,2,1.000000
2168,pacs_data/pacs_data/sketch/giraffe/n02439033_866-1.png,2,1.000000
2169,pacs_data/pacs_data/sketch/giraffe/n02439033_866-2.png,2,1.000000
2170,pacs_data/pacs_data/sketch/giraffe/n02439033_866-3.png,2,1.000000
2171,pacs_data/pacs_data/sketch/giraffe/n02439033_866-4.png,2,1.000000
2172,pacs_data/pacs_data/sketch/giraffe/n02439033_866-5.png,2,1.000000
2173,pacs_data/pacs_data/sketch/giraffe/n02439033_866-6.png,2,1.000000
2174,pacs_data/pacs_data/sketch/giraffe/n02439033_8789-1.png,2,1.000000
2175,pacs_data/pacs_data/sketch/giraffe/n02439033_8789-2.png,2,1.000000
2176,pacs_data/pacs_data/sketch/giraffe/n02439033_8789-3.png,2,1.000000
2177,pacs_data/pacs_data/sketch/giraffe/n02439033_8789-4.png,2,1.000000
2178,pacs_data/pacs_data/sketch/giraffe/n02439033_8789-5.png,2,1.000000
2179,pacs_data/pacs_data/sketch/giraffe/n02439033_8846-1.png,2,1.000000
2180,pacs_data/pacs_data/sketch/giraffe/n02439033_8846-10.png,2,1.000000
2181,pacs_data/pacs_data/sketch/giraffe/n02439033_8846-11.png,2,1.000000
2182,pacs_data/pacs_data/sketch/giraffe/n02439033_8846-12.png,2,1.000000
2183,pacs_data/pacs_data/sketch/giraffe/n02439033_8846-13.png,2,1.000000
2184,pacs_data/pacs_data/sketch/giraffe/n02439033_8846-2.png,2,1.000000
2185,pacs_data/pacs_data/sketch/giraffe/n02439033_8846-3.png,2,1.000000
2186,pacs_data/pacs_data/sketch/giraffe/n02439033_8846-4.png,2,1.000000
2187,pacs_data/pacs_data/sketch/giraffe/n02439033_8846-5.png,2,1.000000
2188,pacs_data/pacs_data/sketch/giraffe/n02439033_8846-6.png,2,1.000000
2189,pacs_data/pacs_data/sketch/giraffe/n02439033_8846-7.png,2,1.000000
2190,pacs_data/pacs_data/sketch/giraffe/n02439033_8846-8.png,2,1.000000
2191,pacs_data/pacs_data/sketch/giraffe/n02439033_8846-9.png,2,1.000000
2192,pacs_data/pacs_data/sketch/giraffe/n02439033_8875-1.png,2,1.000000
2193,pacs_data/pacs_data/sketch/giraffe/n02439033_8875-2.png,2,1.000000
2194,pacs_data/pacs_data/sketch/giraffe/n02439033_8875-3.png,2,1.000000
2195,pacs_data/pacs_data/sketch/giraffe/n02439033_8875-4.png,2,1.000000
2196,pacs_data/pacs_data/sketch/giraffe/n02439033_8875-5.png,2,1.000000
2197,pacs_data/pacs_data/sketch/giraffe/n02439033_8875-6.png,2,1.000000
2198,pacs_data/pacs_data/sketch/giraffe/n02439033_8875-7.png,2,1.000000
2199,pacs_data/pacs_data/sketch/giraffe/n02439033_8875-8.png,2,1.000000
2200,pacs_data/pacs_data/sketch/giraffe/n02439033_9257-1.png,2,1.000000
2201,pacs_data/pacs_data/sketch/giraffe/n02439033_9257-2.png,2,1.000000
2202,pacs_data/pacs_data/sketch/giraffe/n02439033_9257-3.png,2,1.000000
2203,pacs_data/pacs_data/sketch/giraffe/n02439033_9257-4.png,2,1.000000
2204,pacs_data/pacs_data/sketch/giraffe/n02439033_9257-5.png,2,1.000000
2205,pacs_data/pacs_data/sketch/giraffe/n02439033_9257-6.png,2,1.000000
2206,pacs_data/pacs_data/sketch/giraffe/n02439033_9261-1.png,2,1.000000
2207,pacs_data/pacs_data/sketch/giraffe/n02439033_9261-2.png,2,1.000000
2208,pacs_data/pacs_data/sketch/giraffe/n02439033_9261-3.png,2,1.000000
2209,pacs_data/pacs_data/sketch/giraffe/n02439033_9261-4.png,2,1.000000
2210,pacs_data/pacs_data/sketch/giraffe/n02439033_9261-5.png,2,1.000000
2211,pacs_data/pacs_data/sketch/giraffe/n02439033_9398-1.png,2,1.000000
2212,pacs_data/pacs_data/sketch/giraffe/n02439033_9398-2.png,2,1.000000
2213,pacs_data/pacs_data/sketch/giraffe/n02439033_9398-3.png,2,1.000000
2214,pacs_data/pacs_data/sketch/giraffe/n02439033_9398-4.png,2,1.000000
2215,pacs_data/pacs_data/sketch/giraffe/n02439033_9398-5.png,2,1.000000
2216,pacs_data/pacs_data/sketch/giraffe/n02439033_9398-6.png,2,1.000000
2217,pacs_data/pacs_data/sketch/giraffe/n02439033_9472-1.png,2,1.000000
2218,pacs_data/pacs_data/sketch/giraffe/n02439033_9472-10.png,2,1.000000
2219,pacs_data/pacs_data/sketch/giraffe/n02439033_9472-2.png,2,1.000000
2220,pacs_data/pacs_data/sketch/giraffe/n02439033_9472-3.png,2,1.000000
2221,pacs_data/pacs_data/sketch/giraffe/n02439033_9472-4.png,2,1.000000
2222,pacs_data/pacs_data/sketch/giraffe/n02439033_9472-5.png,2,1.000000
2223,pacs_data/pacs_data/sketch/giraffe/n02439033_9472-6.png,2,1.000000
2224,pacs_data/pacs_data/sketch/giraffe/n02439033_9472-7.png,2,1.000000
2225,pacs_data/pacs_data/sketch/giraffe/n02439033_9472-8.png,2,1.000000
2226,pacs_data/pacs_data/sketch/giraffe/n02439033_9472-9.png,2,1.000000
2227,pacs_data/pacs_data/sketch/giraffe/n02439033_9598-1.png,2,1.000000
2228,pacs_data/pacs_data/sketch/giraffe/n02439033_9598-10.png,2,1.000000
2229,pacs_data/pacs_data/sketch/giraffe/n02439033_9598-2.png,2,1.000000
2230,pacs_data/pacs_data/sketch/giraffe/n02439033_9598-3.png,2,1.000000
2231,pacs_data/pacs_data/sketch/giraffe/n02439033_9598-4.png,2,1.000000
2232,pacs_data/pacs_data/sketch/giraffe/n02439033_9598-5.png,2,1.000000
2233,pacs_data/pacs_data/sketch/giraffe/n02439033_9598-6.png,2,1.000000
2234,pacs_data/pacs_data/sketch/giraffe/n02439033_9598-7.png,2,1.000000
2235,pacs_data/pacs_data/sketch/giraffe/n02439033_9598-8.png,2,1.000000
2236,pacs_data/pacs_data/sketch/giraffe/n02439033_9598-9.png,2,1.000000
2237,pacs_data/pacs_data/sketch/giraffe/n02439033_9604-1.png,2,1.000000
2238,pacs_data/pacs_data/sketch/giraffe/n02439033_9604-2.png,2,1.000000
2239,pacs_data/pacs_data/sketch/giraffe/n02439033_9604-3.png,2,1.000000
2240,pacs_data/pacs_data/sketch/giraffe/n02439033_9604-4.png,2,1.000000
2241,pacs_data/pacs_data/sketch/giraffe/n02439033_9604-5.png,2,1.000000
2242,pacs_data/pacs_data/sketch/giraffe/n02439033_9679-1.png,2,1.000000
2243,pacs_data/pacs_data/sketch/giraffe/n02439033_9679-2.png,2,1.000000
2244,pacs_data/pacs_data/sketch/giraffe/n02439033_9679-3.png,2,1.000000
2245,pacs_data/pacs_data/sketch/giraffe/n02439033_9679-4.png,2,1.000000
2246,pacs_data/pacs_data/sketch/giraffe/n02439033_9679-5.png,2,1.000000
2247,pacs_data/pacs_data/sketch/giraffe/n02439033_9719-1.png,2,1.000000
2248,pacs_data/pacs_data/sketch/giraffe/n02439033_9719-2.png,2,1.000000
2249,pacs_data/pacs_data/sketch/giraffe/n02439033_9719-3.png,2,1.000000
2250,pacs_data/pacs_data/sketch/giraffe/n02439033_9719-4.png,2,1.000000
2251,pacs_data/pacs_data/sketch/giraffe/n02439033_9719-5.png,2,1.000000
2252,pacs_data/pacs_data/sketch/giraffe/n02439033_9719-6.png,2,1.000000
2253,pacs_data/pacs_data/sketch/giraffe/n02439033_9719-7.png,2,1.000000
2254,pacs_data/pacs_data/sketch/giraffe/n02439033_9719-8.png,2,1.000000
2255,pacs_data/pacs_data/sketch/giraffe/n02439033_9719-9.png,2,1.000000
2256,pacs_data/pacs_data/sketch/giraffe/n02439033_991-1.png,2,1.000000
2257,pacs_data/pacs_data/sketch/giraffe/n02439033_991-2.png,2,1.000000
2258,pacs_data/pacs_data/sketch/giraffe/n02439033_991-3.png,2,1.000000
2259,pacs_data/pacs_data/sketch/giraffe/n02439033_991-4.png,2,1.000000
2260,pacs_data/pacs_data/sketch/giraffe/n02439033_991-5.png,2,1.000000
2261,pacs_data/pacs_data/sketch/giraffe/n02439033_991-6.png,2,1.000000
2262,pacs_data/pacs_data/sketch/giraffe/n02439033_991-7.png,2,1.000000
2263,pacs_data/pacs_data/sketch/giraffe/n02439033_991-8.png,2,1.000000
2264,pacs_data/pacs_data/sketch/giraffe/n02439033_991-9.png,2,1.000000
2265,pacs_data/pacs_data/sketch/guitar/7601.png,3,1.000000
2266,pacs_data/pacs_data/sketch/guitar/7602.png,3,1.000000
2267,pacs_data/pacs_data/sketch/guitar/7603.png,3,1.000000
2268,pacs_data/pacs_data/sketch/guitar/7604.png,3,1.000000
2269,pacs_data/pacs_data/sketch/guitar/7605.png,3,1.000000
2270,pacs_data/pacs_data/sketch/guitar/7606.png,3,1.000000
2271,pacs_data/pacs_data/sketch/guitar/7607.png,3,1.000000
2272,pacs_data/pacs_data/sketch/guitar/7608.png,3,1.000000
2273,pacs_data/pacs_data/sketch/guitar/7609.png,3,1.000000
2274,pacs_data/pacs_data/sketch/guitar/7610.png,3,1.000000
2275,pacs_data/pacs_data/sketch/guitar/7611.png,3,1.000000
2276,pacs_data/pacs_data/sketch/guitar/7612.png,3,1.000000
2277,pacs_data/pacs_data/sketch/guitar/7613.png,3,1.000000
2278,pacs_data/pacs_data/sketch/guitar/7614.png,3,1.000000
2279,pacs_data/pacs_data/sketch/guitar/7615.png,3,1.000000
2280,pacs_data/pacs_data/sketch/guitar/7616.png,3,1.000000
2281,pacs_data/pacs_data/sketch/guitar/7617.png,3,1.000000
2282,pacs_data/pacs_data/sketch/guitar/7618.png,3,1.000000
2283,pacs_data/pacs_data/sketch/guitar/7619.png,3,1.000000
2284,pacs_data/pacs_data/sketch/guitar/7620.png,3,1.000000
2285,pacs_data/pacs_data/sketch/guitar/7621.png,3,1.000000
2286,pacs_data/pacs_data/sketch/guitar/7622.png,3,1.000000
2287,pacs_data/pacs_data/sketch/guitar/7623.png,3,1.000000
2288,pacs_data/pacs_data/sketch/guitar/7624.png,3,1.000000
2289,pacs_data/pacs_data/sketch/guitar/7625.png,3,1.000000
2290,pacs_data/pacs_data/sketch/guitar/7626.png,3,1.000000
2291,pacs_data/pacs_data/sketch/guitar/7627.png,3,1.000000
2292,pacs_data/pacs_data/sketch/guitar/7628.png,3,1.000000
2293,pacs_data/pacs_data/sketch/guitar/7629.png,3,1.000000
2294,pacs_data/pacs_data/sketch/guitar/7630.png,3,1.000000
2295,pacs_data/pacs_data/sketch/guitar/7631.png,3,1.000000
2296,pacs_data/pacs_data/sketch/guitar/7632.png,3,1.000000
2297,pacs_data/pacs_data/sketch/guitar/7633.png,3,1.000000
2298,pacs_data/pacs_data/sketch/guitar/7634.png,3,1.000000
2299,pacs_data/pacs_data/sketch/guitar/7635.png,3,1.000000
2300,pacs_data/pacs_data/sketch/guitar/7636.png,3,1.000000
2301,pacs_data/pacs_data/sketch/guitar/7637.png,3,1.000000
2302,pacs_data/pacs_data/sketch/guitar/7638.png,3,1.000000
2303,pacs_data/pacs_data/sketch/guitar/7639.png,3,1.000000
2304,pacs_data/pacs_data/sketch/guitar/7640.png,3,1.000000
2305,pacs_data/pacs_data/sketch/guitar/7641.png,3,1.000000
2306,pacs_data/pacs_data/sketch/guitar/7642.png,3,1.000000
2307,pacs_data/pacs_data/sketch/guitar/7643.png,3,1.000000
2308,pacs_data/pacs_data/sketch/guitar/7644.png,3,1.000000
2309,pacs_data/pacs_data/sketch/guitar/7645.png,3,1.000000
2310,pacs_data/pacs_data/sketch/guitar/7646.png,3,1.000000
2311,pacs_data/pacs_data/sketch/guitar/7647.png,3,1.000000
2312,pacs_data/pacs_data/sketch/guitar/7648.png,3,1.000000
2313,pacs_data/pacs_data/sketch/guitar/7649.png,3,1.000000
2314,pacs_data/pacs_data/sketch/guitar/7650.png,3,1.000000
2315,pacs_data/pacs_data/sketch/guitar/7651.png,3,1.000000
2316,pacs_data/pacs_data/sketch/guitar/7652.png,3,1.000000
2317,pacs_data/pacs_data/sketch/guitar/7653.png,3,1.000000
2318,pacs_data/pacs_data/sketch/guitar/7654.png,3,1.000000
2319,pacs_data/pacs_data/sketch/guitar/7655.png,3,1.000000
2320,pacs_data/pacs_data/sketch/guitar/7656.png,3,1.000000
2321,pacs_data/pacs_data/sketch/guitar/7657.png,3,1.000000
2322,pacs_data/pacs_data/sketch/guitar/7658.png,3,1.000000
2323,pacs_data/pacs_data/sketch/guitar/7659.png,3,1.000000
2324,pacs_data/pacs_data/sketch/guitar/7660.png,3,1.000000
2325,pacs_data/pacs_data/sketch/guitar/7661.png,3,1.000000
2326,pacs_data/pacs_data/sketch/guitar/7662.png,3,1.000000
2327,pacs_data/pacs_data/sketch/guitar/7663.png,3,1.000000
2328,pacs_data/pacs_data/sketch/guitar/7664.png,3,1.000000
2329,pacs_data/pacs_data/sketch/guitar/7665.png,3,1.000000
2330,pacs_data/pacs_data/sketch/guitar/7666.png,3,1.000000
2331,pacs_data/pacs_data/sketch/guitar/7667.png,3,1.000000
2332,pacs_data/pacs_data/sketch/guitar/7668.png,3,1.000000
2333,pacs_data/pacs_data/sketch/guitar/7669.png,3,1.000000
2334,pacs_data/pacs_data/sketch/guitar/7670.png,3,1.000000
2335,pacs_data/pacs_data/sketch/guitar/7671.png,3,1.000000
2336,pacs_data/pacs_data/sketch/guitar/7672.png,3,1.000000
2337,pacs_data/pacs_data/sketch/guitar/7673.png,3,1.000000
2338,pacs_data/pacs_data/sketch/guitar/7674.png,3,1.000000
2339,pacs_data/pacs_data/sketch/guitar/7675.png,3,1.000000
2340,pacs_data/pacs_data/sketch/guitar/7676.png,3,1.000000
2341,pacs_data/pacs_data/sketch/guitar/7677.png,3,1.000000
2342,pacs_data/pacs_data/sketch/guitar/7678.png,3,1.000000
2343,pacs_data/pacs_data/sketch/guitar/7679.png,3,1.000000
2344,pacs_data/pacs_data/sketch/guitar/7680.png,3,1.000000
2345,pacs_data/pacs_data/sketch/guitar/n02676566_11377-1.png,3,1.000000
2346,pacs_data/pacs_data/sketch/guitar/n02676566_11377-2.png,3,1.000000
2347,pacs_data/pacs_data/sketch/guitar/n02676566_11377-3.png,3,1.000000
2348,pacs_data/pacs_data/sketch/guitar/n02676566_11377-4.png,3,1.000000
2349,pacs_data/pacs_data/sketch/guitar/n02676566_11377-5.png,3,1.000000
2350,pacs_data/pacs_data/sketch/guitar/n02676566_11573-1.png,3,1.000000
2351,pacs_data/pacs_data/sketch/guitar/n02676566_11573-2.png,3,1.000000
2352,pacs_data/pacs_data/sketch/guitar/n02676566_11573-3.png,3,1.000000
2353,pacs_data/pacs_data/sketch/guitar/n02676566_11573-4.png,3,1.000000
2354,pacs_data/pacs_data/sketch/guitar/n02676566_11573-5.png,3,1.000000
2355,pacs_data/pacs_data/sketch/guitar/n02676566_12344-1.png,3,1.000000
2356,pacs_data/pacs_data/sketch/guitar/n02676566_12344-2.png,3,1.000000
2357,pacs_data/pacs_data/sketch/guitar/n02676566_12344-3.png,3,1.000000
2358,pacs_data/pacs_data/sketch/guitar/n02676566_12344-4.png,3,1.000000
2359,pacs_data/pacs_data/sketch/guitar/n02676566_12344-5.png,3,1.000000
2360,pacs_data/pacs_data/sketch/guitar/n02676566_1324-1.png,3,1.000000
2361,pacs_data/pacs_data/sketch/guitar/n02676566_1324-2.png,3,1.000000
2362,pacs_data/pacs_data/sketch/guitar/n02676566_1324-3.png,3,1.000000
2363,pacs_data/pacs_data/sketch/guitar/n02676566_1324-4.png,3,1.000000
2364,pacs_data/pacs_data/sketch/guitar/n02676566_1324-5.png,3,1.000000
2365,pacs_data/pacs_data/sketch/guitar/n02676566_2380-1.png,3,1.000000
2366,pacs_data/pacs_data/sketch/guitar/n02676566_2380-2.png,3,1.000000
2367,pacs_data/pacs_data/sketch/guitar/n02676566_2380-3.png,3,1.000000
2368,pacs_data/pacs_data/sketch/guitar/n02676566_2380-4.png,3,1.000000
2369,pacs_data/pacs_data/sketch/guitar/n02676566_2380-5.png,3,1.000000
2370,pacs_data/pacs_data/sketch/guitar/n02676566_2866-1.png,3,1.000000
2371,pacs_data/pacs_data/sketch/guitar/n02676566_2866-2.png,3,1.000000
2372,pacs_data/pacs_data/sketch/guitar/n02676566_2866-3.png,3,1.000000
2373,pacs_data/pacs_data/sketch/guitar/n02676566_2866-4.png,3,1.000000
2374,pacs_data/pacs_data/sketch/guitar/n02676566_2866-5.png,3,1.000000
2375,pacs_data/pacs_data/sketch/guitar/n02676566_307-1.png,3,1.000000
2376,pacs_data/pacs_data/sketch/guitar/n02676566_307-2.png,3,1.000000
2377,pacs_data/pacs_data/sketch/guitar/n02676566_307-3.png,3,1.000000
2378,pacs_data/pacs_data/sketch/guitar/n02676566_307-4.png,3,1.000000
2379,pacs_data/pacs_data/sketch/guitar/n02676566_307-5.png,3,1.000000
2380,pacs_data/pacs_data/sketch/guitar/n02676566_330-1.png,3,1.000000
2381,pacs_data/pacs_data/sketch/guitar/n02676566_330-2.png,3,1.000000
2382,pacs_data/pacs_data/sketch/guitar/n02676566_330-3.png,3,1.000000
2383,pacs_data/pacs_data/sketch/guitar/n02676566_330-4.png,3,1.000000
2384,pacs_data/pacs_data/sketch/guitar/n02676566_330-5.png,3,1.000000
2385,pacs_data/pacs_data/sketch/guitar/n02676566_330-6.png,3,1.000000
2386,pacs_data/pacs_data/sketch/guitar/n02676566_3360-1.png,3,1.000000
2387,pacs_data/pacs_data/sketch/guitar/n02676566_3360-2.png,3,1.000000
2388,pacs_data/pacs_data/sketch/guitar/n02676566_3360-3.png,3,1.000000
2389,pacs_data/pacs_data/sketch/guitar/n02676566_3360-4.png,3,1.000000
2390,pacs_data/pacs_data/sketch/guitar/n02676566_3360-5.png,3,1.000000
2391,pacs_data/pacs_data/sketch/guitar/n02676566_3360-6.png,3,1.000000
2392,pacs_data/pacs_data/sketch/guitar/n02676566_4058-1.png,3,1.000000
2393,pacs_data/pacs_data/sketch/guitar/n02676566_4058-2.png,3,1.000000
2394,pacs_data/pacs_data/sketch/guitar/n02676566_4058-3.png,3,1.000000
2395,pacs_data/pacs_data/sketch/guitar/n02676566_4058-4.png,3,1.000000
2396,pacs_data/pacs_data/sketch/guitar/n02676566_4058-5.png,3,1.000000
2397,pacs_data/pacs_data/sketch/guitar/n02676566_4058-6.png,3,1.000000
2398,pacs_data/pacs_data/sketch/guitar/n02676566_4189-1.png,3,1.000000
2399,pacs_data/pacs_data/sketch/guitar/n02676566_4189-2.png,3,1.000000
2400,pacs_data/pacs_data/sketch/guitar/n02676566_4189-3.png,3,1.000000
2401,pacs_data/pacs_data/sketch/guitar/n02676566_4189-4.png,3,1.000000
2402,pacs_data/pacs_data/sketch/guitar/n02676566_4189-5.png,3,1.000000
2403,pacs_data/pacs_data/sketch/guitar/n02676566_4469-1.png,3,1.000000
2404,pacs_data/pacs_data/sketch/guitar/n02676566_4469-2.png,3,1.000000
2405,pacs_data/pacs_data/sketch/guitar/n02676566_4469-3.png,3,1.000000
2406,pacs_data/pacs_data/sketch/guitar/n02676566_4469-4.png,3,1.000000
2407,pacs_data/pacs_data/sketch/guitar/n02676566_4469-5.png,3,1.000000
2408,pacs_data/pacs_data/sketch/guitar/n02676566_4605-1.png,3,1.000000
2409,pacs_data/pacs_data/sketch/guitar/n02676566_4605-2.png,3,1.000000
2410,pacs_data/pacs_data/sketch/guitar/n02676566_4605-3.png,3,1.000000
2411,pacs_data/pacs_data/sketch/guitar/n02676566_4605-4.png,3,1.000000
2412,pacs_data/pacs_data/sketch/guitar/n02676566_4605-5.png,3,1.000000
2413,pacs_data/pacs_data/sketch/guitar/n02676566_4605-6.png,3,1.000000
2414,pacs_data/pacs_data/sketch/guitar/n02676566_4699-1.png,3,1.000000
2415,pacs_data/pacs_data/sketch/guitar/n02676566_4699-2.png,3,1.000000
2416,pacs_data/pacs_data/sketch/guitar/n02676566_4699-3.png,3,1.000000
2417,pacs_data/pacs_data/sketch/guitar/n02676566_4699-4.png,3,1.000000
2418,pacs_data/pacs_data/sketch/guitar/n02676566_4699-5.png,3,1.000000
2419,pacs_data/pacs_data/sketch/guitar/n02676566_5134-1.png,3,1.000000
2420,pacs_data/pacs_data/sketch/guitar/n02676566_5134-2.png,3,1.000000
2421,pacs_data/pacs_data/sketch/guitar/n02676566_5134-3.png,3,1.000000
2422,pacs_data/pacs_data/sketch/guitar/n02676566_5134-4.png,3,1.000000
2423,pacs_data/pacs_data/sketch/guitar/n02676566_5134-5.png,3,1.000000
2424,pacs_data/pacs_data/sketch/guitar/n02676566_5489-1.png,3,1.000000
2425,pacs_data/pacs_data/sketch/guitar/n02676566_5489-2.png,3,1.000000
2426,pacs_data/pacs_data/sketch/guitar/n02676566_5489-3.png,3,1.000000
2427,pacs_data/pacs_data/sketch/guitar/n02676566_5489-4.png,3,1.000000
2428,pacs_data/pacs_data/sketch/guitar/n02676566_5489-5.png,3,1.000000
2429,pacs_data/pacs_data/sketch/guitar/n02676566_5489-6.png,3,1.000000
2430,pacs_data/pacs_data/sketch/guitar/n02676566_5489-7.png,3,1.000000
2431,pacs_data/pacs_data/sketch/guitar/n02676566_5735-1.png,3,1.000000
2432,pacs_data/pacs_data/sketch/guitar/n02676566_5735-2.png,3,1.000000
2433,pacs_data/pacs_data/sketch/guitar/n02676566_5735-3.png,3,1.000000
2434,pacs_data/pacs_data/sketch/guitar/n02676566_5735-4.png,3,1.000000
2435,pacs_data/pacs_data/sketch/guitar/n02676566_5735-5.png,3,1.000000
2436,pacs_data/pacs_data/sketch/guitar/n02676566_6150-1.png,3,1.000000
2437,pacs_data/pacs_data/sketch/guitar/n02676566_6150-2.png,3,1.000000
2438,pacs_data/pacs_data/sketch/guitar/n02676566_6150-3.png,3,1.000000
2439,pacs_data/pacs_data/sketch/guitar/n02676566_6150-4.png,3,1.000000
2440,pacs_data/pacs_data/sketch/guitar/n02676566_6150-5.png,3,1.000000
2441,pacs_data/pacs_data/sketch/guitar/n02676566_6402-1.png,3,1.000000
2442,pacs_data/pacs_data/sketch/guitar/n02676566_6402-2.png,3,1.000000
2443,pacs_data/pacs_data/sketch/guitar/n02676566_6402-3.png,3,1.000000
2444,pacs_data/pacs_data/sketch/guitar/n02676566_6402-4.png,3,1.000000
2445,pacs_data/pacs_data/sketch/guitar/n02676566_6402-5.png,3,1.000000
2446,pacs_data/pacs_data/sketch/guitar/n02676566_6430-1.png,3,1.000000
2447,pacs_data/pacs_data/sketch/guitar/n02676566_6430-2.png,3,1.000000
2448,pacs_data/pacs_data/sketch/guitar/n02676566_6430-3.png,3,1.000000
2449,pacs_data/pacs_data/sketch/guitar/n02676566_6430-4.png,3,1.000000
2450,pacs_data/pacs_data/sketch/guitar/n02676566_6430-5.png,3,1.000000
2451,pacs_data/pacs_data/sketch/guitar/n02676566_6560-1.png,3,1.000000
2452,pacs_data/pacs_data/sketch/guitar/n02676566_6560-2.png,3,1.000000
2453,pacs_data/pacs_data/sketch/guitar/n02676566_6560-3.png,3,1.000000
2454,pacs_data/pacs_data/sketch/guitar/n02676566_6560-4.png,3,1.000000
2455,pacs_data/pacs_data/sketch/guitar/n02676566_6560-5.png,3,1.000000
2456,pacs_data/pacs_data/sketch/guitar/n02676566_659-1.png,3,1.000000
2457,pacs_data/pacs_data/sketch/guitar/n02676566_659-2.png,3,1.000000
2458,pacs_data/pacs_data/sketch/guitar/n02676566_659-3.png,3,1.000000
2459,pacs_data/pacs_data/sketch/guitar/n02676566_659-4.png,3,1.000000
2460,pacs_data/pacs_data/sketch/guitar/n02676566_659-5.png,3,1.000000
2461,pacs_data/pacs_data/sketch/guitar/n02676566_6631-1.png,3,1.000000
2462,pacs_data/pacs_data/sketch/guitar/n02676566_6631-2.png,3,1.000000
2463,pacs_data/pacs_data/sketch/guitar/n02676566_6631-3.png,3,1.000000
2464,pacs_data/pacs_data/sketch/guitar/n02676566_6631-4.png,3,1.000000
2465,pacs_data/pacs_data/sketch/guitar/n02676566_6631-5.png,3,1.000000
2466,pacs_data/pacs_data/sketch/guitar/n02676566_6704-1.png,3,1.000000
2467,pacs_data/pacs_data/sketch/guitar/n02676566_6704-2.png,3,1.000000
2468,pacs_data/pacs_data/sketch/guitar/n02676566_6704-3.png,3,1.000000
2469,pacs_data/pacs_data/sketch/guitar/n02676566_6704-4.png,3,1.000000
2470,pacs_data/pacs_data/sketch/guitar/n02676566_6704-5.png,3,1.000000
2471,pacs_data/pacs_data/sketch/guitar/n02676566_6864-1.png,3,1.000000
2472,pacs_data/pacs_data/sketch/guitar/n02676566_6864-2.png,3,1.000000
2473,pacs_data/pacs_data/sketch/guitar/n02676566_6864-3.png,3,1.000000
2474,pacs_data/pacs_data/sketch/guitar/n02676566_6864-4.png,3,1.000000
2475,pacs_data/pacs_data/sketch/guitar/n02676566_6864-5.png,3,1.000000
2476,pacs_data/pacs_data/sketch/guitar/n02676566_6914-1.png,3,1.000000
2477,pacs_data/pacs_data/sketch/guitar/n02676566_6914-2.png,3,1.000000
2478,pacs_data/pacs_data/sketch/guitar/n02676566_6914-3.png,3,1.000000
2479,pacs_data/pacs_data/sketch/guitar/n02676566_6914-4.png,3,1.000000
2480,pacs_data/pacs_data/sketch/guitar/n02676566_6914-5.png,3,1.000000
2481,pacs_data/pacs_data/sketch/guitar/n02676566_6948-1.png,3,1.000000
2482,pacs_data/pacs_data/sketch/guitar/n02676566_6948-2.png,3,1.000000
2483,pacs_data/pacs_data/sketch/guitar/n02676566_6948-3.png,3,1.000000
2484,pacs_data/pacs_data/sketch/guitar/n02676566_6948-4.png,3,0.999999
2485,pacs_data/pacs_data/sketch/guitar/n02676566_6948-5.png,3,1.000000
2486,pacs_data/pacs_data/sketch/guitar/n02676566_6980-1.png,3,1.000000
2487,pacs_data/pacs_data/sketch/guitar/n02676566_6980-2.png,3,1.000000
2488,pacs_data/pacs_data/sketch/guitar/n02676566_6980-3.png,3,1.000000
2489,pacs_data/pacs_data/sketch/guitar/n02676566_6980-4.png,3,1.000000
2490,pacs_data/pacs_data/sketch/guitar/n02676566_6980-5.png,3,1.000000
2491,pacs_data/pacs_data/sketch/guitar/n02676566_7385-1.png,3,1.000000
2492,pacs_data/pacs_data/sketch/guitar/n02676566_7385-2.png,3,1.000000
2493,pacs_data/pacs_data/sketch/guitar/n02676566_7385-3.png,3,1.000000
2494,pacs_data/pacs_data/sketch/guitar/n02676566_7385-4.png,3,1.000000
2495,pacs_data/pacs_data/sketch/guitar/n02676566_7385-5.png,3,1.000000
2496,pacs_data/pacs_data/sketch/guitar/n02676566_7385-6.png,3,1.000000
2497,pacs_data/pacs_data/sketch/guitar/n02676566_7770-1.png,3,1.000000
2498,pacs_data/pacs_data/sketch/guitar/n02676566_7770-2.png,3,1.000000
2499,pacs_data/pacs_data/sketch/guitar/n02676566_7770-3.png,3,1.000000
2500,pacs_data/pacs_data/sketch/guitar/n02676566_7770-4.png,3,1.000000
2501,pacs_data/pacs_data/sketch/guitar/n02676566_7770-5.png,3,1.000000
2502,pacs_data/pacs_data/sketch/guitar/n02676566_7830-1.png,3,1.000000
2503,pacs_data/pacs_data/sketch/guitar/n02676566_7830-2.png,3,1.000000
2504,pacs_data/pacs_data/sketch/guitar/n02676566_7830-3.png,3,1.000000
2505,pacs_data/pacs_data/sketch/guitar/n02676566_7830-4.png,3,1.000000
2506,pacs_data/pacs_data/sketch/guitar/n02676566_7830-5.png,3,1.000000
2507,pacs_data/pacs_data/sketch/guitar/n02676566_7844-1.png,3,1.000000
2508,pacs_data/pacs_data/sketch/guitar/n02676566_7844-2.png,3,1.000000
2509,pacs_data/pacs_data/sketch/guitar/n02676566_7844-3.png,3,1.000000
2510,pacs_data/pacs_data/sketch/guitar/n02676566_7844-4.png,3,1.000000
2511,pacs_data/pacs_data/sketch/guitar/n02676566_7844-5.png,3,1.000000
2512,pacs_data/pacs_data/sketch/guitar/n02676566_7927-1.png,3,1.000000
2513,pacs_data/pacs_data/sketch/guitar/n02676566_7927-2.png,3,1.000000
2514,pacs_data/pacs_data/sketch/guitar/n02676566_7927-3.png,3,1.000000
2515,pacs_data/pacs_data/sketch/guitar/n02676566_7927-4.png,3,1.000000
2516,pacs_data/pacs_data/sketch/guitar/n02676566_7927-5.png,3,1.000000
2517,pacs_data/pacs_data/sketch/guitar/n02676566_7927-6.png,3,1.000000
2518,pacs_data/pacs_data/sketch/guitar/n02676566_8268-1.png,3,1.000000
2519,pacs_data/pacs_data/sketch/guitar/n02676566_8268-2.png,3,1.000000
2520,pacs_data/pacs_data/sketch/guitar/n02676566_8268-3.png,3,1.000000
2521,pacs_data/pacs_data/sketch/guitar/n02676566_8268-4.png,3,1.000000
2522,pacs_data/pacs_data/sketch/guitar/n02676566_8268-5.png,3,1.000000
2523,pacs_data/pacs_data/sketch/guitar/n02676566_8309-1.png,3,1.000000
2524,pacs_data/pacs_data/sketch/guitar/n02676566_8309-2.png,3,1.000000
2525,pacs_data/pacs_data/sketch/guitar/n02676566_8309-3.png,3,1.000000
2526,pacs_data/pacs_data/sketch/guitar/n02676566_8309-4.png,3,1.000000
2527,pacs_data/pacs_data/sketch/guitar/n02676566_8309-5.png,3,1.000000
2528,pacs_data/pacs_data/sketch/guitar/n02676566_8467-1.png,3,1.000000
2529,pacs_data/pacs_data/sketch/guitar/n02676566_8467-2.png,3,1.000000
2530,pacs_data/pacs_data/sketch/guitar/n02676566_8467-3.png,3,1.000000
2531,pacs_data/pacs_data/sketch/guitar/n02676566_8467-4.png,3,1.000000
2532,pacs_data/pacs_data/sketch/guitar/n02676566_8467-5.png,3,1.000000
2533,pacs_data/pacs_data/sketch/guitar/n02676566_8618-1.png,3,1.000000
2534,pacs_data/pacs_data/sketch/guitar/n02676566_8618-2.png,3,1.000000
2535,pacs_data/pacs_data/sketch/guitar/n02676566_8618-3.png,3,1.000000
2536,pacs_data/pacs_data/sketch/guitar/n02676566_8618-4.png,3,1.000000
2537,pacs_data/pacs_data/sketch/guitar/n02676566_8618-5.png,3,1.000000
2538,pacs_data/pacs_data/sketch/guitar/n02676566_8618-6.png,3,1.000000
2539,pacs_data/pacs_data/sketch/guitar/n02676566_8820-1.png,3,1.000000
2540,pacs_data/pacs_data/sketch/guitar/n02676566_8820-2.png,3,1.000000
2541,pacs_data/pacs_data/sketch/guitar/n02676566_8820-3.png,3,1.000000
2542,pacs_data/pacs_data/sketch/guitar/n02676566_8820-4.png,3,1.000000
2543,pacs_data/pacs_data/sketch/guitar/n02676566_8820-5.png,3,1.000000
2544,pacs_data/pacs_data/sketch/guitar/n02676566_8859-1.png,3,1.000000
2545,pacs_data/pacs_data/sketch/guitar/n02676566_8859-2.png,3,1.000000
2546,pacs_data/pacs_data/sketch/guitar/n02676566_8859-3.png,3,1.000000
2547,pacs_data/pacs_data/sketch/guitar/n02676566_8859-4.png,3,1.000000
2548,pacs_data/pacs_data/sketch/guitar/n02676566_8859-5.png,3,1.000000
2549,pacs_data/pacs_data/sketch/guitar/n02676566_8859-6.png,3,1.000000
2550,pacs_data/pacs_data/sketch/guitar/n02676566_8997-1.png,3,1.000000
2551,pacs_data/pacs_data/sketch/guitar/n02676566_8997-2.png,3,1.000000
2552,pacs_data/pacs_data/sketch/guitar/n02676566_8997-3.png,3,1.000000
2553,pacs_data/pacs_data/sketch/guitar/n02676566_8997-4.png,3,1.000000
2554,pacs_data/pacs_data/sketch/guitar/n02676566_8997-5.png,3,1.000000
2555,pacs_data/pacs_data/sketch/guitar/n02676566_9062-1.png,3,1.000000
2556,pacs_data/pacs_data/sketch/guitar/n02676566_9062-2.png,3,1.000000
2557,pacs_data/pacs_data/sketch/guitar/n02676566_9062-3.png,3,1.000000
2558,pacs_data/pacs_data/sketch/guitar/n02676566_9062-4.png,3,1.000000
2559,pacs_data/pacs_data/sketch/guitar/n02676566_9062-5.png,3,1.000000
2560,pacs_data/pacs_data/sketch/guitar/n02676566_9243-1.png,3,1.000000
2561,pacs_data/pacs_data/sketch/guitar/n02676566_9243-2.png,3,1.000000
2562,pacs_data/pacs_data/sketch/guitar/n02676566_9243-3.png,3,1.000000
2563,pacs_data/pacs_data/sketch/guitar/n02676566_9243-4.png,3,1.000000
2564,pacs_data/pacs_data/sketch/guitar/n02676566_9243-5.png,3,1.000000
2565,pacs_data/pacs_data/sketch/guitar/n02676566_9243-6.png,3,1.000000
2566,pacs_data/pacs_data/sketch/guitar/n02676566_9254-1.png,3,1.000000
2567,pacs_data/pacs_data/sketch/guitar/n02676566_9254-2.png,3,1.000000
2568,pacs_data/pacs_data/sketch/guitar/n02676566_9254-3.png,3,1.000000
2569,pacs_data/pacs_data/sketch/guitar/n02676566_9254-4.png,3,1.000000
2570,pacs_data/pacs_data/sketch/guitar/n02676566_9254-5.png,3,1.000000
2571,pacs_data/pacs_data/sketch/guitar/n02676566_9451-1.png,3,1.000000
2572,pacs_data/pacs_data/sketch/guitar/n02676566_9451-2.png,3,1.000000
2573,pacs_data/pacs_data/sketch/guitar/n02676566_9451-3.png,3,1.000000
2574,pacs_data/pacs_data/sketch/guitar/n02676566_9451-4.png,3,1.000000
2575,pacs_data/pacs_data/sketch/guitar/n02676566_9451-5.png,3,1.000000
2576,pacs_data/pacs_data/sketch/guitar/n02676566_9577-1.png,3,1.000000
2577,pacs_data/pacs_data/sketch/guitar/n02676566_9577-2.png,3,1.000000
2578,pacs_data/pacs_data/sketch/guitar/n02676566_9577-3.png,3,1.000000
2579,pacs_data/pacs_data/sketch/guitar/n02676566_9577-4.png,3,1.000000
2580,pacs_data/pacs_data/sketch/guitar/n02676566_9577-5.png,3,1.000000
2581,pacs_data/pacs_data/sketch/guitar/n02676566_9577-6.png,3,1.000000
2582,pacs_data/pacs_data/sketch/guitar/n02676566_9612-1.png,3,1.000000
2583,pacs_data/pacs_data/sketch/guitar/n02676566_9612-2.png,3,1.000000
2584,pacs_data/pacs_data/sketch/guitar/n02676566_9612-3.png,3,1.000000
2585,pacs_data/pacs_data/sketch/guitar/n02676566_9612-4.png,3,1.000000
2586,pacs_data/pacs_data/sketch/guitar/n02676566_9612-5.png,3,1.000000
2587,pacs_data/pacs_data/sketch/guitar/n02676566_9661-1.png,3,1.000000
2588,pacs_data/pacs_data/sketch/guitar/n02676566_9661-2.png,3,1.000000
2589,pacs_data/pacs_data/sketch/guitar/n02676566_9661-3.png,3,1.000001
2590,pacs_data/pacs_data/sketch/guitar/n02676566_9661-4.png,3,1.000000
2591,pacs_data/pacs_data/sketch/guitar/n02676566_9661-5.png,3,1.000000
2592,pacs_data/pacs_data/sketch/guitar/n02676566_9661-6.png,3,1.000000
2593,pacs_data/pacs_data/sketch/guitar/n02676566_970-1.png,3,1.000000
2594,pacs_data/pacs_data/sketch/guitar/n02676566_970-2.png,3,1.000000
2595,pacs_data/pacs_data/sketch/guitar/n02676566_970-3.png,3,1.000000
2596,pacs_data/pacs_data/sketch/guitar/n02676566_970-4.png,3,1.000000
2597,pacs_data/pacs_data/sketch/guitar/n02676566_970-5.png,3,1.000000
2598,pacs_data/pacs_data/sketch/guitar/n02676566_970-6.png,3,1.000000
2599,pacs_data/pacs_data/sketch/guitar/n02676566_9936-1.png,3,1.000000
2600,pacs_data/pacs_data/sketch/guitar/n02676566_9936-2.png,3,1.000000
2601,pacs_data/pacs_data/sketch/guitar/n02676566_9936-3.png,3,1.000000
2602,pacs_data/pacs_data/sketch/guitar/n02676566_9936-4.png,3,1.000000
2603,pacs_data/pacs_data/sketch/guitar/n02676566_9936-5.png,3,1.000000
2604,pacs_data/pacs_data/sketch/guitar/n03272010_10441-1.png,3,1.000000
2605,pacs_data/pacs_data/sketch/guitar/n03272010_10441-2.png,3,1.000000
2606,pacs_data/pacs_data/sketch/guitar/n03272010_10441-3.png,3,1.000000
2607,pacs_data/pacs_data/sketch/guitar/n03272010_10441-4.png,3,1.000000
2608,pacs_data/pacs_data/sketch/guitar/n03272010_10441-5.png,3,1.000000
2609,pacs_data/pacs_data/sketch/guitar/n03272010_10795-1.png,3,1.000000
2610,pacs_data/pacs_data/sketch/guitar/n03272010_10795-2.png,3,1.000000
2611,pacs_data/pacs_data/sketch/guitar/n03272010_10795-3.png,3,1.000000
2612,pacs_data/pacs_data/sketch/guitar/n03272010_10795-4.png,3,1.000000
2613,pacs_data/pacs_data/sketch/guitar/n03272010_10795-5.png,3,1.000000
2614,pacs_data/pacs_data/sketch/guitar/n03272010_11646-1.png,3,1.000000
2615,pacs_data/pacs_data/sketch/guitar/n03272010_11646-2.png,3,1.000000
2616,pacs_data/pacs_data/sketch/guitar/n03272010_11646-3.png,3,1.000000
2617,pacs_data/pacs_data/sketch/guitar/n03272010_11646-4.png,3,1.000000
2618,pacs_data/pacs_data/sketch/guitar/n03272010_11646-5.png,3,1.000000
2619,pacs_data/pacs_data/sketch/guitar/n03272010_12151-1.png,3,1.000000
2620,pacs_data/pacs_data/sketch/guitar/n03272010_12151-2.png,3,1.000000
2621,pacs_data/pacs_data/sketch/guitar/n03272010_12151-3.png,3,1.000000
2622,pacs_data/pacs_data/sketch/guitar/n03272010_12151-4.png,3,1.000000
2623,pacs_data/pacs_data/sketch/guitar/n03272010_12151-5.png,3,1.000000
2624,pacs_data/pacs_data/sketch/guitar/n03272010_12468-1.png,3,1.000000
2625,pacs_data/pacs_data/sketch/guitar/n03272010_12468-2.png,3,1.000000
2626,pacs_data/pacs_data/sketch/guitar/n03272010_12468-3.png,3,1.000000
2627,pacs_data/pacs_data/sketch/guitar/n03272010_12468-4.png,3,1.000000
2628,pacs_data/pacs_data/sketch/guitar/n03272010_12468-5.png,3,1.000000
2629,pacs_data/pacs_data/sketch/guitar/n03272010_1708-1.png,3,1.000000
2630,pacs_data/pacs_data/sketch/guitar/n03272010_1708-2.png,3,1.000000
2631,pacs_data/pacs_data/sketch/guitar/n03272010_1708-3.png,3,1.000000
2632,pacs_data/pacs_data/sketch/guitar/n03272010_1708-4.png,3,1.000000
2633,pacs_data/pacs_data/sketch/guitar/n03272010_1708-5.png,3,1.000000
2634,pacs_data/pacs_data/sketch/guitar/n03272010_1708-6.png,3,1.000000
2635,pacs_data/pacs_data/sketch/guitar/n03272010_3732-1.png,3,1.000000
2636,pacs_data/pacs_data/sketch/guitar/n03272010_3732-2.png,3,1.000000
2637,pacs_data/pacs_data/sketch/guitar/n03272010_3732-3.png,3,1.000000
2638,pacs_data/pacs_data/sketch/guitar/n03272010_3732-4.png,3,1.000000
2639,pacs_data/pacs_data/sketch/guitar/n03272010_3732-5.png,3,1.000000
2640,pacs_data/pacs_data/sketch/guitar/n03272010_3732-6.png,3,1.000000
2641,pacs_data/pacs_data/sketch/guitar/n03272010_392-1.png,3,1.000000
2642,pacs_data/pacs_data/sketch/guitar/n03272010_392-2.png,3,1.000000
2643,pacs_data/pacs_data/sketch/guitar/n03272010_392-3.png,3,1.000000
2644,pacs_data/pacs_data/sketch/guitar/n03272010_392-4.png,3,1.000000
2645,pacs_data/pacs_data/sketch/guitar/n03272010_392-5.png,3,1.000000
2646,pacs_data/pacs_data/sketch/guitar/n03272010_446-1.png,3,1.000000
2647,pacs_data/pacs_data/sketch/guitar/n03272010_446-2.png,3,1.000000
2648,pacs_data/pacs_data/sketch/guitar/n03272010_446-3.png,3,1.000000
2649,pacs_data/pacs_data/sketch/guitar/n03272010_446-4.png,3,1.000000
2650,pacs_data/pacs_data/sketch/guitar/n03272010_446-5.png,3,1.000000
2651,pacs_data/pacs_data/sketch/guitar/n03272010_5483-1.png,3,1.000000
2652,pacs_data/pacs_data/sketch/guitar/n03272010_5483-2.png,3,1.000000
2653,pacs_data/pacs_data/sketch/guitar/n03272010_5483-3.png,3,1.000000
2654,pacs_data/pacs_data/sketch/guitar/n03272010_5483-4.png,3,1.000000
2655,pacs_data/pacs_data/sketch/guitar/n03272010_5483-5.png,3,1.000000
2656,pacs_data/pacs_data/sketch/guitar/n03272010_5483-6.png,3,1.000000
2657,pacs_data/pacs_data/sketch/guitar/n03272010_5875-1.png,3,1.000000
2658,pacs_data/pacs_data/sketch/guitar/n03272010_5875-2.png,3,1.000000
2659,pacs_data/pacs_data/sketch/guitar/n03272010_5875-3.png,3,1.000000
2660,pacs_data/pacs_data/sketch/guitar/n03272010_5875-4.png,3,1.000000
2661,pacs_data/pacs_data/sketch/guitar/n03272010_5875-5.png,3,1.000000
2662,pacs_data/pacs_data/sketch/guitar/n03272010_5887-1.png,3,1.000000
2663,pacs_data/pacs_data/sketch/guitar/n03272010_5887-2.png,3,1.000000
2664,pacs_data/pacs_data/sketch/guitar/n03272010_5887-3.png,3,1.000000
2665,pacs_data/pacs_data/sketch/guitar/n03272010_5887-4.png,3,1.000000
2666,pacs_data/pacs_data/sketch/guitar/n03272010_5887-5.png,3,1.000000
2667,pacs_data/pacs_data/sketch/guitar/n03272010_5887-6.png,3,1.000000
2668,pacs_data/pacs_data/sketch/guitar/n03272010_5887-7.png,3,1.000000
2669,pacs_data/pacs_data/sketch/guitar/n03272010_6152-1.png,3,1.000000
2670,pacs_data/pacs_data/sketch/guitar/n03272010_6152-2.png,3,1.000000
2671,pacs_data/pacs_data/sketch/guitar/n03272010_6152-3.png,3,1.000000
2672,pacs_data/pacs_data/sketch/guitar/n03272010_6152-4.png,3,1.000000
2673,pacs_data/pacs_data/sketch/guitar/n03272010_6152-5.png,3,1.000000
2674,pacs_data/pacs_data/sketch/guitar/n03272010_6255-1.png,3,1.000000
2675,pacs_data/pacs_data/sketch/guitar/n03272010_6255-2.png,3,1.000000
2676,pacs_data/pacs_data/sketch/guitar/n03272010_6255-3.png,3,1.000000
2677,pacs_data/pacs_data/sketch/guitar/n03272010_6255-4.png,3,1.000000
2678,pacs_data/pacs_data/sketch/guitar/n03272010_6255-5.png,3,1.000000
2679,pacs_data/pacs_data/sketch/guitar/n03272010_6291-1.png,3,1.000000
2680,pacs_data/pacs_data/sketch/guitar/n03272010_6291-2.png,3,1.000000
2681,pacs_data/pacs_data/sketch/guitar/n03272010_6291-3.png,3,1.000000
2682,pacs_data/pacs_data/sketch/guitar/n03272010_6291-4.png,3,1.000000
2683,pacs_data/pacs_data/sketch/guitar/n03272010_6291-5.png,3,1.000000
2684,pacs_data/pacs_data/sketch/guitar/n03272010_6650-1.png,3,1.000000
2685,pacs_data/pacs_data/sketch/guitar/n03272010_6650-2.png,3,1.000000
2686,pacs_data/pacs_data/sketch/guitar/n03272010_6650-3.png,3,1.000000
2687,pacs_data/pacs_data/sketch/guitar/n03272010_6650-4.png,3,1.000000
2688,pacs_data/pacs_data/sketch/guitar/n03272010_6650-5.png,3,1.000000
2689,pacs_data/pacs_data/sketch/guitar/n03272010_6650-6.png,3,1.000000
2690,pacs_data/pacs_data/sketch/guitar/n03272010_6662-1.png,3,1.000000
2691,pacs_data/pacs_data/sketch/guitar/n03272010_6662-2.png,3,1.000000
2692,pacs_data/pacs_data/sketch/guitar/n03272010_6662-3.png,3,1.000000
2693,pacs_data/pacs_data/sketch/guitar/n03272010_6662-4.png,3,1.000000
2694,pacs_data/pacs_data/sketch/guitar/n03272010_6662-5.png,3,1.000000
2695,pacs_data/pacs_data/sketch/guitar/n03272010_6662-6.png,3,1.000000
2696,pacs_data/pacs_data/sketch/guitar/n03272010_6662-7.png,3,1.000000
2697,pacs_data/pacs_data/sketch/guitar/n03272010_6718-1.png,3,1.000000
2698,pacs_data/pacs_data/sketch/guitar/n03272010_6718-2.png,3,1.000000
2699,pacs_data/pacs_data/sketch/guitar/n03272010_6718-3.png,3,1.000000
2700,pacs_data/pacs_data/sketch/guitar/n03272010_6718-4.png,3,1.000000
2701,pacs_data/pacs_data/sketch/guitar/n03272010_6718-5.png,3,1.000000
2702,pacs_data/pacs_data/sketch/guitar/n03272010_6725-1.png,3,1.000000
2703,pacs_data/pacs_data/sketch/guitar/n03272010_6725-2.png,3,1.000000
2704,pacs_data/pacs_data/sketch/guitar/n03272010_6725-3.png,3,1.000000
2705,pacs_data/pacs_data/sketch/guitar/n03272010_6725-4.png,3,1.000000
2706,pacs_data/pacs_data/sketch/guitar/n03272010_6725-5.png,3,1.000000
2707,pacs_data/pacs_data/sketch/guitar/n03272010_6727-1.png,3,1.000000
2708,pacs_data/pacs_data/sketch/guitar/n03272010_6727-2.png,3,1.000000
2709,pacs_data/pacs_data/sketch/guitar/n03272010_6727-3.png,3,1.000000
2710,pacs_data/pacs_data/sketch/guitar/n03272010_6727-4.png,3,1.000000
2711,pacs_data/pacs_data/sketch/guitar/n03272010_6727-5.png,3,1.000000
2712,pacs_data/pacs_data/sketch/guitar/n03272010_6737-1.png,3,1.000000
2713,pacs_data/pacs_data/sketch/guitar/n03272010_6737-2.png,3,1.000000
2714,pacs_data/pacs_data/sketch/guitar/n03272010_6737-3.png,3,1.000000
2715,pacs_data/pacs_data/sketch/guitar/n03272010_6737-4.png,3,1.000000
2716,pacs_data/pacs_data/sketch/guitar/n03272010_6737-5.png,3,1.000000
2717,pacs_data/pacs_data/sketch/guitar/n03272010_6737-6.png,3,1.000000
2718,pacs_data/pacs_data/sketch/guitar/n03272010_6799-1.png,3,1.000000
2719,pacs_data/pacs_data/sketch/guitar/n03272010_6799-2.png,3,1.000000
2720,pacs_data/pacs_data/sketch/guitar/n03272010_6799-3.png,3,1.000000
2721,pacs_data/pacs_data/sketch/guitar/n03272010_6799-4.png,3,1.000000
2722,pacs_data/pacs_data/sketch/guitar/n03272010_6799-5.png,3,1.000000
2723,pacs_data/pacs_data/sketch/guitar/n03272010_6809-1.png,3,1.000000
2724,pacs_data/pacs_data/sketch/guitar/n03272010_6809-2.png,3,1.000000
2725,pacs_data/pacs_data/sketch/guitar/n03272010_6809-3.png,3,1.000000
2726,pacs_data/pacs_data/sketch/guitar/n03272010_6809-4.png,3,1.000000
2727,pacs_data/pacs_data/sketch/guitar/n03272010_6809-5.png,3,1.000000
2728,pacs_data/pacs_data/sketch/guitar/n03272010_6820-1.png,3,1.000000
2729,pacs_data/pacs_data/sketch/guitar/n03272010_6820-2.png,3,1.000000
2730,pacs_data/pacs_data/sketch/guitar/n03272010_6820-3.png,3,1.000000
2731,pacs_data/pacs_data/sketch/guitar/n03272010_6820-4.png,3,1.000000
2732,pacs_data/pacs_data/sketch/guitar/n03272010_6820-5.png,3,1.000000
2733,pacs_data/pacs_data/sketch/guitar/n03272010_6926-1.png,3,1.000000
2734,pacs_data/pacs_data/sketch/guitar/n03272010_6926-2.png,3,1.000000
2735,pacs_data/pacs_data/sketch/guitar/n03272010_6926-3.png,3,1.000000
2736,pacs_data/pacs_data/sketch/guitar/n03272010_6926-4.png,3,1.000000
2737,pacs_data/pacs_data/sketch/guitar/n03272010_6926-5.png,3,1.000000
2738,pacs_data/pacs_data/sketch/guitar/n03272010_7000-1.png,3,1.000000
2739,pacs_data/pacs_data/sketch/guitar/n03272010_7000-2.png,3,1.000000
2740,pacs_data/pacs_data/sketch/guitar/n03272010_7000-3.png,3,1.000000
2741,pacs_data/pacs_data/sketch/guitar/n03272010_7000-4.png,3,1.000000
2742,pacs_data/pacs_data/sketch/guitar/n03272010_7000-5.png,3,1.000000
2743,pacs_data/pacs_data/sketch/guitar/n03272010_7092-1.png,3,1.000000
2744,pacs_data/pacs_data/sketch/guitar/n03272010_7092-2.png,3,1.000000
2745,pacs_data/pacs_data/sketch/guitar/n03272010_7092-3.png,3,1.000000
2746,pacs_data/pacs_data/sketch/guitar/n03272010_7092-4.png,3,1.000000
2747,pacs_data/pacs_data/sketch/guitar/n03272010_7092-5.png,3,1.000000
2748,pacs_data/pacs_data/sketch/guitar/n03272010_7383-1.png,3,1.000000
2749,pacs_data/pacs_data/sketch/guitar/n03272010_7383-2.png,3,1.000000
2750,pacs_data/pacs_data/sketch/guitar/n03272010_7383-3.png,3,1.000000
2751,pacs_data/pacs_data/sketch/guitar/n03272010_7383-4.png,3,1.000000
2752,pacs_data/pacs_data/sketch/guitar/n03272010_7383-5.png,3,1.000000
2753,pacs_data/pacs_data/sketch/guitar/n03272010_7390-1.png,3,1.000000
2754,pacs_data/pacs_data/sketch/guitar/n03272010_7390-2.png,3,1.000000
2755,pacs_data/pacs_data/sketch/guitar/n03272010_7390-3.png,3,1.000000
2756,pacs_data/pacs_data/sketch/guitar/n03272010_7390-4.png,3,1.000000
2757,pacs_data/pacs_data/sketch/guitar/n03272010_7390-5.png,3,1.000000
2758,pacs_data/pacs_data/sketch/guitar/n03272010_7635-1.png,3,1.000000
2759,pacs_data/pacs_data/sketch/guitar/n03272010_7635-2.png,3,1.000000
2760,pacs_data/pacs_data/sketch/guitar/n03272010_7635-3.png,3,1.000000
2761,pacs_data/pacs_data/sketch/guitar/n03272010_7635-4.png,3,1.000000
2762,pacs_data/pacs_data/sketch/guitar/n03272010_7635-5.png,3,1.000000
2763,pacs_data/pacs_data/sketch/guitar/n03272010_7729-1.png,3,1.000000
2764,pacs_data/pacs_data/sketch/guitar/n03272010_7729-2.png,3,1.000000
2765,pacs_data/pacs_data/sketch/guitar/n03272010_7729-3.png,3,1.000000
2766,pacs_data/pacs_data/sketch/guitar/n03272010_7729-4.png,3,1.000000
2767,pacs_data/pacs_data/sketch/guitar/n03272010_7729-5.png,3,1.000000
2768,pacs_data/pacs_data/sketch/guitar/n03272010_9557-1.png,3,1.000000
2769,pacs_data/pacs_data/sketch/guitar/n03272010_9557-2.png,3,1.000000
2770,pacs_data/pacs_data/sketch/guitar/n03272010_9557-3.png,3,1.000000
2771,pacs_data/pacs_data/sketch/guitar/n03272010_9557-4.png,3,1.000000
2772,pacs_data/pacs_data/sketch/guitar/n03272010_9557-5.png,3,1.000000
2773,pacs_data/pacs_data/sketch/guitar/n03272010_9557-6.png,3,1.000000
2774,pacs_data/pacs_data/sketch/guitar/n03272010_9858-1.png,3,1.000000
2775,pacs_data/pacs_data/sketch/guitar/n03272010_9858-2.png,3,1.000000
2776,pacs_data/pacs_data/sketch/guitar/n03272010_9858-3.png,3,1.000000
2777,pacs_data/pacs_data/sketch/guitar/n03272010_9858-4.png,3,1.000000
2778,pacs_data/pacs_data/sketch/guitar/n03272010_9858-5.png,3,1.000000
2779,pacs_data/pacs_data/sketch/guitar/n03272010_9899-1.png,3,1.000000
2780,pacs_data/pacs_data/sketch/guitar/n03272010_9899-2.png,3,1.000000
2781,pacs_data/pacs_data/sketch/guitar/n03272010_9899-3.png,3,1.000000
2782,pacs_data/pacs_data/sketch/guitar/n03272010_9899-4.png,3,1.000000
2783,pacs_data/pacs_data/sketch/guitar/n03272010_9899-5.png,3,1.000000
2784,pacs_data/pacs_data/sketch/guitar/n03467517_11020-1.png,3,1.000000
2785,pacs_data/pacs_data/sketch/guitar/n03467517_11020-2.png,3,1.000000
2786,pacs_data/pacs_data/sketch/guitar/n03467517_11020-3.png,3,1.000000
2787,pacs_data/pacs_data/sketch/guitar/n03467517_11020-4.png,3,1.000000
2788,pacs_data/pacs_data/sketch/guitar/n03467517_11020-5.png,3,1.000000
2789,pacs_data/pacs_data/sketch/guitar/n03467517_12925-1.png,3,1.000000
2790,pacs_data/pacs_data/sketch/guitar/n03467517_12925-2.png,3,1.000000
2791,pacs_data/pacs_data/sketch/guitar/n03467517_12925-3.png,3,1.000000
2792,pacs_data/pacs_data/sketch/guitar/n03467517_12925-4.png,3,1.000000
2793,pacs_data/pacs_data/sketch/guitar/n03467517_12925-5.png,3,1.000000
2794,pacs_data/pacs_data/sketch/guitar/n03467517_16911-1.png,3,1.000000
2795,pacs_data/pacs_data/sketch/guitar/n03467517_16911-2.png,3,1.000000
2796,pacs_data/pacs_data/sketch/guitar/n03467517_16911-3.png,3,1.000000
2797,pacs_data/pacs_data/sketch/guitar/n03467517_16911-4.png,3,1.000000
2798,pacs_data/pacs_data/sketch/guitar/n03467517_16911-5.png,3,1.000000
2799,pacs_data/pacs_data/sketch/guitar/n03467517_17233-1.png,3,1.000000
2800,pacs_data/pacs_data/sketch/guitar/n03467517_17233-2.png,3,1.000000
2801,pacs_data/pacs_data/sketch/guitar/n03467517_17233-3.png,3,1.000000
2802,pacs_data/pacs_data/sketch/guitar/n03467517_17233-4.png,3,1.000000
2803,pacs_data/pacs_data/sketch/guitar/n03467517_17233-5.png,3,1.000000
2804,pacs_data/pacs_data/sketch/guitar/n03467517_19701-1.png,3,1.000000
2805,pacs_data/pacs_data/sketch/guitar/n03467517_19701-2.png,3,1.000000
2806,pacs_data/pacs_data/sketch/guitar/n03467517_19701-3.png,3,1.000000
2807,pacs_data/pacs_data/sketch/guitar/n03467517_19701-4.png,3,1.000000
2808,pacs_data/pacs_data/sketch/guitar/n03467517_19701-5.png,3,1.000000
2809,pacs_data/pacs_data/sketch/guitar/n03467517_21782-1.png,3,1.000000
2810,pacs_data/pacs_data/sketch/guitar/n03467517_21782-2.png,3,1.000000
2811,pacs_data/pacs_data/sketch/guitar/n03467517_21782-3.png,3,1.000000
2812,pacs_data/pacs_data/sketch/guitar/n03467517_21782-4.png,3,1.000000
2813,pacs_data/pacs_data/sketch/guitar/n03467517_21782-5.png,3,1.000000
2814,pacs_data/pacs_data/sketch/guitar/n03467517_21884-1.png,3,1.000000
2815,pacs_data/pacs_data/sketch/guitar/n03467517_21884-2.png,3,1.000000
2816,pacs_data/pacs_data/sketch/guitar/n03467517_21884-3.png,3,1.000000
2817,pacs_data/pacs_data/sketch/guitar/n03467517_21884-4.png,3,1.000000
2818,pacs_data/pacs_data/sketch/guitar/n03467517_21884-5.png,3,1.000000
2819,pacs_data/pacs_data/sketch/guitar/n03467517_21884-6.png,3,1.000000
2820,pacs_data/pacs_data/sketch/guitar/n03467517_22246-1.png,3,1.000000
2821,pacs_data/pacs_data/sketch/guitar/n03467517_22246-2.png,3,1.000000
2822,pacs_data/pacs_data/sketch/guitar/n03467517_22246-3.png,3,1.000000
2823,pacs_data/pacs_data/sketch/guitar/n03467517_22246-4.png,3,1.000000
2824,pacs_data/pacs_data/sketch/guitar/n03467517_22246-5.png,3,1.000000
2825,pacs_data/pacs_data/sketch/guitar/n03467517_22246-6.png,3,1.000000
2826,pacs_data/pacs_data/sketch/guitar/n03467517_22374-1.png,3,1.000000
2827,pacs_data/pacs_data/sketch/guitar/n03467517_22374-2.png,3,1.000000
2828,pacs_data/pacs_data/sketch/guitar/n03467517_22374-3.png,3,1.000000
2829,pacs_data/pacs_data/sketch/guitar/n03467517_22374-4.png,3,1.000000
2830,pacs_data/pacs_data/sketch/guitar/n03467517_22374-5.png,3,1.000000
2831,pacs_data/pacs_data/sketch/guitar/n03467517_22785-1.png,3,1.000000
2832,pacs_data/pacs_data/sketch/guitar/n03467517_22785-2.png,3,1.000000
2833,pacs_data/pacs_data/sketch/guitar/n03467517_22785-3.png,3,1.000000
2834,pacs_data/pacs_data/sketch/guitar/n03467517_22785-4.png,3,1.000000
2835,pacs_data/pacs_data/sketch/guitar/n03467517_22785-5.png,3,1.000000
2836,pacs_data/pacs_data/sketch/guitar/n03467517_22871-1.png,3,1.000000
2837,pacs_data/pacs_data/sketch/guitar/n03467517_22871-2.png,3,1.000000
2838,pacs_data/pacs_data/sketch/guitar/n03467517_22871-3.png,3,1.000000
2839,pacs_data/pacs_data/sketch/guitar/n03467517_22871-4.png,3,1.000000
2840,pacs_data/pacs_data/sketch/guitar/n03467517_22871-5.png,3,1.000000
2841,pacs_data/pacs_data/sketch/guitar/n03467517_23229-1.png,3,1.000000
2842,pacs_data/pacs_data/sketch/guitar/n03467517_23229-2.png,3,1.000000
2843,pacs_data/pacs_data/sketch/guitar/n03467517_23229-3.png,3,1.000000
2844,pacs_data/pacs_data/sketch/guitar/n03467517_23229-4.png,3,1.000000
2845,pacs_data/pacs_data/sketch/guitar/n03467517_23229-5.png,3,1.000000
2846,pacs_data/pacs_data/sketch/guitar/n03467517_24525-1.png,3,1.000000
2847,pacs_data/pacs_data/sketch/guitar/n03467517_24525-2.png,3,1.000000
2848,pacs_data/pacs_data/sketch/guitar/n03467517_24525-3.png,3,1.000000
2849,pacs_data/pacs_data/sketch/guitar/n03467517_24525-4.png,3,1.000000
2850,pacs_data/pacs_data/sketch/guitar/n03467517_24525-5.png,3,1.000000
2851,pacs_data/pacs_data/sketch/guitar/n03467517_24525-6.png,3,1.000000
2852,pacs_data/pacs_data/sketch/guitar/n03467517_3203-1.png,3,1.000000
2853,pacs_data/pacs_data/sketch/guitar/n03467517_3203-2.png,3,1.000000
2854,pacs_data/pacs_data/sketch/guitar/n03467517_3203-3.png,3,1.000000
2855,pacs_data/pacs_data/sketch/guitar/n03467517_3203-4.png,3,1.000000
2856,pacs_data/pacs_data/sketch/guitar/n03467517_3203-5.png,3,1.000000
2857,pacs_data/pacs_data/sketch/guitar/n03467517_6423-1.png,3,1.000000
2858,pacs_data/pacs_data/sketch/guitar/n03467517_6423-2.png,3,1.000000
2859,pacs_data/pacs_data/sketch/guitar/n03467517_6423-3.png,3,1.000000
2860,pacs_data/pacs_data/sketch/guitar/n03467517_6423-4.png,3,1.000000
2861,pacs_data/pacs_data/sketch/guitar/n03467517_6423-5.png,3,1.000000
2862,pacs_data/pacs_data/sketch/guitar/n03467517_7007-1.png,3,1.000000
2863,pacs_data/pacs_data/sketch/guitar/n03467517_7007-2.png,3,1.000000
2864,pacs_data/pacs_data/sketch/guitar/n03467517_7007-3.png,3,1.000000
2865,pacs_data/pacs_data/sketch/guitar/n03467517_7007-4.png,3,1.000000
2866,pacs_data/pacs_data/sketch/guitar/n03467517_7007-5.png,3,1.000000
2867,pacs_data/pacs_data/sketch/guitar/n03467517_7007-6.png,3,1.000000
2868,pacs_data/pacs_data/sketch/guitar/n03467517_8929-1.png,3,1.000000
2869,pacs_data/pacs_data/sketch/guitar/n03467517_8929-2.png,3,1.000000
2870,pacs_data/pacs_data/sketch/guitar/n03467517_8929-3.png,3,1.000000
2871,pacs_data/pacs_data/sketch/guitar/n03467517_8929-4.png,3,1.000000
2872,pacs_data/pacs_data/sketch/guitar/n03467517_8929-5.png,3,1.000000
2873,pacs_data/pacs_data/sketch/horse/8481.png,4,1.000000
2874,pacs_data/pacs_data/sketch/horse/8482.png,4,1.000000
2875,pacs_data/pacs_data/sketch/horse/8483.png,4,1.000000
2876,pacs_data/pacs_data/sketch/horse/8484.png,4,1.000000
2877,pacs_data/pacs_data/sketch/horse/8485.png,4,1.000000
2878,pacs_data/pacs_data/sketch/horse/8486.png,4,1.000000
2879,pacs_data/pacs_data/sketch/horse/8487.png,4,1.000000
2880,pacs_data/pacs_data/sketch/horse/8488.png,4,1.000000
2881,pacs_data/pacs_data/sketch/horse/8489.png,4,1.000000
2882,pacs_data/pacs_data/sketch/horse/8490.png,4,1.000000
2883,pacs_data/pacs_data/sketch/horse/8491.png,4,1.000000
2884,pacs_data/pacs_data/sketch/horse/8492.png,4,1.000000
2885,pacs_data/pacs_data/sketch/horse/8493.png,4,1.000000
2886,pacs_data/pacs_data/sketch/horse/8494.png,4,1.000000
2887,pacs_data/pacs_data/sketch/horse/8495.png,4,1.000000
2888,pacs_data/pacs_data/sketch/horse/8496.png,4,1.000000
2889,pacs_data/pacs_data/sketch/horse/8497.png,4,1.000000
2890,pacs_data/pacs_data/sketch/horse/8498.png,4,1.000000
2891,pacs_data/pacs_data/sketch/horse/8499.png,4,1.000000
2892,pacs_data/pacs_data/sketch/horse/8500.png,4,1.000000
2893,pacs_data/pacs_data/sketch/horse/8501.png,4,1.000000
2894,pacs_data/pacs_data/sketch/horse/8502.png,4,1.000000
2895,pacs_data/pacs_data/sketch/horse/8503.png,4,1.000000
2896,pacs_data/pacs_data/sketch/horse/8504.png,4,1.000000
2897,pacs_data/pacs_data/sketch/horse/8505.png,4,1.000000
2898,pacs_data/pacs_data/sketch/horse/8506.png,4,1.000000
2899,pacs_data/pacs_data/sketch/horse/8507.png,4,1.000000
2900,pacs_data/pacs_data/sketch/horse/8508.png,4,1.000000
2901,pacs_data/pacs_data/sketch/horse/8509.png,4,1.000000
2902,pacs_data/pacs_data/sketch/horse/8510.png,4,1.000000
2903,pacs_data/pacs_data/sketch/horse/8511.png,4,1.000000
2904,pacs_data/pacs_data/sketch/horse/8512.png,4,1.000000
2905,pacs_data/pacs_data/sketch/horse/8513.png,4,1.000000
2906,pacs_data/pacs_data/sketch/horse/8514.png,4,1.000000
2907,pacs_data/pacs_data/sketch/horse/8515.png,4,1.000000
2908,pacs_data/pacs_data/sketch/horse/8516.png,4,1.000000
2909,pacs_data/pacs_data/sketch/horse/8517.png,4,1.000000
2910,pacs_data/pacs_data/sketch/horse/8518.png,4,1.000000
2911,pacs_data/pacs_data/sketch/horse/8519.png,4,1.000000
2912,pacs_data/pacs_data/sketch/horse/8520.png,4,1.000000
2913,pacs_data/pacs_data/sketch/horse/8521.png,4,1.000000
2914,pacs_data/pacs_data/sketch/horse/8522.png,4,1.000000
2915,pacs_data/pacs_data/sketch/horse/8523.png,4,1.000000
2916,pacs_data/pacs_data/sketch/horse/8524.png,4,1.000000
2917,pacs_data/pacs_data/sketch/horse/8525.png,4,1.000000
2918,pacs_data/pacs_data/sketch/horse/8526.png,4,1.000000
2919,pacs_data/pacs_data/sketch/horse/8527.png,4,1.000000
2920,pacs_data/pacs_data/sketch/horse/8528.png,4,1.000000
2921,pacs_data/pacs_data/sketch/horse/8529.png,4,1.000000
2922,pacs_data/pacs_data/sketch/horse/8530.png,4,1.000000
2923,pacs_data/pacs_data/sketch/horse/8531.png,4,1.000000
2924,pacs_data/pacs_data/sketch/horse/8532.png,4,1.000000
2925,pacs_data/pacs_data/sketch/horse/8533.png,4,1.000000
2926,pacs_data/pacs_data/sketch/horse/8534.png,4,1.000000
2927,pacs_data/pacs_data/sketch/horse/8535.png,4,1.000000
2928,pacs_data/pacs_data/sketch/horse/8536.png,4,1.000000
2929,pacs_data/pacs_data/sketch/horse/8537.png,4,1.000000
2930,pacs_data/pacs_data/sketch/horse/8538.png,4,1.000000
2931,pacs_data/pacs_data/sketch/horse/8539.png,4,1.000000
2932,pacs_data/pacs_data/sketch/horse/8540.png,4,1.000000
2933,pacs_data/pacs_data/sketch/horse/8541.png,4,1.000000
2934,pacs_data/pacs_data/sketch/horse/8542.png,4,1.000000
2935,pacs_data/pacs_data/sketch/horse/8543.png,4,1.000000
2936,pacs_data/pacs_data/sketch/horse/8544.png,4,1.000000
2937,pacs_data/pacs_data/sketch/horse/8545.png,4,1.000000
2938,pacs_data/pacs_data/sketch/horse/8546.png,4,1.000000
2939,pacs_data/pacs_data/sketch/horse/8547.png,4,1.000000
2940,pacs_data/pacs_data/sketch/horse/8548.png,4,1.000000
2941,pacs_data/pacs_data/sketch/horse/8549.png,4,1.000000
2942,pacs_data/pacs_data/sketch/horse/8550.png,4,1.000000
2943,pacs_data/pacs_data/sketch/horse/8551.png,4,1.000000
2944,pacs_data/pacs_data/sketch/horse/8552.png,4,1.000000
2945,pacs_data/pacs_data/sketch/horse/8553.png,4,1.000000
2946,pacs_data/pacs_data/sketch/horse/8554.png,4,1.000000
2947,pacs_data/pacs_data/sketch/horse/8555.png,4,1.000000
2948,pacs_data/pacs_data/sketch/horse/8556.png,4,1.000000
2949,pacs_data/pacs_data/sketch/horse/8557.png,4,1.000000
2950,pacs_data/pacs_data/sketch/horse/8558.png,4,1.000000
2951,pacs_data/pacs_data/sketch/horse/8559.png,4,1.000000
2952,pacs_data/pacs_data/sketch/horse/8560.png,4,1.000000
2953,pacs_data/pacs_data/sketch/horse/n02374451_10081-1.png,4,1.000000
2954,pacs_data/pacs_data/sketch/horse/n02374451_10081-2.png,4,1.000000
2955,pacs_data/pacs_data/sketch/horse/n02374451_10081-3.png,4,1.000000
2956,pacs_data/pacs_data/sketch/horse/n02374451_10081-4.png,4,1.000000
2957,pacs_data/pacs_data/sketch/horse/n02374451_10081-5.png,4,1.000000
2958,pacs_data/pacs_data/sketch/horse/n02374451_10081-6.png,4,1.000000
2959,pacs_data/pacs_data/sketch/horse/n02374451_10098-1.png,4,1.000000
2960,pacs_data/pacs_data/sketch/horse/n02374451_10098-2.png,4,1.000000
2961,pacs_data/pacs_data/sketch/horse/n02374451_10098-3.png,4,1.000000
2962,pacs_data/pacs_data/sketch/horse/n02374451_10098-4.png,4,1.000000
2963,pacs_data/pacs_data/sketch/horse/n02374451_10098-5.png,4,1.000000
2964,pacs_data/pacs_data/sketch/horse/n02374451_10098-6.png,4,1.000000
2965,pacs_data/pacs_data/sketch/horse/n02374451_10098-7.png,4,1.000000
2966,pacs_data/pacs_data/sketch/horse/n02374451_10099-1.png,4,1.000000
2967,pacs_data/pacs_data/sketch/horse/n02374451_10099-2.png,4,1.000000
2968,pacs_data/pacs_data/sketch/horse/n02374451_10099-3.png,4,1.000000
2969,pacs_data/pacs_data/sketch/horse/n02374451_10099-4.png,4,1.000000
2970,pacs_data/pacs_data/sketch/horse/n02374451_10099-5.png,4,1.000000
2971,pacs_data/pacs_data/sketch/horse/n02374451_10099-6.png,4,1.000000
2972,pacs_data/pacs_data/sketch/horse/n02374451_10099-7.png,4,1.000000
2973,pacs_data/pacs_data/sketch/horse/n02374451_10099-8.png,4,1.000000
2974,pacs_data/pacs_data/sketch/horse/n02374451_10099-9.png,4,1.000000
2975,pacs_data/pacs_data/sketch/horse/n02374451_10118-1.png,4,1.000000
2976,pacs_data/pacs_data/sketch/horse/n02374451_10118-2.png,4,1.000000
2977,pacs_data/pacs_data/sketch/horse/n02374451_10118-3.png,4,1.000000
2978,pacs_data/pacs_data/sketch/horse/n02374451_10118-4.png,4,1.000000
2979,pacs_data/pacs_data/sketch/horse/n02374451_10118-5.png,4,1.000000
2980,pacs_data/pacs_data/sketch/horse/n02374451_10331-1.png,4,1.000000
2981,pacs_data/pacs_data/sketch/horse/n02374451_10331-2.png,4,1.000000
2982,pacs_data/pacs_data/sketch/horse/n02374451_10331-3.png,4,1.000000
2983,pacs_data/pacs_data/sketch/horse/n02374451_10331-4.png,4,1.000000
2984,pacs_data/pacs_data/sketch/horse/n02374451_10331-5.png,4,1.000000
2985,pacs_data/pacs_data/sketch/horse/n02374451_10669-1.png,4,1.000000
2986,pacs_data/pacs_data/sketch/horse/n02374451_10669-2.png,4,1.000000
2987,pacs_data/pacs_data/sketch/horse/n02374451_10669-3.png,4,1.000000
2988,pacs_data/pacs_data/sketch/horse/n02374451_10669-4.png,4,1.000000
2989,pacs_data/pacs_data/sketch/horse/n02374451_10669-5.png,4,1.000000
2990,pacs_data/pacs_data/sketch/horse/n02374451_10669-6.png,4,1.000000
2991,pacs_data/pacs_data/sketch/horse/n02374451_10669-7.png,4,1.000000
2992,pacs_data/pacs_data/sketch/horse/n02374451_10669-8.png,4,1.000000
2993,pacs_data/pacs_data/sketch/horse/n02374451_10669-9.png,4,1.000000
2994,pacs_data/pacs_data/sketch/horse/n02374451_10761-1.png,4,1.000000
2995,pacs_data/pacs_data/sketch/horse/n02374451_10761-10.png,4,1.000000
2996,pacs_data/pacs_data/sketch/horse/n02374451_10761-2.png,4,1.000000
2997,pacs_data/pacs_data/sketch/horse/n02374451_10761-3.png,4,1.000000
2998,pacs_data/pacs_data/sketch/horse/n02374451_10761-4.png,4,1.000000
2999,pacs_data/pacs_data/sketch/horse/n02374451_10761-5.png,4,1.000000
3000,pacs_data/pacs_data/sketch/horse/n02374451_10761-6.png,4,1.000000
3001,pacs_data/pacs_data/sketch/horse/n02374451_10761-7.png,4,1.000000
3002,pacs_data/pacs_data/sketch/horse/n02374451_10761-8.png,4,1.000000
3003,pacs_data/pacs_data/sketch/horse/n02374451_10761-9.png,4,1.000000
3004,pacs_data/pacs_data/sketch/horse/n02374451_10809-1.png,4,1.000000
3005,pacs_data/pacs_data/sketch/horse/n02374451_10809-2.png,4,1.000000
3006,pacs_data/pacs_data/sketch/horse/n02374451_10809-4.png,4,1.000000
3007,pacs_data/pacs_data/sketch/horse/n02374451_10809-5.png,4,1.000000
3008,pacs_data/pacs_data/sketch/horse/n02374451_10809-6.png,4,1.000000
3009,pacs_data/pacs_data/sketch/horse/n02374451_10809-7.png,4,1.000000
3010,pacs_data/pacs_data/sketch/horse/n02374451_10809-8.png,4,1.000000
3011,pacs_data/pacs_data/sketch/horse/n02374451_11479-1.png,4,1.000000
3012,pacs_data/pacs_data/sketch/horse/n02374451_11479-2.png,4,1.000000
3013,pacs_data/pacs_data/sketch/horse/n02374451_11479-3.png,4,1.000000
3014,pacs_data/pacs_data/sketch/horse/n02374451_11479-4.png,4,1.000000
3015,pacs_data/pacs_data/sketch/horse/n02374451_11479-5.png,4,1.000000
3016,pacs_data/pacs_data/sketch/horse/n02374451_11479-6.png,4,1.000000
3017,pacs_data/pacs_data/sketch/horse/n02374451_11479-7.png,4,1.000000
3018,pacs_data/pacs_data/sketch/horse/n02374451_11483-1.png,4,1.000000
3019,pacs_data/pacs_data/sketch/horse/n02374451_11483-2.png,4,1.000000
3020,pacs_data/pacs_data/sketch/horse/n02374451_11483-3.png,4,1.000000
3021,pacs_data/pacs_data/sketch/horse/n02374451_11483-4.png,4,1.000000
3022,pacs_data/pacs_data/sketch/horse/n02374451_11483-5.png,4,1.000000
3023,pacs_data/pacs_data/sketch/horse/n02374451_11483-6.png,4,1.000000
3024,pacs_data/pacs_data/sketch/horse/n02374451_11492-1.png,4,1.000000
3025,pacs_data/pacs_data/sketch/horse/n02374451_11492-2.png,4,1.000000
3026,pacs_data/pacs_data/sketch/horse/n02374451_11492-3.png,4,1.000000
3027,pacs_data/pacs_data/sketch/horse/n02374451_11492-4.png,4,1.000000
3028,pacs_data/pacs_data/sketch/horse/n02374451_11492-5.png,4,1.000000
3029,pacs_data/pacs_data/sketch/horse/n02374451_11492-6.png,4,1.000000
3030,pacs_data/pacs_data/sketch/horse/n02374451_1189-1.png,4,1.000000
3031,pacs_data/pacs_data/sketch/horse/n02374451_1189-2.png,4,1.000000
3032,pacs_data/pacs_data/sketch/horse/n02374451_1189-3.png,4,1.000000
3033,pacs_data/pacs_data/sketch/horse/n02374451_1189-4.png,4,1.000000
3034,pacs_data/pacs_data/sketch/horse/n02374451_1189-5.png,4,1.000000
3035,pacs_data/pacs_data/sketch/horse/n02374451_1189-6.png,4,1.000000
3036,pacs_data/pacs_data/sketch/horse/n02374451_1189-7.png,4,1.000000
3037,pacs_data/pacs_data/sketch/horse/n02374451_11894-1.png,4,1.000000
3038,pacs_data/pacs_data/sketch/horse/n02374451_11894-2.png,4,1.000000
3039,pacs_data/pacs_data/sketch/horse/n02374451_11894-3.png,4,1.000000
3040,pacs_data/pacs_data/sketch/horse/n02374451_11894-4.png,4,1.000000
3041,pacs_data/pacs_data/sketch/horse/n02374451_11894-5.png,4,1.000000
3042,pacs_data/pacs_data/sketch/horse/n02374451_11894-6.png,4,1.000000
3043,pacs_data/pacs_data/sketch/horse/n02374451_11894-7.png,4,1.000000
3044,pacs_data/pacs_data/sketch/horse/n02374451_11894-8.png,4,1.000000
3045,pacs_data/pacs_data/sketch/horse/n02374451_11894-9.png,4,1.000000
3046,pacs_data/pacs_data/sketch/horse/n02374451_12128-1.png,4,1.000000
3047,pacs_data/pacs_data/sketch/horse/n02374451_12128-2.png,4,1.000000
3048,pacs_data/pacs_data/sketch/horse/n02374451_12128-3.png,4,1.000000
3049,pacs_data/pacs_data/sketch/horse/n02374451_12128-4.png,4,1.000000
3050,pacs_data/pacs_data/sketch/horse/n02374451_12128-5.png,4,1.000000
3051,pacs_data/pacs_data/sketch/horse/n02374451_12128-6.png,4,1.000000
3052,pacs_data/pacs_data/sketch/horse/n02374451_12128-7.png,4,1.000000
3053,pacs_data/pacs_data/sketch/horse/n02374451_12128-8.png,4,1.000000
3054,pacs_data/pacs_data/sketch/horse/n02374451_12174-1.png,4,1.000000
3055,pacs_data/pacs_data/sketch/horse/n02374451_12174-2.png,4,1.000000
3056,pacs_data/pacs_data/sketch/horse/n02374451_12174-3.png,4,1.000000
3057,pacs_data/pacs_data/sketch/horse/n02374451_12174-4.png,4,1.000000
3058,pacs_data/pacs_data/sketch/horse/n02374451_12174-5.png,4,1.000000
3059,pacs_data/pacs_data/sketch/horse/n02374451_12174-6.png,4,1.000000
3060,pacs_data/pacs_data/sketch/horse/n02374451_12200-1.png,4,1.000000
3061,pacs_data/pacs_data/sketch/horse/n02374451_12200-2.png,4,1.000000
3062,pacs_data/pacs_data/sketch/horse/n02374451_12200-3.png,4,1.000000
3063,pacs_data/pacs_data/sketch/horse/n02374451_12200-4.png,4,1.000000
3064,pacs_data/pacs_data/sketch/horse/n02374451_12200-5.png,4,1.000000
3065,pacs_data/pacs_data/sketch/horse/n02374451_12200-6.png,4,1.000000
3066,pacs_data/pacs_data/sketch/horse/n02374451_12200-7.png,4,1.000000
3067,pacs_data/pacs_data/sketch/horse/n02374451_12225-1.png,4,1.000000
3068,pacs_data/pacs_data/sketch/horse/n02374451_12225-2.png,4,1.000000
3069,pacs_data/pacs_data/sketch/horse/n02374451_12225-3.png,4,1.000000
3070,pacs_data/pacs_data/sketch/horse/n02374451_12225-4.png,4,1.000000
3071,pacs_data/pacs_data/sketch/horse/n02374451_12225-5.png,4,1.000000
3072,pacs_data/pacs_data/sketch/horse/n02374451_12225-6.png,4,1.000000
3073,pacs_data/pacs_data/sketch/horse/n02374451_12230-1.png,4,1.000000
3074,pacs_data/pacs_data/sketch/horse/n02374451_12230-2.png,4,1.000000
3075,pacs_data/pacs_data/sketch/horse/n02374451_12230-3.png,4,1.000000
3076,pacs_data/pacs_data/sketch/horse/n02374451_12230-4.png,4,1.000000
3077,pacs_data/pacs_data/sketch/horse/n02374451_12230-5.png,4,1.000000
3078,pacs_data/pacs_data/sketch/horse/n02374451_12230-6.png,4,1.000000
3079,pacs_data/pacs_data/sketch/horse/n02374451_12230-7.png,4,1.000000
3080,pacs_data/pacs_data/sketch/horse/n02374451_12239-1.png,4,1.000000
3081,pacs_data/pacs_data/sketch/horse/n02374451_12239-2.png,4,1.000000
3082,pacs_data/pacs_data/sketch/horse/n02374451_12239-3.png,4,1.000000
3083,pacs_data/pacs_data/sketch/horse/n02374451_12239-4.png,4,1.000000
3084,pacs_data/pacs_data/sketch/horse/n02374451_12239-5.png,4,1.000000
3085,pacs_data/pacs_data/sketch/horse/n02374451_12239-6.png,4,1.000000
3086,pacs_data/pacs_data/sketch/horse/n02374451_12239-7.png,4,1.000000
3087,pacs_data/pacs_data/sketch/horse/n02374451_12250-1.png,4,1.000000
3088,pacs_data/pacs_data/sketch/horse/n02374451_12250-2.png,4,1.000000
3089,pacs_data/pacs_data/sketch/horse/n02374451_12250-3.png,4,1.000000
3090,pacs_data/pacs_data/sketch/horse/n02374451_12250-4.png,4,1.000000
3091,pacs_data/pacs_data/sketch/horse/n02374451_12250-5.png,4,1.000000
3092,pacs_data/pacs_data/sketch/horse/n02374451_12250-6.png,4,1.000000
3093,pacs_data/pacs_data/sketch/horse/n02374451_12250-7.png,4,1.000000
3094,pacs_data/pacs_data/sketch/horse/n02374451_12254-1.png,4,1.000000
3095,pacs_data/pacs_data/sketch/horse/n02374451_12254-2.png,4,1.000000
3096,pacs_data/pacs_data/sketch/horse/n02374451_12254-3.png,4,1.000000
3097,pacs_data/pacs_data/sketch/horse/n02374451_12254-4.png,4,1.000000
3098,pacs_data/pacs_data/sketch/horse/n02374451_12254-5.png,4,1.000000
3099,pacs_data/pacs_data/sketch/horse/n02374451_12254-6.png,4,1.000000
3100,pacs_data/pacs_data/sketch/horse/n02374451_12254-7.png,4,1.000000
3101,pacs_data/pacs_data/sketch/horse/n02374451_12328-1.png,4,1.000000
3102,pacs_data/pacs_data/sketch/horse/n02374451_12328-10.png,4,1.000000
3103,pacs_data/pacs_data/sketch/horse/n02374451_12328-2.png,4,1.000000
3104,pacs_data/pacs_data/sketch/horse/n02374451_12328-3.png,4,1.000000
3105,pacs_data/pacs_data/sketch/horse/n02374451_12328-4.png,4,1.000000
3106,pacs_data/pacs_data/sketch/horse/n02374451_12328-5.png,4,1.000000
3107,pacs_data/pacs_data/sketch/horse/n02374451_12328-6.png,4,1.000000
3108,pacs_data/pacs_data/sketch/horse/n02374451_12328-7.png,4,1.000000
3109,pacs_data/pacs_data/sketch/horse/n02374451_12328-8.png,4,1.000000
3110,pacs_data/pacs_data/sketch/horse/n02374451_12328-9.png,4,1.000000
3111,pacs_data/pacs_data/sketch/horse/n02374451_1234-1.png,4,1.000000
3112,pacs_data/pacs_data/sketch/horse/n02374451_1234-2.png,4,1.000000
3113,pacs_data/pacs_data/sketch/horse/n02374451_1234-3.png,4,1.000000
3114,pacs_data/pacs_data/sketch/horse/n02374451_1234-4.png,4,1.000000
3115,pacs_data/pacs_data/sketch/horse/n02374451_1234-5.png,4,1.000000
3116,pacs_data/pacs_data/sketch/horse/n02374451_1234-6.png,4,1.000000
3117,pacs_data/pacs_data/sketch/horse/n02374451_12418-1.png,4,1.000000
3118,pacs_data/pacs_data/sketch/horse/n02374451_12418-10.png,4,1.000000
3119,pacs_data/pacs_data/sketch/horse/n02374451_12418-2.png,4,1.000000
3120,pacs_data/pacs_data/sketch/horse/n02374451_12418-3.png,4,1.000000
3121,pacs_data/pacs_data/sketch/horse/n02374451_12418-4.png,4,1.000000
3122,pacs_data/pacs_data/sketch/horse/n02374451_12418-5.png,4,1.000000
3123,pacs_data/pacs_data/sketch/horse/n02374451_12418-6.png,4,1.000000
3124,pacs_data/pacs_data/sketch/horse/n02374451_12418-7.png,4,1.000000
3125,pacs_data/pacs_data/sketch/horse/n02374451_12418-8.png,4,1.000000
3126,pacs_data/pacs_data/sketch/horse/n02374451_12418-9.png,4,1.000000
3127,pacs_data/pacs_data/sketch/horse/n02374451_12792-1.png,4,1.000000
3128,pacs_data/pacs_data/sketch/horse/n02374451_12792-10.png,4,1.000000
3129,pacs_data/pacs_data/sketch/horse/n02374451_12792-2.png,4,1.000000
3130,pacs_data/pacs_data/sketch/horse/n02374451_12792-3.png,4,1.000000
3131,pacs_data/pacs_data/sketch/horse/n02374451_12792-4.png,4,1.000000
3132,pacs_data/pacs_data/sketch/horse/n02374451_12792-5.png,4,1.000000
3133,pacs_data/pacs_data/sketch/horse/n02374451_12792-6.png,4,1.000000
3134,pacs_data/pacs_data/sketch/horse/n02374451_12792-7.png,4,1.000000
3135,pacs_data/pacs_data/sketch/horse/n02374451_12792-8.png,4,1.000000
3136,pacs_data/pacs_data/sketch/horse/n02374451_12792-9.png,4,1.000000
3137,pacs_data/pacs_data/sketch/horse/n02374451_12847-1.png,4,1.000000
3138,pacs_data/pacs_data/sketch/horse/n02374451_12847-2.png,4,1.000000
3139,pacs_data/pacs_data/sketch/horse/n02374451_12847-3.png,4,1.000000
3140,pacs_data/pacs_data/sketch/horse/n02374451_12847-4.png,4,1.000000
3141,pacs_data/pacs_data/sketch/horse/n02374451_12847-5.png,4,1.000000
3142,pacs_data/pacs_data/sketch/horse/n02374451_12847-6.png,4,1.000000
3143,pacs_data/pacs_data/sketch/horse/n02374451_12847-7.png,4,1.000000
3144,pacs_data/pacs_data/sketch/horse/n02374451_12847-8.png,4,1.000000
3145,pacs_data/pacs_data/sketch/horse/n02374451_13132-1.png,4,1.000000
3146,pacs_data/pacs_data/sketch/horse/n02374451_13132-2.png,4,1.000000
3147,pacs_data/pacs_data/sketch/horse/n02374451_13132-3.png,4,1.000000
3148,pacs_data/pacs_data/sketch/horse/n02374451_13132-4.png,4,1.000000
3149,pacs_data/pacs_data/sketch/horse/n02374451_13132-5.png,4,1.000000
3150,pacs_data/pacs_data/sketch/horse/n02374451_13132-6.png,4,1.000000
3151,pacs_data/pacs_data/sketch/horse/n02374451_13132-7.png,4,1.000000
3152,pacs_data/pacs_data/sketch/horse/n02374451_13136-1.png,4,1.000000
3153,pacs_data/pacs_data/sketch/horse/n02374451_13136-2.png,4,1.000000
3154,pacs_data/pacs_data/sketch/horse/n02374451_13136-3.png,4,1.000000
3155,pacs_data/pacs_data/sketch/horse/n02374451_13136-4.png,4,1.000000
3156,pacs_data/pacs_data/sketch/horse/n02374451_13136-5.png,4,1.000000
3157,pacs_data/pacs_data/sketch/horse/n02374451_13159-1.png,4,1.000000
3158,pacs_data/pacs_data/sketch/horse/n02374451_13159-2.png,4,1.000000
3159,pacs_data/pacs_data/sketch/horse/n02374451_13159-3.png,4,1.000000
3160,pacs_data/pacs_data/sketch/horse/n02374451_13159-4.png,4,1.000000
3161,pacs_data/pacs_data/sketch/horse/n02374451_13159-5.png,4,1.000000
3162,pacs_data/pacs_data/sketch/horse/n02374451_13159-6.png,4,1.000000
3163,pacs_data/pacs_data/sketch/horse/n02374451_13159-7.png,4,1.000000
3164,pacs_data/pacs_data/sketch/horse/n02374451_13159-8.png,4,1.000000
3165,pacs_data/pacs_data/sketch/horse/n02374451_13171-1.png,4,1.000000
3166,pacs_data/pacs_data/sketch/horse/n02374451_13171-2.png,4,1.000000
3167,pacs_data/pacs_data/sketch/horse/n02374451_13171-3.png,4,1.000000
3168,pacs_data/pacs_data/sketch/horse/n02374451_13171-4.png,4,1.000000
3169,pacs_data/pacs_data/sketch/horse/n02374451_13171-5.png,4,1.000000
3170,pacs_data/pacs_data/sketch/horse/n02374451_13171-6.png,4,1.000000
3171,pacs_data/pacs_data/sketch/horse/n02374451_1340-1.png,4,1.000000
3172,pacs_data/pacs_data/sketch/horse/n02374451_1340-10.png,4,1.000000
3173,pacs_data/pacs_data/sketch/horse/n02374451_1340-11.png,4,1.000000
3174,pacs_data/pacs_data/sketch/horse/n02374451_1340-2.png,4,1.000000
3175,pacs_data/pacs_data/sketch/horse/n02374451_1340-3.png,4,1.000000
3176,pacs_data/pacs_data/sketch/horse/n02374451_1340-4.png,4,1.000000
3177,pacs_data/pacs_data/sketch/horse/n02374451_1340-5.png,4,1.000000
3178,pacs_data/pacs_data/sketch/horse/n02374451_1340-6.png,4,1.000000
3179,pacs_data/pacs_data/sketch/horse/n02374451_1340-7.png,4,1.000000
3180,pacs_data/pacs_data/sketch/horse/n02374451_1340-8.png,4,1.000000
3181,pacs_data/pacs_data/sketch/horse/n02374451_1340-9.png,4,1.000000
3182,pacs_data/pacs_data/sketch/horse/n02374451_13718-1.png,4,1.000000
3183,pacs_data/pacs_data/sketch/horse/n02374451_13718-2.png,4,1.000000
3184,pacs_data/pacs_data/sketch/horse/n02374451_13718-3.png,4,1.000000
3185,pacs_data/pacs_data/sketch/horse/n02374451_13718-4.png,4,1.000000
3186,pacs_data/pacs_data/sketch/horse/n02374451_13718-5.png,4,1.000000
3187,pacs_data/pacs_data/sketch/horse/n02374451_13718-6.png,4,1.000000
3188,pacs_data/pacs_data/sketch/horse/n02374451_14119-1.png,4,1.000000
3189,pacs_data/pacs_data/sketch/horse/n02374451_14119-2.png,4,1.000000
3190,pacs_data/pacs_data/sketch/horse/n02374451_14119-3.png,4,1.000000
3191,pacs_data/pacs_data/sketch/horse/n02374451_14119-4.png,4,1.000000
3192,pacs_data/pacs_data/sketch/horse/n02374451_14119-5.png,4,1.000000
3193,pacs_data/pacs_data/sketch/horse/n02374451_14119-6.png,4,1.000000
3194,pacs_data/pacs_data/sketch/horse/n02374451_14119-7.png,4,1.000000
3195,pacs_data/pacs_data/sketch/horse/n02374451_14119-8.png,4,1.000000
3196,pacs_data/pacs_data/sketch/horse/n02374451_14119-9.png,4,1.000000
3197,pacs_data/pacs_data/sketch/horse/n02374451_14233-1.png,4,1.000000
3198,pacs_data/pacs_data/sketch/horse/n02374451_14233-2.png,4,1.000000
3199,pacs_data/pacs_data/sketch/horse/n02374451_14233-3.png,4,1.000000
3200,pacs_data/pacs_data/sketch/horse/n02374451_14233-4.png,4,1.000000
3201,pacs_data/pacs_data/sketch/horse/n02374451_14233-5.png,4,1.000000
3202,pacs_data/pacs_data/sketch/horse/n02374451_14399-1.png,4,1.000000
3203,pacs_data/pacs_data/sketch/horse/n02374451_14399-2.png,4,1.000000
3204,pacs_data/pacs_data/sketch/horse/n02374451_14399-3.png,4,1.000000
3205,pacs_data/pacs_data/sketch/horse/n02374451_14399-4.png,4,1.000000
3206,pacs_data/pacs_data/sketch/horse/n02374451_14399-5.png,4,1.000000
3207,pacs_data/pacs_data/sketch/horse/n02374451_14399-6.png,4,1.000000
3208,pacs_data/pacs_data/sketch/horse/n02374451_14399-7.png,4,1.000000
3209,pacs_data/pacs_data/sketch/horse/n02374451_14425-1.png,4,1.000000
3210,pacs_data/pacs_data/sketch/horse/n02374451_14425-10.png,4,1.000000
3211,pacs_data/pacs_data/sketch/horse/n02374451_14425-2.png,4,1.000000
3212,pacs_data/pacs_data/sketch/horse/n02374451_14425-3.png,4,1.000000
3213,pacs_data/pacs_data/sketch/horse/n02374451_14425-4.png,4,1.000000
3214,pacs_data/pacs_data/sketch/horse/n02374451_14425-5.png,4,1.000000
3215,pacs_data/pacs_data/sketch/horse/n02374451_14425-6.png,4,1.000000
3216,pacs_data/pacs_data/sketch/horse/n02374451_14425-7.png,4,1.000000
3217,pacs_data/pacs_data/sketch/horse/n02374451_14425-8.png,4,1.000000
3218,pacs_data/pacs_data/sketch/horse/n02374451_14425-9.png,4,1.000000
3219,pacs_data/pacs_data/sketch/horse/n02374451_1443-1.png,4,1.000000
3220,pacs_data/pacs_data/sketch/horse/n02374451_1443-2.png,4,1.000000
3221,pacs_data/pacs_data/sketch/horse/n02374451_1443-3.png,4,1.000000
3222,pacs_data/pacs_data/sketch/horse/n02374451_1443-4.png,4,1.000000
3223,pacs_data/pacs_data/sketch/horse/n02374451_1443-5.png,4,1.000000
3224,pacs_data/pacs_data/sketch/horse/n02374451_1443-6.png,4,1.000000
3225,pacs_data/pacs_data/sketch/horse/n02374451_1443-7.png,4,1.000000
3226,pacs_data/pacs_data/sketch/horse/n02374451_1443-8.png,4,1.000000
3227,pacs_data/pacs_data/sketch/horse/n02374451_14738-1.png,4,1.000000
3228,pacs_data/pacs_data/sketch/horse/n02374451_14738-2.png,4,1.000000
3229,pacs_data/pacs_data/sketch/horse/n02374451_14738-3.png,4,1.000000
3230,pacs_data/pacs_data/sketch/horse/n02374451_14738-4.png,4,1.000000
3231,pacs_data/pacs_data/sketch/horse/n02374451_14738-5.png,4,1.000000
3232,pacs_data/pacs_data/sketch/horse/n02374451_14738-6.png,4,1.000000
3233,pacs_data/pacs_data/sketch/horse/n02374451_14738-7.png,4,1.000000
3234,pacs_data/pacs_data/sketch/horse/n02374451_14846-1.png,4,1.000000
3235,pacs_data/pacs_data/sketch/horse/n02374451_14846-2.png,4,1.000000
3236,pacs_data/pacs_data/sketch/horse/n02374451_14846-3.png,4,1.000000
3237,pacs_data/pacs_data/sketch/horse/n02374451_14846-4.png,4,1.000000
3238,pacs_data/pacs_data/sketch/horse/n02374451_14846-5.png,4,1.000000
3239,pacs_data/pacs_data/sketch/horse/n02374451_14846-6.png,4,1.000000
3240,pacs_data/pacs_data/sketch/horse/n02374451_14846-7.png,4,1.000000
3241,pacs_data/pacs_data/sketch/horse/n02374451_15307-1.png,4,1.000000
3242,pacs_data/pacs_data/sketch/horse/n02374451_15307-2.png,4,1.000000
3243,pacs_data/pacs_data/sketch/horse/n02374451_15307-3.png,4,1.000000
3244,pacs_data/pacs_data/sketch/horse/n02374451_15307-4.png,4,1.000000
3245,pacs_data/pacs_data/sketch/horse/n02374451_15307-5.png,4,1.000000
3246,pacs_data/pacs_data/sketch/horse/n02374451_15307-6.png,4,1.000000
3247,pacs_data/pacs_data/sketch/horse/n02374451_15440-1.png,4,1.000000
3248,pacs_data/pacs_data/sketch/horse/n02374451_15440-2.png,4,1.000000
3249,pacs_data/pacs_data/sketch/horse/n02374451_15440-3.png,4,1.000000
3250,pacs_data/pacs_data/sketch/horse/n02374451_15440-4.png,4,1.000000
3251,pacs_data/pacs_data/sketch/horse/n02374451_15440-5.png,4,1.000000
3252,pacs_data/pacs_data/sketch/horse/n02374451_15440-6.png,4,1.000000
3253,pacs_data/pacs_data/sketch/horse/n02374451_15453-1.png,4,1.000000
3254,pacs_data/pacs_data/sketch/horse/n02374451_15453-2.png,4,1.000000
3255,pacs_data/pacs_data/sketch/horse/n02374451_15453-3.png,4,1.000000
3256,pacs_data/pacs_data/sketch/horse/n02374451_15453-4.png,4,1.000000
3257,pacs_data/pacs_data/sketch/horse/n02374451_15453-5.png,4,1.000000
3258,pacs_data/pacs_data/sketch/horse/n02374451_15453-6.png,4,1.000000
3259,pacs_data/pacs_data/sketch/horse/n02374451_15453-7.png,4,1.000000
3260,pacs_data/pacs_data/sketch/horse/n02374451_15669-1.png,4,1.000000
3261,pacs_data/pacs_data/sketch/horse/n02374451_15669-2.png,4,1.000000
3262,pacs_data/pacs_data/sketch/horse/n02374451_15669-3.png,4,1.000000
3263,pacs_data/pacs_data/sketch/horse/n02374451_15669-4.png,4,1.000000
3264,pacs_data/pacs_data/sketch/horse/n02374451_15669-5.png,4,1.000000
3265,pacs_data/pacs_data/sketch/horse/n02374451_15669-6.png,4,1.000000
3266,pacs_data/pacs_data/sketch/horse/n02374451_16194-1.png,4,1.000000
3267,pacs_data/pacs_data/sketch/horse/n02374451_16194-2.png,4,1.000000
3268,pacs_data/pacs_data/sketch/horse/n02374451_16194-3.png,4,1.000000
3269,pacs_data/pacs_data/sketch/horse/n02374451_16194-4.png,4,1.000000
3270,pacs_data/pacs_data/sketch/horse/n02374451_16194-5.png,4,1.000000
3271,pacs_data/pacs_data/sketch/horse/n02374451_16194-6.png,4,1.000000
3272,pacs_data/pacs_data/sketch/horse/n02374451_16358-1.png,4,1.000000
3273,pacs_data/pacs_data/sketch/horse/n02374451_16358-2.png,4,1.000000
3274,pacs_data/pacs_data/sketch/horse/n02374451_16358-3.png,4,1.000000
3275,pacs_data/pacs_data/sketch/horse/n02374451_16358-4.png,4,1.000000
3276,pacs_data/pacs_data/sketch/horse/n02374451_16358-5.png,4,1.000000
3277,pacs_data/pacs_data/sketch/horse/n02374451_16358-6.png,4,1.000000
3278,pacs_data/pacs_data/sketch/horse/n02374451_16948-1.png,4,1.000000
3279,pacs_data/pacs_data/sketch/horse/n02374451_16948-2.png,4,1.000000
3280,pacs_data/pacs_data/sketch/horse/n02374451_16948-3.png,4,1.000000
3281,pacs_data/pacs_data/sketch/horse/n02374451_16948-4.png,4,1.000000
3282,pacs_data/pacs_data/sketch/horse/n02374451_16948-5.png,4,1.000000
3283,pacs_data/pacs_data/sketch/horse/n02374451_16948-6.png,4,1.000000
3284,pacs_data/pacs_data/sketch/horse/n02374451_16948-7.png,4,1.000000
3285,pacs_data/pacs_data/sketch/horse/n02374451_16948-8.png,4,1.000000
3286,pacs_data/pacs_data/sketch/horse/n02374451_16948-9.png,4,1.000000
3287,pacs_data/pacs_data/sketch/horse/n02374451_1695-1.png,4,1.000000
3288,pacs_data/pacs_data/sketch/horse/n02374451_1695-2.png,4,1.000000
3289,pacs_data/pacs_data/sketch/horse/n02374451_1695-3.png,4,1.000000
3290,pacs_data/pacs_data/sketch/horse/n02374451_1695-4.png,4,1.000000
3291,pacs_data/pacs_data/sketch/horse/n02374451_1695-5.png,4,1.000000
3292,pacs_data/pacs_data/sketch/horse/n02374451_1695-6.png,4,1.000000
3293,pacs_data/pacs_data/sketch/horse/n02374451_1695-7.png,4,1.000000
3294,pacs_data/pacs_data/sketch/horse/n02374451_17043-1.png,4,1.000000
3295,pacs_data/pacs_data/sketch/horse/n02374451_17043-2.png,4,1.000000
3296,pacs_data/pacs_data/sketch/horse/n02374451_17043-3.png,4,1.000000
3297,pacs_data/pacs_data/sketch/horse/n02374451_17043-4.png,4,1.000000
3298,pacs_data/pacs_data/sketch/horse/n02374451_17043-5.png,4,1.000000
3299,pacs_data/pacs_data/sketch/horse/n02374451_17043-6.png,4,1.000000
3300,pacs_data/pacs_data/sketch/horse/n02374451_17384-1.png,4,1.000000
3301,pacs_data/pacs_data/sketch/horse/n02374451_17384-2.png,4,1.000000
3302,pacs_data/pacs_data/sketch/horse/n02374451_17384-3.png,4,1.000000
3303,pacs_data/pacs_data/sketch/horse/n02374451_17384-4.png,4,0.999999
3304,pacs_data/pacs_data/sketch/horse/n02374451_17384-5.png,4,1.000000
3305,pacs_data/pacs_data/sketch/horse/n02374451_17384-6.png,4,1.000000
3306,pacs_data/pacs_data/sketch/horse/n02374451_17384-7.png,4,1.000000
3307,pacs_data/pacs_data/sketch/horse/n02374451_17384-8.png,4,1.000000
3308,pacs_data/pacs_data/sketch/horse/n02374451_17474-1.png,4,1.000000
3309,pacs_data/pacs_data/sketch/horse/n02374451_17474-2.png,4,1.000000
3310,pacs_data/pacs_data/sketch/horse/n02374451_17474-3.png,4,1.000000
3311,pacs_data/pacs_data/sketch/horse/n02374451_17474-4.png,4,1.000000
3312,pacs_data/pacs_data/sketch/horse/n02374451_17474-5.png,4,1.000000
3313,pacs_data/pacs_data/sketch/horse/n02374451_17474-6.png,4,1.000000
3314,pacs_data/pacs_data/sketch/horse/n02374451_17474-7.png,4,1.000000
3315,pacs_data/pacs_data/sketch/horse/n02374451_17474-8.png,4,1.000000
3316,pacs_data/pacs_data/sketch/horse/n02374451_17634-1.png,4,1.000000
3317,pacs_data/pacs_data/sketch/horse/n02374451_17634-2.png,4,1.000000
3318,pacs_data/pacs_data/sketch/horse/n02374451_17634-3.png,4,1.000000
3319,pacs_data/pacs_data/sketch/horse/n02374451_17634-4.png,4,1.000000
3320,pacs_data/pacs_data/sketch/horse/n02374451_17634-5.png,4,1.000000
3321,pacs_data/pacs_data/sketch/horse/n02374451_17634-6.png,4,1.000000
3322,pacs_data/pacs_data/sketch/horse/n02374451_18192-1.png,4,1.000000
3323,pacs_data/pacs_data/sketch/horse/n02374451_18192-2.png,4,1.000000
3324,pacs_data/pacs_data/sketch/horse/n02374451_18192-3.png,4,1.000000
3325,pacs_data/pacs_data/sketch/horse/n02374451_18192-4.png,4,1.000000
3326,pacs_data/pacs_data/sketch/horse/n02374451_18192-5.png,4,1.000000
3327,pacs_data/pacs_data/sketch/horse/n02374451_18192-6.png,4,1.000000
3328,pacs_data/pacs_data/sketch/horse/n02374451_18570-1.png,4,1.000000
3329,pacs_data/pacs_data/sketch/horse/n02374451_18570-2.png,4,1.000000
3330,pacs_data/pacs_data/sketch/horse/n02374451_18570-3.png,4,1.000000
3331,pacs_data/pacs_data/sketch/horse/n02374451_18570-4.png,4,1.000000
3332,pacs_data/pacs_data/sketch/horse/n02374451_18570-5.png,4,1.000000
3333,pacs_data/pacs_data/sketch/horse/n02374451_18570-6.png,4,1.000000
3334,pacs_data/pacs_data/sketch/horse/n02374451_18570-7.png,4,1.000000
3335,pacs_data/pacs_data/sketch/horse/n02374451_18909-1.png,4,1.000000
3336,pacs_data/pacs_data/sketch/horse/n02374451_18909-2.png,4,1.000000
3337,pacs_data/pacs_data/sketch/horse/n02374451_18909-3.png,4,1.000000
3338,pacs_data/pacs_data/sketch/horse/n02374451_18909-4.png,4,1.000000
3339,pacs_data/pacs_data/sketch/horse/n02374451_18909-5.png,4,1.000000
3340,pacs_data/pacs_data/sketch/horse/n02374451_18909-6.png,4,1.000000
3341,pacs_data/pacs_data/sketch/horse/n02374451_2233-1.png,4,1.000000
3342,pacs_data/pacs_data/sketch/horse/n02374451_2233-2.png,4,1.000000
3343,pacs_data/pacs_data/sketch/horse/n02374451_2233-3.png,4,1.000000
3344,pacs_data/pacs_data/sketch/horse/n02374451_2233-4.png,4,1.000000
3345,pacs_data/pacs_data/sketch/horse/n02374451_2233-5.png,4,1.000000
3346,pacs_data/pacs_data/sketch/horse/n02374451_2233-6.png,4,1.000000
3347,pacs_data/pacs_data/sketch/horse/n02374451_2233-7.png,4,1.000000
3348,pacs_data/pacs_data/sketch/horse/n02374451_2248-1.png,4,1.000000
3349,pacs_data/pacs_data/sketch/horse/n02374451_2248-2.png,4,1.000000
3350,pacs_data/pacs_data/sketch/horse/n02374451_2248-3.png,4,1.000000
3351,pacs_data/pacs_data/sketch/horse/n02374451_2248-4.png,4,1.000000
3352,pacs_data/pacs_data/sketch/horse/n02374451_2248-5.png,4,1.000000
3353,pacs_data/pacs_data/sketch/horse/n02374451_2248-6.png,4,1.000000
3354,pacs_data/pacs_data/sketch/horse/n02374451_2248-7.png,4,1.000000
3355,pacs_data/pacs_data/sketch/horse/n02374451_2248-8.png,4,1.000000
3356,pacs_data/pacs_data/sketch/horse/n02374451_2372-1.png,4,1.000000
3357,pacs_data/pacs_data/sketch/horse/n02374451_2372-2.png,4,1.000000
3358,pacs_data/pacs_data/sketch/horse/n02374451_2372-3.png,4,1.000000
3359,pacs_data/pacs_data/sketch/horse/n02374451_2372-4.png,4,1.000000
3360,pacs_data/pacs_data/sketch/horse/n02374451_2372-5.png,4,1.000000
3361,pacs_data/pacs_data/sketch/horse/n02374451_2372-6.png,4,1.000000
3362,pacs_data/pacs_data/sketch/horse/n02374451_2372-7.png,4,1.000000
3363,pacs_data/pacs_data/sketch/horse/n02374451_2372-8.png,4,1.000000
3364,pacs_data/pacs_data/sketch/horse/n02374451_245-1.png,4,1.000000
3365,pacs_data/pacs_data/sketch/horse/n02374451_245-2.png,4,1.000000
3366,pacs_data/pacs_data/sketch/horse/n02374451_245-3.png,4,1.000000
3367,pacs_data/pacs_data/sketch/horse/n02374451_245-4.png,4,1.000000
3368,pacs_data/pacs_data/sketch/horse/n02374451_245-5.png,4,1.000000
3369,pacs_data/pacs_data/sketch/horse/n02374451_245-6.png,4,1.000000
3370,pacs_data/pacs_data/sketch/horse/n02374451_2478-1.png,4,1.000000
3371,pacs_data/pacs_data/sketch/horse/n02374451_2478-2.png,4,1.000000
3372,pacs_data/pacs_data/sketch/horse/n02374451_2478-3.png,4,1.000000
3373,pacs_data/pacs_data/sketch/horse/n02374451_2478-4.png,4,1.000000
3374,pacs_data/pacs_data/sketch/horse/n02374451_2478-5.png,4,1.000000
3375,pacs_data/pacs_data/sketch/horse/n02374451_257-1.png,4,1.000000
3376,pacs_data/pacs_data/sketch/horse/n02374451_257-2.png,4,1.000000
3377,pacs_data/pacs_data/sketch/horse/n02374451_257-3.png,4,1.000000
3378,pacs_data/pacs_data/sketch/horse/n02374451_257-4.png,4,1.000000
3379,pacs_data/pacs_data/sketch/horse/n02374451_257-5.png,4,1.000000
3380,pacs_data/pacs_data/sketch/horse/n02374451_257-6.png,4,1.000000
3381,pacs_data/pacs_data/sketch/horse/n02374451_257-7.png,4,1.000000
3382,pacs_data/pacs_data/sketch/horse/n02374451_2616-1.png,4,1.000000
3383,pacs_data/pacs_data/sketch/horse/n02374451_2616-10.png,4,1.000000
3384,pacs_data/pacs_data/sketch/horse/n02374451_2616-2.png,4,1.000000
3385,pacs_data/pacs_data/sketch/horse/n02374451_2616-3.png,4,1.000000
3386,pacs_data/pacs_data/sketch/horse/n02374451_2616-4.png,4,1.000000
3387,pacs_data/pacs_data/sketch/horse/n02374451_2616-5.png,4,1.000000
3388,pacs_data/pacs_data/sketch/horse/n02374451_2616-6.png,4,1.000000
3389,pacs_data/pacs_data/sketch/horse/n02374451_2616-7.png,4,1.000000
3390,pacs_data/pacs_data/sketch/horse/n02374451_2616-8.png,4,1.000000
3391,pacs_data/pacs_data/sketch/horse/n02374451_2616-9.png,4,1.000000
3392,pacs_data/pacs_data/sketch/horse/n02374451_262-1.png,4,1.000000
3393,pacs_data/pacs_data/sketch/horse/n02374451_262-10.png,4,1.000000
3394,pacs_data/pacs_data/sketch/horse/n02374451_262-11.png,4,1.000000
3395,pacs_data/pacs_data/sketch/horse/n02374451_262-12.png,4,1.000000
3396,pacs_data/pacs_data/sketch/horse/n02374451_262-2.png,4,1.000000
3397,pacs_data/pacs_data/sketch/horse/n02374451_262-3.png,4,1.000000
3398,pacs_data/pacs_data/sketch/horse/n02374451_262-4.png,4,1.000000
3399,pacs_data/pacs_data/sketch/horse/n02374451_262-5.png,4,1.000000
3400,pacs_data/pacs_data/sketch/horse/n02374451_262-6.png,4,1.000000
3401,pacs_data/pacs_data/sketch/horse/n02374451_262-7.png,4,1.000000
3402,pacs_data/pacs_data/sketch/horse/n02374451_262-8.png,4,1.000000
3403,pacs_data/pacs_data/sketch/horse/n02374451_262-9.png,4,1.000000
3404,pacs_data/pacs_data/sketch/horse/n02374451_2733-1.png,4,1.000000
3405,pacs_data/pacs_data/sketch/horse/n02374451_2733-2.png,4,1.000000
3406,pacs_data/pacs_data/sketch/horse/n02374451_2733-3.png,4,1.000000
3407,pacs_data/pacs_data/sketch/horse/n02374451_2733-4.png,4,1.000000
3408,pacs_data/pacs_data/sketch/horse/n02374451_2733-5.png,4,1.000000
3409,pacs_data/pacs_data/sketch/horse/n02374451_2733-6.png,4,1.000000
3410,pacs_data/pacs_data/sketch/horse/n02374451_2733-7.png,4,1.000000
3411,pacs_data/pacs_data/sketch/horse/n02374451_2743-1.png,4,1.000000
3412,pacs_data/pacs_data/sketch/horse/n02374451_2743-2.png,4,1.000000
3413,pacs_data/pacs_data/sketch/horse/n02374451_2743-3.png,4,1.000000
3414,pacs_data/pacs_data/sketch/horse/n02374451_2743-4.png,4,1.000000
3415,pacs_data/pacs_data/sketch/horse/n02374451_2743-5.png,4,1.000000
3416,pacs_data/pacs_data/sketch/horse/n02374451_2743-6.png,4,1.000000
3417,pacs_data/pacs_data/sketch/horse/n02374451_2743-7.png,4,1.000000
3418,pacs_data/pacs_data/sketch/horse/n02374451_276-1.png,4,1.000000
3419,pacs_data/pacs_data/sketch/horse/n02374451_276-10.png,4,1.000000
3420,pacs_data/pacs_data/sketch/horse/n02374451_276-2.png,4,1.000000
3421,pacs_data/pacs_data/sketch/horse/n02374451_276-3.png,4,1.000000
3422,pacs_data/pacs_data/sketch/horse/n02374451_276-4.png,4,1.000000
3423,pacs_data/pacs_data/sketch/horse/n02374451_276-5.png,4,1.000000
3424,pacs_data/pacs_data/sketch/horse/n02374451_276-6.png,4,1.000000
3425,pacs_data/pacs_data/sketch/horse/n02374451_276-7.png,4,1.000000
3426,pacs_data/pacs_data/sketch/horse/n02374451_276-8.png,4,1.000000
3427,pacs_data/pacs_data/sketch/horse/n02374451_276-9.png,4,1.000000
3428,pacs_data/pacs_data/sketch/horse/n02374451_2825-1.png,4,1.000000
3429,pacs_data/pacs_data/sketch/horse/n02374451_2825-10.png,4,1.000000
3430,pacs_data/pacs_data/sketch/horse/n02374451_2825-2.png,4,1.000000
3431,pacs_data/pacs_data/sketch/horse/n02374451_2825-3.png,4,1.000000
3432,pacs_data/pacs_data/sketch/horse/n02374451_2825-4.png,4,1.000000
3433,pacs_data/pacs_data/sketch/horse/n02374451_2825-5.png,4,1.000000
3434,pacs_data/pacs_data/sketch/horse/n02374451_2825-6.png,4,1.000000
3435,pacs_data/pacs_data/sketch/horse/n02374451_2825-7.png,4,1.000000
3436,pacs_data/pacs_data/sketch/horse/n02374451_2825-8.png,4,1.000000
3437,pacs_data/pacs_data/sketch/horse/n02374451_2825-9.png,4,1.000000
3438,pacs_data/pacs_data/sketch/horse/n02374451_2846-1.png,4,1.000000
3439,pacs_data/pacs_data/sketch/horse/n02374451_2846-2.png,4,1.000000
3440,pacs_data/pacs_data/sketch/horse/n02374451_2846-3.png,4,1.000000
3441,pacs_data/pacs_data/sketch/horse/n02374451_2846-4.png,4,1.000000
3442,pacs_data/pacs_data/sketch/horse/n02374451_2846-5.png,4,1.000000
3443,pacs_data/pacs_data/sketch/horse/n02374451_2846-6.png,4,1.000000
3444,pacs_data/pacs_data/sketch/horse/n02374451_2846-7.png,4,1.000000
3445,pacs_data/pacs_data/sketch/horse/n02374451_2846-8.png,4,1.000000
3446,pacs_data/pacs_data/sketch/horse/n02374451_2846-9.png,4,1.000000
3447,pacs_data/pacs_data/sketch/horse/n02374451_3388-1.png,4,1.000000
3448,pacs_data/pacs_data/sketch/horse/n02374451_3388-2.png,4,1.000000
3449,pacs_data/pacs_data/sketch/horse/n02374451_3388-3.png,4,1.000000
3450,pacs_data/pacs_data/sketch/horse/n02374451_3388-4.png,4,1.000000
3451,pacs_data/pacs_data/sketch/horse/n02374451_3388-5.png,4,1.000000
3452,pacs_data/pacs_data/sketch/horse/n02374451_3388-6.png,4,1.000000
3453,pacs_data/pacs_data/sketch/horse/n02374451_3388-7.png,4,1.000000
3454,pacs_data/pacs_data/sketch/horse/n02374451_3388-8.png,4,1.000000
3455,pacs_data/pacs_data/sketch/horse/n02374451_3388-9.png,4,1.000000
3456,pacs_data/pacs_data/sketch/horse/n02374451_3808-1.png,4,1.000000
3457,pacs_data/pacs_data/sketch/horse/n02374451_3808-2.png,4,1.000000
3458,pacs_data/pacs_data/sketch/horse/n02374451_3808-3.png,4,1.000000
3459,pacs_data/pacs_data/sketch/horse/n02374451_3808-4.png,4,1.000000
3460,pacs_data/pacs_data/sketch/horse/n02374451_3808-5.png,4,1.000000
3461,pacs_data/pacs_data/sketch/horse/n02374451_3808-6.png,4,1.000000
3462,pacs_data/pacs_data/sketch/horse/n02374451_3808-7.png,4,1.000000
3463,pacs_data/pacs_data/sketch/horse/n02374451_3808-8.png,4,1.000000
3464,pacs_data/pacs_data/sketch/horse/n02374451_3808-9.png,4,1.000000
3465,pacs_data/pacs_data/sketch/horse/n02374451_388-10.png,4,1.000000
3466,pacs_data/pacs_data/sketch/horse/n02374451_388-2.png,4,1.000000
3467,pacs_data/pacs_data/sketch/horse/n02374451_388-3.png,4,1.000000
3468,pacs_data/pacs_data/sketch/horse/n02374451_388-4.png,4,1.000000
3469,pacs_data/pacs_data/sketch/horse/n02374451_388-5.png,4,1.000000
3470,pacs_data/pacs_data/sketch/horse/n02374451_388-6.png,4,1.000000
3471,pacs_data/pacs_data/sketch/horse/n02374451_388-7.png,4,1.000000
3472,pacs_data/pacs_data/sketch/horse/n02374451_388-8.png,4,1.000000
3473,pacs_data/pacs_data/sketch/horse/n02374451_388-9.png,4,1.000000
3474,pacs_data/pacs_data/sketch/horse/n02374451_4538-1.png,4,1.000000
3475,pacs_data/pacs_data/sketch/horse/n02374451_4538-2.png,4,1.000000
3476,pacs_data/pacs_data/sketch/horse/n02374451_4538-3.png,4,1.000000
3477,pacs_data/pacs_data/sketch/horse/n02374451_4538-4.png,4,1.000000
3478,pacs_data/pacs_data/sketch/horse/n02374451_4538-5.png,4,1.000000
3479,pacs_data/pacs_data/sketch/horse/n02374451_4538-6.png,4,1.000000
3480,pacs_data/pacs_data/sketch/horse/n02374451_4538-7.png,4,1.000000
3481,pacs_data/pacs_data/sketch/horse/n02374451_4538-8.png,4,1.000000
3482,pacs_data/pacs_data/sketch/horse/n02374451_4538-9.png,4,1.000000
3483,pacs_data/pacs_data/sketch/horse/n02374451_4553-1.png,4,1.000000
3484,pacs_data/pacs_data/sketch/horse/n02374451_4553-2.png,4,1.000000
3485,pacs_data/pacs_data/sketch/horse/n02374451_4553-3.png,4,1.000000
3486,pacs_data/pacs_data/sketch/horse/n02374451_4553-4.png,4,1.000000
3487,pacs_data/pacs_data/sketch/horse/n02374451_4553-5.png,4,1.000000
3488,pacs_data/pacs_data/sketch/horse/n02374451_4553-6.png,4,1.000000
3489,pacs_data/pacs_data/sketch/horse/n02374451_4553-7.png,4,1.000000
3490,pacs_data/pacs_data/sketch/horse/n02374451_468-1.png,4,1.000000
3491,pacs_data/pacs_data/sketch/horse/n02374451_468-10.png,4,1.000000
3492,pacs_data/pacs_data/sketch/horse/n02374451_468-2.png,4,1.000000
3493,pacs_data/pacs_data/sketch/horse/n02374451_468-3.png,4,1.000000
3494,pacs_data/pacs_data/sketch/horse/n02374451_468-4.png,4,1.000000
3495,pacs_data/pacs_data/sketch/horse/n02374451_468-5.png,4,1.000000
3496,pacs_data/pacs_data/sketch/horse/n02374451_468-6.png,4,1.000000
3497,pacs_data/pacs_data/sketch/horse/n02374451_468-7.png,4,1.000000
3498,pacs_data/pacs_data/sketch/horse/n02374451_468-8.png,4,1.000000
3499,pacs_data/pacs_data/sketch/horse/n02374451_468-9.png,4,1.000000
3500,pacs_data/pacs_data/sketch/horse/n02374451_4795-1.png,4,1.000001
3501,pacs_data/pacs_data/sketch/horse/n02374451_4795-2.png,4,1.000000
3502,pacs_data/pacs_data/sketch/horse/n02374451_4795-3.png,4,1.000000
3503,pacs_data/pacs_data/sketch/horse/n02374451_4795-4.png,4,1.000000
3504,pacs_data/pacs_data/sketch/horse/n02374451_4795-5.png,4,1.000000
3505,pacs_data/pacs_data/sketch/horse/n02374451_4795-6.png,4,1.000000
3506,pacs_data/pacs_data/sketch/horse/n02374451_4795-7.png,4,1.000000
3507,pacs_data/pacs_data/sketch/horse/n02374451_4795-8.png,4,1.000000
3508,pacs_data/pacs_data/sketch/horse/n02374451_4818-1.png,4,1.000000
3509,pacs_data/pacs_data/sketch/horse/n02374451_4818-2.png,4,1.000001
3510,pacs_data/pacs_data/sketch/horse/n02374451_4818-3.png,4,1.000000
3511,pacs_data/pacs_data/sketch/horse/n02374451_4818-4.png,4,1.000000
3512,pacs_data/pacs_data/sketch/horse/n02374451_4818-5.png,4,1.000000
3513,pacs_data/pacs_data/sketch/horse/n02374451_4818-6.png,4,1.000000
3514,pacs_data/pacs_data/sketch/horse/n02374451_4818-7.png,4,1.000000
3515,pacs_data/pacs_data/sketch/horse/n02374451_490-1.png,4,1.000000
3516,pacs_data/pacs_data/sketch/horse/n02374451_490-2.png,4,1.000000
3517,pacs_data/pacs_data/sketch/horse/n02374451_490-3.png,4,1.000000
3518,pacs_data/pacs_data/sketch/horse/n02374451_490-4.png,4,1.000000
3519,pacs_data/pacs_data/sketch/horse/n02374451_490-5.png,4,1.000000
3520,pacs_data/pacs_data/sketch/horse/n02374451_490-6.png,4,1.000000
3521,pacs_data/pacs_data/sketch/horse/n02374451_490-7.png,4,1.000000
3522,pacs_data/pacs_data/sketch/horse/n02374451_4963-1.png,4,1.000000
3523,pacs_data/pacs_data/sketch/horse/n02374451_4963-2.png,4,1.000000
3524,pacs_data/pacs_data/sketch/horse/n02374451_4963-3.png,4,1.000000
3525,pacs_data/pacs_data/sketch/horse/n02374451_4963-4.png,4,1.000000
3526,pacs_data/pacs_data/sketch/horse/n02374451_4963-5.png,4,1.000000
3527,pacs_data/pacs_data/sketch/horse/n02374451_4963-6.png,4,1.000000
3528,pacs_data/pacs_data/sketch/horse/n02374451_503-1.png,4,1.000000
3529,pacs_data/pacs_data/sketch/horse/n02374451_503-2.png,4,1.000000
3530,pacs_data/pacs_data/sketch/horse/n02374451_503-3.png,4,1.000000
3531,pacs_data/pacs_data/sketch/horse/n02374451_503-4.png,4,1.000000
3532,pacs_data/pacs_data/sketch/horse/n02374451_503-5.png,4,1.000000
3533,pacs_data/pacs_data/sketch/horse/n02374451_503-6.png,4,1.000000
3534,pacs_data/pacs_data/sketch/horse/n02374451_5084-1.png,4,1.000000
3535,pacs_data/pacs_data/sketch/horse/n02374451_5084-2.png,4,1.000000
3536,pacs_data/pacs_data/sketch/horse/n02374451_5084-3.png,4,1.000000
3537,pacs_data/pacs_data/sketch/horse/n02374451_5084-4.png,4,1.000000
3538,pacs_data/pacs_data/sketch/horse/n02374451_5084-5.png,4,1.000000
3539,pacs_data/pacs_data/sketch/horse/n02374451_5084-6.png,4,1.000000
3540,pacs_data/pacs_data/sketch/horse/n02374451_54-1.png,4,1.000000
3541,pacs_data/pacs_data/sketch/horse/n02374451_54-10.png,4,1.000000
3542,pacs_data/pacs_data/sketch/horse/n02374451_54-2.png,4,1.000000
3543,pacs_data/pacs_data/sketch/horse/n02374451_54-3.png,4,1.000000
3544,pacs_data/pacs_data/sketch/horse/n02374451_54-4.png,4,1.000000
3545,pacs_data/pacs_data/sketch/horse/n02374451_54-5.png,4,1.000000
3546,pacs_data/pacs_data/sketch/horse/n02374451_54-6.png,4,1.000000
3547,pacs_data/pacs_data/sketch/horse/n02374451_54-7.png,4,1.000000
3548,pacs_data/pacs_data/sketch/horse/n02374451_54-8.png,4,1.000000
3549,pacs_data/pacs_data/sketch/horse/n02374451_54-9.png,4,1.000000
3550,pacs_data/pacs_data/sketch/horse/n02374451_557-1.png,4,1.000000
3551,pacs_data/pacs_data/sketch/horse/n02374451_557-2.png,4,1.000000
3552,pacs_data/pacs_data/sketch/horse/n02374451_557-3.png,4,1.000000
3553,pacs_data/pacs_data/sketch/horse/n02374451_557-4.png,4,1.000000
3554,pacs_data/pacs_data/sketch/horse/n02374451_557-5.png,4,1.000000
3555,pacs_data/pacs_data/sketch/horse/n02374451_597-1.png,4,1.000000
3556,pacs_data/pacs_data/sketch/horse/n02374451_597-2.png,4,1.000000
3557,pacs_data/pacs_data/sketch/horse/n02374451_597-3.png,4,1.000000
3558,pacs_data/pacs_data/sketch/horse/n02374451_597-4.png,4,1.000000
3559,pacs_data/pacs_data/sketch/horse/n02374451_597-5.png,4,1.000000
3560,pacs_data/pacs_data/sketch/horse/n02374451_597-6.png,4,1.000000
3561,pacs_data/pacs_data/sketch/horse/n02374451_597-7.png,4,1.000000
3562,pacs_data/pacs_data/sketch/horse/n02374451_6192-1.png,4,1.000000
3563,pacs_data/pacs_data/sketch/horse/n02374451_6192-2.png,4,1.000000
3564,pacs_data/pacs_data/sketch/horse/n02374451_6192-3.png,4,1.000000
3565,pacs_data/pacs_data/sketch/horse/n02374451_6192-4.png,4,1.000000
3566,pacs_data/pacs_data/sketch/horse/n02374451_6192-5.png,4,1.000000
3567,pacs_data/pacs_data/sketch/horse/n02374451_6192-6.png,4,1.000000
3568,pacs_data/pacs_data/sketch/horse/n02374451_6192-7.png,4,1.000000
3569,pacs_data/pacs_data/sketch/horse/n02374451_6207-1.png,4,1.000000
3570,pacs_data/pacs_data/sketch/horse/n02374451_6207-2.png,4,1.000000
3571,pacs_data/pacs_data/sketch/horse/n02374451_6207-3.png,4,1.000000
3572,pacs_data/pacs_data/sketch/horse/n02374451_6207-4.png,4,1.000000
3573,pacs_data/pacs_data/sketch/horse/n02374451_6207-5.png,4,1.000000
3574,pacs_data/pacs_data/sketch/horse/n02374451_6207-6.png,4,1.000000
3575,pacs_data/pacs_data/sketch/horse/n02374451_7631-1.png,4,1.000000
3576,pacs_data/pacs_data/sketch/horse/n02374451_7631-2.png,4,1.000000
3577,pacs_data/pacs_data/sketch/horse/n02374451_7631-3.png,4,1.000000
3578,pacs_data/pacs_data/sketch/horse/n02374451_7631-4.png,4,1.000000
3579,pacs_data/pacs_data/sketch/horse/n02374451_7631-5.png,4,1.000000
3580,pacs_data/pacs_data/sketch/horse/n02374451_7631-6.png,4,1.000000
3581,pacs_data/pacs_data/sketch/horse/n02374451_7631-7.png,4,1.000000
3582,pacs_data/pacs_data/sketch/horse/n02374451_777-1.png,4,1.000000
3583,pacs_data/pacs_data/sketch/horse/n02374451_777-2.png,4,1.000000
3584,pacs_data/pacs_data/sketch/horse/n02374451_777-3.png,4,1.000000
3585,pacs_data/pacs_data/sketch/horse/n02374451_777-4.png,4,1.000000
3586,pacs_data/pacs_data/sketch/horse/n02374451_777-5.png,4,1.000000
3587,pacs_data/pacs_data/sketch/horse/n02374451_777-6.png,4,1.000000
3588,pacs_data/pacs_data/sketch/horse/n02374451_779-1.png,4,1.000000
3589,pacs_data/pacs_data/sketch/horse/n02374451_779-2.png,4,1.000000
3590,pacs_data/pacs_data/sketch/horse/n02374451_779-3.png,4,1.000000
3591,pacs_data/pacs_data/sketch/horse/n02374451_779-4.png,4,1.000000
3592,pacs_data/pacs_data/sketch/horse/n02374451_779-5.png,4,1.000000
3593,pacs_data/pacs_data/sketch/horse/n02374451_779-6.png,4,1.000000
3594,pacs_data/pacs_data/sketch/horse/n02374451_779-7.png,4,1.000000
3595,pacs_data/pacs_data/sketch/horse/n02374451_779-8.png,4,1.000000
3596,pacs_data/pacs_data/sketch/horse/n02374451_779-9.png,4,1.000000
3597,pacs_data/pacs_data/sketch/horse/n02374451_8065-1.png,4,1.000000
3598,pacs_data/pacs_data/sketch/horse/n02374451_8065-2.png,4,1.000000
3599,pacs_data/pacs_data/sketch/horse/n02374451_8065-3.png,4,1.000000
3600,pacs_data/pacs_data/sketch/horse/n02374451_8065-4.png,4,1.000000
3601,pacs_data/pacs_data/sketch/horse/n02374451_8065-5.png,4,1.000000
3602,pacs_data/pacs_data/sketch/horse/n02374451_8065-6.png,4,1.000000
3603,pacs_data/pacs_data/sketch/horse/n02374451_8269-1.png,4,1.000000
3604,pacs_data/pacs_data/sketch/horse/n02374451_8269-2.png,4,1.000000
3605,pacs_data/pacs_data/sketch/horse/n02374451_8269-3.png,4,1.000000
3606,pacs_data/pacs_data/sketch/horse/n02374451_8269-4.png,4,1.000000
3607,pacs_data/pacs_data/sketch/horse/n02374451_8269-5.png,4,1.000000
3608,pacs_data/pacs_data/sketch/horse/n02374451_8269-6.png,4,1.000000
3609,pacs_data/pacs_data/sketch/horse/n02374451_8269-7.png,4,1.000000
3610,pacs_data/pacs_data/sketch/horse/n02374451_8269-8.png,4,1.000000
3611,pacs_data/pacs_data/sketch/horse/n02374451_8269-9.png,4,1.000000
3612,pacs_data/pacs_data/sketch/horse/n02374451_8526-1.png,4,1.000000
3613,pacs_data/pacs_data/sketch/horse/n02374451_8526-2.png,4,1.000000
3614,pacs_data/pacs_data/sketch/horse/n02374451_8526-3.png,4,1.000000
3615,pacs_data/pacs_data/sketch/horse/n02374451_8526-4.png,4,1.000000
3616,pacs_data/pacs_data/sketch/horse/n02374451_8526-5.png,4,1.000000
3617,pacs_data/pacs_data/sketch/horse/n02374451_8526-6.png,4,1.000000
3618,pacs_data/pacs_data/sketch/horse/n02374451_8718-1.png,4,1.000000
3619,pacs_data/pacs_data/sketch/horse/n02374451_8718-2.png,4,1.000000
3620,pacs_data/pacs_data/sketch/horse/n02374451_8718-3.png,4,1.000000
3621,pacs_data/pacs_data/sketch/horse/n02374451_8718-4.png,4,1.000000
3622,pacs_data/pacs_data/sketch/horse/n02374451_8718-5.png,4,1.000000
3623,pacs_data/pacs_data/sketch/horse/n02374451_8718-6.png,4,1.000000
3624,pacs_data/pacs_data/sketch/horse/n02374451_8744-1.png,4,1.000000
3625,pacs_data/pacs_data/sketch/horse/n02374451_8744-10.png,4,1.000000
3626,pacs_data/pacs_data/sketch/horse/n02374451_8744-2.png,4,1.000000
3627,pacs_data/pacs_data/sketch/horse/n02374451_8744-3.png,4,1.000000
3628,pacs_data/pacs_data/sketch/horse/n02374451_8744-4.png,4,1.000000
3629,pacs_data/pacs_data/sketch/horse/n02374451_8744-5.png,4,1.000000
3630,pacs_data/pacs_data/sketch/horse/n02374451_8744-6.png,4,1.000000
3631,pacs_data/pacs_data/sketch/horse/n02374451_8744-7.png,4,1.000000
3632,pacs_data/pacs_data/sketch/horse/n02374451_8744-8.png,4,1.000000
3633,pacs_data/pacs_data/sketch/horse/n02374451_8744-9.png,4,1.000000
3634,pacs_data/pacs_data/sketch/horse/n02374451_8806-1.png,4,1.000000
3635,pacs_data/pacs_data/sketch/horse/n02374451_8806-2.png,4,1.000000
3636,pacs_data/pacs_data/sketch/horse/n02374451_8806-3.png,4,1.000000
3637,pacs_data/pacs_data/sketch/horse/n02374451_8806-4.png,4,1.000000
3638,pacs_data/pacs_data/sketch/horse/n02374451_8806-5.png,4,1.000000
3639,pacs_data/pacs_data/sketch/horse/n02374451_8806-6.png,4,1.000001
3640,pacs_data/pacs_data/sketch/horse/n02374451_8806-7.png,4,1.000000
3641,pacs_data/pacs_data/sketch/horse/n02374451_8806-8.png,4,1.000000
3642,pacs_data/pacs_data/sketch/horse/n02374451_9064-1.png,4,1.000000
3643,pacs_data/pacs_data/sketch/horse/n02374451_9064-2.png,4,1.000000
3644,pacs_data/pacs_data/sketch/horse/n02374451_9064-3.png,4,1.000000
3645,pacs_data/pacs_data/sketch/horse/n02374451_9064-4.png,4,1.000000
3646,pacs_data/pacs_data/sketch/horse/n02374451_9064-5.png,4,1.000000
3647,pacs_data/pacs_data/sketch/horse/n02374451_9064-6.png,4,1.000000
3648,pacs_data/pacs_data/sketch/horse/n02374451_916-1.png,4,1.000000
3649,pacs_data/pacs_data/sketch/horse/n02374451_916-2.png,4,1.000000
3650,pacs_data/pacs_data/sketch/horse/n02374451_916-3.png,4,1.000000
3651,pacs_data/pacs_data/sketch/horse/n02374451_916-4.png,4,1.000000
3652,pacs_data/pacs_data/sketch/horse/n02374451_916-5.png,4,1.000000
3653,pacs_data/pacs_data/sketch/horse/n02374451_916-6.png,4,1.000000
3654,pacs_data/pacs_data/sketch/horse/n02374451_9225-1.png,4,1.000000
3655,pacs_data/pacs_data/sketch/horse/n02374451_9225-2.png,4,1.000000
3656,pacs_data/pacs_data/sketch/horse/n02374451_9225-3.png,4,1.000000
3657,pacs_data/pacs_data/sketch/horse/n02374451_9225-4.png,4,1.000000
3658,pacs_data/pacs_data/sketch/horse/n02374451_9225-5.png,4,1.000000
3659,pacs_data/pacs_data/sketch/horse/n02374451_9225-6.png,4,1.000000
3660,pacs_data/pacs_data/sketch/horse/n02374451_9225-7.png,4,1.000000
3661,pacs_data/pacs_data/sketch/horse/n02374451_9225-8.png,4,1.000000
3662,pacs_data/pacs_data/sketch/horse/n02374451_925-1.png,4,1.000000
3663,pacs_data/pacs_data/sketch/horse/n02374451_925-2.png,4,1.000000
3664,pacs_data/pacs_data/sketch/horse/n02374451_925-3.png,4,1.000000
3665,pacs_data/pacs_data/sketch/horse/n02374451_925-4.png,4,1.000000
3666,pacs_data/pacs_data/sketch/horse/n02374451_925-5.png,4,1.000000
3667,pacs_data/pacs_data/sketch/horse/n02374451_925-6.png,4,1.000000
3668,pacs_data/pacs_data/sketch/horse/n02374451_925-7.png,4,1.000000
3669,pacs_data/pacs_data/sketch/horse/n02374451_929-1.png,4,1.000000
3670,pacs_data/pacs_data/sketch/horse/n02374451_929-2.png,4,1.000000
3671,pacs_data/pacs_data/sketch/horse/n02374451_929-3.png,4,1.000000
3672,pacs_data/pacs_data/sketch/horse/n02374451_929-4.png,4,1.000000
3673,pacs_data/pacs_data/sketch/horse/n02374451_929-5.png,4,1.000000
3674,pacs_data/pacs_data/sketch/horse/n02374451_929-6.png,4,1.000000
3675,pacs_data/pacs_data/sketch/horse/n02374451_9443-1.png,4,1.000000
3676,pacs_data/pacs_data/sketch/horse/n02374451_9443-2.png,4,1.000000
3677,pacs_data/pacs_data/sketch/horse/n02374451_9443-3.png,4,1.000000
3678,pacs_data/pacs_data/sketch/horse/n02374451_9443-4.png,4,1.000000
3679,pacs_data/pacs_data/sketch/horse/n02374451_9443-5.png,4,1.000000
3680,pacs_data/pacs_data/sketch/horse/n02374451_9443-6.png,4,1.000000
3681,pacs_data/pacs_data/sketch/horse/n02374451_9443-7.png,4,1.000000
3682,pacs_data/pacs_data/sketch/horse/n02374451_9892-1.png,4,1.000000
3683,pacs_data/pacs_data/sketch/horse/n02374451_9892-2.png,4,1.000000
3684,pacs_data/pacs_data/sketch/horse/n02374451_9892-3.png,4,1.000000
3685,pacs_data/pacs_data/sketch/horse/n02374451_9892-4.png,4,1.000000
3686,pacs_data/pacs_data/sketch/horse/n02374451_9892-5.png,4,1.000000
3687,pacs_data/pacs_data/sketch/horse/n02374451_9892-6.png,4,1.000000
3688,pacs_data/pacs_data/sketch/horse/n02374451_9892-7.png,4,1.000000
3689,pacs_data/pacs_data/sketch/house/8801.png,5,1.000000
3690,pacs_data/pacs_data/sketch/house/8802.png,5,1.000000
3691,pacs_data/pacs_data/sketch/house/8803.png,5,1.000000
3692,pacs_data/pacs_data/sketch/house/8804.png,5,1.000000
3693,pacs_data/pacs_data/sketch/house/8805.png,5,1.000000
3694,pacs_data/pacs_data/sketch/house/8806.png,5,1.000000
3695,pacs_data/pacs_data/sketch/house/8807.png,5,1.000000
3696,pacs_data/pacs_data/sketch/house/8808.png,5,1.000000
3697,pacs_data/pacs_data/sketch/house/8809.png,5,1.000000
3698,pacs_data/pacs_data/sketch/house/8810.png,5,1.000000
3699,pacs_data/pacs_data/sketch/house/8811.png,5,1.000000
3700,pacs_data/pacs_data/sketch/house/8812.png,5,1.000000
3701,pacs_data/pacs_data/sketch/house/8813.png,5,1.000000
3702,pacs_data/pacs_data/sketch/house/8814.png,5,1.000000
3703,pacs_data/pacs_data/sketch/house/8815.png,5,1.000000
3704,pacs_data/pacs_data/sketch/house/8816.png,5,1.000000
3705,pacs_data/pacs_data/sketch/house/8817.png,5,1.000000
3706,pacs_data/pacs_data/sketch/house/8818.png,5,1.000000
3707,pacs_data/pacs_data/sketch/house/8819.png,5,1.000000
3708,pacs_data/pacs_data/sketch/house/8820.png,5,1.000000
3709,pacs_data/pacs_data/sketch/house/8821.png,5,1.000000
3710,pacs_data/pacs_data/sketch/house/8822.png,5,1.000000
3711,pacs_data/pacs_data/sketch/house/8823.png,5,1.000000
3712,pacs_data/pacs_data/sketch/house/8824.png,5,1.000000
3713,pacs_data/pacs_data/sketch/house/8825.png,5,1.000000
3714,pacs_data/pacs_data/sketch/house/8826.png,5,1.000000
3715,pacs_data/pacs_data/sketch/house/8827.png,5,1.000000
3716,pacs_data/pacs_data/sketch/house/8828.png,5,1.000000
3717,pacs_data/pacs_data/sketch/house/8829.png,5,1.000000
3718,pacs_data/pacs_data/sketch/house/8830.png,5,1.000000
3719,pacs_data/pacs_data/sketch/house/8831.png,5,1.000000
3720,pacs_data/pacs_data/sketch/house/8832.png,5,1.000000
3721,pacs_data/pacs_data/sketch/house/8833.png,5,1.000000
3722,pacs_data/pacs_data/sketch/house/8834.png,5,1.000000
3723,pacs_data/pacs_data/sketch/house/8835.png,5,1.000000
3724,pacs_data/pacs_data/sketch/house/8836.png,5,1.000000
3725,pacs_data/pacs_data/sketch/house/8837.png,5,1.000000
3726,pacs_data/pacs_data/sketch/house/8838.png,5,1.000000
3727,pacs_data/pacs_data/sketch/house/8839.png,5,1.000000
3728,pacs_data/pacs_data/sketch/house/8840.png,5,1.000000
3729,pacs_data/pacs_data/sketch/house/8841.png,5,1.000000
3730,pacs_data/pacs_data/sketch/house/8842.png,5,1.000000
3731,pacs_data/pacs_data/sketch/house/8843.png,5,1.000000
3732,pacs_data/pacs_data/sketch/house/8844.png,5,1.000000
3733,pacs_data/pacs_data/sketch/house/8845.png,5,1.000000
3734,pacs_data/pacs_data/sketch/house/8846.png,5,1.000000
3735,pacs_data/pacs_data/sketch/house/8847.png,5,1.000000
3736,pacs_data/pacs_data/sketch/house/8848.png,5,1.000000
3737,pacs_data/pacs_data/sketch/house/8849.png,5,1.000000
3738,pacs_data/pacs_data/sketch/house/8850.png,5,1.000000
3739,pacs_data/pacs_data/sketch/house/8851.png,5,1.000000
3740,pacs_data/pacs_data/sketch/house/8852.png,5,1.000000
3741,pacs_data/pacs_data/sketch/house/8853.png,5,1.000000
3742,pacs_data/pacs_data/sketch/house/8854.png,5,1.000000
3743,pacs_data/pacs_data/sketch/house/8855.png,5,1.000000
3744,pacs_data/pacs_data/sketch/house/8856.png,5,1.000000
3745,pacs_data/pacs_data/sketch/house/8857.png,5,1.000000
3746,pacs_data/pacs_data/sketch/house/8858.png,5,1.000000
3747,pacs_data/pacs_data/sketch/house/8859.png,5,1.000000
3748,pacs_data/pacs_data/sketch/house/8860.png,5,1.000000
3749,pacs_data/pacs_data/sketch/house/8861.png,5,1.000000
3750,pacs_data/pacs_data/sketch/house/8862.png,5,1.000000
3751,pacs_data/pacs_data/sketch/house/8863.png,5,1.000000
3752,pacs_data/pacs_data/sketch/house/8864.png,5,1.000000
3753,pacs_data/pacs_data/sketch/house/8865.png,5,1.000000
3754,pacs_data/pacs_data/sketch/house/8866.png,5,1.000000
3755,pacs_data/pacs_data/sketch/house/8867.png,5,1.000000
3756,pacs_data/pacs_data/sketch/house/8868.png,5,1.000000
3757,pacs_data/pacs_data/sketch/house/8869.png,5,1.000000
3758,pacs_data/pacs_data/sketch/house/8870.png,5,1.000000
3759,pacs_data/pacs_data/sketch/house/8871.png,5,1.000000
3760,pacs_data/pacs_data/sketch/house/8872.png,5,1.000000
3761,pacs_data/pacs_data/sketch/house/8873.png,5,1.000000
3762,pacs_data/pacs_data/sketch/house/8874.png,5,1.000000
3763,pacs_data/pacs_data/sketch/house/8875.png,5,1.000000
3764,pacs_data/pacs_data/sketch/house/8876.png,5,1.000000
3765,pacs_data/pacs_data/sketch/house/8877.png,5,1.000000
3766,pacs_data/pacs_data/sketch/house/8878.png,5,1.000000
3767,pacs_data/pacs_data/sketch/house/8879.png,5,1.000000
3768,pacs_data/pacs_data/sketch/house/8880.png,5,1.000000
3769,pacs_data/pacs_data/sketch/person/12081.png,6,1.000000
3770,pacs_data/pacs_data/sketch/person/12082.png,6,1.000000
3771,pacs_data/pacs_data/sketch/person/12083.png,6,1.000000
3772,pacs_data/pacs_data/sketch/person/12084.png,6,1.000000
3773,pacs_data/pacs_data/sketch/person/12085.png,6,1.000000
3774,pacs_data/pacs_data/sketch/person/12086.png,6,1.000000
3775,pacs_data/pacs_data/sketch/person/12087.png,6,1.000000
3776,pacs_data/pacs_data/sketch/person/12088.png,6,1.000000
3777,pacs_data/pacs_data/sketch/person/12089.png,6,1.000000
3778,pacs_data/pacs_data/sketch/person/12090.png,6,1.000000
3779,pacs_data/pacs_data/sketch/person/12091.png,6,1.000000
3780,pacs_data/pacs_data/sketch/person/12092.png,6,1.000000
3781,pacs_data/pacs_data/sketch/person/12093.png,6,1.000000
3782,pacs_data/pacs_data/sketch/person/12094.png,6,1.000000
3783,pacs_data/pacs_data/sketch/person/12095.png,6,1.000000
3784,pacs_data/pacs_data/sketch/person/12096.png,6,1.000000
3785,pacs_data/pacs_data/sketch/person/12097.png,6,1.000000
3786,pacs_data/pacs_data/sketch/person/12098.png,6,1.000000
3787,pacs_data/pacs_data/sketch/person/12099.png,6,1.000000
3788,pacs_data/pacs_data/sketch/person/12100.png,6,1.000000
3789,pacs_data/pacs_data/sketch/person/12101.png,6,1.000000
3790,pacs_data/pacs_data/sketch/person/12102.png,6,1.000000
3791,pacs_data/pacs_data/sketch/person/12103.png,6,1.000000
3792,pacs_data/pacs_data/sketch/person/12104.png,6,1.000000
3793,pacs_data/pacs_data/sketch/person/12105.png,6,1.000000
3794,pacs_data/pacs_data/sketch/person/12106.png,6,1.000000
3795,pacs_data/pacs_data/sketch/person/12107.png,6,1.000000
3796,pacs_data/pacs_data/sketch/person/12108.png,6,1.000000
3797,pacs_data/pacs_data/sketch/person/12109.png,6,1.000000
3798,pacs_data/pacs_data/sketch/person/12110.png,6,1.000000
3799,pacs_data/pacs_data/sketch/person/12111.png,6,1.000000
3800,pacs_data/pacs_data/sketch/person/12112.png,6,1.000000
3801,pacs_data/pacs_data/sketch/person/12113.png,6,1.000000
3802,pacs_data/pacs_data/sketch/person/12114.png,6,1.000000
3803,pacs_data/pacs_data/sketch/person/12115.png,6,1.000000
3804,pacs_data/pacs_data/sketch/person/12116.png,6,1.000000
3805,pacs_data/pacs_data/sketch/person/12117.png,6,1.000000
3806,pacs_data/pacs_data/sketch/person/12118.png,6,1.000000
3807,pacs_data/pacs_data/sketch/person/12119.png,6,1.000000
3808,pacs_data/pacs_data/sketch/person/12120.png,6,1.000000
3809,pacs_data/pacs_data/sketch/person/12121.png,6,1.000000
3810,pacs_data/pacs_data/sketch/person/12122.png,6,1.000000
3811,pacs_data/pacs_data/sketch/person/12123.png,6,1.000000
3812,pacs_data/pacs_data/sketch/person/12124.png,6,1.000000
3813,pacs_data/pacs_data/sketch/person/12125.png,6,1.000000
3814,pacs_data/pacs_data/sketch/person/12126.png,6,1.000000
3815,pacs_data/pacs_data/sketch/person/12127.png,6,1.000000
3816,pacs_data/pacs_data/sketch/person/12128.png,6,1.000000
3817,pacs_data/pacs_data/sketch/person/12129.png,6,1.000000
3818,pacs_data/pacs_data/sketch/person/12130.png,6,1.000000
3819,pacs_data/pacs_data/sketch/person/12131.png,6,1.000000
3820,pacs_data/pacs_data/sketch/person/12132.png,6,1.000000
3821,pacs_data/pacs_data/sketch/person/12133.png,6,1.000000
3822,pacs_data/pacs_data/sketch/person/12134.png,6,1.000000
3823,pacs_data/pacs_data/sketch/person/12135.png,6,1.000000
3824,pacs_data/pacs_data/sketch/person/12136.png,6,1.000000
3825,pacs_data/pacs_data/sketch/person/12137.png,6,1.000000
3826,pacs_data/pacs_data/sketch/person/12138.png,6,1.000000
3827,pacs_data/pacs_data/sketch/person/12139.png,6,1.000000
3828,pacs_data/pacs_data/sketch/person/12140.png,6,1.000000
3829,pacs_data/pacs_data/sketch/person/12141.png,6,1.000000
3830,pacs_data/pacs_data/sketch/person/12142.png,6,1.000000
3831,pacs_data/pacs_data/sketch/person/12143.png,6,1.000000
3832,pacs_data/pacs_data/sketch/person/12144.png,6,1.000000
3833,pacs_data/pacs_data/sketch/person/12145.png,6,1.000000
3834,pacs_data/pacs_data/sketch/person/12146.png,6,1.000000
3835,pacs_data/pacs_data/sketch/person/12147.png,6,1.000000
3836,pacs_data/pacs_data/sketch/person/12148.png,6,1.000000
3837,pacs_data/pacs_data/sketch/person/12149.png,6,1.000000
3838,pacs_data/pacs_data/sketch/person/12150.png,6,1.000000
3839,pacs_data/pacs_data/sketch/person/12151.png,6,1.000000
3840,pacs_data/pacs_data/sketch/person/12152.png,6,0.999997
3841,pacs_data/pacs_data/sketch/person/12153.png,6,0.999994
3842,pacs_data/pacs_data/sketch/person/12154.png,6,0.999998
3843,pacs_data/pacs_data/sketch/person/12155.png,6,0.999984
3844,pacs_data/pacs_data/sketch/person/12156.png,6,0.999998
3845,pacs_data/pacs_data/sketch/person/12157.png,6,0.999995
3846,pacs_data/pacs_data/sketch/person/12158.png,6,0.999989
3847,pacs_data/pacs_data/sketch/person/12159.png,6,0.999998
3848,pacs_data/pacs_data/sketch/person/12160.png,6,0.999998
3849,pacs_data/pacs_data/sketch/person/12161.png,6,0.999998
3850,pacs_data/pacs_data/sketch/person/12162.png,6,0.999999
3851,pacs_data/pacs_data/sketch/person/12163.png,6,0.999998
3852,pacs_data/pacs_data/sketch/person/12164.png,6,0.999999
3853,pacs_data/pacs_data/sketch/person/12165.png,6,0.999999
3854,pacs_data/pacs_data/sketch/person/12166.png,6,0.999998
3855,pacs_data/pacs_data/sketch/person/12167.png,6,0.999996
3856,pacs_data/pacs_data/sketch/person/12168.png,6,0.999995
3857,pacs_data/pacs_data/sketch/person/12169.png,6,0.999998
3858,pacs_data/pacs_data/sketch/person/12170.png,6,0.999987
3859,pacs_data/pacs_data/sketch/person/12171.png,6,0.999985
3860,pacs_data/pacs_data/sketch/person/12172.png,6,0.999991
3861,pacs_data/pacs_data/sketch/person/12173.png,6,0.999997
3862,pacs_data/pacs_data/sketch/person/12174.png,6,0.999989
3863,pacs_data/pacs_data/sketch/person/12175.png,6,0.999993
3864,pacs_data/pacs_data/sketch/person/12176.png,6,0.999998
3865,pacs_data/pacs_data/sketch/person/12177.png,6,0.999998
3866,pacs_data/pacs_data/sketch/person/12178.png,6,0.999998
3867,pacs_data/pacs_data/sketch/person/12179.png,6,0.999996
3868,pacs_data/pacs_data/sketch/person/12180.png,6,0.999998
3869,pacs_data/pacs_data/sketch/person/12181.png,6,0.999996
3870,pacs_data/pacs_data/sketch/person/12182.png,6,0.999999
3871,pacs_data/pacs_data/sketch/person/12183.png,6,0.999993
3872,pacs_data/pacs_data/sketch/person/12184.png,6,0.999999
3873,pacs_data/pacs_data/sketch/person/12185.png,6,0.999999
3874,pacs_data/pacs_data/sketch/person/12186.png,6,0.999997
3875,pacs_data/pacs_data/sketch/person/12187.png,6,0.999998
3876,pacs_data/pacs_data/sketch/person/12188.png,6,0.999988
3877,pacs_data/pacs_data/sketch/person/12189.png,6,0.999995
3878,pacs_data/pacs_data/sketch/person/12190.png,6,0.999999
3879,pacs_data/pacs_data/sketch/person/12191.png,6,0.999977
3880,pacs_data/pacs_data/sketch/person/12192.png,6,0.999989
3881,pacs_data/pacs_data/sketch/person/12193.png,6,0.999997
3882,pacs_data/pacs_data/sketch/person/12194.png,6,0.999992
3883,pacs_data/pacs_data/sketch/person/12195.png,6,0.999997
3884,pacs_data/pacs_data/sketch/person/12196.png,6,0.999998
3885,pacs_data/pacs_data/sketch/person/12197.png,6,0.999995
3886,pacs_data/pacs_data/sketch/person/12198.png,6,0.999999
3887,pacs_data/pacs_data/sketch/person/12199.png,6,0.999999
3888,pacs_data/pacs_data/sketch/person/12200.png,6,0.999999
3889,pacs_data/pacs_data/sketch/person/12201.png,6,0.999986
3890,pacs_data/pacs_data/sketch/person/12202.png,6,0.999998
3891,pacs_data/pacs_data/sketch/person/12203.png,6,0.999998
3892,pacs_data/pacs_data/sketch/person/12204.png,6,0.999998
3893,pacs_data/pacs_data/sketch/person/12205.png,6,0.999989
3894,pacs_data/pacs_data/sketch/person/12206.png,6,0.999999
3895,pacs_data/pacs_data/sketch/person/12207.png,6,0.999996
3896,pacs_data/pacs_data/sketch/person/12208.png,6,0.999994
3897,pacs_data/pacs_data/sketch/person/12209.png,6,0.999999
3898,pacs_data/pacs_data/sketch/person/12210.png,6,0.999999
3899,pacs_data/pacs_data/sketch/person/12211.png,6,0.999998
3900,pacs_data/pacs_data/sketch/person/12212.png,6,0.999997
3901,pacs_data/pacs_data/sketch/person/12213.png,6,0.999991
3902,pacs_data/pacs_data/sketch/person/12214.png,6,0.999998
3903,pacs_data/pacs_data/sketch/person/12215.png,6,0.999998
3904,pacs_data/pacs_data/sketch/person/12216.png,6,0.999993
3905,pacs_data/pacs_data/sketch/person/12217.png,6,0.999998
3906,pacs_data/pacs_data/sketch/person/12218.png,6,0.999998
3907,pacs_data/pacs_data/sketch/person/12219.png,6,0.999998
3908,pacs_data/pacs_data/sketch/person/12220.png,6,0.999999
3909,pacs_data/pacs_data/sketch/person/12221.png,6,0.999980
3910,pacs_data/pacs_data/sketch/person/12222.png,6,0.999996
3911,pacs_data/pacs_data/sketch/person/12223.png,6,0.999997
3912,pacs_data/pacs_data/sketch/person/12224.png,6,0.999994
3913,pacs_data/pacs_data/sketch/person/12225.png,6,0.999999
3914,pacs_data/pacs_data/sketch/person/12226.png,6,0.999998
3915,pacs_data/pacs_data/sketch/person/12227.png,6,0.999996
3916,pacs_data/pacs_data/sketch/person/12228.png,6,0.999999
3917,pacs_data/pacs_data/sketch/person/12229.png,6,0.999988
3918,pacs_data/pacs_data/sketch/person/12230.png,6,0.999999
3919,pacs_data/pacs_data/sketch/person/12231.png,6,0.999999
3920,pacs_data/pacs_data/sketch/person/12232.png,6,0.999994
3921,pacs_data/pacs_data/sketch/person/12233.png,6,0.999997
3922,pacs_data/pacs_data/sketch/person/12234.png,6,0.999996
3923,pacs_data/pacs_data/sketch/person/12235.png,6,0.999991
3924,pacs_data/pacs_data/sketch/person/12236.png,6,0.999991
3925,pacs_data/pacs_data/sketch/person/12237.png,6,0.999998
3926,pacs_data/pacs_data/sketch/person/12238.png,6,0.999999
3927,pacs_data/pacs_data/sketch/person/12239.png,6,0.999999
3928,pacs_data/pacs_data/sketch/person/12240.png,6,0.999999
