cache_index,ref,label,cosine
0,pacs_data/pacs_data/art_painting/dog/pic_001.jpg,0,1.000000
1,pacs_data/pacs_data/art_painting/dog/pic_002.jpg,0,1.000000
2,pacs_data/pacs_data/art_painting/dog/pic_003.jpg,0,1.000000
3,pacs_data/pacs_data/art_painting/dog/pic_004.jpg,0,1.000000
4,pacs_data/pacs_data/art_painting/dog/pic_005.jpg,0,1.000000
5,pacs_data/pacs_data/art_painting/dog/pic_006.jpg,0,1.000000
6,pacs_data/pacs_data/art_painting/dog/pic_007.jpg,0,1.000000
7,pacs_data/pacs_data/art_painting/dog/pic_008.jpg,0,1.000000
8,pacs_data/pacs_data/art_painting/dog/pic_009.jpg,0,1.000000
9,pacs_data/pacs_data/art_painting/dog/pic_010.jpg,0,1.000000
10,pacs_data/pacs_data/art_painting/dog/pic_011.jpg,0,1.000000
11,pacs_data/pacs_data/art_painting/dog/pic_012.jpg,0,1.000000
12,pacs_data/pacs_data/art_painting/dog/pic_013.jpg,0,1.000000
13,pacs_data/pacs_data/art_painting/dog/pic_014.jpg,0,1.000000
14,pacs_data/pacs_data/art_painting/dog/pic_015.jpg,0,1.000000
15,pacs_data/pacs_data/art_painting/dog/pic_016.jpg,0,1.000000
16,pacs_data/pacs_data/art_painting/dog/pic_017.jpg,0,1.000000
17,pacs_data/pacs_data/art_painting/dog/pic_018.jpg,0,1.000000
18,pacs_data/pacs_data/art_painting/dog/pic_019.jpg,0,1.000000
19,pacs_data/pacs_data/art_painting/dog/pic_020.jpg,0,1.000000
20,pacs_data/pacs_data/art_painting/dog/pic_021.jpg,0,1.000000
21,pacs_data/pacs_data/art_painting/dog/pic_022.jpg,0,1.000000
22,pacs_data/pacs_data/art_painting/dog/pic_023.jpg,0,1.000000
23,pacs_data/pacs_data/art_painting/dog/pic_024.jpg,0,1.000000
24,pacs_data/pacs_data/art_painting/dog/pic_025.jpg,0,1.000000
25,pacs_data/pacs_data/art_painting/dog/pic_026.jpg,0,1.000000
26,pacs_data/pacs_data/art_painting/dog/pic_027.jpg,0,1.000000
27,pacs_data/pacs_data/art_painting/dog/pic_028.jpg,0,1.000000
28,pacs_data/pacs_data/art_painting/dog/pic_029.jpg,0,1.000000
29,pacs_data/pacs_data/art_painting/dog/pic_031.jpg,0,1.000000
30,pacs_data/pacs_data/art_painting/dog/pic_032.jpg,0,1.000000
31,pacs_data/pacs_data/art_painting/dog/pic_033.jpg,0,1.000000
32,pacs_data/pacs_data/art_painting/dog/pic_034.jpg,0,1.000000
33,pacs_data/pacs_data/art_painting/dog/pic_035.jpg,0,1.000000
34,pacs_data/pacs_data/art_painting/dog/pic_036.jpg,0,1.000000
35,pacs_data/pacs_data/art_painting/dog/pic_037.jpg,0,1.000000
36,pacs_data/pacs_data/art_painting/dog/pic_038.jpg,0,1.000000
37,pacs_data/pacs_data/art_painting/dog/pic_039.jpg,0,1.000000
38,pacs_data/pacs_data/art_painting/dog/pic_040.jpg,0,1.000000
39,pacs_data/pacs_data/art_painting/dog/pic_041.jpg,0,1.000000
40,pacs_data/pacs_data/art_painting/dog/pic_042.jpg,0,1.000000
41,pacs_data/pacs_data/art_painting/dog/pic_043.jpg,0,1.000000
42,pacs_data/pacs_data/art_painting/dog/pic_044.jpg,0,1.000000
43,pacs_data/pacs_data/art_painting/dog/pic_045.jpg,0,1.000000
44,pacs_data/pacs_data/art_painting/dog/pic_046.jpg,0,1.000000
45,pacs_data/pacs_data/art_painting/dog/pic_047.jpg,0,1.000000
46,pacs_data/pacs_data/art_painting/dog/pic_048.jpg,0,1.000000
47,pacs_data/pacs_data/art_painting/dog/pic_049.jpg,0,1.000000
48,pacs_data/pacs_data/art_painting/dog/pic_050.jpg,0,1.000000
49,pacs_data/pacs_data/art_painting/dog/pic_051.jpg,0,1.000000
50,pacs_data/pacs_data/art_painting/dog/pic_052.jpg,0,1.000000
51,pacs_data/pacs_data/art_painting/dog/pic_053.jpg,0,1.000000
52,pacs_data/pacs_data/art_painting/dog/pic_054.jpg,0,1.000000
53,pacs_data/pacs_data/art_painting/dog/pic_055.jpg,0,1.000000
54,pacs_data/pacs_data/art_painting/dog/pic_056.jpg,0,1.000000
55,pacs_data/pacs_data/art_painting/dog/pic_057.jpg,0,1.000000
56,pacs_data/pacs_data/art_painting/dog/pic_058.jpg,0,1.000000
57,pacs_data/pacs_data/art_painting/dog/pic_059.jpg,0,1.000000
58,pacs_data/pacs_data/art_painting/dog/pic_060.jpg,0,1.000000
59,pacs_data/pacs_data/art_painting/dog/pic_061.jpg,0,1.000000
60,pacs_data/pacs_data/art_painting/dog/pic_062.jpg,0,1.000000
61,pacs_data/pacs_data/art_painting/dog/pic_063.jpg,0,1.000000
62,pacs_data/pacs_data/art_painting/dog/pic_064.jpg,0,0.999999
63,pacs_data/pacs_data/art_painting/dog/pic_065.jpg,0,1.000000
64,pacs_data/pacs_data/art_painting/dog/pic_066.jpg,0,1.000000
65,pacs_data/pacs_data/art_painting/dog/pic_067.jpg,0,1.000000
66,pacs_data/pacs_data/art_painting/dog/pic_070.jpg,0,1.000000
67,pacs_data/pacs_data/art_painting/dog/pic_072.jpg,0,1.000000
68,pacs_data/pacs_data/art_painting/dog/pic_073.jpg,0,1.000000
69,pacs_data/pacs_data/art_painting/dog/pic_074.jpg,0,1.000000
70,pacs_data/pacs_data/art_painting/dog/pic_075.jpg,0,1.000000
71,pacs_data/pacs_data/art_painting/dog/pic_076.jpg,0,1.000000
72,pacs_data/pacs_data/art_painting/dog/pic_077.jpg,0,1.000000
73,pacs_data/pacs_data/art_painting/dog/pic_078.jpg,0,1.000000
74,pacs_data/pacs_data/art_painting/dog/pic_079.jpg,0,1.000000
75,pacs_data/pacs_data/art_painting/dog/pic_080.jpg,0,1.000000
76,pacs_data/pacs_data/art_painting/dog/pic_081.jpg,0,1.000000
77,pacs_data/pacs_data/art_painting/dog/pic_082.jpg,0,1.000000
78,pacs_data/pacs_data/art_painting/dog/pic_083.jpg,0,1.000000
79,pacs_data/pacs_data/art_painting/dog/pic_084.jpg,0,1.000000
80,pacs_data/pacs_data/art_painting/dog/pic_085.jpg,0,1.000001
81,pacs_data/pacs_data/art_painting/dog/pic_086.jpg,0,1.000000
82,pacs_data/pacs_data/art_painting/dog/pic_087.jpg,0,1.000000
83,pacs_data/pacs_data/art_painting/dog/pic_088.jpg,0,1.000000
84,pacs_data/pacs_data/art_painting/dog/pic_089.jpg,0,1.000000
85,pacs_data/pacs_data/art_painting/dog/pic_090.jpg,0,1.000000
86,pacs_data/pacs_data/art_painting/dog/pic_091.jpg,0,1.000001
87,pacs_data/pacs_data/art_painting/dog/pic_092.jpg,0,1.000000
88,pacs_data/pacs_data/art_painting/dog/pic_094.jpg,0,1.000000
89,pacs_data/pacs_data/art_painting/dog/pic_095.jpg,0,1.000000
90,pacs_data/pacs_data/art_painting/dog/pic_096.jpg,0,1.000000
91,pacs_data/pacs_data/art_painting/dog/pic_097.jpg,0,1.000000
92,pacs_data/pacs_data/art_painting/dog/pic_098.jpg,0,1.000000
93,pacs_data/pacs_data/art_painting/dog/pic_099.jpg,0,1.000000
94,pacs_data/pacs_data/art_painting/dog/pic_100.jpg,0,1.000000
95,pacs_data/pacs_data/art_painting/dog/pic_101.jpg,0,1.000000
96,pacs_data/pacs_data/art_painting/dog/pic_102.jpg,0,1.000000
97,pacs_data/pacs_data/art_painting/dog/pic_103.jpg,0,1.000000
98,pacs_data/pacs_data/art_painting/dog/pic_104.jpg,0,1.000000
99,pacs_data/pacs_data/art_painting/dog/pic_105.jpg,0,1.000000
100,pacs_data/pacs_data/art_painting/dog/pic_106.jpg,0,1.000000
101,pacs_data/pacs_data/art_painting/dog/pic_107.jpg,0,1.000000
102,pacs_data/pacs_data/art_painting/dog/pic_108.jpg,0,1.000000
103,pacs_data/pacs_data/art_painting/dog/pic_109.jpg,0,1.000000
104,pacs_data/pacs_data/art_painting/dog/pic_110.jpg,0,1.000001
105,pacs_data/pacs_data/art_painting/dog/pic_112.jpg,0,1.000000
106,pacs_data/pacs_data/art_painting/dog/pic_113.jpg,0,1.000000
107,pacs_data/pacs_data/art_painting/dog/pic_114.jpg,0,1.000000
108,pacs_data/pacs_data/art_painting/dog/pic_116.jpg,0,1.000000
109,pacs_data/pacs_data/art_painting/dog/pic_117.jpg,0,1.000000
110,pacs_data/pacs_data/art_painting/dog/pic_118.jpg,0,1.000000
111,pacs_data/pacs_data/art_painting/dog/pic_120.jpg,0,1.000000
112,pacs_data/pacs_data/art_painting/dog/pic_121.jpg,0,1.000000
113,pacs_data/pacs_data/art_painting/dog/pic_123.jpg,0,1.000000
114,pacs_data/pacs_data/art_painting/dog/pic_124.jpg,0,1.000000
115,pacs_data/pacs_data/art_painting/dog/pic_126.jpg,0,1.000000
116,pacs_data/pacs_data/art_painting/dog/pic_127.jpg,0,1.000000
117,pacs_data/pacs_data/art_painting/dog/pic_130.jpg,0,1.000000
118,pacs_data/pacs_data/art_painting/dog/pic_131.jpg,0,1.000000
119,pacs_data/pacs_data/art_painting/dog/pic_132.jpg,0,1.000000
120,pacs_data/pacs_data/art_painting/dog/pic_133.jpg,0,1.000000
121,pacs_data/pacs_data/art_painting/dog/pic_134.jpg,0,1.000000
122,pacs_data/pacs_data/art_painting/dog/pic_135.jpg,0,1.000000
123,pacs_data/pacs_data/art_painting/dog/pic_136.jpg,0,1.000000
124,pacs_data/pacs_data/art_painting/dog/pic_137.jpg,0,1.000000
125,pacs_data/pacs_data/art_painting/dog/pic_138.jpg,0,1.000000
126,pacs_data/pacs_data/art_painting/dog/pic_139.jpg,0,1.000000
127,pacs_data/pacs_data/art_painting/dog/pic_140.jpg,0,1.000000
128,pacs_data/pacs_data/art_painting/dog/pic_143.jpg,0,1.000000
129,pacs_data/pacs_data/art_painting/dog/pic_144.jpg,0,1.000000
130,pacs_data/pacs_data/art_painting/dog/pic_145.jpg,0,1.000000
131,pacs_data/pacs_data/art_painting/dog/pic_146.jpg,0,1.000000
132,pacs_data/pacs_data/art_painting/dog/pic_147.jpg,0,1.000000
133,pacs_data/pacs_data/art_painting/dog/pic_148.jpg,0,1.000000
134,pacs_data/pacs_data/art_painting/dog/pic_149.jpg,0,1.000000
135,pacs_data/pacs_data/art_painting/dog/pic_150.jpg,0,1.000000
136,pacs_data/pacs_data/art_painting/dog/pic_151.jpg,0,1.000000
137,pacs_data/pacs_data/art_painting/dog/pic_152.jpg,0,1.000000
138,pacs_data/pacs_data/art_painting/dog/pic_153.jpg,0,1.000000
139,pacs_data/pacs_data/art_painting/dog/pic_154.jpg,0,1.000000
140,pacs_data/pacs_data/art_painting/dog/pic_155.jpg,0,1.000000
141,pacs_data/pacs_data/art_painting/dog/pic_156.jpg,0,1.000000
142,pacs_data/pacs_data/art_painting/dog/pic_157.jpg,0,1.000000
143,pacs_data/pacs_data/art_painting/dog/pic_158.jpg,0,1.000000
144,pacs_data/pacs_data/art_painting/dog/pic_161.jpg,0,1.000000
145,pacs_data/pacs_data/art_painting/dog/pic_163.jpg,0,1.000000
146,pacs_data/pacs_data/art_painting/dog/pic_164.jpg,0,1.000000
147,pacs_data/pacs_data/art_painting/dog/pic_165.jpg,0,1.000000
148,pacs_data/pacs_data/art_painting/dog/pic_166.jpg,0,1.000000
149,pacs_data/pacs_data/art_painting/dog/pic_167.jpg,0,1.000000
150,pacs_data/pacs_data/art_painting/dog/pic_168.jpg,0,1.000000
151,pacs_data/pacs_data/art_painting/dog/pic_169.jpg,0,1.000000
152,pacs_data/pacs_data/art_painting/dog/pic_170.jpg,0,1.000000
153,pacs_data/pacs_data/art_painting/dog/pic_172.jpg,0,1.000000
154,pacs_data/pacs_data/art_painting/dog/pic_173.jpg,0,1.000000
155,pacs_data/pacs_data/art_painting/dog/pic_174.jpg,0,1.000000
156,pacs_data/pacs_data/art_painting/dog/pic_176.jpg,0,0.999999
157,pacs_data/pacs_data/art_painting/dog/pic_177.jpg,0,1.000000
158,pacs_data/pacs_data/art_painting/dog/pic_178.jpg,0,1.000000
159,pacs_data/pacs_data/art_painting/dog/pic_179.jpg,0,1.000000
160,pacs_data/pacs_data/art_painting/dog/pic_180.jpg,0,1.000000
161,pacs_data/pacs_data/art_painting/dog/pic_181.jpg,0,1.000000
162,pacs_data/pacs_data/art_painting/dog/pic_182.jpg,0,1.000000
163,pacs_data/pacs_data/art_painting/dog/pic_183.jpg,0,1.000000
164,pacs_data/pacs_data/art_painting/dog/pic_184.jpg,0,1.000000
165,pacs_data/pacs_data/art_painting/dog/pic_185.jpg,0,1.000000
166,pacs_data/pacs_data/art_painting/dog/pic_186.jpg,0,1.000000
167,pacs_data/pacs_data/art_painting/dog/pic_187.jpg,0,1.000000
168,pacs_data/pacs_data/art_painting/dog/pic_188.jpg,0,1.000000
169,pacs_data/pacs_data/art_painting/dog/pic_189.jpg,0,1.000000
170,pacs_data/pacs_data/art_painting/dog/pic_191.jpg,0,1.000001
171,pacs_data/pacs_data/art_painting/dog/pic_192.jpg,0,1.000000
172,pacs_data/pacs_data/art_painting/dog/pic_193.jpg,0,1.000000
173,pacs_data/pacs_data/art_painting/dog/pic_194.jpg,0,1.000000
174,pacs_data/pacs_data/art_painting/dog/pic_195.jpg,0,1.000000
175,pacs_data/pacs_data/art_painting/dog/pic_196.jpg,0,0.999999
176,pacs_data/pacs_data/art_painting/dog/pic_197.jpg,0,1.000000
177,pacs_data/pacs_data/art_painting/dog/pic_198.jpg,0,1.000000
178,pacs_data/pacs_data/art_painting/dog/pic_199.jpg,0,1.000000
179,pacs_data/pacs_data/art_painting/dog/pic_200.jpg,0,1.000000
180,pacs_data/pacs_data/art_painting/dog/pic_201.jpg,0,1.000000
181,pacs_data/pacs_data/art_painting/dog/pic_202.jpg,0,1.000000
182,pacs_data/pacs_data/art_painting/dog/pic_203.jpg,0,1.000000
183,pacs_data/pacs_data/art_painting/dog/pic_204.jpg,0,1.000000
184,pacs_data/pacs_data/art_painting/dog/pic_205.jpg,0,1.000000
185,pacs_data/pacs_data/art_painting/dog/pic_206.jpg,0,1.000000
186,pacs_data/pacs_data/art_painting/dog/pic_208.jpg,0,1.000000
187,pacs_data/pacs_data/art_painting/dog/pic_209.jpg,0,1.000000
188,pacs_data/pacs_data/art_painting/dog/pic_210.jpg,0,1.000000
189,pacs_data/pacs_data/art_painting/dog/pic_211.jpg,0,1.000000
190,pacs_data/pacs_data/art_painting/dog/pic_212.jpg,0,1.000000
191,pacs_data/pacs_data/art_painting/dog/pic_213.jpg,0,1.000000
192,pacs_data/pacs_data/art_painting/dog/pic_214.jpg,0,1.000000
193,pacs_data/pacs_data/art_painting/dog/pic_215.jpg,0,1.000000
194,pacs_data/pacs_data/art_painting/dog/pic_217.jpg,0,1.000000
195,pacs_data/pacs_data/art_painting/dog/pic_219.jpg,0,1.000000
196,pacs_data/pacs_data/art_painting/dog/pic_220.jpg,0,1.000000
197,pacs_data/pacs_data/art_painting/dog/pic_221.jpg,0,1.000000
198,pacs_data/pacs_data/art_painting/dog/pic_222.jpg,0,1.000000
199,pacs_data/pacs_data/art_painting/dog/pic_223.jpg,0,1.000000
200,pacs_data/pacs_data/art_painting/dog/pic_224.jpg,0,1.000000
201,pacs_data/pacs_data/art_painting/dog/pic_225.jpg,0,1.000000
202,pacs_data/pacs_data/art_painting/dog/pic_226.jpg,0,1.000000
203,pacs_data/pacs_data/art_painting/dog/pic_227.jpg,0,1.000000
204,pacs_data/pacs_data/art_painting/dog/pic_228.jpg,0,1.000000
205,pacs_data/pacs_data/art_painting/dog/pic_229.jpg,0,1.000000
206,pacs_data/pacs_data/art_painting/dog/pic_230.jpg,0,1.000000
207,pacs_data/pacs_data/art_painting/dog/pic_231.jpg,0,1.000000
208,pacs_data/pacs_data/art_painting/dog/pic_232.jpg,0,1.000000
209,pacs_data/pacs_data/art_painting/dog/pic_233.jpg,0,1.000000
210,pacs_data/pacs_data/art_painting/dog/pic_234.jpg,0,1.000000
211,pacs_data/pacs_data/art_painting/dog/pic_235.jpg,0,1.000000
212,pacs_data/pacs_data/art_painting/dog/pic_236.jpg,0,1.000000
213,pacs_data/pacs_data/art_painting/dog/pic_237.jpg,0,1.000000
214,pacs_data/pacs_data/art_painting/dog/pic_238.jpg,0,1.000001
215,pacs_data/pacs_data/art_painting/dog/pic_239.jpg,0,1.000000
216,pacs_data/pacs_data/art_painting/dog/pic_240.jpg,0,1.000000
217,pacs_data/pacs_data/art_painting/dog/pic_241.jpg,0,1.000000
218,pacs_data/pacs_data/art_painting/dog/pic_242.jpg,0,1.000000
219,pacs_data/pacs_data/art_painting/dog/pic_243.jpg,0,1.000000
220,pacs_data/pacs_data/art_painting/dog/pic_244.jpg,0,1.000000
221,pacs_data/pacs_data/art_painting/dog/pic_245.jpg,0,1.000000
222,pacs_data/pacs_data/art_painting/dog/pic_246.jpg,0,1.000000
223,pacs_data/pacs_data/art_painting/dog/pic_247.jpg,0,1.000000
224,pacs_data/pacs_data/art_painting/dog/pic_248.jpg,0,1.000000
225,pacs_data/pacs_data/art_painting/dog/pic_249.jpg,0,1.000000
226,pacs_data/pacs_data/art_painting/dog/pic_250.jpg,0,1.000000
227,pacs_data/pacs_data/art_painting/dog/pic_251.jpg,0,1.000000
228,pacs_data/pacs_data/art_painting/dog/pic_252.jpg,0,1.000000
229,pacs_data/pacs_data/art_painting/dog/pic_253.jpg,0,1.000000
230,pacs_data/pacs_data/art_painting/dog/pic_254.jpg,0,1.000000
231,pacs_data/pacs_data/art_painting/dog/pic_255.jpg,0,1.000000
232,pacs_data/pacs_data/art_painting/dog/pic_256.jpg,0,1.000000
233,pacs_data/pacs_data/art_painting/dog/pic_257.jpg,0,1.000000
234,pacs_data/pacs_data/art_painting/dog/pic_258.jpg,0,1.000000
235,pacs_data/pacs_data/art_painting/dog/pic_259.jpg,0,1.000000
236,pacs_data/pacs_data/art_painting/dog/pic_260.jpg,0,1.000000
237,pacs_data/pacs_data/art_painting/dog/pic_261.jpg,0,1.000000
238,pacs_data/pacs_data/art_painting/dog/pic_262.jpg,0,1.000000
239,pacs_data/pacs_data/art_painting/dog/pic_263.jpg,0,1.000000
240,pacs_data/pacs_data/art_painting/dog/pic_264.jpg,0,1.000000
241,pacs_data/pacs_data/art_painting/dog/pic_265.jpg,0,1.000000
242,pacs_data/pacs_data/art_painting/dog/pic_266.jpg,0,1.000000
243,pacs_data/pacs_data/art_painting/dog/pic_267.jpg,0,1.000000
244,pacs_data/pacs_data/art_painting/dog/pic_268.jpg,0,1.000000
245,pacs_data/pacs_data/art_painting/dog/pic_269.jpg,0,1.000000
246,pacs_data/pacs_data/art_painting/dog/pic_271.jpg,0,1.000000
247,pacs_data/pacs_data/art_painting/dog/pic_272.jpg,0,1.000000
248,pacs_data/pacs_data/art_painting/dog/pic_274.jpg,0,1.000000
249,pacs_data/pacs_data/art_painting/dog/pic_275.jpg,0,1.000000
250,pacs_data/pacs_data/art_painting/dog/pic_276.jpg,0,1.000000
251,pacs_data/pacs_data/art_painting/dog/pic_278.jpg,0,1.000000
252,pacs_data/pacs_data/art_painting/dog/pic_279.jpg,0,1.000000
253,pacs_data/pacs_data/art_painting/dog/pic_280.jpg,0,1.000000
254,pacs_data/pacs_data/art_painting/dog/pic_281.jpg,0,1.000000
255,pacs_data/pacs_data/art_painting/dog/pic_282.jpg,0,1.000000
256,pacs_data/pacs_data/art_painting/dog/pic_283.jpg,0,1.000000
257,pacs_data/pacs_data/art_painting/dog/pic_284.jpg,0,1.000000
258,pacs_data/pacs_data/art_painting/dog/pic_285.jpg,0,1.000000
259,pacs_data/pacs_data/art_painting/dog/pic_286.jpg,0,1.000000
260,pacs_data/pacs_data/art_painting/dog/pic_287.jpg,0,1.000000
261,pacs_data/pacs_data/art_painting/dog/pic_288.jpg,0,1.000000
262,pacs_data/pacs_data/art_painting/dog/pic_289.jpg,0,1.000000
263,pacs_data/pacs_data/art_painting/dog/pic_290.jpg,0,1.000000
264,pacs_data/pacs_data/art_painting/dog/pic_291.jpg,0,1.000000
265,pacs_data/pacs_data/art_painting/dog/pic_292.jpg,0,1.000000
266,pacs_data/pacs_data/art_painting/dog/pic_293.jpg,0,1.000000
267,pacs_data/pacs_data/art_painting/dog/pic_294.jpg,0,1.000000
268,pacs_data/pacs_data/art_painting/dog/pic_295.jpg,0,1.000000
269,pacs_data/pacs_data/art_painting/dog/pic_296.jpg,0,1.000000
270,pacs_data/pacs_data/art_painting/dog/pic_297.jpg,0,1.000000
271,pacs_data/pacs_data/art_painting/dog/pic_298.jpg,0,1.000000
272,pacs_data/pacs_data/art_painting/dog/pic_299.jpg,0,1.000000
273,pacs_data/pacs_data/art_painting/dog/pic_300.jpg,0,1.000000
274,pacs_data/pacs_data/art_painting/dog/pic_301.jpg,0,1.000000
275,pacs_data/pacs_data/art_painting/dog/pic_303.jpg,0,1.000000
276,pacs_data/pacs_data/art_painting/dog/pic_304.jpg,0,1.000000
277,pacs_data/pacs_data/art_painting/dog/pic_305.jpg,0,1.000000
278,pacs_data/pacs_data/art_painting/dog/pic_306.jpg,0,1.000000
279,pacs_data/pacs_data/art_painting/dog/pic_307.jpg,0,1.000000
280,pacs_data/pacs_data/art_painting/dog/pic_308.jpg,0,1.000000
281,pacs_data/pacs_data/art_painting/dog/pic_309.jpg,0,1.000000
282,pacs_data/pacs_data/art_painting/dog/pic_310.jpg,0,1.000000
283,pacs_data/pacs_data/art_painting/dog/pic_311.jpg,0,1.000000
284,pacs_data/pacs_data/art_painting/dog/pic_312.jpg,0,1.000000
285,pacs_data/pacs_data/art_painting/dog/pic_313.jpg,0,1.000000
286,pacs_data/pacs_data/art_painting/dog/pic_314.jpg,0,1.000000
287,pacs_data/pacs_data/art_painting/dog/pic_315.jpg,0,1.000000
288,pacs_data/pacs_data/art_painting/dog/pic_316.jpg,0,1.000000
289,pacs_data/pacs_data/art_painting/dog/pic_317.jpg,0,1.000000
290,pacs_data/pacs_data/art_painting/dog/pic_318.jpg,0,1.000000
291,pacs_data/pacs_data/art_painting/dog/pic_319.jpg,0,1.000000
292,pacs_data/pacs_data/art_painting/dog/pic_320.jpg,0,1.000000
293,pacs_data/pacs_data/art_painting/dog/pic_321.jpg,0,1.000000
294,pacs_data/pacs_data/art_painting/dog/pic_322.jpg,0,1.000000
295,pacs_data/pacs_data/art_painting/dog/pic_323.jpg,0,1.000000
296,pacs_data/pacs_data/art_painting/dog/pic_324.jpg,0,1.000000
297,pacs_data/pacs_data/art_painting/dog/pic_325.jpg,0,1.000000
298,pacs_data/pacs_data/art_painting/dog/pic_326.jpg,0,1.000000
299,pacs_data/pacs_data/art_painting/dog/pic_327.jpg,0,1.000000
300,pacs_data/pacs_data/art_painting/dog/pic_328.jpg,0,1.000000
301,pacs_data/pacs_data/art_painting/dog/pic_329.jpg,0,1.000000
302,pacs_data/pacs_data/art_painting/dog/pic_330.jpg,0,0.999999
303,pacs_data/pacs_data/art_painting/dog/pic_331.jpg,0,1.000000
304,pacs_data/pacs_data/art_painting/dog/pic_332.jpg,0,1.000000
305,pacs_data/pacs_data/art_painting/dog/pic_333.jpg,0,1.000000
306,pacs_data/pacs_data/art_painting/dog/pic_334.jpg,0,1.000000
307,pacs_data/pacs_data/art_painting/dog/pic_335.jpg,0,1.000000
308,pacs_data/pacs_data/art_painting/dog/pic_336.jpg,0,1.000000
309,pacs_data/pacs_data/art_painting/dog/pic_337.jpg,0,1.000000
310,pacs_data/pacs_data/art_painting/dog/pic_338.jpg,0,1.000000
311,pacs_data/pacs_data/art_painting/dog/pic_339.jpg,0,1.000000
312,pacs_data/pacs_data/art_painting/dog/pic_340.jpg,0,0.999999
313,pacs_data/pacs_data/art_painting/dog/pic_341.jpg,0,1.000000
314,pacs_data/pacs_data/art_painting/dog/pic_342.jpg,0,1.000000
315,pacs_data/pacs_data/art_painting/dog/pic_343.jpg,0,1.000000
316,pacs_data/pacs_data/art_painting/dog/pic_344.jpg,0,1.000000
317,pacs_data/pacs_data/art_painting/dog/pic_345.jpg,0,1.000000
318,pacs_data/pacs_data/art_painting/dog/pic_346.jpg,0,1.000000
319,pacs_data/pacs_data/art_painting/dog/pic_348.jpg,0,1.000000
320,pacs_data/pacs_data/art_painting/dog/pic_349.jpg,0,1.000000
321,pacs_data/pacs_data/art_painting/dog/pic_350.jpg,0,1.000000
322,pacs_data/pacs_data/art_painting/dog/pic_351.jpg,0,1.000000
323,pacs_data/pacs_data/art_painting/dog/pic_352.jpg,0,1.000000
324,pacs_data/pacs_data/art_painting/dog/pic_353.jpg,0,1.000000
325,pacs_data/pacs_data/art_painting/dog/pic_354.jpg,0,1.000000
326,pacs_data/pacs_data/art_painting/dog/pic_355.jpg,0,1.000000
327,pacs_data/pacs_data/art_painting/dog/pic_357.jpg,0,1.000000
328,pacs_data/pacs_data/art_painting/dog/pic_358.jpg,0,1.000000
329,pacs_data/pacs_data/art_painting/dog/pic_359.jpg,0,1.000000
330,pacs_data/pacs_data/art_painting/dog/pic_360.jpg,0,1.000000
331,pacs_data/pacs_data/art_painting/dog/pic_361.jpg,0,1.000000
332,pacs_data/pacs_data/art_painting/dog/pic_362.jpg,0,1.000000
333,pacs_data/pacs_data/art_painting/dog/pic_365.jpg,0,1.000000
334,pacs_data/pacs_data/art_painting/dog/pic_366.jpg,0,1.000000
335,pacs_data/pacs_data/art_painting/dog/pic_367.jpg,0,1.000000
336,pacs_data/pacs_data/art_painting/dog/pic_368.jpg,0,1.000000
337,pacs_data/pacs_data/art_painting/dog/pic_369.jpg,0,1.000000
338,pacs_data/pacs_data/art_painting/dog/pic_370.jpg,0,1.000000
339,pacs_data/pacs_data/art_painting/dog/pic_371.jpg,0,1.000000
340,pacs_data/pacs_data/art_painting/dog/pic_372.jpg,0,1.000000
341,pacs_data/pacs_data/art_painting/dog/pic_374.jpg,0,1.000000
342,pacs_data/pacs_data/art_painting/dog/pic_375.jpg,0,1.000000
343,pacs_data/pacs_data/art_painting/dog/pic_376.jpg,0,1.000000
344,pacs_data/pacs_data/art_painting/dog/pic_377.jpg,0,1.000000
345,pacs_data/pacs_data/art_painting/dog/pic_378.jpg,0,1.000000
346,pacs_data/pacs_data/art_painting/dog/pic_380.jpg,0,1.000000
347,pacs_data/pacs_data/art_painting/dog/pic_381.jpg,0,1.000000
348,pacs_data/pacs_data/art_painting/dog/pic_382.jpg,0,1.000000
349,pacs_data/pacs_data/art_painting/dog/pic_383.jpg,0,1.000000
350,pacs_data/pacs_data/art_painting/dog/pic_384.jpg,0,1.000000
351,pacs_data/pacs_data/art_painting/dog/pic_385.jpg,0,1.000000
352,pacs_data/pacs_data/art_painting/dog/pic_386.jpg,0,1.000000
353,pacs_data/pacs_data/art_painting/dog/pic_387.jpg,0,1.000000
354,pacs_data/pacs_data/art_painting/dog/pic_388.jpg,0,1.000000
355,pacs_data/pacs_data/art_painting/dog/pic_390.jpg,0,1.000000
356,pacs_data/pacs_data/art_painting/dog/pic_391.jpg,0,1.000000
357,pacs_data/pacs_data/art_painting/dog/pic_392.jpg,0,1.000000
358,pacs_data/pacs_data/art_painting/dog/pic_393.jpg,0,1.000000
359,pacs_data/pacs_data/art_painting/dog/pic_394.jpg,0,1.000000
360,pacs_data/pacs_data/art_painting/dog/pic_395.jpg,0,1.000000
361,pacs_data/pacs_data/art_painting/dog/pic_396.jpg,0,1.000000
362,pacs_data/pacs_data/art_painting/dog/pic_397.jpg,0,0.999999
363,pacs_data/pacs_data/art_painting/dog/pic_398.jpg,0,1.000000
364,pacs_data/pacs_data/art_painting/dog/pic_399.jpg,0,1.000000
365,pacs_data/pacs_data/art_painting/dog/pic_400.jpg,0,1.000000
366,pacs_data/pacs_data/art_painting/dog/pic_401.jpg,0,1.000000
367,pacs_data/pacs_data/art_painting/dog/pic_404.jpg,0,1.000000
368,pacs_data/pacs_data/art_painting/dog/pic_405.jpg,0,1.000000
369,pacs_data/pacs_data/art_painting/dog/pic_406.jpg,0,1.000000
370,pacs_data/pacs_data/art_painting/dog/pic_407.jpg,0,1.000000
371,pacs_data/pacs_data/art_painting/dog/pic_408.jpg,0,1.000000
372,pacs_data/pacs_data/art_painting/dog/pic_409.jpg,0,1.000000
373,pacs_data/pacs_data/art_painting/dog/pic_410.jpg,0,1.000000
374,pacs_data/pacs_data/art_painting/dog/pic_411.jpg,0,1.000000
375,pacs_data/pacs_data/art_painting/dog/pic_412.jpg,0,1.000000
376,pacs_data/pacs_data/art_painting/dog/pic_413.jpg,0,1.000000
377,pacs_data/pacs_data/art_painting/dog/pic_414.jpg,0,1.000000
378,pacs_data/pacs_data/art_painting/dog/pic_415.jpg,0,1.000000
379,pacs_data/pacs_data/art_painting/elephant/pic_001.jpg,1,1.000000
380,pacs_data/pacs_data/art_painting/elephant/pic_002.jpg,1,1.000001
381,pacs_data/pacs_data/art_painting/elephant/pic_003.jpg,1,1.000000
382,pacs_data/pacs_data/art_painting/elephant/pic_004.jpg,1,1.000000
383,pacs_data/pacs_data/art_painting/elephant/pic_005.jpg,1,1.000000
384,pacs_data/pacs_data/art_painting/elephant/pic_006.jpg,1,1.000000
385,pacs_data/pacs_data/art_painting/elephant/pic_007.jpg,1,1.000000
386,pacs_data/pacs_data/art_painting/elephant/pic_008.jpg,1,1.000000
387,pacs_data/pacs_data/art_painting/elephant/pic_009.jpg,1,1.000000
388,pacs_data/pacs_data/art_painting/elephant/pic_010.jpg,1,1.000000
389,pacs_data/pacs_data/art_painting/elephant/pic_011.jpg,1,1.000000
390,pacs_data/pacs_data/art_painting/elephant/pic_012.jpg,1,1.000000
391,pacs_data/pacs_data/art_painting/elephant/pic_014.jpg,1,1.000000
392,pacs_data/pacs_data/art_painting/elephant/pic_015.jpg,1,1.000001
393,pacs_data/pacs_data/art_painting/elephant/pic_016.jpg,1,1.000000
394,pacs_data/pacs_data/art_painting/elephant/pic_017.jpg,1,1.000000
395,pacs_data/pacs_data/art_painting/elephant/pic_018.jpg,1,1.000000
396,pacs_data/pacs_data/art_painting/elephant/pic_019.jpg,1,1.000000
397,pacs_data/pacs_data/art_painting/elephant/pic_020.jpg,1,1.000000
398,pacs_data/pacs_data/art_painting/elephant/pic_021.jpg,1,1.000001
399,pacs_data/pacs_data/art_painting/elephant/pic_022.jpg,1,1.000000
400,pacs_data/pacs_data/art_painting/elephant/pic_023.jpg,1,1.000000
401,pacs_data/pacs_data/art_painting/elephant/pic_024.jpg,1,1.000000
402,pacs_data/pacs_data/art_painting/elephant/pic_025.jpg,1,1.000000
403,pacs_data/pacs_data/art_painting/elephant/pic_026.jpg,1,1.000000
404,pacs_data/pacs_data/art_painting/elephant/pic_027.jpg,1,1.000000
405,pacs_data/pacs_data/art_painting/elephant/pic_028.jpg,1,1.000000
406,pacs_data/pacs_data/art_painting/elephant/pic_029.jpg,1,1.000000
407,pacs_data/pacs_data/art_painting/elephant/pic_030.jpg,1,1.000000
408,pacs_data/pacs_data/art_painting/elephant/pic_031.jpg,1,1.000000
409,pacs_data/pacs_data/art_painting/elephant/pic_032.jpg,1,1.000000
410,pacs_data/pacs_data/art_painting/elephant/pic_033.jpg,1,1.000000
411,pacs_data/pacs_data/art_painting/elephant/pic_034.jpg,1,1.000000
412,pacs_data/pacs_data/art_painting/elephant/pic_035.jpg,1,1.000000
413,pacs_data/pacs_data/art_painting/elephant/pic_036.jpg,1,1.000000
414,pacs_data/pacs_data/art_painting/elephant/pic_037.jpg,1,1.000000
415,pacs_data/pacs_data/art_painting/elephant/pic_039.jpg,1,1.000000
416,pacs_data/pacs_data/art_painting/elephant/pic_040.jpg,1,1.000000
417,pacs_data/pacs_data/art_painting/elephant/pic_041.jpg,1,1.000000
418,pacs_data/pacs_data/art_painting/elephant/pic_042.jpg,1,1.000000
419,pacs_data/pacs_data/art_painting/elephant/pic_043.jpg,1,1.000000
420,pacs_data/pacs_data/art_painting/elephant/pic_044.jpg,1,1.000001
421,pacs_data/pacs_data/art_painting/elephant/pic_045.jpg,1,1.000000
422,pacs_data/pacs_data/art_painting/elephant/pic_046.jpg,1,1.000000
423,pacs_data/pacs_data/art_painting/elephant/pic_047.jpg,1,1.000000
424,pacs_data/pacs_data/art_painting/elephant/pic_048.jpg,1,1.000000
425,pacs_data/pacs_data/art_painting/elephant/pic_049.jpg,1,1.000000
426,pacs_data/pacs_data/art_painting/elephant/pic_050.jpg,1,1.000000
427,pacs_data/pacs_data/art_painting/elephant/pic_051.jpg,1,1.000000
428,pacs_data/pacs_data/art_painting/elephant/pic_052.jpg,1,1.000000
429,pacs_data/pacs_data/art_painting/elephant/pic_053.jpg,1,1.000000
430,pacs_data/pacs_data/art_painting/elephant/pic_054.jpg,1,1.000000
431,pacs_data/pacs_data/art_painting/elephant/pic_055.jpg,1,1.000000
432,pacs_data/pacs_data/art_painting/elephant/pic_056.jpg,1,1.000000
433,pacs_data/pacs_data/art_painting/elephant/pic_057.jpg,1,1.000000
434,pacs_data/pacs_data/art_painting/elephant/pic_058.jpg,1,1.000000
435,pacs_data/pacs_data/art_painting/elephant/pic_059.jpg,1,1.000000
436,pacs_data/pacs_data/art_painting/elephant/pic_060.jpg,1,1.000000
437,pacs_data/pacs_data/art_painting/elephant/pic_061.jpg,1,1.000000
438,pacs_data/pacs_data/art_painting/elephant/pic_062.jpg,1,1.000000
439,pacs_data/pacs_data/art_painting/elephant/pic_063.jpg,1,1.000000
440,pacs_data/pacs_data/art_painting/elephant/pic_064.jpg,1,1.000000
441,pacs_data/pacs_data/art_painting/elephant/pic_065.jpg,1,1.000000
442,pacs_data/pacs_data/art_painting/elephant/pic_066.jpg,1,1.000000
443,pacs_data/pacs_data/art_painting/elephant/pic_067.jpg,1,1.000000
444,pacs_data/pacs_data/art_painting/elephant/pic_068.jpg,1,1.000000
445,pacs_data/pacs_data/art_painting/elephant/pic_069.jpg,1,1.000000
446,pacs_data/pacs_data/art_painting/elephant/pic_070.jpg,1,1.000000
447,pacs_data/pacs_data/art_painting/elephant/pic_071.jpg,1,1.000000
448,pacs_data/pacs_data/art_painting/elephant/pic_072.jpg,1,1.000000
449,pacs_data/pacs_data/art_painting/elephant/pic_073.jpg,1,1.000000
450,pacs_data/pacs_data/art_painting/elephant/pic_074.jpg,1,1.000000
451,pacs_data/pacs_data/art_painting/elephant/pic_075.jpg,1,1.000000
452,pacs_data/pacs_data/art_painting/elephant/pic_076.jpg,1,0.999999
453,pacs_data/pacs_data/art_painting/elephant/pic_077.jpg,1,1.000000
454,pacs_data/pacs_data/art_painting/elephant/pic_078.jpg,1,1.000000
455,pacs_data/pacs_data/art_painting/elephant/pic_079.jpg,1,1.000000
456,pacs_data/pacs_data/art_painting/elephant/pic_080.jpg,1,1.000000
457,pacs_data/pacs_data/art_painting/elephant/pic_081.jpg,1,1.000000
458,pacs_data/pacs_data/art_painting/elephant/pic_082.jpg,1,1.000000
459,pacs_data/pacs_data/art_painting/elephant/pic_083.jpg,1,1.000000
460,pacs_data/pacs_data/art_painting/elephant/pic_084.jpg,1,1.000000
461,pacs_data/pacs_data/art_painting/elephant/pic_085.jpg,1,1.000000
462,pacs_data/pacs_data/art_painting/elephant/pic_086.jpg,1,1.000000
463,pacs_data/pacs_data/art_painting/elephant/pic_087.jpg,1,1.000000
464,pacs_data/pacs_data/art_painting/elephant/pic_088.jpg,1,1.000000
465,pacs_data/pacs_data/art_painting/elephant/pic_089.jpg,1,1.000000
466,pacs_data/pacs_data/art_painting/elephant/pic_090.jpg,1,1.000000
467,pacs_data/pacs_data/art_painting/elephant/pic_091.jpg,1,1.000000
468,pacs_data/pacs_data/art_painting/elephant/pic_092.jpg,1,1.000000
469,pacs_data/pacs_data/art_painting/elephant/pic_093.jpg,1,1.000000
470,pacs_data/pacs_data/art_painting/elephant/pic_094.jpg,1,1.000000
471,pacs_data/pacs_data/art_painting/elephant/pic_095.jpg,1,1.000000
472,pacs_data/pacs_data/art_painting/elephant/pic_096.jpg,1,1.000000
473,pacs_data/pacs_data/art_painting/elephant/pic_097.jpg,1,1.000000
474,pacs_data/pacs_data/art_painting/elephant/pic_098.jpg,1,1.000000
475,pacs_data/pacs_data/art_painting/elephant/pic_099.jpg,1,1.000000
476,pacs_data/pacs_data/art_painting/elephant/pic_100.jpg,1,1.000000
477,pacs_data/pacs_data/art_painting/elephant/pic_101.jpg,1,1.000000
478,pacs_data/pacs_data/art_painting/elephant/pic_102.jpg,1,1.000000
479,pacs_data/pacs_data/art_painting/elephant/pic_103.jpg,1,1.000000
480,pacs_data/pacs_data/art_painting/elephant/pic_104.jpg,1,1.000000
481,pacs_data/pacs_data/art_painting/elephant/pic_105.jpg,1,1.000000
482,pacs_data/pacs_data/art_painting/elephant/pic_106.jpg,1,1.000000
483,pacs_data/pacs_data/art_painting/elephant/pic_107.jpg,1,1.000000
484,pacs_data/pacs_data/art_painting/elephant/pic_108.jpg,1,1.000000
485,pacs_data/pacs_data/art_painting/elephant/pic_109.jpg,1,1.000000
486,pacs_data/pacs_data/art_painting/elephant/pic_110.jpg,1,1.000000
487,pacs_data/pacs_data/art_painting/elephant/pic_111.jpg,1,1.000000
488,pacs_data/pacs_data/art_painting/elephant/pic_112.jpg,1,1.000000
489,pacs_data/pacs_data/art_painting/elephant/pic_113.jpg,1,1.000000
490,pacs_data/pacs_data/art_painting/elephant/pic_114.jpg,1,1.000000
491,pacs_data/pacs_data/art_painting/elephant/pic_115.jpg,1,1.000000
492,pacs_data/pacs_data/art_painting/elephant/pic_116.jpg,1,1.000000
493,pacs_data/pacs_data/art_painting/elephant/pic_117.jpg,1,1.000000
494,pacs_data/pacs_data/art_painting/elephant/pic_118.jpg,1,1.000000
495,pacs_data/pacs_data/art_painting/elephant/pic_119.jpg,1,1.000000
496,pacs_data/pacs_data/art_painting/elephant/pic_120.jpg,1,1.000000
497,pacs_data/pacs_data/art_painting/elephant/pic_121.jpg,1,1.000000
498,pacs_data/pacs_data/art_painting/elephant/pic_122.jpg,1,1.000000
499,pacs_data/pacs_data/art_painting/elephant/pic_123.jpg,1,1.000000
500,pacs_data/pacs_data/art_painting/elephant/pic_124.jpg,1,1.000000
501,pacs_data/pacs_data/art_painting/elephant/pic_125.jpg,1,1.000000
502,pacs_data/pacs_data/art_painting/elephant/pic_126.jpg,1,1.000000
503,pacs_data/pacs_data/art_painting/elephant/pic_127.jpg,1,1.000000
504,pacs_data/pacs_data/art_painting/elephant/pic_128.jpg,1,1.000000
505,pacs_data/pacs_data/art_painting/elephant/pic_129.jpg,1,1.000000
506,pacs_data/pacs_data/art_painting/elephant/pic_130.jpg,1,1.000000
507,pacs_data/pacs_data/art_painting/elephant/pic_131.jpg,1,1.000000
508,pacs_data/pacs_data/art_painting/elephant/pic_132.jpg,1,1.000000
509,pacs_data/pacs_data/art_painting/elephant/pic_133.jpg,1,1.000000
510,pacs_data/pacs_data/art_painting/elephant/pic_134.jpg,1,1.000000
511,pacs_data/pacs_data/art_painting/elephant/pic_135.jpg,1,1.000000
512,pacs_data/pacs_data/art_painting/elephant/pic_136.jpg,1,1.000000
513,pacs_data/pacs_data/art_painting/elephant/pic_137.jpg,1,1.000000
514,pacs_data/pacs_data/art_painting/elephant/pic_138.jpg,1,1.000000
515,pacs_data/pacs_data/art_painting/elephant/pic_139.jpg,1,1.000000
516,pacs_data/pacs_data/art_painting/elephant/pic_140.jpg,1,1.000000
517,pacs_data/pacs_data/art_painting/elephant/pic_141.jpg,1,1.000000
518,pacs_data/pacs_data/art_painting/elephant/pic_142.jpg,1,1.000000
519,pacs_data/pacs_data/art_painting/elephant/pic_143.jpg,1,1.000000
520,pacs_data/pacs_data/art_painting/elephant/pic_144.jpg,1,1.000000
521,pacs_data/pacs_data/art_painting/elephant/pic_145.jpg,1,1.000000
522,pacs_data/pacs_data/art_painting/elephant/pic_146.jpg,1,1.000000
523,pacs_data/pacs_data/art_painting/elephant/pic_147.jpg,1,1.000000
524,pacs_data/pacs_data/art_painting/elephant/pic_148.jpg,1,1.000000
525,pacs_data/pacs_data/art_painting/elephant/pic_149.jpg,1,1.000000
526,pacs_data/pacs_data/art_painting/elephant/pic_150.jpg,1,1.000000
527,pacs_data/pacs_data/art_painting/elephant/pic_151.jpg,1,1.000000
528,pacs_data/pacs_data/art_painting/elephant/pic_152.jpg,1,1.000000
529,pacs_data/pacs_data/art_painting/elephant/pic_153.jpg,1,1.000000
530,pacs_data/pacs_data/art_painting/elephant/pic_154.jpg,1,1.000000
531,pacs_data/pacs_data/art_painting/elephant/pic_155.jpg,1,1.000000
532,pacs_data/pacs_data/art_painting/elephant/pic_156.jpg,1,1.000000
533,pacs_data/pacs_data/art_painting/elephant/pic_157.jpg,1,1.000000
534,pacs_data/pacs_data/art_painting/elephant/pic_158.jpg,1,1.000000
535,pacs_data/pacs_data/art_painting/elephant/pic_159.jpg,1,1.000000
536,pacs_data/pacs_data/art_painting/elephant/pic_160.jpg,1,1.000000
537,pacs_data/pacs_data/art_painting/elephant/pic_161.jpg,1,1.000000
538,pacs_data/pacs_data/art_painting/elephant/pic_162.jpg,1,1.000000
539,pacs_data/pacs_data/art_painting/elephant/pic_163.jpg,1,1.000000
540,pacs_data/pacs_data/art_painting/elephant/pic_164.jpg,1,1.000000
541,pacs_data/pacs_data/art_painting/elephant/pic_165.jpg,1,1.000000
542,pacs_data/pacs_data/art_painting/elephant/pic_166.jpg,1,1.000000
543,pacs_data/pacs_data/art_painting/elephant/pic_167.jpg,1,1.000000
544,pacs_data/pacs_data/art_painting/elephant/pic_168.jpg,1,0.999999
545,pacs_data/pacs_data/art_painting/elephant/pic_169.jpg,1,1.000000
546,pacs_data/pacs_data/art_painting/elephant/pic_170.jpg,1,1.000000
547,pacs_data/pacs_data/art_painting/elephant/pic_171.jpg,1,1.000000
548,pacs_data/pacs_data/art_painting/elephant/pic_172.jpg,1,1.000000
549,pacs_data/pacs_data/art_painting/elephant/pic_173.jpg,1,1.000000
550,pacs_data/pacs_data/art_painting/elephant/pic_174.jpg,1,1.000000
551,pacs_data/pacs_data/art_painting/elephant/pic_175.jpg,1,1.000000
552,pacs_data/pacs_data/art_painting/elephant/pic_176.jpg,1,1.000000
553,pacs_data/pacs_data/art_painting/elephant/pic_177.jpg,1,1.000000
554,pacs_data/pacs_data/art_painting/elephant/pic_178.jpg,1,1.000000
555,pacs_data/pacs_data/art_painting/elephant/pic_179.jpg,1,1.000000
556,pacs_data/pacs_data/art_painting/elephant/pic_180.jpg,1,1.000000
557,pacs_data/pacs_data/art_painting/elephant/pic_181.jpg,1,1.000000
558,pacs_data/pacs_data/art_painting/elephant/pic_182.jpg,1,1.000000
559,pacs_data/pacs_data/art_painting/elephant/pic_183.jpg,1,1.000000
560,pacs_data/pacs_data/art_painting/elephant/pic_184.jpg,1,1.000000
561,pacs_data/pacs_data/art_painting/elephant/pic_185.jpg,1,1.000000
562,pacs_data/pacs_data/art_painting/elephant/pic_186.jpg,1,1.000000
563,pacs_data/pacs_data/art_painting/elephant/pic_187.jpg,1,1.000000
564,pacs_data/pacs_data/art_painting/elephant/pic_188.jpg,1,1.000000
565,pacs_data/pacs_data/art_painting/elephant/pic_189.jpg,1,1.000000
566,pacs_data/pacs_data/art_painting/elephant/pic_190.jpg,1,1.000000
567,pacs_data/pacs_data/art_painting/elephant/pic_191.jpg,1,1.000000
568,pacs_data/pacs_data/art_painting/elephant/pic_192.jpg,1,1.000000
569,pacs_data/pacs_data/art_painting/elephant/pic_193.jpg,1,1.000000
570,pacs_data/pacs_data/art_painting/elephant/pic_194.jpg,1,1.000000
571,pacs_data/pacs_data/art_painting/elephant/pic_195.jpg,1,1.000000
572,pacs_data/pacs_data/art_painting/elephant/pic_196.jpg,1,1.000000
573,pacs_data/pacs_data/art_painting/elephant/pic_197.jpg,1,1.000000
574,pacs_data/pacs_data/art_painting/elephant/pic_198.jpg,1,1.000000
575,pacs_data/pacs_data/art_painting/elephant/pic_199.jpg,1,1.000000
576,pacs_data/pacs_data/art_painting/elephant/pic_200.jpg,1,1.000000
577,pacs_data/pacs_data/art_painting/elephant/pic_201.jpg,1,1.000000
578,pacs_data/pacs_data/art_painting/elephant/pic_202.jpg,1,1.000000
579,pacs_data/pacs_data/art_painting/elephant/pic_203.jpg,1,1.000000
580,pacs_data/pacs_data/art_painting/elephant/pic_204.jpg,1,1.000000
581,pacs_data/pacs_data/art_painting/elephant/pic_205.jpg,1,1.000000
582,pacs_data/pacs_data/art_painting/elephant/pic_206.jpg,1,1.000000
583,pacs_data/pacs_data/art_painting/elephant/pic_207.jpg,1,1.000000
584,pacs_data/pacs_data/art_painting/elephant/pic_208.jpg,1,1.000000
585,pacs_data/pacs_data/art_painting/elephant/pic_209.jpg,1,1.000000
586,pacs_data/pacs_data/art_painting/elephant/pic_210.jpg,1,1.000000
587,pacs_data/pacs_data/art_painting/elephant/pic_211.jpg,1,1.000000
588,pacs_data/pacs_data/art_painting/elephant/pic_212.jpg,1,1.000000
589,pacs_data/pacs_data/art_painting/elephant/pic_213.jpg,1,1.000000
590,pacs_data/pacs_data/art_painting/elephant/pic_214.jpg,1,1.000001
591,pacs_data/pacs_data/art_painting/elephant/pic_215.jpg,1,1.000000
592,pacs_data/pacs_data/art_painting/elephant/pic_217.jpg,1,1.000000
593,pacs_data/pacs_data/art_painting/elephant/pic_218.jpg,1,1.000000
594,pacs_data/pacs_data/art_painting/elephant/pic_219.jpg,1,1.000000
595,pacs_data/pacs_data/art_painting/elephant/pic_220.jpg,1,1.000000
596,pacs_data/pacs_data/art_painting/elephant/pic_221.jpg,1,1.000000
597,pacs_data/pacs_data/art_painting/elephant/pic_222.jpg,1,1.000000
598,pacs_data/pacs_data/art_painting/elephant/pic_223.jpg,1,1.000000
599,pacs_data/pacs_data/art_painting/elephant/pic_224.jpg,1,1.000000
600,pacs_data/pacs_data/art_painting/elephant/pic_225.jpg,1,1.000000
601,pacs_data/pacs_data/art_painting/elephant/pic_226.jpg,1,1.000000
602,pacs_data/pacs_data/art_painting/elephant/pic_227.jpg,1,1.000000
603,pacs_data/pacs_data/art_painting/elephant/pic_228.jpg,1,1.000000
604,pacs_data/pacs_data/art_painting/elephant/pic_229.jpg,1,1.000000
605,pacs_data/pacs_data/art_painting/elephant/pic_230.jpg,1,1.000000
606,pacs_data/pacs_data/art_painting/elephant/pic_231.jpg,1,1.000000
607,pacs_data/pacs_data/art_painting/elephant/pic_232.jpg,1,1.000000
608,pacs_data/pacs_data/art_painting/elephant/pic_233.jpg,1,1.000000
609,pacs_data/pacs_data/art_painting/elephant/pic_234.jpg,1,1.000000
610,pacs_data/pacs_data/art_painting/elephant/pic_235.jpg,1,1.000000
611,pacs_data/pacs_data/art_painting/elephant/pic_236.jpg,1,1.000000
612,pacs_data/pacs_data/art_painting/elephant/pic_237.jpg,1,1.000000
613,pacs_data/pacs_data/art_painting/elephant/pic_238.jpg,1,1.000000
614,pacs_data/pacs_data/art_painting/elephant/pic_239.jpg,1,1.000000
615,pacs_data/pacs_data/art_painting/elephant/pic_240.jpg,1,1.000000
616,pacs_data/pacs_data/art_painting/elephant/pic_241.jpg,1,1.000000
617,pacs_data/pacs_data/art_painting/elephant/pic_242.jpg,1,1.000000
618,pacs_data/pacs_data/art_painting/elephant/pic_243.jpg,1,1.000000
619,pacs_data/pacs_data/art_painting/elephant/pic_244.jpg,1,1.000000
620,pacs_data/pacs_data/art_painting/elephant/pic_246.jpg,1,1.000000
621,pacs_data/pacs_data/art_painting/elephant/pic_249.jpg,1,1.000000
622,pacs_data/pacs_data/art_painting/elephant/pic_250.jpg,1,1.000000
623,pacs_data/pacs_data/art_painting/elephant/pic_251.jpg,1,1.000000
624,pacs_data/pacs_data/art_painting/elephant/pic_252.jpg,1,1.000000
625,pacs_data/pacs_data/art_painting/elephant/pic_253.jpg,1,1.000000
626,pacs_data/pacs_data/art_painting/elephant/pic_254.jpg,1,1.000000
627,pacs_data/pacs_data/art_painting/elephant/pic_255.jpg,1,1.000000
628,pacs_data/pacs_data/art_painting/elephant/pic_256.jpg,1,1.000000
629,pacs_data/pacs_data/art_painting/elephant/pic_257.jpg,1,1.000000
630,pacs_data/pacs_data/art_painting/elephant/pic_258.jpg,1,1.000000
631,pacs_data/pacs_data/art_painting/elephant/pic_259.jpg,1,1.000000
632,pacs_data/pacs_data/art_painting/elephant/pic_260.jpg,1,1.000000
633,pacs_data/pacs_data/art_painting/elephant/pic_261.jpg,1,1.000000
634,pacs_data/pacs_data/art_painting/giraffe/pic_001.jpg,2,1.000000
635,pacs_data/pacs_data/art_painting/giraffe/pic_002.jpg,2,1.000000
636,pacs_data/pacs_data/art_painting/giraffe/pic_003.jpg,2,1.000000
637,pacs_data/pacs_data/art_painting/giraffe/pic_004.jpg,2,1.000000
638,pacs_data/pacs_data/art_painting/giraffe/pic_005.jpg,2,1.000000
639,pacs_data/pacs_data/art_painting/giraffe/pic_007.jpg,2,1.000000
640,pacs_data/pacs_data/art_painting/giraffe/pic_008.jpg,2,1.000000
641,pacs_data/pacs_data/art_painting/giraffe/pic_009.jpg,2,1.000000
642,pacs_data/pacs_data/art_painting/giraffe/pic_010.jpg,2,1.000000
643,pacs_data/pacs_data/art_painting/giraffe/pic_011.jpg,2,1.000000
644,pacs_data/pacs_data/art_painting/giraffe/pic_012.jpg,2,1.000000
645,pacs_data/pacs_data/art_painting/giraffe/pic_013.jpg,2,1.000000
646,pacs_data/pacs_data/art_painting/giraffe/pic_014.jpg,2,1.000000
647,pacs_data/pacs_data/art_painting/giraffe/pic_015.jpg,2,1.000000
648,pacs_data/pacs_data/art_painting/giraffe/pic_016.jpg,2,1.000000
649,pacs_data/pacs_data/art_painting/giraffe/pic_017.jpg,2,1.000000
650,pacs_data/pacs_data/art_painting/giraffe/pic_018.jpg,2,1.000000
651,pacs_data/pacs_data/art_painting/giraffe/pic_019.jpg,2,1.000000
652,pacs_data/pacs_data/art_painting/giraffe/pic_020.jpg,2,1.000000
653,pacs_data/pacs_data/art_painting/giraffe/pic_021.jpg,2,1.000000
654,pacs_data/pacs_data/art_painting/giraffe/pic_022.jpg,2,1.000000
655,pacs_data/pacs_data/art_painting/giraffe/pic_023.jpg,2,1.000000
656,pacs_data/pacs_data/art_painting/giraffe/pic_024.jpg,2,1.000000
657,pacs_data/pacs_data/art_painting/giraffe/pic_025.jpg,2,1.000000
658,pacs_data/pacs_data/art_painting/giraffe/pic_026.jpg,2,1.000000
659,pacs_data/pacs_data/art_painting/giraffe/pic_027.jpg,2,1.000000
660,pacs_data/pacs_data/art_painting/giraffe/pic_028.jpg,2,1.000000
661,pacs_data/pacs_data/art_painting/giraffe/pic_029.jpg,2,1.000000
662,pacs_data/pacs_data/art_painting/giraffe/pic_030.jpg,2,1.000000
663,pacs_data/pacs_data/art_painting/giraffe/pic_031.jpg,2,1.000001
664,pacs_data/pacs_data/art_painting/giraffe/pic_032.jpg,2,1.000000
665,pacs_data/pacs_data/art_painting/giraffe/pic_033.jpg,2,1.000000
666,pacs_data/pacs_data/art_painting/giraffe/pic_034.jpg,2,1.000000
667,pacs_data/pacs_data/art_painting/giraffe/pic_035.jpg,2,1.000001
668,pacs_data/pacs_data/art_painting/giraffe/pic_036.jpg,2,1.000000
669,pacs_data/pacs_data/art_painting/giraffe/pic_037.jpg,2,1.000000
670,pacs_data/pacs_data/art_painting/giraffe/pic_038.jpg,2,1.000000
671,pacs_data/pacs_data/art_painting/giraffe/pic_039.jpg,2,1.000000
672,pacs_data/pacs_data/art_painting/giraffe/pic_040.jpg,2,1.000000
673,pacs_data/pacs_data/art_painting/giraffe/pic_041.jpg,2,1.000000
674,pacs_data/pacs_data/art_painting/giraffe/pic_042.jpg,2,1.000000
675,pacs_data/pacs_data/art_painting/giraffe/pic_043.jpg,2,1.000000
676,pacs_data/pacs_data/art_painting/giraffe/pic_044.jpg,2,1.000000
677,pacs_data/pacs_data/art_painting/giraffe/pic_045.jpg,2,1.000000
678,pacs_data/pacs_data/art_painting/giraffe/pic_046.jpg,2,1.000000
679,pacs_data/pacs_data/art_painting/giraffe/pic_047.jpg,2,1.000000
680,pacs_data/pacs_data/art_painting/giraffe/pic_048.jpg,2,1.000000
681,pacs_data/pacs_data/art_painting/giraffe/pic_049.jpg,2,1.000000
682,pacs_data/pacs_data/art_painting/giraffe/pic_050.jpg,2,1.000000
683,pacs_data/pacs_data/art_painting/giraffe/pic_051.jpg,2,1.000000
684,pacs_data/pacs_data/art_painting/giraffe/pic_052.jpg,2,1.000000
685,pacs_data/pacs_data/art_painting/giraffe/pic_053.jpg,2,1.000000
686,pacs_data/pacs_data/art_painting/giraffe/pic_054.jpg,2,1.000000
687,pacs_data/pacs_data/art_painting/giraffe/pic_055.jpg,2,1.000000
688,pacs_data/pacs_data/art_painting/giraffe/pic_056.jpg,2,1.000000
689,pacs_data/pacs_data/art_painting/giraffe/pic_057.jpg,2,1.000000
690,pacs_data/pacs_data/art_painting/giraffe/pic_058.jpg,2,1.000000
691,pacs_data/pacs_data/art_painting/giraffe/pic_059.jpg,2,1.000000
692,pacs_data/pacs_data/art_painting/giraffe/pic_060.jpg,2,1.000000
693,pacs_data/pacs_data/art_painting/giraffe/pic_061.jpg,2,1.000000
694,pacs_data/pacs_data/art_painting/giraffe/pic_062.jpg,2,1.000000
695,pacs_data/pacs_data/art_painting/giraffe/pic_063.jpg,2,1.000000
696,pacs_data/pacs_data/art_painting/giraffe/pic_065.jpg,2,0.999999
697,pacs_data/pacs_data/art_painting/giraffe/pic_066.jpg,2,1.000000
698,pacs_data/pacs_data/art_painting/giraffe/pic_068.jpg,2,1.000000
699,pacs_data/pacs_data/art_painting/giraffe/pic_069.jpg,2,1.000000
700,pacs_data/pacs_data/art_painting/giraffe/pic_070.jpg,2,1.000000
701,pacs_data/pacs_data/art_painting/giraffe/pic_071.jpg,2,1.000000
702,pacs_data/pacs_data/art_painting/giraffe/pic_072.jpg,2,1.000000
703,pacs_data/pacs_data/art_painting/giraffe/pic_073.jpg,2,1.000000
704,pacs_data/pacs_data/art_painting/giraffe/pic_074.jpg,2,1.000000
705,pacs_data/pacs_data/art_painting/giraffe/pic_075.jpg,2,1.000000
706,pacs_data/pacs_data/art_painting/giraffe/pic_077.jpg,2,1.000000
707,pacs_data/pacs_data/art_painting/giraffe/pic_078.jpg,2,1.000000
708,pacs_data/pacs_data/art_painting/giraffe/pic_079.jpg,2,1.000000
709,pacs_data/pacs_data/art_painting/giraffe/pic_080.jpg,2,1.000000
710,pacs_data/pacs_data/art_painting/giraffe/pic_081.jpg,2,1.000000
711,pacs_data/pacs_data/art_painting/giraffe/pic_082.jpg,2,1.000000
712,pacs_data/pacs_data/art_painting/giraffe/pic_083.jpg,2,1.000000
713,pacs_data/pacs_data/art_painting/giraffe/pic_084.jpg,2,1.000000
714,pacs_data/pacs_data/art_painting/giraffe/pic_085.jpg,2,1.000000
715,pacs_data/pacs_data/art_painting/giraffe/pic_086.jpg,2,1.000000
716,pacs_data/pacs_data/art_painting/giraffe/pic_087.jpg,2,1.000000
717,pacs_data/pacs_data/art_painting/giraffe/pic_088.jpg,2,1.000000
718,pacs_data/pacs_data/art_painting/giraffe/pic_089.jpg,2,1.000000
719,pacs_data/pacs_data/art_painting/giraffe/pic_090.jpg,2,1.000000
720,pacs_data/pacs_data/art_painting/giraffe/pic_091.jpg,2,1.000000
721,pacs_data/pacs_data/art_painting/giraffe/pic_092.jpg,2,1.000000
722,pacs_data/pacs_data/art_painting/giraffe/pic_093.jpg,2,1.000000
723,pacs_data/pacs_data/art_painting/giraffe/pic_094.jpg,2,1.000000
724,pacs_data/pacs_data/art_painting/giraffe/pic_095.jpg,2,1.000000
725,pacs_data/pacs_data/art_painting/giraffe/pic_096.jpg,2,1.000000
726,pacs_data/pacs_data/art_painting/giraffe/pic_097.jpg,2,1.000000
727,pacs_data/pacs_data/art_painting/giraffe/pic_098.jpg,2,1.000000
728,pacs_data/pacs_data/art_painting/giraffe/pic_099.jpg,2,1.000000
729,pacs_data/pacs_data/art_painting/giraffe/pic_100.jpg,2,1.000000
730,pacs_data/pacs_data/art_painting/giraffe/pic_101.jpg,2,1.000000
731,pacs_data/pacs_data/art_painting/giraffe/pic_102.jpg,2,1.000000
732,pacs_data/pacs_data/art_painting/giraffe/pic_103.jpg,2,1.000000
733,pacs_data/pacs_data/art_painting/giraffe/pic_104.jpg,2,1.000000
734,pacs_data/pacs_data/art_painting/giraffe/pic_105.jpg,2,1.000000
735,pacs_data/pacs_data/art_painting/giraffe/pic_106.jpg,2,1.000000
736,pacs_data/pacs_data/art_painting/giraffe/pic_107.jpg,2,1.000000
737,pacs_data/pacs_data/art_painting/giraffe/pic_108.jpg,2,1.000000
738,pacs_data/pacs_data/art_painting/giraffe/pic_109.jpg,2,1.000000
739,pacs_data/pacs_data/art_painting/giraffe/pic_110.jpg,2,1.000000
740,pacs_data/pacs_data/art_painting/giraffe/pic_111.jpg,2,1.000000
741,pacs_data/pacs_data/art_painting/giraffe/pic_112.jpg,2,1.000000
742,pacs_data/pacs_data/art_painting/giraffe/pic_113.jpg,2,1.000000
743,pacs_data/pacs_data/art_painting/giraffe/pic_114.jpg,2,1.000000
744,pacs_data/pacs_data/art_painting/giraffe/pic_115.jpg,2,1.000000
745,pacs_data/pacs_data/art_painting/giraffe/pic_116.jpg,2,1.000000
746,pacs_data/pacs_data/art_painting/giraffe/pic_117.jpg,2,1.000000
747,pacs_data/pacs_data/art_painting/giraffe/pic_118.jpg,2,1.000000
748,pacs_data/pacs_data/art_painting/giraffe/pic_119.jpg,2,1.000000
749,pacs_data/pacs_data/art_painting/giraffe/pic_120.jpg,2,1.000000
750,pacs_data/pacs_data/art_painting/giraffe/pic_121.jpg,2,1.000000
751,pacs_data/pacs_data/art_painting/giraffe/pic_122.jpg,2,1.000001
752,pacs_data/pacs_data/art_painting/giraffe/pic_123.jpg,2,1.000000
753,pacs_data/pacs_data/art_painting/giraffe/pic_125.jpg,2,1.000000
754,pacs_data/pacs_data/art_painting/giraffe/pic_126.jpg,2,1.000000
755,pacs_data/pacs_data/art_painting/giraffe/pic_127.jpg,2,1.000000
756,pacs_data/pacs_data/art_painting/giraffe/pic_128.jpg,2,1.000000
757,pacs_data/pacs_data/art_painting/giraffe/pic_129.jpg,2,1.000000
758,pacs_data/pacs_data/art_painting/giraffe/pic_130.jpg,2,1.000000
759,pacs_data/pacs_data/art_painting/giraffe/pic_131.jpg,2,1.000000
760,pacs_data/pacs_data/art_painting/giraffe/pic_132.jpg,2,1.000000
761,pacs_data/pacs_data/art_painting/giraffe/pic_133.jpg,2,1.000000
762,pacs_data/pacs_data/art_painting/giraffe/pic_134.jpg,2,1.000000
763,pacs_data/pacs_data/art_painting/giraffe/pic_135.jpg,2,1.000000
764,pacs_data/pacs_data/art_painting/giraffe/pic_136.jpg,2,1.000000
765,pacs_data/pacs_data/art_painting/giraffe/pic_137.jpg,2,1.000000
766,pacs_data/pacs_data/art_painting/giraffe/pic_138.jpg,2,1.000000
767,pacs_data/pacs_data/art_painting/giraffe/pic_139.jpg,2,1.000000
768,pacs_data/pacs_data/art_painting/giraffe/pic_140.jpg,2,1.000000
769,pacs_data/pacs_data/art_painting/giraffe/pic_141.jpg,2,0.999999
770,pacs_data/pacs_data/art_painting/giraffe/pic_142.jpg,2,1.000000
771,pacs_data/pacs_data/art_painting/giraffe/pic_143.jpg,2,1.000000
772,pacs_data/pacs_data/art_painting/giraffe/pic_144.jpg,2,1.000000
773,pacs_data/pacs_data/art_painting/giraffe/pic_145.jpg,2,1.000000
774,pacs_data/pacs_data/art_painting/giraffe/pic_146.jpg,2,1.000000
775,pacs_data/pacs_data/art_painting/giraffe/pic_147.jpg,2,1.000000
776,pacs_data/pacs_data/art_painting/giraffe/pic_150.jpg,2,1.000000
777,pacs_data/pacs_data/art_painting/giraffe/pic_151.jpg,2,1.000000
778,pacs_data/pacs_data/art_painting/giraffe/pic_152.jpg,2,1.000000
779,pacs_data/pacs_data/art_painting/giraffe/pic_153.jpg,2,1.000000
780,pacs_data/pacs_data/art_painting/giraffe/pic_154.jpg,2,1.000000
781,pacs_data/pacs_data/art_painting/giraffe/pic_155.jpg,2,1.000000
782,pacs_data/pacs_data/art_painting/giraffe/pic_157.jpg,2,1.000000
783,pacs_data/pacs_data/art_painting/giraffe/pic_158.jpg,2,1.000000
784,pacs_data/pacs_data/art_painting/giraffe/pic_159.jpg,2,1.000000
785,pacs_data/pacs_data/art_painting/giraffe/pic_160.jpg,2,1.000000
786,pacs_data/pacs_data/art_painting/giraffe/pic_161.jpg,2,1.000000
787,pacs_data/pacs_data/art_painting/giraffe/pic_162.jpg,2,1.000000
788,pacs_data/pacs_data/art_painting/giraffe/pic_163.jpg,2,1.000000
789,pacs_data/pacs_data/art_painting/giraffe/pic_164.jpg,2,1.000000
790,pacs_data/pacs_data/art_painting/giraffe/pic_165.jpg,2,1.000000
791,pacs_data/pacs_data/art_painting/giraffe/pic_166.jpg,2,1.000000
792,pacs_data/pacs_data/art_painting/giraffe/pic_167.jpg,2,1.000000
793,pacs_data/pacs_data/art_painting/giraffe/pic_168.jpg,2,1.000000
794,pacs_data/pacs_data/art_painting/giraffe/pic_169.jpg,2,1.000000
795,pacs_data/pacs_data/art_painting/giraffe/pic_170.jpg,2,1.000000
796,pacs_data/pacs_data/art_painting/giraffe/pic_171.jpg,2,1.000000
797,pacs_data/pacs_data/art_painting/giraffe/pic_172.jpg,2,1.000000
798,pacs_data/pacs_data/art_painting/giraffe/pic_173.jpg,2,1.000000
799,pacs_data/pacs_data/art_painting/giraffe/pic_174.jpg,2,1.000000
800,pacs_data/pacs_data/art_painting/giraffe/pic_175.jpg,2,1.000000
801,pacs_data/pacs_data/art_painting/giraffe/pic_176.jpg,2,1.000000
802,pacs_data/pacs_data/art_painting/giraffe/pic_177.jpg,2,1.000000
803,pacs_data/pacs_data/art_painting/giraffe/pic_178.jpg,2,1.000000
804,pacs_data/pacs_data/art_painting/giraffe/pic_180.jpg,2,1.000000
805,pacs_data/pacs_data/art_painting/giraffe/pic_182.jpg,2,1.000000
806,pacs_data/pacs_data/art_painting/giraffe/pic_184.jpg,2,1.000000
807,pacs_data/pacs_data/art_painting/giraffe/pic_185.jpg,2,1.000000
808,pacs_data/pacs_data/art_painting/giraffe/pic_186.jpg,2,1.000000
809,pacs_data/pacs_data/art_painting/giraffe/pic_188.jpg,2,1.000000
810,pacs_data/pacs_data/art_painting/giraffe/pic_190.jpg,2,1.000000
811,pacs_data/pacs_data/art_painting/giraffe/pic_191.jpg,2,1.000000
812,pacs_data/pacs_data/art_painting/giraffe/pic_192.jpg,2,1.000000
813,pacs_data/pacs_data/art_painting/giraffe/pic_193.jpg,2,1.000000
814,pacs_data/pacs_data/art_painting/giraffe/pic_194.jpg,2,1.000000
815,pacs_data/pacs_data/art_painting/giraffe/pic_195.jpg,2,1.000000
816,pacs_data/pacs_data/art_painting/giraffe/pic_198.jpg,2,1.000000
817,pacs_data/pacs_data/art_painting/giraffe/pic_200.jpg,2,1.000000
818,pacs_data/pacs_data/art_painting/giraffe/pic_201.jpg,2,1.000000
819,pacs_data/pacs_data/art_painting/giraffe/pic_203.jpg,2,1.000000
820,pacs_data/pacs_data/art_painting/giraffe/pic_204.jpg,2,1.000000
821,pacs_data/pacs_data/art_painting/giraffe/pic_205.jpg,2,1.000000
822,pacs_data/pacs_data/art_painting/giraffe/pic_206.jpg,2,1.000000
823,pacs_data/pacs_data/art_painting/giraffe/pic_207.jpg,2,1.000000
824,pacs_data/pacs_data/art_painting/giraffe/pic_208.jpg,2,1.000000
825,pacs_data/pacs_data/art_painting/giraffe/pic_209.jpg,2,1.000000
826,pacs_data/pacs_data/art_painting/giraffe/pic_210.jpg,2,1.000000
827,pacs_data/pacs_data/art_painting/giraffe/pic_211.jpg,2,1.000000
828,pacs_data/pacs_data/art_painting/giraffe/pic_212.jpg,2,1.000000
829,pacs_data/pacs_data/art_painting/giraffe/pic_213.jpg,2,1.000000
830,pacs_data/pacs_data/art_painting/giraffe/pic_214.jpg,2,1.000000
831,pacs_data/pacs_data/art_painting/giraffe/pic_215.jpg,2,1.000000
832,pacs_data/pacs_data/art_painting/giraffe/pic_216.jpg,2,1.000000
833,pacs_data/pacs_data/art_painting/giraffe/pic_217.jpg,2,1.000000
834,pacs_data/pacs_data/art_painting/giraffe/pic_218.jpg,2,1.000000
835,pacs_data/pacs_data/art_painting/giraffe/pic_221.jpg,2,1.000000
836,pacs_data/pacs_data/art_painting/giraffe/pic_222.jpg,2,1.000000
837,pacs_data/pacs_data/art_painting/giraffe/pic_223.jpg,2,1.000000
838,pacs_data/pacs_data/art_painting/giraffe/pic_224.jpg,2,1.000000
839,pacs_data/pacs_data/art_painting/giraffe/pic_225.jpg,2,1.000000
840,pacs_data/pacs_data/art_painting/giraffe/pic_226.jpg,2,1.000000
841,pacs_data/pacs_data/art_painting/giraffe/pic_227.jpg,2,1.000000
842,pacs_data/pacs_data/art_painting/giraffe/pic_228.jpg,2,1.000000
843,pacs_data/pacs_data/art_painting/giraffe/pic_229.jpg,2,1.000000
844,pacs_data/pacs_data/art_painting/giraffe/pic_230.jpg,2,1.000000
845,pacs_data/pacs_data/art_painting/giraffe/pic_231.jpg,2,1.000000
846,pacs_data/pacs_data/art_painting/giraffe/pic_232.jpg,2,1.000000
847,pacs_data/pacs_data/art_painting/giraffe/pic_233.jpg,2,1.000000
848,pacs_data/pacs_data/art_painting/giraffe/pic_234.jpg,2,1.000000
849,pacs_data/pacs_data/art_painting/giraffe/pic_235.jpg,2,1.000000
850,pacs_data/pacs_data/art_painting/giraffe/pic_236.jpg,2,1.000000
851,pacs_data/pacs_data/art_painting/giraffe/pic_237.jpg,2,1.000000
852,pacs_data/pacs_data/art_painting/giraffe/pic_238.jpg,2,1.000000
853,pacs_data/pacs_data/art_painting/giraffe/pic_239.jpg,2,1.000000
854,pacs_data/pacs_data/art_painting/giraffe/pic_240.jpg,2,1.000000
855,pacs_data/pacs_data/art_painting/giraffe/pic_241.jpg,2,1.000000
856,pacs_data/pacs_data/art_painting/giraffe/pic_242.jpg,2,1.000000
857,pacs_data/pacs_data/art_painting/giraffe/pic_243.jpg,2,1.000000
858,pacs_data/pacs_data/art_painting/giraffe/pic_244.jpg,2,1.000000
859,pacs_data/pacs_data/art_painting/giraffe/pic_245.jpg,2,1.000000
860,pacs_data/pacs_data/art_painting/giraffe/pic_246.jpg,2,1.000000
861,pacs_data/pacs_data/art_painting/giraffe/pic_247.jpg,2,1.000000
862,pacs_data/pacs_data/art_painting/giraffe/pic_248.jpg,2,1.000000
863,pacs_data/pacs_data/art_painting/giraffe/pic_249.jpg,2,1.000000
864,pacs_data/pacs_data/art_painting/giraffe/pic_251.jpg,2,1.000000
865,pacs_data/pacs_data/art_painting/giraffe/pic_252.jpg,2,1.000000
866,pacs_data/pacs_data/art_painting/giraffe/pic_253.jpg,2,1.000000
867,pacs_data/pacs_data/art_painting/giraffe/pic_254.jpg,2,1.000000
868,pacs_data/pacs_data/art_painting/giraffe/pic_255.jpg,2,1.000000
869,pacs_data/pacs_data/art_painting/giraffe/pic_256.jpg,2,1.000000
870,pacs_data/pacs_data/art_painting/giraffe/pic_257.jpg,2,1.000000
871,pacs_data/pacs_data/art_painting/giraffe/pic_258.jpg,2,1.000000
872,pacs_data/pacs_data/art_painting/giraffe/pic_259.jpg,2,1.000000
873,pacs_data/pacs_data/art_painting/giraffe/pic_261.jpg,2,1.000000
874,pacs_data/pacs_data/art_painting/giraffe/pic_262.jpg,2,1.000000
875,pacs_data/pacs_data/art_painting/giraffe/pic_263.jpg,2,1.000000
876,pacs_data/pacs_data/art_painting/giraffe/pic_264.jpg,2,1.000000
877,pacs_data/pacs_data/art_painting/giraffe/pic_265.jpg,2,1.000000
878,pacs_data/pacs_data/art_painting/giraffe/pic_266.jpg,2,1.000000
879,pacs_data/pacs_data/art_painting/giraffe/pic_267.jpg,2,1.000000
880,pacs_data/pacs_data/art_painting/giraffe/pic_268.jpg,2,1.000001
881,pacs_data/pacs_data/art_painting/giraffe/pic_270.jpg,2,1.000000
882,pacs_data/pacs_data/art_painting/giraffe/pic_271.jpg,2,1.000000
883,pacs_data/pacs_data/art_painting/giraffe/pic_272.jpg,2,1.000000
884,pacs_data/pacs_data/art_painting/giraffe/pic_273.jpg,2,1.000000
885,pacs_data/pacs_data/art_painting/giraffe/pic_274.jpg,2,1.000000
886,pacs_data/pacs_data/art_painting/giraffe/pic_276.jpg,2,1.000000
887,pacs_data/pacs_data/art_painting/giraffe/pic_277.jpg,2,1.000000
888,pacs_data/pacs_data/art_painting/giraffe/pic_278.jpg,2,1.000000
889,pacs_data/pacs_data/art_painting/giraffe/pic_279.jpg,2,1.000000
890,pacs_data/pacs_data/art_painting/giraffe/pic_280.jpg,2,1.000000
891,pacs_data/pacs_data/art_painting/giraffe/pic_281.jpg,2,1.000000
892,pacs_data/pacs_data/art_painting/giraffe/pic_282.jpg,2,1.000000
893,pacs_data/pacs_data/art_painting/giraffe/pic_283.jpg,2,1.000000
894,pacs_data/pacs_data/art_painting/giraffe/pic_284.jpg,2,1.000000
895,pacs_data/pacs_data/art_painting/giraffe/pic_285.jpg,2,1.000000
896,pacs_data/pacs_data/art_painting/giraffe/pic_286.jpg,2,1.000000
897,pacs_data/pacs_data/art_painting/giraffe/pic_287.jpg,2,1.000000
898,pacs_data/pacs_data/art_painting/giraffe/pic_288.jpg,2,1.000000
899,pacs_data/pacs_data/art_painting/giraffe/pic_290.jpg,2,1.000000
900,pacs_data/pacs_data/art_painting/giraffe/pic_291.jpg,2,1.000000
901,pacs_data/pacs_data/art_painting/giraffe/pic_292.jpg,2,1.000000
902,pacs_data/pacs_data/art_painting/giraffe/pic_293.jpg,2,1.000000
903,pacs_data/pacs_data/art_painting/giraffe/pic_295.jpg,2,1.000000
904,pacs_data/pacs_data/art_painting/giraffe/pic_296.jpg,2,1.000000
905,pacs_data/pacs_data/art_painting/giraffe/pic_297.jpg,2,1.000000
906,pacs_data/pacs_data/art_painting/giraffe/pic_298.jpg,2,1.000000
907,pacs_data/pacs_data/art_painting/giraffe/pic_300.jpg,2,1.000000
908,pacs_data/pacs_data/art_painting/giraffe/pic_301.jpg,2,1.000000
909,pacs_data/pacs_data/art_painting/giraffe/pic_302.jpg,2,1.000000
910,pacs_data/pacs_data/art_painting/giraffe/pic_303.jpg,2,1.000000
911,pacs_data/pacs_data/art_painting/giraffe/pic_304.jpg,2,1.000000
912,pacs_data/pacs_data/art_painting/giraffe/pic_305.jpg,2,1.000000
913,pacs_data/pacs_data/art_painting/giraffe/pic_306.jpg,2,1.000000
914,pacs_data/pacs_data/art_painting/giraffe/pic_307.jpg,2,1.000000
915,pacs_data/pacs_data/art_painting/giraffe/pic_308.jpg,2,1.000000
916,pacs_data/pacs_data/art_painting/giraffe/pic_309.jpg,2,1.000000
917,pacs_data/pacs_data/art_painting/giraffe/pic_310.jpg,2,1.000000
918,pacs_data/pacs_data/art_painting/giraffe/pic_311.jpg,2,1.000000
919,pacs_data/pacs_data/art_painting/guitar/pic_001.jpg,3,1.000000
920,pacs_data/pacs_data/art_painting/guitar/pic_002.jpg,3,1.000000
921,pacs_data/pacs_data/art_painting/guitar/pic_003.jpg,3,1.000000
922,pacs_data/pacs_data/art_painting/guitar/pic_004.jpg,3,1.000000
923,pacs_data/pacs_data/art_painting/guitar/pic_005.jpg,3,1.000000
924,pacs_data/pacs_data/art_painting/guitar/pic_006.jpg,3,1.000000
925,pacs_data/pacs_data/art_painting/guitar/pic_007.jpg,3,1.000000
926,pacs_data/pacs_data/art_painting/guitar/pic_008.jpg,3,1.000000
927,pacs_data/pacs_data/art_painting/guitar/pic_009.jpg,3,1.000000
928,pacs_data/pacs_data/art_painting/guitar/pic_010.jpg,3,1.000000
929,pacs_data/pacs_data/art_painting/guitar/pic_011.jpg,3,1.000000
930,pacs_data/pacs_data/art_painting/guitar/pic_012.jpg,3,1.000000
931,pacs_data/pacs_data/art_painting/guitar/pic_013.jpg,3,1.000000
932,pacs_data/pacs_data/art_painting/guitar/pic_014.jpg,3,1.000000
933,pacs_data/pacs_data/art_painting/guitar/pic_015.jpg,3,1.000000
934,pacs_data/pacs_data/art_painting/guitar/pic_016.jpg,3,1.000000
935,pacs_data/pacs_data/art_painting/guitar/pic_017.jpg,3,1.000000
936,pacs_data/pacs_data/art_painting/guitar/pic_018.jpg,3,1.000000
937,pacs_data/pacs_data/art_painting/guitar/pic_019.jpg,3,1.000000
938,pacs_data/pacs_data/art_painting/guitar/pic_020.jpg,3,1.000000
939,pacs_data/pacs_data/art_painting/guitar/pic_021.jpg,3,1.000000
940,pacs_data/pacs_data/art_painting/guitar/pic_022.jpg,3,1.000000
941,pacs_data/pacs_data/art_painting/guitar/pic_023.jpg,3,1.000000
942,pacs_data/pacs_data/art_painting/guitar/pic_024.jpg,3,1.000000
943,pacs_data/pacs_data/art_painting/guitar/pic_025.jpg,3,1.000000
944,pacs_data/pacs_data/art_painting/guitar/pic_026.jpg,3,1.000000
945,pacs_data/pacs_data/art_painting/guitar/pic_027.jpg,3,1.000000
946,pacs_data/pacs_data/art_painting/guitar/pic_028.jpg,3,1.000000
947,pacs_data/pacs_data/art_painting/guitar/pic_029.jpg,3,1.000000
948,pacs_data/pacs_data/art_painting/guitar/pic_030.jpg,3,1.000001
949,pacs_data/pacs_data/art_painting/guitar/pic_031.jpg,3,1.000000
950,pacs_data/pacs_data/art_painting/guitar/pic_032.jpg,3,1.000000
951,pacs_data/pacs_data/art_painting/guitar/pic_033.jpg,3,1.000000
952,pacs_data/pacs_data/art_painting/guitar/pic_034.jpg,3,1.000000
953,pacs_data/pacs_data/art_painting/guitar/pic_035.jpg,3,1.000000
954,pacs_data/pacs_data/art_painting/guitar/pic_036.jpg,3,1.000000
955,pacs_data/pacs_data/art_painting/guitar/pic_037.jpg,3,1.000000
956,pacs_data/pacs_data/art_painting/guitar/pic_038.jpg,3,1.000000
957,pacs_data/pacs_data/art_painting/guitar/pic_039.jpg,3,1.000000
958,pacs_data/pacs_data/art_painting/guitar/pic_040.jpg,3,1.000000
959,pacs_data/pacs_data/art_painting/guitar/pic_041.jpg,3,1.000000
960,pacs_data/pacs_data/art_painting/guitar/pic_042.jpg,3,1.000000
961,pacs_data/pacs_data/art_painting/guitar/pic_043.jpg,3,1.000000
962,pacs_data/pacs_data/art_painting/guitar/pic_044.jpg,3,1.000000
963,pacs_data/pacs_data/art_painting/guitar/pic_047.jpg,3,1.000000
964,pacs_data/pacs_data/art_painting/guitar/pic_048.jpg,3,1.000000
965,pacs_data/pacs_data/art_painting/guitar/pic_049.jpg,3,1.000000
966,pacs_data/pacs_data/art_painting/guitar/pic_050.jpg,3,1.000000
967,pacs_data/pacs_data/art_painting/guitar/pic_051.jpg,3,1.000000
968,pacs_data/pacs_data/art_painting/guitar/pic_052.jpg,3,1.000000
969,pacs_data/pacs_data/art_painting/guitar/pic_053.jpg,3,1.000000
970,pacs_data/pacs_data/art_painting/guitar/pic_055.jpg,3,1.000000
971,pacs_data/pacs_data/art_painting/guitar/pic_056.jpg,3,1.000000
972,pacs_data/pacs_data/art_painting/guitar/pic_058.jpg,3,1.000000
973,pacs_data/pacs_data/art_painting/guitar/pic_059.jpg,3,1.000000
974,pacs_data/pacs_data/art_painting/guitar/pic_060.jpg,3,1.000001
975,pacs_data/pacs_data/art_painting/guitar/pic_061.jpg,3,1.000000
976,pacs_data/pacs_data/art_painting/guitar/pic_062.jpg,3,1.000000
977,pacs_data/pacs_data/art_painting/guitar/pic_063.jpg,3,1.000000
978,pacs_data/pacs_data/art_painting/guitar/pic_064.jpg,3,1.000000
979,pacs_data/pacs_data/art_painting/guitar/pic_067.jpg,3,1.000000
980,pacs_data/pacs_data/art_painting/guitar/pic_069.jpg,3,1.000000
981,pacs_data/pacs_data/art_painting/guitar/pic_070.jpg,3,1.000000
982,pacs_data/pacs_data/art_painting/guitar/pic_071.jpg,3,1.000000
983,pacs_data/pacs_data/art_painting/guitar/pic_072.jpg,3,1.000000
984,pacs_data/pacs_data/art_painting/guitar/pic_073.jpg,3,1.000000
985,pacs_data/pacs_data/art_painting/guitar/pic_074.jpg,3,1.000000
986,pacs_data/pacs_data/art_painting/guitar/pic_075.jpg,3,1.000000
987,pacs_data/pacs_data/art_painting/guitar/pic_076.jpg,3,1.000000
988,pacs_data/pacs_data/art_painting/guitar/pic_077.jpg,3,1.000000
989,pacs_data/pacs_data/art_painting/guitar/pic_078.jpg,3,1.000000
990,pacs_data/pacs_data/art_painting/guitar/pic_079.jpg,3,1.000000
991,pacs_data/pacs_data/art_painting/guitar/pic_080.jpg,3,1.000000
992,pacs_data/pacs_data/art_painting/guitar/pic_081.jpg,3,1.000000
993,pacs_data/pacs_data/art_painting/guitar/pic_082.jpg,3,1.000000
994,pacs_data/pacs_data/art_painting/guitar/pic_083.jpg,3,1.000000
995,pacs_data/pacs_data/art_painting/guitar/pic_084.jpg,3,1.000000
996,pacs_data/pacs_data/art_painting/guitar/pic_085.jpg,3,1.000000
997,pacs_data/pacs_data/art_painting/guitar/pic_086.jpg,3,1.000000
998,pacs_data/pacs_data/art_painting/guitar/pic_087.jpg,3,1.000000
999,pacs_data/pacs_data/art_painting/guitar/pic_088.jpg,3,1.000000
1000,pacs_data/pacs_data/art_painting/guitar/pic_089.jpg,3,1.000000
1001,pacs_data/pacs_data/art_painting/guitar/pic_090.jpg,3,1.000000
1002,pacs_data/pacs_data/art_painting/guitar/pic_091.jpg,3,1.000000
1003,pacs_data/pacs_data/art_painting/guitar/pic_092.jpg,3,1.000001
1004,pacs_data/pacs_data/art_painting/guitar/pic_093.jpg,3,1.000000
1005,pacs_data/pacs_data/art_painting/guitar/pic_094.jpg,3,1.000000
1006,pacs_data/pacs_data/art_painting/guitar/pic_095.jpg,3,1.000000
1007,pacs_data/pacs_data/art_painting/guitar/pic_097.jpg,3,1.000000
1008,pacs_data/pacs_data/art_painting/guitar/pic_098.jpg,3,1.000000
1009,pacs_data/pacs_data/art_painting/guitar/pic_099.jpg,3,1.000001
1010,pacs_data/pacs_data/art_painting/guitar/pic_100.jpg,3,1.000000
1011,pacs_data/pacs_data/art_painting/guitar/pic_101.jpg,3,1.000000
1012,pacs_data/pacs_data/art_painting/guitar/pic_102.jpg,3,1.000000
1013,pacs_data/pacs_data/art_painting/guitar/pic_103.jpg,3,1.000000
1014,pacs_data/pacs_data/art_painting/guitar/pic_104.jpg,3,1.000000
1015,pacs_data/pacs_data/art_painting/guitar/pic_105.jpg,3,1.000000
1016,pacs_data/pacs_data/art_painting/guitar/pic_106.jpg,3,1.000000
1017,pacs_data/pacs_data/art_painting/guitar/pic_107.jpg,3,1.000000
1018,pacs_data/pacs_data/art_painting/guitar/pic_108.jpg,3,1.000000
1019,pacs_data/pacs_data/art_painting/guitar/pic_109.jpg,3,1.000000
1020,pacs_data/pacs_data/art_painting/guitar/pic_110.jpg,3,1.000000
1021,pacs_data/pacs_data/art_painting/guitar/pic_111.jpg,3,1.000000
1022,pacs_data/pacs_data/art_painting/guitar/pic_112.jpg,3,1.000000
1023,pacs_data/pacs_data/art_painting/guitar/pic_113.jpg,3,1.000000
1024,pacs_data/pacs_data/art_painting/guitar/pic_114.jpg,3,1.000000
1025,pacs_data/pacs_data/art_painting/guitar/pic_115.jpg,3,1.000000
1026,pacs_data/pacs_data/art_painting/guitar/pic_116.jpg,3,1.000000
1027,pacs_data/pacs_data/art_painting/guitar/pic_117.jpg,3,1.000000
1028,pacs_data/pacs_data/art_painting/guitar/pic_118.jpg,3,1.000000
1029,pacs_data/pacs_data/art_painting/guitar/pic_119.jpg,3,1.000000
1030,pacs_data/pacs_data/art_painting/guitar/pic_120.jpg,3,1.000000
1031,pacs_data/pacs_data/art_painting/guitar/pic_121.jpg,3,1.000000
1032,pacs_data/pacs_data/art_painting/guitar/pic_122.jpg,3,1.000000
1033,pacs_data/pacs_data/art_painting/guitar/pic_123.jpg,3,1.000000
1034,pacs_data/pacs_data/art_painting/guitar/pic_124.jpg,3,1.000000
1035,pacs_data/pacs_data/art_painting/guitar/pic_125.jpg,3,1.000000
1036,pacs_data/pacs_data/art_painting/guitar/pic_126.jpg,3,1.000000
1037,pacs_data/pacs_data/art_painting/guitar/pic_127.jpg,3,1.000000
1038,pacs_data/pacs_data/art_painting/guitar/pic_128.jpg,3,1.000000
1039,pacs_data/pacs_data/art_painting/guitar/pic_129.jpg,3,1.000000
1040,pacs_data/pacs_data/art_painting/guitar/pic_130.jpg,3,1.000000
1041,pacs_data/pacs_data/art_painting/guitar/pic_131.jpg,3,1.000000
1042,pacs_data/pacs_data/art_painting/guitar/pic_132.jpg,3,1.000000
1043,pacs_data/pacs_data/art_painting/guitar/pic_133.jpg,3,1.000000
1044,pacs_data/pacs_data/art_painting/guitar/pic_134.jpg,3,1.000000
1045,pacs_data/pacs_data/art_painting/guitar/pic_135.jpg,3,1.000000
1046,pacs_data/pacs_data/art_painting/guitar/pic_136.jpg,3,1.000000
1047,pacs_data/pacs_data/art_painting/guitar/pic_137.jpg,3,1.000000
1048,pacs_data/pacs_data/art_painting/guitar/pic_138.jpg,3,1.000000
1049,pacs_data/pacs_data/art_painting/guitar/pic_140.jpg,3,1.000000
1050,pacs_data/pacs_data/art_painting/guitar/pic_141.jpg,3,1.000000
1051,pacs_data/pacs_data/art_painting/guitar/pic_142.jpg,3,1.000000
1052,pacs_data/pacs_data/art_painting/guitar/pic_143.jpg,3,1.000000
1053,pacs_data/pacs_data/art_painting/guitar/pic_144.jpg,3,1.000000
1054,pacs_data/pacs_data/art_painting/guitar/pic_145.jpg,3,1.000000
1055,pacs_data/pacs_data/art_painting/guitar/pic_146.jpg,3,1.000000
1056,pacs_data/pacs_data/art_painting/guitar/pic_147.jpg,3,1.000000
1057,pacs_data/pacs_data/art_painting/guitar/pic_148.jpg,3,1.000000
1058,pacs_data/pacs_data/art_painting/guitar/pic_149.jpg,3,1.000000
1059,pacs_data/pacs_data/art_painting/guitar/pic_150.jpg,3,1.000000
1060,pacs_data/pacs_data/art_painting/guitar/pic_152.jpg,3,1.000000
1061,pacs_data/pacs_data/art_painting/guitar/pic_153.jpg,3,1.000000
1062,pacs_data/pacs_data/art_painting/guitar/pic_155.jpg,3,1.000000
1063,pacs_data/pacs_data/art_painting/guitar/pic_156.jpg,3,1.000000
1064,pacs_data/pacs_data/art_painting/guitar/pic_157.jpg,3,1.000000
1065,pacs_data/pacs_data/art_painting/guitar/pic_158.jpg,3,1.000001
1066,pacs_data/pacs_data/art_painting/guitar/pic_159.jpg,3,1.000000
1067,pacs_data/pacs_data/art_painting/guitar/pic_160.jpg,3,1.000000
1068,pacs_data/pacs_data/art_painting/guitar/pic_161.jpg,3,1.000000
1069,pacs_data/pacs_data/art_painting/guitar/pic_162.jpg,3,1.000000
1070,pacs_data/pacs_data/art_painting/guitar/pic_163.jpg,3,1.000000
1071,pacs_data/pacs_data/art_painting/guitar/pic_165.jpg,3,1.000000
1072,pacs_data/pacs_data/art_painting/guitar/pic_166.jpg,3,1.000000
1073,pacs_data/pacs_data/art_painting/guitar/pic_167.jpg,3,1.000000
1074,pacs_data/pacs_data/art_painting/guitar/pic_169.jpg,3,1.000000
1075,pacs_data/pacs_data/art_painting/guitar/pic_170.jpg,3,1.000000
1076,pacs_data/pacs_data/art_painting/guitar/pic_171.jpg,3,1.000000
1077,pacs_data/pacs_data/art_painting/guitar/pic_172.jpg,3,1.000000
1078,pacs_data/pacs_data/art_painting/guitar/pic_173.jpg,3,1.000000
1079,pacs_data/pacs_data/art_painting/guitar/pic_174.jpg,3,1.000000
1080,pacs_data/pacs_data/art_painting/guitar/pic_175.jpg,3,1.000000
1081,pacs_data/pacs_data/art_painting/guitar/pic_176.jpg,3,1.000000
1082,pacs_data/pacs_data/art_painting/guitar/pic_177.jpg,3,1.000000
1083,pacs_data/pacs_data/art_painting/guitar/pic_178.jpg,3,1.000000
1084,pacs_data/pacs_data/art_painting/guitar/pic_179.jpg,3,1.000000
1085,pacs_data/pacs_data/art_painting/guitar/pic_180.jpg,3,1.000000
1086,pacs_data/pacs_data/art_painting/guitar/pic_182.jpg,3,1.000000
1087,pacs_data/pacs_data/art_painting/guitar/pic_183.jpg,3,1.000000
1088,pacs_data/pacs_data/art_painting/guitar/pic_184.jpg,3,1.000000
1089,pacs_data/pacs_data/art_painting/guitar/pic_186.jpg,3,1.000000
1090,pacs_data/pacs_data/art_painting/guitar/pic_187.jpg,3,1.000000
1091,pacs_data/pacs_data/art_painting/guitar/pic_188.jpg,3,1.000000
1092,pacs_data/pacs_data/art_painting/guitar/pic_189.jpg,3,1.000000
1093,pacs_data/pacs_data/art_painting/guitar/pic_190.jpg,3,1.000000
1094,pacs_data/pacs_data/art_painting/guitar/pic_191.jpg,3,1.000000
1095,pacs_data/pacs_data/art_painting/guitar/pic_192.jpg,3,1.000000
1096,pacs_data/pacs_data/art_painting/guitar/pic_193.jpg,3,1.000000
1097,pacs_data/pacs_data/art_painting/guitar/pic_194.jpg,3,1.000000
1098,pacs_data/pacs_data/art_painting/guitar/pic_195.jpg,3,1.000000
1099,pacs_data/pacs_data/art_painting/guitar/pic_196.jpg,3,1.000000
1100,pacs_data/pacs_data/art_painting/guitar/pic_197.jpg,3,1.000000
1101,pacs_data/pacs_data/art_painting/guitar/pic_199.jpg,3,1.000000
1102,pacs_data/pacs_data/art_painting/guitar/pic_201.jpg,3,1.000000
1103,pacs_data/pacs_data/art_painting/horse/pic_001.jpg,4,1.000000
1104,pacs_data/pacs_data/art_painting/horse/pic_002.jpg,4,1.000000
1105,pacs_data/pacs_data/art_painting/horse/pic_003.jpg,4,1.000000
1106,pacs_data/pacs_data/art_painting/horse/pic_004.jpg,4,1.000000
1107,pacs_data/pacs_data/art_painting/horse/pic_005.jpg,4,1.000000
1108,pacs_data/pacs_data/art_painting/horse/pic_006.jpg,4,1.000000
1109,pacs_data/pacs_data/art_painting/horse/pic_007.jpg,4,1.000000
1110,pacs_data/pacs_data/art_painting/horse/pic_008.jpg,4,1.000000
1111,pacs_data/pacs_data/art_painting/horse/pic_010.jpg,4,1.000000
1112,pacs_data/pacs_data/art_painting/horse/pic_011.jpg,4,1.000000
1113,pacs_data/pacs_data/art_painting/horse/pic_012.jpg,4,1.000000
1114,pacs_data/pacs_data/art_painting/horse/pic_014.jpg,4,1.000000
1115,pacs_data/pacs_data/art_painting/horse/pic_015.jpg,4,1.000000
1116,pacs_data/pacs_data/art_painting/horse/pic_017.jpg,4,1.000000
1117,pacs_data/pacs_data/art_painting/horse/pic_019.jpg,4,1.000000
1118,pacs_data/pacs_data/art_painting/horse/pic_021.jpg,4,1.000000
1119,pacs_data/pacs_data/art_painting/horse/pic_023.jpg,4,1.000000
1120,pacs_data/pacs_data/art_painting/horse/pic_024.jpg,4,1.000000
1121,pacs_data/pacs_data/art_painting/horse/pic_025.jpg,4,1.000000
1122,pacs_data/pacs_data/art_painting/horse/pic_026.jpg,4,1.000000
1123,pacs_data/pacs_data/art_painting/horse/pic_027.jpg,4,0.999999
1124,pacs_data/pacs_data/art_painting/horse/pic_028.jpg,4,1.000000
1125,pacs_data/pacs_data/art_painting/horse/pic_030.jpg,4,1.000000
1126,pacs_data/pacs_data/art_painting/horse/pic_031.jpg,4,1.000000
1127,pacs_data/pacs_data/art_painting/horse/pic_032.jpg,4,1.000000
1128,pacs_data/pacs_data/art_painting/horse/pic_033.jpg,4,1.000000
1129,pacs_data/pacs_data/art_painting/horse/pic_034.jpg,4,1.000000
1130,pacs_data/pacs_data/art_painting/horse/pic_035.jpg,4,1.000000
1131,pacs_data/pacs_data/art_painting/horse/pic_036.jpg,4,1.000000
1132,pacs_data/pacs_data/art_painting/horse/pic_037.jpg,4,1.000000
1133,pacs_data/pacs_data/art_painting/horse/pic_038.jpg,4,1.000000
1134,pacs_data/pacs_data/art_painting/horse/pic_039.jpg,4,1.000000
1135,pacs_data/pacs_data/art_painting/horse/pic_040.jpg,4,1.000000
1136,pacs_data/pacs_data/art_painting/horse/pic_041.jpg,4,1.000000
1137,pacs_data/pacs_data/art_painting/horse/pic_042.jpg,4,1.000000
1138,pacs_data/pacs_data/art_painting/horse/pic_043.jpg,4,1.000000
1139,pacs_data/pacs_data/art_painting/horse/pic_045.jpg,4,0.999999
1140,pacs_data/pacs_data/art_painting/horse/pic_046.jpg,4,1.000000
1141,pacs_data/pacs_data/art_painting/horse/pic_047.jpg,4,1.000000
1142,pacs_data/pacs_data/art_painting/horse/pic_048.jpg,4,1.000000
1143,pacs_data/pacs_data/art_painting/horse/pic_049.jpg,4,1.000000
1144,pacs_data/pacs_data/art_painting/horse/pic_050.jpg,4,1.000000
1145,pacs_data/pacs_data/art_painting/horse/pic_051.jpg,4,1.000000
1146,pacs_data/pacs_data/art_painting/horse/pic_052.jpg,4,1.000000
1147,pacs_data/pacs_data/art_painting/horse/pic_053.jpg,4,1.000000
1148,pacs_data/pacs_data/art_painting/horse/pic_054.jpg,4,1.000000
1149,pacs_data/pacs_data/art_painting/horse/pic_056.jpg,4,1.000000
1150,pacs_data/pacs_data/art_painting/horse/pic_057.jpg,4,1.000000
1151,pacs_data/pacs_data/art_painting/horse/pic_059.jpg,4,1.000000
1152,pacs_data/pacs_data/art_painting/horse/pic_060.jpg,4,1.000000
1153,pacs_data/pacs_data/art_painting/horse/pic_061.jpg,4,1.000000
1154,pacs_data/pacs_data/art_painting/horse/pic_062.jpg,4,1.000000
1155,pacs_data/pacs_data/art_painting/horse/pic_063.jpg,4,1.000000
1156,pacs_data/pacs_data/art_painting/horse/pic_064.jpg,4,1.000000
1157,pacs_data/pacs_data/art_painting/horse/pic_065.jpg,4,1.000000
1158,pacs_data/pacs_data/art_painting/horse/pic_066.jpg,4,1.000000
1159,pacs_data/pacs_data/art_painting/horse/pic_067.jpg,4,1.000000
1160,pacs_data/pacs_data/art_painting/horse/pic_069.jpg,4,1.000000
1161,pacs_data/pacs_data/art_painting/horse/pic_070.jpg,4,1.000000
1162,pacs_data/pacs_data/art_painting/horse/pic_071.jpg,4,1.000000
1163,pacs_data/pacs_data/art_painting/horse/pic_072.jpg,4,1.000000
1164,pacs_data/pacs_data/art_painting/horse/pic_073.jpg,4,1.000000
1165,pacs_data/pacs_data/art_painting/horse/pic_074.jpg,4,1.000000
1166,pacs_data/pacs_data/art_painting/horse/pic_075.jpg,4,1.000000
1167,pacs_data/pacs_data/art_painting/horse/pic_076.jpg,4,1.000000
1168,pacs_data/pacs_data/art_painting/horse/pic_077.jpg,4,1.000000
1169,pacs_data/pacs_data/art_painting/horse/pic_078.jpg,4,1.000000
1170,pacs_data/pacs_data/art_painting/horse/pic_079.jpg,4,1.000000
1171,pacs_data/pacs_data/art_painting/horse/pic_080.jpg,4,1.000000
1172,pacs_data/pacs_data/art_painting/horse/pic_081.jpg,4,1.000000
1173,pacs_data/pacs_data/art_painting/horse/pic_082.jpg,4,1.000000
1174,pacs_data/pacs_data/art_painting/horse/pic_083.jpg,4,1.000000
1175,pacs_data/pacs_data/art_painting/horse/pic_084.jpg,4,1.000000
1176,pacs_data/pacs_data/art_painting/horse/pic_085.jpg,4,1.000000
1177,pacs_data/pacs_data/art_painting/horse/pic_086.jpg,4,1.000000
1178,pacs_data/pacs_data/art_painting/horse/pic_087.jpg,4,1.000000
1179,pacs_data/pacs_data/art_painting/horse/pic_088.jpg,4,1.000000
1180,pacs_data/pacs_data/art_painting/horse/pic_089.jpg,4,1.000000
1181,pacs_data/pacs_data/art_painting/horse/pic_090.jpg,4,1.000000
1182,pacs_data/pacs_data/art_painting/horse/pic_091.jpg,4,1.000000
1183,pacs_data/pacs_data/art_painting/horse/pic_092.jpg,4,1.000000
1184,pacs_data/pacs_data/art_painting/horse/pic_093.jpg,4,1.000000
1185,pacs_data/pacs_data/art_painting/horse/pic_095.jpg,4,1.000000
1186,pacs_data/pacs_data/art_painting/horse/pic_096.jpg,4,1.000000
1187,pacs_data/pacs_data/art_painting/horse/pic_097.jpg,4,1.000000
1188,pacs_data/pacs_data/art_painting/horse/pic_098.jpg,4,1.000000
1189,pacs_data/pacs_data/art_painting/horse/pic_099.jpg,4,1.000000
1190,pacs_data/pacs_data/art_painting/horse/pic_100.jpg,4,1.000000
1191,pacs_data/pacs_data/art_painting/horse/pic_101.jpg,4,1.000000
1192,pacs_data/pacs_data/art_painting/horse/pic_102.jpg,4,1.000000
1193,pacs_data/pacs_data/art_painting/horse/pic_103.jpg,4,1.000000
1194,pacs_data/pacs_data/art_painting/horse/pic_104.jpg,4,1.000000
1195,pacs_data/pacs_data/art_painting/horse/pic_105.jpg,4,1.000000
1196,pacs_data/pacs_data/art_painting/horse/pic_106.jpg,4,1.000000
1197,pacs_data/pacs_data/art_painting/horse/pic_107.jpg,4,1.000000
1198,pacs_data/pacs_data/art_painting/horse/pic_108.jpg,4,1.000000
1199,pacs_data/pacs_data/art_painting/horse/pic_109.jpg,4,1.000000
1200,pacs_data/pacs_data/art_painting/horse/pic_110.jpg,4,1.000000
1201,pacs_data/pacs_data/art_painting/horse/pic_112.jpg,4,1.000000
1202,pacs_data/pacs_data/art_painting/horse/pic_113.jpg,4,1.000001
1203,pacs_data/pacs_data/art_painting/horse/pic_114.jpg,4,1.000000
1204,pacs_data/pacs_data/art_painting/horse/pic_115.jpg,4,1.000000
1205,pacs_data/pacs_data/art_painting/horse/pic_116.jpg,4,1.000000
1206,pacs_data/pacs_data/art_painting/horse/pic_117.jpg,4,1.000000
1207,pacs_data/pacs_data/art_painting/horse/pic_119.jpg,4,1.000000
1208,pacs_data/pacs_data/art_painting/horse/pic_120.jpg,4,1.000000
1209,pacs_data/pacs_data/art_painting/horse/pic_121.jpg,4,1.000000
1210,pacs_data/pacs_data/art_painting/horse/pic_122.jpg,4,1.000000
1211,pacs_data/pacs_data/art_painting/horse/pic_123.jpg,4,1.000000
1212,pacs_data/pacs_data/art_painting/horse/pic_125.jpg,4,1.000000
1213,pacs_data/pacs_data/art_painting/horse/pic_126.jpg,4,1.000000
1214,pacs_data/pacs_data/art_painting/horse/pic_127.jpg,4,1.000000
1215,pacs_data/pacs_data/art_painting/horse/pic_128.jpg,4,1.000000
1216,pacs_data/pacs_data/art_painting/horse/pic_130.jpg,4,1.000000
1217,pacs_data/pacs_data/art_painting/horse/pic_131.jpg,4,1.000000
1218,pacs_data/pacs_data/art_painting/horse/pic_133.jpg,4,1.000000
1219,pacs_data/pacs_data/art_painting/horse/pic_134.jpg,4,1.000000
1220,pacs_data/pacs_data/art_painting/horse/pic_135.jpg,4,1.000000
1221,pacs_data/pacs_data/art_painting/horse/pic_136.jpg,4,1.000000
1222,pacs_data/pacs_data/art_painting/horse/pic_137.jpg,4,1.000000
1223,pacs_data/pacs_data/art_painting/horse/pic_138.jpg,4,1.000000
1224,pacs_data/pacs_data/art_painting/horse/pic_139.jpg,4,1.000000
1225,pacs_data/pacs_data/art_painting/horse/pic_141.jpg,4,1.000000
1226,pacs_data/pacs_data/art_painting/horse/pic_142.jpg,4,1.000000
1227,pacs_data/pacs_data/art_painting/horse/pic_143.jpg,4,1.000000
1228,pacs_data/pacs_data/art_painting/horse/pic_144.jpg,4,1.000000
1229,pacs_data/pacs_data/art_painting/horse/pic_145.jpg,4,1.000000
1230,pacs_data/pacs_data/art_painting/horse/pic_146.jpg,4,1.000000
1231,pacs_data/pacs_data/art_painting/horse/pic_147.jpg,4,1.000000
1232,pacs_data/pacs_data/art_painting/horse/pic_148.jpg,4,1.000000
1233,pacs_data/pacs_data/art_painting/horse/pic_150.jpg,4,1.000000
1234,pacs_data/pacs_data/art_painting/horse/pic_151.jpg,4,1.000000
1235,pacs_data/pacs_data/art_painting/horse/pic_152.jpg,4,1.000000
1236,pacs_data/pacs_data/art_painting/horse/pic_154.jpg,4,1.000000
1237,pacs_data/pacs_data/art_painting/horse/pic_155.jpg,4,1.000000
1238,pacs_data/pacs_data/art_painting/horse/pic_156.jpg,4,1.000000
1239,pacs_data/pacs_data/art_painting/horse/pic_157.jpg,4,1.000000
1240,pacs_data/pacs_data/art_painting/horse/pic_158.jpg,4,1.000000
1241,pacs_data/pacs_data/art_painting/horse/pic_159.jpg,4,1.000000
1242,pacs_data/pacs_data/art_painting/horse/pic_160.jpg,4,1.000000
1243,pacs_data/pacs_data/art_painting/horse/pic_161.jpg,4,1.000000
1244,pacs_data/pacs_data/art_painting/horse/pic_162.jpg,4,1.000000
1245,pacs_data/pacs_data/art_painting/horse/pic_163.jpg,4,1.000000
1246,pacs_data/pacs_data/art_painting/horse/pic_164.jpg,4,1.000000
1247,pacs_data/pacs_data/art_painting/horse/pic_165.jpg,4,1.000000
1248,pacs_data/pacs_data/art_painting/horse/pic_168.jpg,4,1.000000
1249,pacs_data/pacs_data/art_painting/horse/pic_169.jpg,4,1.000000
1250,pacs_data/pacs_data/art_painting/horse/pic_170.jpg,4,1.000000
1251,pacs_data/pacs_data/art_painting/horse/pic_171.jpg,4,1.000000
1252,pacs_data/pacs_data/art_painting/horse/pic_172.jpg,4,1.000000
1253,pacs_data/pacs_data/art_painting/horse/pic_173.jpg,4,1.000000
1254,pacs_data/pacs_data/art_painting/horse/pic_174.jpg,4,1.000000
1255,pacs_data/pacs_data/art_painting/horse/pic_176.jpg,4,1.000000
1256,pacs_data/pacs_data/art_painting/horse/pic_177.jpg,4,1.000000
1257,pacs_data/pacs_data/art_painting/horse/pic_178.jpg,4,1.000000
1258,pacs_data/pacs_data/art_painting/horse/pic_179.jpg,4,1.000000
1259,pacs_data/pacs_data/art_painting/horse/pic_180.jpg,4,1.000000
1260,pacs_data/pacs_data/art_painting/horse/pic_181.jpg,4,1.000000
1261,pacs_data/pacs_data/art_painting/horse/pic_182.jpg,4,1.000000
1262,pacs_data/pacs_data/art_painting/horse/pic_184.jpg,4,1.000000
1263,pacs_data/pacs_data/art_painting/horse/pic_186.jpg,4,1.000000
1264,pacs_data/pacs_data/art_painting/horse/pic_188.jpg,4,1.000000
1265,pacs_data/pacs_data/art_painting/horse/pic_189.jpg,4,1.000000
1266,pacs_data/pacs_data/art_painting/horse/pic_191.jpg,4,1.000000
1267,pacs_data/pacs_data/art_painting/horse/pic_192.jpg,4,1.000000
1268,pacs_data/pacs_data/art_painting/horse/pic_193.jpg,4,1.000000
1269,pacs_data/pacs_data/art_painting/horse/pic_195.jpg,4,1.000000
1270,pacs_data/pacs_data/art_painting/horse/pic_196.jpg,4,1.000000
1271,pacs_data/pacs_data/art_painting/horse/pic_197.jpg,4,1.000000
1272,pacs_data/pacs_data/art_painting/horse/pic_198.jpg,4,1.000000
1273,pacs_data/pacs_data/art_painting/horse/pic_199.jpg,4,1.000000
1274,pacs_data/pacs_data/art_painting/horse/pic_200.jpg,4,1.000000
1275,pacs_data/pacs_data/art_painting/horse/pic_201.jpg,4,1.000000
1276,pacs_data/pacs_data/art_painting/horse/pic_202.jpg,4,1.000000
1277,pacs_data/pacs_data/art_painting/horse/pic_203.jpg,4,1.000000
1278,pacs_data/pacs_data/art_painting/horse/pic_204.jpg,4,1.000000
1279,pacs_data/pacs_data/art_painting/horse/pic_205.jpg,4,1.000000
1280,pacs_data/pacs_data/art_painting/horse/pic_206.jpg,4,1.000000
1281,pacs_data/pacs_data/art_painting/horse/pic_207.jpg,4,1.000000
1282,pacs_data/pacs_data/art_painting/horse/pic_208.jpg,4,1.000000
1283,pacs_data/pacs_data/art_painting/horse/pic_209.jpg,4,1.000000
1284,pacs_data/pacs_data/art_painting/horse/pic_210.jpg,4,1.000000
1285,pacs_data/pacs_data/art_painting/horse/pic_212.jpg,4,1.000000
1286,pacs_data/pacs_data/art_painting/horse/pic_213.jpg,4,1.000000
1287,pacs_data/pacs_data/art_painting/horse/pic_214.jpg,4,1.000000
1288,pacs_data/pacs_data/art_painting/horse/pic_215.jpg,4,1.000000
1289,pacs_data/pacs_data/art_painting/horse/pic_216.jpg,4,1.000000
1290,pacs_data/pacs_data/art_painting/horse/pic_217.jpg,4,1.000000
1291,pacs_data/pacs_data/art_painting/horse/pic_218.jpg,4,1.000000
1292,pacs_data/pacs_data/art_painting/horse/pic_219.jpg,4,1.000000
1293,pacs_data/pacs_data/art_painting/horse/pic_220.jpg,4,1.000000
1294,pacs_data/pacs_data/art_painting/horse/pic_221.jpg,4,1.000000
1295,pacs_data/pacs_data/art_painting/horse/pic_222.jpg,4,1.000000
1296,pacs_data/pacs_data/art_painting/horse/pic_223.jpg,4,1.000000
1297,pacs_data/pacs_data/art_painting/horse/pic_224.jpg,4,1.000000
1298,pacs_data/pacs_data/art_painting/horse/pic_225.jpg,4,1.000000
1299,pacs_data/pacs_data/art_painting/horse/pic_226.jpg,4,1.000000
1300,pacs_data/pacs_data/art_painting/horse/pic_227.jpg,4,1.000000
1301,pacs_data/pacs_data/art_painting/horse/pic_228.jpg,4,1.000000
1302,pacs_data/pacs_data/art_painting/horse/pic_229.jpg,4,1.000000
1303,pacs_data/pacs_data/art_painting/horse/pic_232.jpg,4,1.000000
1304,pacs_data/pacs_data/art_painting/house/pic_001.jpg,5,1.000000
1305,pacs_data/pacs_data/art_painting/house/pic_002.jpg,5,1.000000
1306,pacs_data/pacs_data/art_painting/house/pic_003.jpg,5,1.000000
1307,pacs_data/pacs_data/art_painting/house/pic_004.jpg,5,1.000000
1308,pacs_data/pacs_data/art_painting/house/pic_005.jpg,5,1.000000
1309,pacs_data/pacs_data/art_painting/house/pic_006.jpg,5,1.000000
1310,pacs_data/pacs_data/art_painting/house/pic_007.jpg,5,1.000000
1311,pacs_data/pacs_data/art_painting/house/pic_008.jpg,5,1.000000
1312,pacs_data/pacs_data/art_painting/house/pic_009.jpg,5,1.000000
1313,pacs_data/pacs_data/art_painting/house/pic_010.jpg,5,1.000000
1314,pacs_data/pacs_data/art_painting/house/pic_011.jpg,5,1.000000
1315,pacs_data/pacs_data/art_painting/house/pic_013.jpg,5,1.000000
1316,pacs_data/pacs_data/art_painting/house/pic_014.jpg,5,1.000000
1317,pacs_data/pacs_data/art_painting/house/pic_015.jpg,5,1.000000
1318,pacs_data/pacs_data/art_painting/house/pic_016.jpg,5,1.000000
1319,pacs_data/pacs_data/art_painting/house/pic_017.jpg,5,1.000000
1320,pacs_data/pacs_data/art_painting/house/pic_018.jpg,5,1.000000
1321,pacs_data/pacs_data/art_painting/house/pic_019.jpg,5,1.000000
1322,pacs_data/pacs_data/art_painting/house/pic_020.jpg,5,1.000000
1323,pacs_data/pacs_data/art_painting/house/pic_021.jpg,5,1.000000
1324,pacs_data/pacs_data/art_painting/house/pic_022.jpg,5,1.000000
1325,pacs_data/pacs_data/art_painting/house/pic_023.jpg,5,1.000000
1326,pacs_data/pacs_data/art_painting/house/pic_024.jpg,5,1.000000
1327,pacs_data/pacs_data/art_painting/house/pic_025.jpg,5,1.000000
1328,pacs_data/pacs_data/art_painting/house/pic_026.jpg,5,1.000000
1329,pacs_data/pacs_data/art_painting/house/pic_027.jpg,5,1.000000
1330,pacs_data/pacs_data/art_painting/house/pic_028.jpg,5,1.000000
1331,pacs_data/pacs_data/art_painting/house/pic_029.jpg,5,1.000000
1332,pacs_data/pacs_data/art_painting/house/pic_030.jpg,5,1.000000
1333,pacs_data/pacs_data/art_painting/house/pic_031.jpg,5,1.000000
1334,pacs_data/pacs_data/art_painting/house/pic_032.jpg,5,1.000000
1335,pacs_data/pacs_data/art_painting/house/pic_034.jpg,5,1.000000
1336,pacs_data/pacs_data/art_painting/house/pic_035.jpg,5,1.000000
1337,pacs_data/pacs_data/art_painting/house/pic_036.jpg,5,1.000000
1338,pacs_data/pacs_data/art_painting/house/pic_037.jpg,5,1.000000
1339,pacs_data/pacs_data/art_painting/house/pic_038.jpg,5,1.000000
1340,pacs_data/pacs_data/art_painting/house/pic_039.jpg,5,1.000000
1341,pacs_data/pacs_data/art_painting/house/pic_040.jpg,5,1.000000
1342,pacs_data/pacs_data/art_painting/house/pic_041.jpg,5,1.000000
1343,pacs_data/pacs_data/art_painting/house/pic_042.jpg,5,1.000000
1344,pacs_data/pacs_data/art_painting/house/pic_043.jpg,5,1.000000
1345,pacs_data/pacs_data/art_painting/house/pic_044.jpg,5,1.000000
1346,pacs_data/pacs_data/art_painting/house/pic_045.jpg,5,1.000000
1347,pacs_data/pacs_data/art_painting/house/pic_046.jpg,5,1.000000
1348,pacs_data/pacs_data/art_painting/house/pic_047.jpg,5,1.000000
1349,pacs_data/pacs_data/art_painting/house/pic_048.jpg,5,1.000000
1350,pacs_data/pacs_data/art_painting/house/pic_049.jpg,5,1.000000
1351,pacs_data/pacs_data/art_painting/house/pic_050.jpg,5,1.000000
1352,pacs_data/pacs_data/art_painting/house/pic_051.jpg,5,1.000000
1353,pacs_data/pacs_data/art_painting/house/pic_053.jpg,5,1.000000
1354,pacs_data/pacs_data/art_painting/house/pic_054.jpg,5,1.000000
1355,pacs_data/pacs_data/art_painting/house/pic_055.jpg,5,1.000000
1356,pacs_data/pacs_data/art_painting/house/pic_056.jpg,5,1.000000
1357,pacs_data/pacs_data/art_painting/house/pic_057.jpg,5,1.000000
1358,pacs_data/pacs_data/art_painting/house/pic_058.jpg,5,1.000000
1359,pacs_data/pacs_data/art_painting/house/pic_059.jpg,5,1.000000
1360,pacs_data/pacs_data/art_painting/house/pic_060.jpg,5,1.000000
1361,pacs_data/pacs_data/art_painting/house/pic_061.jpg,5,1.000000
1362,pacs_data/pacs_data/art_painting/house/pic_062.jpg,5,1.000000
1363,pacs_data/pacs_data/art_painting/house/pic_063.jpg,5,1.000000
1364,pacs_data/pacs_data/art_painting/house/pic_066.jpg,5,1.000000
1365,pacs_data/pacs_data/art_painting/house/pic_067.jpg,5,1.000000
1366,pacs_data/pacs_data/art_painting/house/pic_068.jpg,5,1.000000
1367,pacs_data/pacs_data/art_painting/house/pic_069.jpg,5,1.000000
1368,pacs_data/pacs_data/art_painting/house/pic_070.jpg,5,1.000000
1369,pacs_data/pacs_data/art_painting/house/pic_071.jpg,5,1.000000
1370,pacs_data/pacs_data/art_painting/house/pic_072.jpg,5,1.000000
1371,pacs_data/pacs_data/art_painting/house/pic_074.jpg,5,1.000000
1372,pacs_data/pacs_data/art_painting/house/pic_075.jpg,5,1.000000
1373,pacs_data/pacs_data/art_painting/house/pic_076.jpg,5,1.000000
1374,pacs_data/pacs_data/art_painting/house/pic_077.jpg,5,1.000000
1375,pacs_data/pacs_data/art_painting/house/pic_078.jpg,5,1.000000
1376,pacs_data/pacs_data/art_painting/house/pic_079.jpg,5,1.000000
1377,pacs_data/pacs_data/art_painting/house/pic_080.jpg,5,1.000000
1378,pacs_data/pacs_data/art_painting/house/pic_082.jpg,5,1.000000
1379,pacs_data/pacs_data/art_painting/house/pic_083.jpg,5,1.000000
1380,pacs_data/pacs_data/art_painting/house/pic_084.jpg,5,1.000000
1381,pacs_data/pacs_data/art_painting/house/pic_085.jpg,5,1.000000
1382,pacs_data/pacs_data/art_painting/house/pic_086.jpg,5,1.000000
1383,pacs_data/pacs_data/art_painting/house/pic_087.jpg,5,1.000000
1384,pacs_data/pacs_data/art_painting/house/pic_088.jpg,5,1.000000
1385,pacs_data/pacs_data/art_painting/house/pic_090.jpg,5,1.000000
1386,pacs_data/pacs_data/art_painting/house/pic_091.jpg,5,1.000000
1387,pacs_data/pacs_data/art_painting/house/pic_092.jpg,5,1.000000
1388,pacs_data/pacs_data/art_painting/house/pic_093.jpg,5,1.000000
1389,pacs_data/pacs_data/art_painting/house/pic_094.jpg,5,1.000000
1390,pacs_data/pacs_data/art_painting/house/pic_095.jpg,5,1.000000
1391,pacs_data/pacs_data/art_painting/house/pic_097.jpg,5,1.000000
1392,pacs_data/pacs_data/art_painting/house/pic_098.jpg,5,1.000000
1393,pacs_data/pacs_data/art_painting/house/pic_099.jpg,5,1.000000
1394,pacs_data/pacs_data/art_painting/house/pic_100.jpg,5,1.000000
1395,pacs_data/pacs_data/art_painting/house/pic_101.jpg,5,1.000000
1396,pacs_data/pacs_data/art_painting/house/pic_103.jpg,5,1.000000
1397,pacs_data/pacs_data/art_painting/house/pic_104.jpg,5,1.000000
1398,pacs_data/pacs_data/art_painting/house/pic_105.jpg,5,1.000000
1399,pacs_data/pacs_data/art_painting/house/pic_106.jpg,5,1.000000
1400,pacs_data/pacs_data/art_painting/house/pic_107.jpg,5,1.000000
1401,pacs_data/pacs_data/art_painting/house/pic_108.jpg,5,1.000000
1402,pacs_data/pacs_data/art_painting/house/pic_109.jpg,5,1.000000
1403,pacs_data/pacs_data/art_painting/house/pic_110.jpg,5,1.000000
1404,pacs_data/pacs_data/art_painting/house/pic_111.jpg,5,1.000000
1405,pacs_data/pacs_data/art_painting/house/pic_113.jpg,5,1.000000
1406,pacs_data/pacs_data/art_painting/house/pic_114.jpg,5,1.000000
1407,pacs_data/pacs_data/art_painting/house/pic_115.jpg,5,1.000000
1408,pacs_data/pacs_data/art_painting/house/pic_116.jpg,5,1.000000
1409,pacs_data/pacs_data/art_painting/house/pic_117.jpg,5,1.000000
1410,pacs_data/pacs_data/art_painting/house/pic_118.jpg,5,1.000000
1411,pacs_data/pacs_data/art_painting/house/pic_119.jpg,5,1.000000
1412,pacs_data/pacs_data/art_painting/house/pic_120.jpg,5,1.000000
1413,pacs_data/pacs_data/art_painting/house/pic_121.jpg,5,1.000000
1414,pacs_data/pacs_data/art_painting/house/pic_122.jpg,5,1.000000
1415,pacs_data/pacs_data/art_painting/house/pic_123.jpg,5,1.000000
1416,pacs_data/pacs_data/art_painting/house/pic_124.jpg,5,1.000001
1417,pacs_data/pacs_data/art_painting/house/pic_125.jpg,5,1.000000
1418,pacs_data/pacs_data/art_painting/house/pic_127.jpg,5,1.000000
1419,pacs_data/pacs_data/art_painting/house/pic_128.jpg,5,1.000000
1420,pacs_data/pacs_data/art_painting/house/pic_129.jpg,5,1.000000
1421,pacs_data/pacs_data/art_painting/house/pic_130.jpg,5,1.000000
1422,pacs_data/pacs_data/art_painting/house/pic_131.jpg,5,1.000000
1423,pacs_data/pacs_data/art_painting/house/pic_132.jpg,5,1.000000
1424,pacs_data/pacs_data/art_painting/house/pic_133.jpg,5,1.000000
1425,pacs_data/pacs_data/art_painting/house/pic_134.jpg,5,1.000000
1426,pacs_data/pacs_data/art_painting/house/pic_136.jpg,5,1.000000
1427,pacs_data/pacs_data/art_painting/house/pic_137.jpg,5,1.000000
1428,pacs_data/pacs_data/art_painting/house/pic_138.jpg,5,1.000000
1429,pacs_data/pacs_data/art_painting/house/pic_140.jpg,5,1.000000
1430,pacs_data/pacs_data/art_painting/house/pic_141.jpg,5,1.000000
1431,pacs_data/pacs_data/art_painting/house/pic_142.jpg,5,1.000000
1432,pacs_data/pacs_data/art_painting/house/pic_143.jpg,5,1.000001
1433,pacs_data/pacs_data/art_painting/house/pic_144.jpg,5,1.000000
1434,pacs_data/pacs_data/art_painting/house/pic_145.jpg,5,1.000000
1435,pacs_data/pacs_data/art_painting/house/pic_146.jpg,5,1.000000
1436,pacs_data/pacs_data/art_painting/house/pic_147.jpg,5,1.000000
1437,pacs_data/pacs_data/art_painting/house/pic_148.jpg,5,1.000000
1438,pacs_data/pacs_data/art_painting/house/pic_149.jpg,5,1.000000
1439,pacs_data/pacs_data/art_painting/house/pic_150.jpg,5,1.000000
1440,pacs_data/pacs_data/art_painting/house/pic_151.jpg,5,1.000000
1441,pacs_data/pacs_data/art_painting/house/pic_152.jpg,5,1.000000
1442,pacs_data/pacs_data/art_painting/house/pic_153.jpg,5,1.000000
1443,pacs_data/pacs_data/art_painting/house/pic_156.jpg,5,1.000000
1444,pacs_data/pacs_data/art_painting/house/pic_157.jpg,5,1.000000
1445,pacs_data/pacs_data/art_painting/house/pic_158.jpg,5,1.000000
1446,pacs_data/pacs_data/art_painting/house/pic_159.jpg,5,1.000000
1447,pacs_data/pacs_data/art_painting/house/pic_160.jpg,5,1.000000
1448,pacs_data/pacs_data/art_painting/house/pic_161.jpg,5,1.000000
1449,pacs_data/pacs_data/art_painting/house/pic_162.jpg,5,1.000001
1450,pacs_data/pacs_data/art_painting/house/pic_163.jpg,5,1.000000
1451,pacs_data/pacs_data/art_painting/house/pic_164.jpg,5,1.000000
1452,pacs_data/pacs_data/art_painting/house/pic_165.jpg,5,1.000000
1453,pacs_data/pacs_data/art_painting/house/pic_166.jpg,5,1.000000
1454,pacs_data/pacs_data/art_painting/house/pic_167.jpg,5,1.000000
1455,pacs_data/pacs_data/art_painting/house/pic_168.jpg,5,1.000000
1456,pacs_data/pacs_data/art_painting/house/pic_169.jpg,5,1.000000
1457,pacs_data/pacs_data/art_painting/house/pic_170.jpg,5,1.000000
1458,pacs_data/pacs_data/art_painting/house/pic_171.jpg,5,1.000000
1459,pacs_data/pacs_data/art_painting/house/pic_173.jpg,5,1.000000
1460,pacs_data/pacs_data/art_painting/house/pic_175.jpg,5,1.000000
1461,pacs_data/pacs_data/art_painting/house/pic_176.jpg,5,1.000000
1462,pacs_data/pacs_data/art_painting/house/pic_177.jpg,5,1.000000
1463,pacs_data/pacs_data/art_painting/house/pic_178.jpg,5,1.000000
1464,pacs_data/pacs_data/art_painting/house/pic_180.jpg,5,1.000000
1465,pacs_data/pacs_data/art_painting/house/pic_181.jpg,5,1.000000
1466,pacs_data/pacs_data/art_painting/house/pic_182.jpg,5,1.000000
1467,pacs_data/pacs_data/art_painting/house/pic_184.jpg,5,1.000000
1468,pacs_data/pacs_data/art_painting/house/pic_185.jpg,5,1.000000
1469,pacs_data/pacs_data/art_painting/house/pic_187.jpg,5,1.000001
1470,pacs_data/pacs_data/art_painting/house/pic_189.jpg,5,1.000000
1471,pacs_data/pacs_data/art_painting/house/pic_191.jpg,5,1.000000
1472,pacs_data/pacs_data/art_painting/house/pic_192.jpg,5,1.000000
1473,pacs_data/pacs_data/art_painting/house/pic_193.jpg,5,1.000000
1474,pacs_data/pacs_data/art_painting/house/pic_194.jpg,5,1.000000
1475,pacs_data/pacs_data/art_painting/house/pic_195.jpg,5,1.000000
1476,pacs_data/pacs_data/art_painting/house/pic_196.jpg,5,1.000000
1477,pacs_data/pacs_data/art_painting/house/pic_197.jpg,5,1.000000
1478,pacs_data/pacs_data/art_painting/house/pic_198.jpg,5,1.000000
1479,pacs_data/pacs_data/art_painting/house/pic_199.jpg,5,1.000000
1480,pacs_data/pacs_data/art_painting/house/pic_200.jpg,5,1.000000
1481,pacs_data/pacs_data/art_painting/house/pic_201.jpg,5,1.000000
1482,pacs_data/pacs_data/art_painting/house/pic_203.jpg,5,1.000000
1483,pacs_data/pacs_data/art_painting/house/pic_205.jpg,5,1.000000
1484,pacs_data/pacs_data/art_painting/house/pic_206.jpg,5,1.000000
1485,pacs_data/pacs_data/art_painting/house/pic_207.jpg,5,1.000000
1486,pacs_data/pacs_data/art_painting/house/pic_208.jpg,5,1.000000
1487,pacs_data/pacs_data/art_painting/house/pic_209.jpg,5,1.000000
1488,pacs_data/pacs_data/art_painting/house/pic_210.jpg,5,1.000000
1489,pacs_data/pacs_data/art_painting/house/pic_211.jpg,5,1.000000
1490,pacs_data/pacs_data/art_painting/house/pic_212.jpg,5,1.000000
1491,pacs_data/pacs_data/art_painting/house/pic_213.jpg,5,1.000000
1492,pacs_data/pacs_data/art_painting/house/pic_215.jpg,5,1.000000
1493,pacs_data/pacs_data/art_painting/house/pic_216.jpg,5,1.000000
1494,pacs_data/pacs_data/art_painting/house/pic_217.jpg,5,1.000000
1495,pacs_data/pacs_data/art_painting/house/pic_218.jpg,5,1.000000
1496,pacs_data/pacs_data/art_painting/house/pic_219.jpg,5,1.000000
1497,pacs_data/pacs_data/art_painting/house/pic_221.jpg,5,1.000000
1498,pacs_data/pacs_data/art_painting/house/pic_222.jpg,5,1.000000
1499,pacs_data/pacs_data/art_painting/house/pic_223.jpg,5,1.000000
1500,pacs_data/pacs_data/art_painting/house/pic_224.jpg,5,1.000000
1501,pacs_data/pacs_data/art_painting/house/pic_225.jpg,5,0.999999
1502,pacs_data/pacs_data/art_painting/house/pic_226.jpg,5,1.000000
1503,pacs_data/pacs_data/art_painting/house/pic_227.jpg,5,1.000000
1504,pacs_data/pacs_data/art_painting/house/pic_228.jpg,5,1.000000
1505,pacs_data/pacs_data/art_painting/house/pic_229.jpg,5,1.000000
1506,pacs_data/pacs_data/art_painting/house/pic_230.jpg,5,1.000000
1507,pacs_data/pacs_data/art_painting/house/pic_231.jpg,5,1.000000
1508,pacs_data/pacs_data/art_painting/house/pic_232.jpg,5,1.000000
1509,pacs_data/pacs_data/art_painting/house/pic_234.jpg,5,1.000000
1510,pacs_data/pacs_data/art_painting/house/pic_235.jpg,5,1.000000
1511,pacs_data/pacs_data/art_painting/house/pic_237.jpg,5,1.000000
1512,pacs_data/pacs_data/art_painting/house/pic_238.jpg,5,1.000000
1513,pacs_data/pacs_data/art_painting/house/pic_240.jpg,5,1.000000
1514,pacs_data/pacs_data/art_painting/house/pic_241.jpg,5,1.000000
1515,pacs_data/pacs_data/art_painting/house/pic_242.jpg,5,1.000000
1516,pacs_data/pacs_data/art_painting/house/pic_243.jpg,5,1.000000
1517,pacs_data/pacs_data/art_painting/house/pic_245.jpg,5,1.000000
1518,pacs_data/pacs_data/art_painting/house/pic_246.jpg,5,1.000000
1519,pacs_data/pacs_data/art_painting/house/pic_247.jpg,5,1.000000
1520,pacs_data/pacs_data/art_painting/house/pic_248.jpg,5,0.999999
1521,pacs_data/pacs_data/art_painting/house/pic_250.jpg,5,1.000000
1522,pacs_data/pacs_data/art_painting/house/pic_251.jpg,5,1.000000
1523,pacs_data/pacs_data/art_painting/house/pic_253.jpg,5,1.000000
1524,pacs_data/pacs_data/art_painting/house/pic_254.jpg,5,1.000000
1525,pacs_data/pacs_data/art_painting/house/pic_255.jpg,5,1.000001
1526,pacs_data/pacs_data/art_painting/house/pic_256.jpg,5,1.000000
1527,pacs_data/pacs_data/art_painting/house/pic_257.jpg,5,1.000000
1528,pacs_data/pacs_data/art_painting/house/pic_258.jpg,5,1.000000
1529,pacs_data/pacs_data/art_painting/house/pic_259.jpg,5,1.000000
1530,pacs_data/pacs_data/art_painting/house/pic_260.jpg,5,1.000000
1531,pacs_data/pacs_data/art_painting/house/pic_261.jpg,5,1.000000
1532,pacs_data/pacs_data/art_painting/house/pic_262.jpg,5,1.000000
1533,pacs_data/pacs_data/art_painting/house/pic_263.jpg,5,1.000000
1534,pacs_data/pacs_data/art_painting/house/pic_264.jpg,5,1.000000
1535,pacs_data/pacs_data/art_painting/house/pic_266.jpg,5,1.000000
1536,pacs_data/pacs_data/art_painting/house/pic_267.jpg,5,1.000000
1537,pacs_data/pacs_data/art_painting/house/pic_268.jpg,5,1.000000
1538,pacs_data/pacs_data/art_painting/house/pic_269.jpg,5,1.000000
1539,pacs_data/pacs_data/art_painting/house/pic_270.jpg,5,1.000000
1540,pacs_data/pacs_data/art_painting/house/pic_272.jpg,5,1.000000
1541,pacs_data/pacs_data/art_painting/house/pic_273.jpg,5,1.000000
1542,pacs_data/pacs_data/art_painting/house/pic_274.jpg,5,1.000000
1543,pacs_data/pacs_data/art_painting/house/pic_276.jpg,5,1.000000
1544,pacs_data/pacs_data/art_painting/house/pic_277.jpg,5,1.000000
1545,pacs_data/pacs_data/art_painting/house/pic_278.jpg,5,1.000000
1546,pacs_data/pacs_data/art_painting/house/pic_279.jpg,5,1.000000
1547,pacs_data/pacs_data/art_painting/house/pic_280.jpg,5,1.000000
1548,pacs_data/pacs_data/art_painting/house/pic_281.jpg,5,1.000000
1549,pacs_data/pacs_data/art_painting/house/pic_282.jpg,5,1.000000
1550,pacs_data/pacs_data/art_painting/house/pic_283.jpg,5,1.000000
1551,pacs_data/pacs_data/art_painting/house/pic_284.jpg,5,1.000000
1552,pacs_data/pacs_data/art_painting/house/pic_285.jpg,5,1.000000
1553,pacs_data/pacs_data/art_painting/house/pic_287.jpg,5,1.000000
1554,pacs_data/pacs_data/art_painting/house/pic_289.jpg,5,1.000000
1555,pacs_data/pacs_data/art_painting/house/pic_290.jpg,5,1.000000
1556,pacs_data/pacs_data/art_painting/house/pic_291.jpg,5,1.000000
1557,pacs_data/pacs_data/art_painting/house/pic_292.jpg,5,1.000000
1558,pacs_data/pacs_data/art_painting/house/pic_293.jpg,5,1.000000
1559,pacs_data/pacs_data/art_painting/house/pic_294.jpg,5,1.000000
1560,pacs_data/pacs_data/art_painting/house/pic_295.jpg,5,1.000000
1561,pacs_data/pacs_data/art_painting/house/pic_296.jpg,5,1.000000
1562,pacs_data/pacs_data/art_painting/house/pic_297.jpg,5,1.000000
1563,pacs_data/pacs_data/art_painting/house/pic_298.jpg,5,1.000000
1564,pacs_data/pacs_data/art_painting/house/pic_299.jpg,5,1.000000
1565,pacs_data/pacs_data/art_painting/house/pic_301.jpg,5,1.000000
1566,pacs_data/pacs_data/art_painting/house/pic_302.jpg,5,1.000000
1567,pacs_data/pacs_data/art_painting/house/pic_303.jpg,5,1.000000
1568,pacs_data/pacs_data/art_painting/house/pic_304.jpg,5,1.000000
1569,pacs_data/pacs_data/art_painting/house/pic_305.jpg,5,1.000000
1570,pacs_data/pacs_data/art_painting/house/pic_306.jpg,5,1.000000
1571,pacs_data/pacs_data/art_painting/house/pic_308.jpg,5,1.000000
1572,pacs_data/pacs_data/art_painting/house/pic_309.jpg,5,1.000000
1573,pacs_data/pacs_data/art_painting/house/pic_310.jpg,5,1.000000
1574,pacs_data/pacs_data/art_painting/house/pic_311.jpg,5,1.000000
1575,pacs_data/pacs_data/art_painting/house/pic_313.jpg,5,1.000000
1576,pacs_data/pacs_data/art_painting/house/pic_314.jpg,5,1.000000
1577,pacs_data/pacs_data/art_painting/house/pic_315.jpg,5,1.000000
1578,pacs_data/pacs_data/art_painting/house/pic_316.jpg,5,1.000000
1579,pacs_data/pacs_data/art_painting/house/pic_317.jpg,5,1.000000
1580,pacs_data/pacs_data/art_painting/house/pic_318.jpg,5,1.000000
1581,pacs_data/pacs_data/art_painting/house/pic_319.jpg,5,1.000000
1582,pacs_data/pacs_data/art_painting/house/pic_320.jpg,5,1.000000
1583,pacs_data/pacs_data/art_painting/house/pic_321.jpg,5,1.000000
1584,pacs_data/pacs_data/art_painting/house/pic_322.jpg,5,1.000000
1585,pacs_data/pacs_data/art_painting/house/pic_323.jpg,5,1.000000
1586,pacs_data/pacs_data/art_painting/house/pic_324.jpg,5,1.000000
1587,pacs_data/pacs_data/art_painting/house/pic_327.jpg,5,1.000000
1588,pacs_data/pacs_data/art_painting/house/pic_329.jpg,5,1.000000
1589,pacs_data/pacs_data/art_painting/house/pic_330.jpg,5,1.000000
1590,pacs_data/pacs_data/art_painting/house/pic_331.jpg,5,1.000000
1591,pacs_data/pacs_data/art_painting/house/pic_335.jpg,5,1.000000
1592,pacs_data/pacs_data/art_painting/house/pic_336.jpg,5,1.000000
1593,pacs_data/pacs_data/art_painting/house/pic_340.jpg,5,1.000000
1594,pacs_data/pacs_data/art_painting/house/pic_343.jpg,5,1.000000
1595,pacs_data/pacs_data/art_painting/house/pic_344.jpg,5,1.000000
1596,pacs_data/pacs_data/art_painting/house/pic_345.jpg,5,1.000000
1597,pacs_data/pacs_data/art_painting/house/pic_346.jpg,5,1.000000
1598,pacs_data/pacs_data/art_painting/house/pic_348.jpg,5,0.999999
1599,pacs_data/pacs_data/art_painting/person/pic_001.jpg,6,1.000000
1600,pacs_data/pacs_data/art_painting/person/pic_002.jpg,6,1.000000
1601,pacs_data/pacs_data/art_painting/person/pic_003.jpg,6,1.000000
1602,pacs_data/pacs_data/art_painting/person/pic_004.jpg,6,1.000000
1603,pacs_data/pacs_data/art_painting/person/pic_005.jpg,6,1.000000
1604,pacs_data/pacs_data/art_painting/person/pic_006.jpg,6,1.000000
1605,pacs_data/pacs_data/art_painting/person/pic_007.jpg,6,1.000000
1606,pacs_data/pacs_data/art_painting/person/pic_008.jpg,6,1.000000
1607,pacs_data/pacs_data/art_painting/person/pic_009.jpg,6,1.000000
1608,pacs_data/pacs_data/art_painting/person/pic_010.jpg,6,1.000000
1609,pacs_data/pacs_data/art_painting/person/pic_011.jpg,6,1.000000
1610,pacs_data/pacs_data/art_painting/person/pic_012.jpg,6,1.000000
1611,pacs_data/pacs_data/art_painting/person/pic_013.jpg,6,1.000000
1612,pacs_data/pacs_data/art_painting/person/pic_014.jpg,6,1.000000
1613,pacs_data/pacs_data/art_painting/person/pic_015.jpg,6,1.000001
1614,pacs_data/pacs_data/art_painting/person/pic_016.jpg,6,1.000000
1615,pacs_data/pacs_data/art_painting/person/pic_017.jpg,6,1.000000
1616,pacs_data/pacs_data/art_painting/person/pic_018.jpg,6,1.000000
1617,pacs_data/pacs_data/art_painting/person/pic_019.jpg,6,1.000000
1618,pacs_data/pacs_data/art_painting/person/pic_020.jpg,6,1.000000
1619,pacs_data/pacs_data/art_painting/person/pic_022.jpg,6,1.000000
1620,pacs_data/pacs_data/art_painting/person/pic_023.jpg,6,1.000000
1621,pacs_data/pacs_data/art_painting/person/pic_024.jpg,6,1.000000
1622,pacs_data/pacs_data/art_painting/person/pic_025.jpg,6,1.000000
1623,pacs_data/pacs_data/art_painting/person/pic_026.jpg,6,1.000000
1624,pacs_data/pacs_data/art_painting/person/pic_027.jpg,6,1.000000
1625,pacs_data/pacs_data/art_painting/person/pic_028.jpg,6,1.000000
1626,pacs_data/pacs_data/art_painting/person/pic_029.jpg,6,1.000000
1627,pacs_data/pacs_data/art_painting/person/pic_030.jpg,6,1.000000
1628,pacs_data/pacs_data/art_painting/person/pic_031.jpg,6,1.000000
1629,pacs_data/pacs_data/art_painting/person/pic_032.jpg,6,1.000000
1630,pacs_data/pacs_data/art_painting/person/pic_033.jpg,6,1.000000
1631,pacs_data/pacs_data/art_painting/person/pic_034.jpg,6,1.000000
1632,pacs_data/pacs_data/art_painting/person/pic_035.jpg,6,0.999999
1633,pacs_data/pacs_data/art_painting/person/pic_036.jpg,6,1.000000
1634,pacs_data/pacs_data/art_painting/person/pic_037.jpg,6,1.000000
1635,pacs_data/pacs_data/art_painting/person/pic_038.jpg,6,1.000000
1636,pacs_data/pacs_data/art_painting/person/pic_039.jpg,6,1.000000
1637,pacs_data/pacs_data/art_painting/person/pic_040.jpg,6,1.000000
1638,pacs_data/pacs_data/art_painting/person/pic_041.jpg,6,1.000000
1639,pacs_data/pacs_data/art_painting/person/pic_042.jpg,6,1.000000
1640,pacs_data/pacs_data/art_painting/person/pic_043.jpg,6,1.000000
1641,pacs_data/pacs_data/art_painting/person/pic_044.jpg,6,1.000001
1642,pacs_data/pacs_data/art_painting/person/pic_045.jpg,6,1.000000
1643,pacs_data/pacs_data/art_painting/person/pic_046.jpg,6,1.000000
1644,pacs_data/pacs_data/art_painting/person/pic_047.jpg,6,1.000000
1645,pacs_data/pacs_data/art_painting/person/pic_048.jpg,6,1.000000
1646,pacs_data/pacs_data/art_painting/person/pic_050.jpg,6,1.000000
1647,pacs_data/pacs_data/art_painting/person/pic_051.jpg,6,1.000000
1648,pacs_data/pacs_data/art_painting/person/pic_052.jpg,6,1.000000
1649,pacs_data/pacs_data/art_painting/person/pic_055.jpg,6,1.000000
1650,pacs_data/pacs_data/art_painting/person/pic_056.jpg,6,1.000000
1651,pacs_data/pacs_data/art_painting/person/pic_059.jpg,6,1.000000
1652,pacs_data/pacs_data/art_painting/person/pic_060.jpg,6,1.000000
1653,pacs_data/pacs_data/art_painting/person/pic_062.jpg,6,1.000000
1654,pacs_data/pacs_data/art_painting/person/pic_063.jpg,6,1.000000
1655,pacs_data/pacs_data/art_painting/person/pic_064.jpg,6,1.000000
1656,pacs_data/pacs_data/art_painting/person/pic_065.jpg,6,1.000000
1657,pacs_data/pacs_data/art_painting/person/pic_066.jpg,6,1.000000
1658,pacs_data/pacs_data/art_painting/person/pic_069.jpg,6,1.000000
1659,pacs_data/pacs_data/art_painting/person/pic_070.jpg,6,1.000000
1660,pacs_data/pacs_data/art_painting/person/pic_071.jpg,6,1.000000
1661,pacs_data/pacs_data/art_painting/person/pic_072.jpg,6,1.000000
1662,pacs_data/pacs_data/art_painting/person/pic_074.jpg,6,1.000000
1663,pacs_data/pacs_data/art_painting/person/pic_076.jpg,6,1.000000
1664,pacs_data/pacs_data/art_painting/person/pic_077.jpg,6,1.000000
1665,pacs_data/pacs_data/art_painting/person/pic_078.jpg,6,1.000000
1666,pacs_data/pacs_data/art_painting/person/pic_079.jpg,6,1.000000
1667,pacs_data/pacs_data/art_painting/person/pic_080.jpg,6,1.000000
1668,pacs_data/pacs_data/art_painting/person/pic_081.jpg,6,1.000000
1669,pacs_data/pacs_data/art_painting/person/pic_082.jpg,6,1.000000
1670,pacs_data/pacs_data/art_painting/person/pic_083.jpg,6,1.000000
1671,pacs_data/pacs_data/art_painting/person/pic_086.jpg,6,1.000000
1672,pacs_data/pacs_data/art_painting/person/pic_089.jpg,6,1.000000
1673,pacs_data/pacs_data/art_painting/person/pic_090.jpg,6,1.000000
1674,pacs_data/pacs_data/art_painting/person/pic_093.jpg,6,1.000000
1675,pacs_data/pacs_data/art_painting/person/pic_094.jpg,6,1.000000
1676,pacs_data/pacs_data/art_painting/person/pic_097.jpg,6,1.000001
1677,pacs_data/pacs_data/art_painting/person/pic_098.jpg,6,1.000000
1678,pacs_data/pacs_data/art_painting/person/pic_099.jpg,6,1.000000
1679,pacs_data/pacs_data/art_painting/person/pic_100.jpg,6,1.000000
1680,pacs_data/pacs_data/art_painting/person/pic_101.jpg,6,1.000000
1681,pacs_data/pacs_data/art_painting/person/pic_104.jpg,6,1.000000
1682,pacs_data/pacs_data/art_painting/person/pic_105.jpg,6,1.000000
1683,pacs_data/pacs_data/art_painting/person/pic_106.jpg,6,1.000000
1684,pacs_data/pacs_data/art_painting/person/pic_107.jpg,6,1.000001
1685,pacs_data/pacs_data/art_painting/person/pic_108.jpg,6,1.000000
1686,pacs_data/pacs_data/art_painting/person/pic_109.jpg,6,1.000000
1687,pacs_data/pacs_data/art_painting/person/pic_110.jpg,6,1.000000
1688,pacs_data/pacs_data/art_painting/person/pic_111.jpg,6,1.000000
1689,pacs_data/pacs_data/art_painting/person/pic_112.jpg,6,1.000000
1690,pacs_data/pacs_data/art_painting/person/pic_113.jpg,6,1.000000
1691,pacs_data/pacs_data/art_painting/person/pic_114.jpg,6,1.000000
1692,pacs_data/pacs_data/art_painting/person/pic_115.jpg,6,1.000000
1693,pacs_data/pacs_data/art_painting/person/pic_116.jpg,6,1.000000
1694,pacs_data/pacs_data/art_painting/person/pic_117.jpg,6,1.000000
1695,pacs_data/pacs_data/art_painting/person/pic_120.jpg,6,1.000000
1696,pacs_data/pacs_data/art_painting/person/pic_121.jpg,6,1.000000
1697,pacs_data/pacs_data/art_painting/person/pic_122.jpg,6,1.000000
1698,pacs_data/pacs_data/art_painting/person/pic_123.jpg,6,1.000000
1699,pacs_data/pacs_data/art_painting/person/pic_124.jpg,6,1.000000
1700,pacs_data/pacs_data/art_painting/person/pic_126.jpg,6,1.000000
1701,pacs_data/pacs_data/art_painting/person/pic_127.jpg,6,1.000000
1702,pacs_data/pacs_data/art_painting/person/pic_128.jpg,6,1.000000
1703,pacs_data/pacs_data/art_painting/person/pic_129.jpg,6,1.000000
1704,pacs_data/pacs_data/art_painting/person/pic_131.jpg,6,1.000001
1705,pacs_data/pacs_data/art_painting/person/pic_132.jpg,6,1.000000
1706,pacs_data/pacs_data/art_painting/person/pic_133.jpg,6,1.000000
1707,pacs_data/pacs_data/art_painting/person/pic_134.jpg,6,1.000000
1708,pacs_data/pacs_data/art_painting/person/pic_135.jpg,6,1.000000
1709,pacs_data/pacs_data/art_painting/person/pic_136.jpg,6,1.000000
1710,pacs_data/pacs_data/art_painting/person/pic_141.jpg,6,1.000000
1711,pacs_data/pacs_data/art_painting/person/pic_143.jpg,6,1.000000
1712,pacs_data/pacs_data/art_painting/person/pic_144.jpg,6,1.000000
1713,pacs_data/pacs_data/art_painting/person/pic_145.jpg,6,1.000000
1714,pacs_data/pacs_data/art_painting/person/pic_146.jpg,6,1.000000
1715,pacs_data/pacs_data/art_painting/person/pic_147.jpg,6,1.000000
1716,pacs_data/pacs_data/art_painting/person/pic_148.jpg,6,1.000000
1717,pacs_data/pacs_data/art_painting/person/pic_149.jpg,6,1.000001
1718,pacs_data/pacs_data/art_painting/person/pic_150.jpg,6,1.000000
1719,pacs_data/pacs_data/art_painting/person/pic_151.jpg,6,1.000000
1720,pacs_data/pacs_data/art_painting/person/pic_152.jpg,6,1.000000
1721,pacs_data/pacs_data/art_painting/person/pic_155.jpg,6,1.000000
1722,pacs_data/pacs_data/art_painting/person/pic_156.jpg,6,1.000000
1723,pacs_data/pacs_data/art_painting/person/pic_157.jpg,6,1.000000
1724,pacs_data/pacs_data/art_painting/person/pic_158.jpg,6,1.000000
1725,pacs_data/pacs_data/art_painting/person/pic_160.jpg,6,1.000000
1726,pacs_data/pacs_data/art_painting/person/pic_161.jpg,6,1.000000
1727,pacs_data/pacs_data/art_painting/person/pic_162.jpg,6,1.000000
1728,pacs_data/pacs_data/art_painting/person/pic_163.jpg,6,1.000000
1729,pacs_data/pacs_data/art_painting/person/pic_164.jpg,6,1.000000
1730,pacs_data/pacs_data/art_painting/person/pic_165.jpg,6,1.000000
1731,pacs_data/pacs_data/art_painting/person/pic_166.jpg,6,1.000000
1732,pacs_data/pacs_data/art_painting/person/pic_167.jpg,6,1.000000
1733,pacs_data/pacs_data/art_painting/person/pic_168.jpg,6,1.000000
1734,pacs_data/pacs_data/art_painting/person/pic_169.jpg,6,1.000000
1735,pacs_data/pacs_data/art_painting/person/pic_170.jpg,6,1.000000
1736,pacs_data/pacs_data/art_painting/person/pic_171.jpg,6,1.000000
1737,pacs_data/pacs_data/art_painting/person/pic_172.jpg,6,1.000000
1738,pacs_data/pacs_data/art_painting/person/pic_173.jpg,6,1.000000
1739,pacs_data/pacs_data/art_painting/person/pic_174.jpg,6,1.000000
1740,pacs_data/pacs_data/art_painting/person/pic_175.jpg,6,1.000000
1741,pacs_data/pacs_data/art_painting/person/pic_176.jpg,6,1.000000
1742,pacs_data/pacs_data/art_painting/person/pic_178.jpg,6,1.000000
1743,pacs_data/pacs_data/art_painting/person/pic_180.jpg,6,1.000000
1744,pacs_data/pacs_data/art_painting/person/pic_181.jpg,6,1.000000
1745,pacs_data/pacs_data/art_painting/person/pic_183.jpg,6,1.000000
1746,pacs_data/pacs_data/art_painting/person/pic_184.jpg,6,1.000000
1747,pacs_data/pacs_data/art_painting/person/pic_186.jpg,6,1.000000
1748,pacs_data/pacs_data/art_painting/person/pic_187.jpg,6,1.000000
1749,pacs_data/pacs_data/art_painting/person/pic_188.jpg,6,1.000000
1750,pacs_data/pacs_data/art_painting/person/pic_190.jpg,6,1.000000
1751,pacs_data/pacs_data/art_painting/person/pic_191.jpg,6,1.000000
1752,pacs_data/pacs_data/art_painting/person/pic_192.jpg,6,1.000000
1753,pacs_data/pacs_data/art_painting/person/pic_193.jpg,6,1.000000
1754,pacs_data/pacs_data/art_painting/person/pic_194.jpg,6,1.000000
1755,pacs_data/pacs_data/art_painting/person/pic_195.jpg,6,1.000000
1756,pacs_data/pacs_data/art_painting/person/pic_196.jpg,6,1.000000
1757,pacs_data/pacs_data/art_painting/person/pic_197.jpg,6,1.000000
1758,pacs_data/pacs_data/art_painting/person/pic_198.jpg,6,1.000000
1759,pacs_data/pacs_data/art_painting/person/pic_199.jpg,6,1.000000
1760,pacs_data/pacs_data/art_painting/person/pic_200.jpg,6,1.000000
1761,pacs_data/pacs_data/art_painting/person/pic_201.jpg,6,1.000000
1762,pacs_data/pacs_data/art_painting/person/pic_202.jpg,6,1.000000
1763,pacs_data/pacs_data/art_painting/person/pic_203.jpg,6,1.000000
1764,pacs_data/pacs_data/art_painting/person/pic_204.jpg,6,1.000000
1765,pacs_data/pacs_data/art_painting/person/pic_205.jpg,6,1.000000
1766,pacs_data/pacs_data/art_painting/person/pic_206.jpg,6,1.000000
1767,pacs_data/pacs_data/art_painting/person/pic_208.jpg,6,1.000000
1768,pacs_data/pacs_data/art_painting/person/pic_209.jpg,6,1.000000
1769,pacs_data/pacs_data/art_painting/person/pic_210.jpg,6,1.000000
1770,pacs_data/pacs_data/art_painting/person/pic_211.jpg,6,1.000000
1771,pacs_data/pacs_data/art_painting/person/pic_213.jpg,6,1.000000
1772,pacs_data/pacs_data/art_painting/person/pic_214.jpg,6,1.000000
1773,pacs_data/pacs_data/art_painting/person/pic_215.jpg,6,1.000000
1774,pacs_data/pacs_data/art_painting/person/pic_216.jpg,6,1.000000
1775,pacs_data/pacs_data/art_painting/person/pic_217.jpg,6,1.000000
1776,pacs_data/pacs_data/art_painting/person/pic_218.jpg,6,1.000000
1777,pacs_data/pacs_data/art_painting/person/pic_219.jpg,6,1.000000
1778,pacs_data/pacs_data/art_painting/person/pic_220.jpg,6,1.000000
1779,pacs_data/pacs_data/art_painting/person/pic_221.jpg,6,1.000000
1780,pacs_data/pacs_data/art_painting/person/pic_222.jpg,6,1.000000
1781,pacs_data/pacs_data/art_painting/person/pic_223.jpg,6,1.000000
1782,pacs_data/pacs_data/art_painting/person/pic_224.jpg,6,1.000000
1783,pacs_data/pacs_data/art_painting/person/pic_226.jpg,6,1.000000
1784,pacs_data/pacs_data/art_painting/person/pic_227.jpg,6,1.000000
1785,pacs_data/pacs_data/art_painting/person/pic_228.jpg,6,1.000000
1786,pacs_data/pacs_data/art_painting/person/pic_229.jpg,6,1.000000
1787,pacs_data/pacs_data/art_painting/person/pic_231.jpg,6,1.000000
1788,pacs_data/pacs_data/art_painting/person/pic_232.jpg,6,1.000000
1789,pacs_data/pacs_data/art_painting/person/pic_234.jpg,6,1.000000
1790,pacs_data/pacs_data/art_painting/person/pic_235.jpg,6,1.000000
1791,pacs_data/pacs_data/art_painting/person/pic_236.jpg,6,1.000000
1792,pacs_data/pacs_data/art_painting/person/pic_237.jpg,6,1.000000
1793,pacs_data/pacs_data/art_painting/person/pic_238.jpg,6,1.000000
1794,pacs_data/pacs_data/art_painting/person/pic_240.jpg,6,1.000000
1795,pacs_data/pacs_data/art_painting/person/pic_241.jpg,6,1.000000
1796,pacs_data/pacs_data/art_painting/person/pic_242.jpg,6,1.000000
1797,pacs_data/pacs_data/art_painting/person/pic_243.jpg,6,1.000000
1798,pacs_data/pacs_data/art_painting/person/pic_245.jpg,6,1.000000
1799,pacs_data/pacs_data/art_painting/person/pic_246.jpg,6,1.000000
1800,pacs_data/pacs_data/art_painting/person/pic_247.jpg,6,1.000000
1801,pacs_data/pacs_data/art_painting/person/pic_248.jpg,6,1.000000
1802,pacs_data/pacs_data/art_painting/person/pic_249.jpg,6,0.999999
1803,pacs_data/pacs_data/art_painting/person/pic_250.jpg,6,1.000000
1804,pacs_data/pacs_data/art_painting/person/pic_252.jpg,6,1.000000
1805,pacs_data/pacs_data/art_painting/person/pic_253.jpg,6,1.000000
1806,pacs_data/pacs_data/art_painting/person/pic_254.jpg,6,1.000000
1807,pacs_data/pacs_data/art_painting/person/pic_255.jpg,6,1.000000
1808,pacs_data/pacs_data/art_painting/person/pic_256.jpg,6,1.000000
1809,pacs_data/pacs_data/art_painting/person/pic_257.jpg,6,1.000000
1810,pacs_data/pacs_data/art_painting/person/pic_259.jpg,6,1.000000
1811,pacs_data/pacs_data/art_painting/person/pic_260.jpg,6,1.000000
1812,pacs_data/pacs_data/art_painting/person/pic_262.jpg,6,1.000000
1813,pacs_data/pacs_data/art_painting/person/pic_263.jpg,6,1.000000
1814,pacs_data/pacs_data/art_painting/person/pic_264.jpg,6,1.000000
1815,pacs_data/pacs_data/art_painting/person/pic_265.jpg,6,1.000000
1816,pacs_data/pacs_data/art_painting/person/pic_266.jpg,6,1.000000
1817,pacs_data/pacs_data/art_painting/person/pic_267.jpg,6,1.000000
1818,pacs_data/pacs_data/art_painting/person/pic_268.jpg,6,1.000000
1819,pacs_data/pacs_data/art_painting/person/pic_269.jpg,6,1.000000
1820,pacs_data/pacs_data/art_painting/person/pic_271.jpg,6,1.000000
1821,pacs_data/pacs_data/art_painting/person/pic_272.jpg,6,1.000000
1822,pacs_data/pacs_data/art_painting/person/pic_273.jpg,6,1.000000
1823,pacs_data/pacs_data/art_painting/person/pic_275.jpg,6,1.000000
1824,pacs_data/pacs_data/art_painting/person/pic_276.jpg,6,1.000000
1825,pacs_data/pacs_data/art_painting/person/pic_277.jpg,6,1.000000
1826,pacs_data/pacs_data/art_painting/person/pic_278.jpg,6,1.000000
1827,pacs_data/pacs_data/art_painting/person/pic_280.jpg,6,1.000000
1828,pacs_data/pacs_data/art_painting/person/pic_281.jpg,6,1.000000
1829,pacs_data/pacs_data/art_painting/person/pic_282.jpg,6,1.000000
1830,pacs_data/pacs_data/art_painting/person/pic_283.jpg,6,1.000000
1831,pacs_data/pacs_data/art_painting/person/pic_284.jpg,6,1.000000
1832,pacs_data/pacs_data/art_painting/person/pic_285.jpg,6,1.000000
1833,pacs_data/pacs_data/art_painting/person/pic_287.jpg,6,1.000000
1834,pacs_data/pacs_data/art_painting/person/pic_288.jpg,6,1.000000
1835,pacs_data/pacs_data/art_painting/person/pic_290.jpg,6,1.000000
1836,pacs_data/pacs_data/art_painting/person/pic_291.jpg,6,1.000000
1837,pacs_data/pacs_data/art_painting/person/pic_292.jpg,6,1.000000
1838,pacs_data/pacs_data/art_painting/person/pic_293.jpg,6,1.000000
1839,pacs_data/pacs_data/art_painting/person/pic_294.jpg,6,1.000000
1840,pacs_data/pacs_data/art_painting/person/pic_295.jpg,6,1.000000
1841,pacs_data/pacs_data/art_painting/person/pic_296.jpg,6,1.000000
1842,pacs_data/pacs_data/art_painting/person/pic_297.jpg,6,1.000000
1843,pacs_data/pacs_data/art_painting/person/pic_298.jpg,6,1.000000
1844,pacs_data/pacs_data/art_painting/person/pic_300.jpg,6,1.000000
1845,pacs_data/pacs_data/art_painting/person/pic_301.jpg,6,1.000000
1846,pacs_data/pacs_data/art_painting/person/pic_303.jpg,6,1.000000
1847,pacs_data/pacs_data/art_painting/person/pic_304.jpg,6,1.000000
1848,pacs_data/pacs_data/art_painting/person/pic_305.jpg,6,1.000000
1849,pacs_data/pacs_data/art_painting/person/pic_306.jpg,6,1.000000
1850,pacs_data/pacs_data/art_painting/person/pic_308.jpg,6,1.000000
1851,pacs_data/pacs_data/art_painting/person/pic_310.jpg,6,1.000000
1852,pacs_data/pacs_data/art_painting/person/pic_311.jpg,6,1.000000
1853,pacs_data/pacs_data/art_painting/person/pic_312.jpg,6,1.000000
1854,pacs_data/pacs_data/art_painting/person/pic_313.jpg,6,1.000000
1855,pacs_data/pacs_data/art_painting/person/pic_314.jpg,6,1.000000
1856,pacs_data/pacs_data/art_painting/person/pic_316.jpg,6,1.000000
1857,pacs_data/pacs_data/art_painting/person/pic_317.jpg,6,1.000000
1858,pacs_data/pacs_data/art_painting/person/pic_318.jpg,6,1.000000
1859,pacs_data/pacs_data/art_painting/person/pic_319.jpg,6,1.000000
1860,pacs_data/pacs_data/art_painting/person/pic_320.jpg,6,1.000000
1861,pacs_data/pacs_data/art_painting/person/pic_321.jpg,6,1.000000
1862,pacs_data/pacs_data/art_painting/person/pic_322.jpg,6,1.000000
1863,pacs_data/pacs_data/art_painting/person/pic_324.jpg,6,1.000000
1864,pacs_data/pacs_data/art_painting/person/pic_325.jpg,6,1.000000
1865,pacs_data/pacs_data/art_painting/person/pic_326.jpg,6,1.000000
1866,pacs_data/pacs_data/art_painting/person/pic_327.jpg,6,1.000000
1867,pacs_data/pacs_data/art_painting/person/pic_328.jpg,6,1.000000
1868,pacs_data/pacs_data/art_painting/person/pic_329.jpg,6,1.000000
1869,pacs_data/pacs_data/art_painting/person/pic_330.jpg,6,1.000000
1870,pacs_data/pacs_data/art_painting/person/pic_331.jpg,6,1.000000
1871,pacs_data/pacs_data/art_painting/person/pic_333.jpg,6,1.000000
1872,pacs_data/pacs_data/art_painting/person/pic_334.jpg,6,1.000000
1873,pacs_data/pacs_data/art_painting/person/pic_335.jpg,6,1.000000
1874,pacs_data/pacs_data/art_painting/person/pic_336.jpg,6,1.000000
1875,pacs_data/pacs_data/art_painting/person/pic_337.jpg,6,1.000000
1876,pacs_data/pacs_data/art_painting/person/pic_338.jpg,6,1.000000
1877,pacs_data/pacs_data/art_painting/person/pic_339.jpg,6,1.000000
1878,pacs_data/pacs_data/art_painting/person/pic_340.jpg,6,1.000000
1879,pacs_data/pacs_data/art_painting/person/pic_342.jpg,6,1.000000
1880,pacs_data/pacs_data/art_painting/person/pic_343.jpg,6,1.000000
1881,pacs_data/pacs_data/art_painting/person/pic_345.jpg,6,1.000000
1882,pacs_data/pacs_data/art_painting/person/pic_346.jpg,6,1.000000
1883,pacs_data/pacs_data/art_painting/person/pic_347.jpg,6,1.000000
1884,pacs_data/pacs_data/art_painting/person/pic_349.jpg,6,1.000000
1885,pacs_data/pacs_data/art_painting/person/pic_350.jpg,6,1.000000
1886,pacs_data/pacs_data/art_painting/person/pic_351.jpg,6,1.000000
1887,pacs_data/pacs_data/art_painting/person/pic_352.jpg,6,1.000000
1888,pacs_data/pacs_data/art_painting/person/pic_353.jpg,6,1.000000
1889,pacs_data/pacs_data/art_painting/person/pic_354.jpg,6,1.000000
1890,pacs_data/pacs_data/art_painting/person/pic_356.jpg,6,1.000000
1891,pacs_data/pacs_data/art_painting/person/pic_357.jpg,6,1.000000
1892,pacs_data/pacs_data/art_painting/person/pic_358.jpg,6,1.000000
1893,pacs_data/pacs_data/art_painting/person/pic_359.jpg,6,1.000000
1894,pacs_data/pacs_data/art_painting/person/pic_361.jpg,6,1.000000
1895,pacs_data/pacs_data/art_painting/person/pic_362.jpg,6,1.000000
1896,pacs_data/pacs_data/art_painting/person/pic_363.jpg,6,1.000000
1897,pacs_data/pacs_data/art_painting/person/pic_364.jpg,6,1.000000
1898,pacs_data/pacs_data/art_painting/person/pic_366.jpg,6,1.000000
1899,pacs_data/pacs_data/art_painting/person/pic_368.jpg,6,1.000000
1900,pacs_data/pacs_data/art_painting/person/pic_371.jpg,6,1.000000
1901,pacs_data/pacs_data/art_painting/person/pic_372.jpg,6,1.000000
1902,pacs_data/pacs_data/art_painting/person/pic_375.jpg,6,1.000000
1903,pacs_data/pacs_data/art_painting/person/pic_376.jpg,6,1.000000
1904,pacs_data/pacs_data/art_painting/person/pic_377.jpg,6,1.000000
1905,pacs_data/pacs_data/art_painting/person/pic_378.jpg,6,1.000000
1906,pacs_data/pacs_data/art_painting/person/pic_379.jpg,6,1.000000
1907,pacs_data/pacs_data/art_painting/person/pic_380.jpg,6,1.000000
1908,pacs_data/pacs_data/art_painting/person/pic_381.jpg,6,1.000000
1909,pacs_data/pacs_data/art_painting/person/pic_382.jpg,6,1.000000
1910,pacs_data/pacs_data/art_painting/person/pic_383.jpg,6,1.000000
1911,pacs_data/pacs_data/art_painting/person/pic_385.jpg,6,1.000000
1912,pacs_data/pacs_data/art_painting/person/pic_386.jpg,6,1.000000
1913,pacs_data/pacs_data/art_painting/person/pic_387.jpg,6,1.000000
1914,pacs_data/pacs_data/art_painting/person/pic_388.jpg,6,1.000000
1915,pacs_data/pacs_data/art_painting/person/pic_389.jpg,6,1.000000
1916,pacs_data/pacs_data/art_painting/person/pic_391.jpg,6,1.000000
1917,pacs_data/pacs_data/art_painting/person/pic_394.jpg,6,1.000000
1918,pacs_data/pacs_data/art_painting/person/pic_395.jpg,6,1.000000
1919,pacs_data/pacs_data/art_painting/person/pic_396.jpg,6,1.000000
1920,pacs_data/pacs_data/art_painting/person/pic_397.jpg,6,1.000000
1921,pacs_data/pacs_data/art_painting/person/pic_398.jpg,6,1.000000
1922,pacs_data/pacs_data/art_painting/person/pic_400.jpg,6,1.000000
1923,pacs_data/pacs_data/art_painting/person/pic_402.jpg,6,1.000000
1924,pacs_data/pacs_data/art_painting/person/pic_404.jpg,6,1.000000
1925,pacs_data/pacs_data/art_painting/person/pic_405.jpg,6,1.000000
1926,pacs_data/pacs_data/art_painting/person/pic_406.jpg,6,1.000000
1927,pacs_data/pacs_data/art_painting/person/pic_407.jpg,6,1.000000
1928,pacs_data/pacs_data/art_painting/person/pic_410.jpg,6,1.000000
1929,pacs_data/pacs_data/art_painting/person/pic_412.jpg,6,1.000000
1930,pacs_data/pacs_data/art_painting/person/pic_413.jpg,6,1.000000
1931,pacs_data/pacs_data/art_painting/person/pic_414.jpg,6,1.000000
1932,pacs_data/pacs_data/art_painting/person/pic_416.jpg,6,1.000000
1933,pacs_data/pacs_data/art_painting/person/pic_417.jpg,6,1.000000
1934,pacs_data/pacs_data/art_painting/person/pic_420.jpg,6,1.000000
1935,pacs_data/pacs_data/art_painting/person/pic_421.jpg,6,1.000000
1936,pacs_data/pacs_data/art_painting/person/pic_423.jpg,6,1.000000
1937,pacs_data/pacs_data/art_painting/person/pic_424.jpg,6,1.000000
1938,pacs_data/pacs_data/art_painting/person/pic_426.jpg,6,1.000000
1939,pacs_data/pacs_data/art_painting/person/pic_428.jpg,6,1.000000
1940,pacs_data/pacs_data/art_painting/person/pic_429.jpg,6,1.000000
1941,pacs_data/pacs_data/art_painting/person/pic_430.jpg,6,1.000000
1942,pacs_data/pacs_data/art_painting/person/pic_431.jpg,6,1.000000
1943,pacs_data/pacs_data/art_painting/person/pic_433.jpg,6,1.000000
1944,pacs_data/pacs_data/art_painting/person/pic_435.jpg,6,1.000000
1945,pacs_data/pacs_data/art_painting/person/pic_436.jpg,6,1.000000
1946,pacs_data/pacs_data/art_painting/person/pic_437.jpg,6,1.000000
1947,pacs_data/pacs_data/art_painting/person/pic_438.jpg,6,1.000000
1948,pacs_data/pacs_data/art_painting/person/pic_440.jpg,6,1.000000
1949,pacs_data/pacs_data/art_painting/person/pic_441.jpg,6,1.000000
1950,pacs_data/pacs_data/art_painting/person/pic_444.jpg,6,1.000000
1951,pacs_data/pacs_data/art_painting/person/pic_445.jpg,6,1.000000
1952,pacs_data/pacs_data/art_painting/person/pic_447.jpg,6,1.000000
1953,pacs_data/pacs_data/art_painting/person/pic_448.jpg,6,1.000000
1954,pacs_data/pacs_data/art_painting/person/pic_449.jpg,6,1.000000
1955,pacs_data/pacs_data/art_painting/person/pic_450.jpg,6,1.000000
1956,pacs_data/pacs_data/art_painting/person/pic_454.jpg,6,1.000000
1957,pacs_data/pacs_data/art_painting/person/pic_455.jpg,6,1.000000
1958,pacs_data/pacs_data/art_painting/person/pic_456.jpg,6,1.000000
1959,pacs_data/pacs_data/art_painting/person/pic_458.jpg,6,1.000000
1960,pacs_data/pacs_data/art_painting/person/pic_459.jpg,6,1.000000
1961,pacs_data/pacs_data/art_painting/person/pic_460.jpg,6,1.000000
1962,pacs_data/pacs_data/art_painting/person/pic_462.jpg,6,1.000000
1963,pacs_data/pacs_data/art_painting/person/pic_463.jpg,6,1.000000
1964,pacs_data/pacs_data/art_painting/person/pic_464.jpg,6,1.000000
1965,pacs_data/pacs_data/art_painting/person/pic_465.jpg,6,1.000000
1966,pacs_data/pacs_data/art_painting/person/pic_466.jpg,6,1.000000
1967,pacs_data/pacs_data/art_painting/person/pic_467.jpg,6,1.000001
1968,pacs_data/pacs_data/art_painting/person/pic_468.jpg,6,1.000000
1969,pacs_data/pacs_data/art_painting/person/pic_469.jpg,6,1.000000
1970,pacs_data/pacs_data/art_painting/person/pic_470.jpg,6,1.000000
1971,pacs_data/pacs_data/art_painting/person/pic_471.jpg,6,1.000000
1972,pacs_data/pacs_data/art_painting/person/pic_473.jpg,6,1.000000
1973,pacs_data/pacs_data/art_painting/person/pic_474.jpg,6,1.000000
1974,pacs_data/pacs_data/art_painting/person/pic_475.jpg,6,1.000000
1975,pacs_data/pacs_data/art_painting/person/pic_476.jpg,6,1.000000
1976,pacs_data/pacs_data/art_painting/person/pic_479.jpg,6,1.000000
1977,pacs_data/pacs_data/art_painting/person/pic_480.jpg,6,1.000000
1978,pacs_data/pacs_data/art_painting/person/pic_481.jpg,6,1.000000
1979,pacs_data/pacs_data/art_painting/person/pic_484.jpg,6,1.000000
1980,pacs_data/pacs_data/art_painting/person/pic_487.jpg,6,1.000000
1981,pacs_data/pacs_data/art_painting/person/pic_490.jpg,6,1.000000
1982,pacs_data/pacs_data/art_painting/person/pic_492.jpg,6,1.000000
1983,pacs_data/pacs_data/art_painting/person/pic_493.jpg,6,1.000000
1984,pacs_data/pacs_data/art_painting/person/pic_494.jpg,6,1.000000
1985,pacs_data/pacs_data/art_painting/person/pic_495.jpg,6,1.000000
1986,pacs_data/pacs_data/art_painting/person/pic_496.jpg,6,1.000000
1987,pacs_data/pacs_data/art_painting/person/pic_497.jpg,6,1.000000
1988,pacs_data/pacs_data/art_painting/person/pic_501.jpg,6,1.000000
1989,pacs_data/pacs_data/art_painting/person/pic_502.jpg,6,1.000000
1990,pacs_data/pacs_data/art_painting/person/pic_503.jpg,6,1.000000
1991,pacs_data/pacs_data/art_painting/person/pic_504.jpg,6,1.000000
1992,pacs_data/pacs_data/art_painting/person/pic_505.jpg,6,1.000000
1993,pacs_data/pacs_data/art_painting/person/pic_506.jpg,6,1.000000
1994,pacs_data/pacs_data/art_painting/person/pic_507.jpg,6,1.000000
1995,pacs_data/pacs_data/art_painting/person/pic_508.jpg,6,1.000000
1996,pacs_data/pacs_data/art_painting/person/pic_510.jpg,6,1.000000
1997,pacs_data/pacs_data/art_painting/person/pic_511.jpg,6,1.000001
1998,pacs_data/pacs_data/art_painting/person/pic_512.jpg,6,1.000000
1999,pacs_data/pacs_data/art_painting/person/pic_513.jpg,6,1.000000
2000,pacs_data/pacs_data/art_painting/person/pic_514.jpg,6,1.000000
2001,pacs_data/pacs_data/art_painting/person/pic_518.jpg,6,1.000000
2002,pacs_data/pacs_data/art_painting/person/pic_519.jpg,6,1.000000
2003,pacs_data/pacs_data/art_painting/person/pic_520.jpg,6,1.000000
2004,pacs_data/pacs_data/art_painting/person/pic_521.jpg,6,1.000000
2005,pacs_data/pacs_data/art_painting/person/pic_522.jpg,6,1.000000
2006,pacs_data/pacs_data/art_painting/person/pic_523.jpg,6,1.000000
2007,pacs_data/pacs_data/art_painting/person/pic_525.jpg,6,1.000000
2008,pacs_data/pacs_data/art_painting/person/pic_526.jpg,6,1.000000
2009,pacs_data/pacs_data/art_painting/person/pic_527.jpg,6,1.000000
2010,pacs_data/pacs_data/art_painting/person/pic_528.jpg,6,1.000000
2011,pacs_data/pacs_data/art_painting/person/pic_530.jpg,6,1.000000
2012,pacs_data/pacs_data/art_painting/person/pic_531.jpg,6,1.000000
2013,pacs_data/pacs_data/art_painting/person/pic_532.jpg,6,1.000000
2014,pacs_data/pacs_data/art_painting/person/pic_534.jpg,6,1.000000
2015,pacs_data/pacs_data/art_painting/person/pic_535.jpg,6,1.000000
2016,pacs_data/pacs_data/art_painting/person/pic_536.jpg,6,1.000000
2017,pacs_data/pacs_data/art_painting/person/pic_537.jpg,6,1.000000
2018,pacs_data/pacs_data/art_painting/person/pic_538.jpg,6,1.000000
2019,pacs_data/pacs_data/art_painting/person/pic_539.jpg,6,1.000000
2020,pacs_data/pacs_data/art_painting/person/pic_540.jpg,6,1.000000
2021,pacs_data/pacs_data/art_painting/person/pic_542.jpg,6,1.000000
2022,pacs_data/pacs_data/art_painting/person/pic_543.jpg,6,1.000000
2023,pacs_data/pacs_data/art_painting/person/pic_545.jpg,6,1.000000
2024,pacs_data/pacs_data/art_painting/person/pic_546.jpg,6,1.000000
2025,pacs_data/pacs_data/art_painting/person/pic_547.jpg,6,1.000000
2026,pacs_data/pacs_data/art_painting/person/pic_548.jpg,6,1.000000
2027,pacs_data/pacs_data/art_painting/person/pic_549.jpg,6,1.000000
2028,pacs_data/pacs_data/art_painting/person/pic_550.jpg,6,1.000000
2029,pacs_data/pacs_data/art_painting/person/pic_551.jpg,6,1.000000
2030,pacs_data/pacs_data/art_painting/person/pic_552.jpg,6,1.000000
2031,pacs_data/pacs_data/art_painting/person/pic_553.jpg,6,1.000000
2032,pacs_data/pacs_data/art_painting/person/pic_555.jpg,6,1.000000
2033,pacs_data/pacs_data/art_painting/person/pic_556.jpg,6,1.000000
2034,pacs_data/pacs_data/art_painting/person/pic_558.jpg,6,1.000000
2035,pacs_data/pacs_data/art_painting/person/pic_559.jpg,6,1.000000
2036,pacs_data/pacs_data/art_painting/person/pic_560.jpg,6,1.000000
2037,pacs_data/pacs_data/art_painting/person/pic_561.jpg,6,1.000000
2038,pacs_data/pacs_data/art_painting/person/pic_563.jpg,6,1.000000
2039,pacs_data/pacs_data/art_painting/person/pic_564.jpg,6,1.000000
2040,pacs_data/pacs_data/art_painting/person/pic_568.jpg,6,1.000000
2041,pacs_data/pacs_data/art_painting/person/pic_569.jpg,6,1.000000
2042,pacs_data/pacs_data/art_painting/person/pic_570.jpg,6,1.000000
2043,pacs_data/pacs_data/art_painting/person/pic_571.jpg,6,1.000000
2044,pacs_data/pacs_data/art_painting/person/pic_572.jpg,6,1.000000
2045,pacs_data/pacs_data/art_painting/person/pic_573.jpg,6,1.000000
2046,pacs_data/pacs_data/art_painting/person/pic_574.jpg,6,1.000000
2047,pacs_data/pacs_data/art_painting/person/pic_577.jpg,6,1.000000
