cache_index,ref,label,cosine
0,pacs_data/pacs_data/photo/dog/056_0001.jpg,0,1.000000
1,pacs_data/pacs_data/photo/dog/056_0002.jpg,0,1.000000
2,pacs_data/pacs_data/photo/dog/056_0003.jpg,0,1.000000
3,pacs_data/pacs_data/photo/dog/056_0004.jpg,0,1.000000
4,pacs_data/pacs_data/photo/dog/056_0005.jpg,0,1.000000
5,pacs_data/pacs_data/photo/dog/056_0006.jpg,0,1.000000
6,pacs_data/pacs_data/photo/dog/056_0007.jpg,0,1.000000
7,pacs_data/pacs_data/photo/dog/056_0009.jpg,0,1.000000
8,pacs_data/pacs_data/photo/dog/056_0010.jpg,0,1.000000
9,pacs_data/pacs_data/photo/dog/056_0011.jpg,0,1.000000
10,pacs_data/pacs_data/photo/dog/056_0012.jpg,0,1.000000
11,pacs_data/pacs_data/photo/dog/056_0013.jpg,0,1.000000
12,pacs_data/pacs_data/photo/dog/056_0014.jpg,0,1.000000
13,pacs_data/pacs_data/photo/dog/056_0015.jpg,0,1.000000
14,pacs_data/pacs_data/photo/dog/056_0016.jpg,0,1.000000
15,pacs_data/pacs_data/photo/dog/056_0017.jpg,0,1.000000
16,pacs_data/pacs_data/photo/dog/056_0018.jpg,0,1.000000
17,pacs_data/pacs_data/photo/dog/056_0020.jpg,0,1.000000
18,pacs_data/pacs_data/photo/dog/056_0021.jpg,0,1.000000
19,pacs_data/pacs_data/photo/dog/056_0022.jpg,0,1.000000
20,pacs_data/pacs_data/photo/dog/056_0023.jpg,0,1.000000
21,pacs_data/pacs_data/photo/dog/056_0024.jpg,0,1.000000
22,pacs_data/pacs_data/photo/dog/056_0026.jpg,0,1.000000
23,pacs_data/pacs_data/photo/dog/056_0027.jpg,0,1.000000
24,pacs_data/pacs_data/photo/dog/056_0028.jpg,0,1.000000
25,pacs_data/pacs_data/photo/dog/056_0029.jpg,0,1.000000
26,pacs_data/pacs_data/photo/dog/056_0030.jpg,0,1.000000
27,pacs_data/pacs_data/photo/dog/056_0031.jpg,0,1.000000
28,pacs_data/pacs_data/photo/dog/056_0032.jpg,0,1.000000
29,pacs_data/pacs_data/photo/dog/056_0033.jpg,0,1.000000
30,pacs_data/pacs_data/photo/dog/056_0034.jpg,0,1.000000
31,pacs_data/pacs_data/photo/dog/056_0035.jpg,0,1.000000
32,pacs_data/pacs_data/photo/dog/056_0036.jpg,0,1.000000
33,pacs_data/pacs_data/photo/dog/056_0037.jpg,0,1.000000
34,pacs_data/pacs_data/photo/dog/056_0038.jpg,0,1.000000
35,pacs_data/pacs_data/photo/dog/056_0039.jpg,0,1.000000
36,pacs_data/pacs_data/photo/dog/056_0040.jpg,0,1.000000
37,pacs_data/pacs_data/photo/dog/056_0041.jpg,0,1.000000
38,pacs_data/pacs_data/photo/dog/056_0042.jpg,0,1.000000
39,pacs_data/pacs_data/photo/dog/056_0043.jpg,0,1.000000
40,pacs_data/pacs_data/photo/dog/056_0045.jpg,0,1.000000
41,pacs_data/pacs_data/photo/dog/056_0046.jpg,0,1.000000
42,pacs_data/pacs_data/photo/dog/056_0047.jpg,0,1.000000
43,pacs_data/pacs_data/photo/dog/056_0048.jpg,0,1.000000
44,pacs_data/pacs_data/photo/dog/056_0049.jpg,0,1.000000
45,pacs_data/pacs_data/photo/dog/056_0050.jpg,0,1.000000
46,pacs_data/pacs_data/photo/dog/056_0051.jpg,0,1.000000
47,pacs_data/pacs_data/photo/dog/056_0052.jpg,0,1.000000
48,pacs_data/pacs_data/photo/dog/056_0053.jpg,0,1.000000
49,pacs_data/pacs_data/photo/dog/056_0054.jpg,0,1.000000
50,pacs_data/pacs_data/photo/dog/056_0055.jpg,0,1.000000
51,pacs_data/pacs_data/photo/dog/056_0056.jpg,0,1.000000
52,pacs_data/pacs_data/photo/dog/056_0057.jpg,0,1.000000
53,pacs_data/pacs_data/photo/dog/056_0058.jpg,0,1.000000
54,pacs_data/pacs_data/photo/dog/056_0059.jpg,0,1.000000
55,pacs_data/pacs_data/photo/dog/056_0060.jpg,0,1.000000
56,pacs_data/pacs_data/photo/dog/056_0062.jpg,0,1.000000
57,pacs_data/pacs_data/photo/dog/056_0063.jpg,0,1.000000
58,pacs_data/pacs_data/photo/dog/056_0064.jpg,0,1.000000
59,pacs_data/pacs_data/photo/dog/056_0065.jpg,0,1.000000
60,pacs_data/pacs_data/photo/dog/056_0066.jpg,0,1.000000
61,pacs_data/pacs_data/photo/dog/056_0067.jpg,0,1.000000
62,pacs_data/pacs_data/photo/dog/056_0068.jpg,0,1.000000
63,pacs_data/pacs_data/photo/dog/056_0069.jpg,0,1.000000
64,pacs_data/pacs_data/photo/dog/056_0070.jpg,0,1.000000
65,pacs_data/pacs_data/photo/dog/056_0071.jpg,0,1.000000
66,pacs_data/pacs_data/photo/dog/056_0072.jpg,0,1.000000
67,pacs_data/pacs_data/photo/dog/056_0073.jpg,0,1.000000
68,pacs_data/pacs_data/photo/dog/056_0074.jpg,0,1.000000
69,pacs_data/pacs_data/photo/dog/056_0075.jpg,0,1.000000
70,pacs_data/pacs_data/photo/dog/056_0076.jpg,0,1.000000
71,pacs_data/pacs_data/photo/dog/056_0077.jpg,0,1.000000
72,pacs_data/pacs_data/photo/dog/056_0078.jpg,0,1.000000
73,pacs_data/pacs_data/photo/dog/056_0079.jpg,0,1.000000
74,pacs_data/pacs_data/photo/dog/056_0080.jpg,0,1.000000
75,pacs_data/pacs_data/photo/dog/056_0081.jpg,0,1.000000
76,pacs_data/pacs_data/photo/dog/056_0082.jpg,0,1.000000
77,pacs_data/pacs_data/photo/dog/056_0083.jpg,0,1.000000
78,pacs_data/pacs_data/photo/dog/056_0084.jpg,0,1.000000
79,pacs_data/pacs_data/photo/dog/056_0085.jpg,0,1.000000
80,pacs_data/pacs_data/photo/dog/056_0086.jpg,0,1.000000
81,pacs_data/pacs_data/photo/dog/056_0087.jpg,0,1.000000
82,pacs_data/pacs_data/photo/dog/056_0088.jpg,0,1.000000
83,pacs_data/pacs_data/photo/dog/056_0089.jpg,0,1.000000
84,pacs_data/pacs_data/photo/dog/056_0090.jpg,0,1.000000
85,pacs_data/pacs_data/photo/dog/056_0091.jpg,0,1.000000
86,pacs_data/pacs_data/photo/dog/056_0092.jpg,0,1.000000
87,pacs_data/pacs_data/photo/dog/056_0093.jpg,0,1.000000
88,pacs_data/pacs_data/photo/dog/056_0095.jpg,0,1.000000
89,pacs_data/pacs_data/photo/dog/056_0097.jpg,0,1.000000
90,pacs_data/pacs_data/photo/dog/056_0098.jpg,0,1.000000
91,pacs_data/pacs_data/photo/dog/056_0099.jpg,0,1.000000
92,pacs_data/pacs_data/photo/dog/056_0101.jpg,0,1.000000
93,pacs_data/pacs_data/photo/dog/056_0102.jpg,0,1.000000
94,pacs_data/pacs_data/photo/dog/n02103406_1011.jpg,0,1.000000
95,pacs_data/pacs_data/photo/dog/n02103406_1138.jpg,0,1.000000
96,pacs_data/pacs_data/photo/dog/n02103406_1170.jpg,0,1.000000
97,pacs_data/pacs_data/photo/dog/n02103406_1247.jpg,0,1.000000
98,pacs_data/pacs_data/photo/dog/n02103406_13049.jpg,0,1.000000
99,pacs_data/pacs_data/photo/dog/n02103406_1599.jpg,0,1.000000
100,pacs_data/pacs_data/photo/dog/n02103406_1754.jpg,0,1.000000
101,pacs_data/pacs_data/photo/dog/n02103406_2209.jpg,0,1.000000
102,pacs_data/pacs_data/photo/dog/n02103406_2706.jpg,0,1.000000
103,pacs_data/pacs_data/photo/dog/n02103406_2954.jpg,0,1.000000
104,pacs_data/pacs_data/photo/dog/n02103406_3056.jpg,0,1.000000
105,pacs_data/pacs_data/photo/dog/n02103406_3108.jpg,0,1.000000
106,pacs_data/pacs_data/photo/dog/n02103406_3132.jpg,0,1.000000
107,pacs_data/pacs_data/photo/dog/n02103406_3255.jpg,0,1.000000
108,pacs_data/pacs_data/photo/dog/n02103406_3299.jpg,0,1.000000
109,pacs_data/pacs_data/photo/dog/n02103406_3326.jpg,0,1.000000
110,pacs_data/pacs_data/photo/dog/n02103406_3401.jpg,0,1.000000
111,pacs_data/pacs_data/photo/dog/n02103406_343.jpg,0,1.000000
112,pacs_data/pacs_data/photo/dog/n02103406_346.jpg,0,1.000000
113,pacs_data/pacs_data/photo/dog/n02103406_3538.jpg,0,1.000000
114,pacs_data/pacs_data/photo/dog/n02103406_371.jpg,0,1.000000
115,pacs_data/pacs_data/photo/dog/n02103406_3743.jpg,0,1.000000
116,pacs_data/pacs_data/photo/dog/n02103406_3750.jpg,0,1.000000
117,pacs_data/pacs_data/photo/dog/n02103406_3964.jpg,0,1.000000
118,pacs_data/pacs_data/photo/dog/n02103406_4068.jpg,0,1.000000
119,pacs_data/pacs_data/photo/dog/n02103406_4849.jpg,0,1.000000
120,pacs_data/pacs_data/photo/dog/n02103406_4916.jpg,0,1.000000
121,pacs_data/pacs_data/photo/dog/n02103406_5035.jpg,0,1.000000
122,pacs_data/pacs_data/photo/dog/n02103406_5216.jpg,0,1.000000
123,pacs_data/pacs_data/photo/dog/n02103406_5224.jpg,0,1.000000
124,pacs_data/pacs_data/photo/dog/n02103406_5456.jpg,0,1.000000
125,pacs_data/pacs_data/photo/dog/n02103406_5505.jpg,0,1.000000
126,pacs_data/pacs_data/photo/dog/n02103406_5563.jpg,0,1.000000
127,pacs_data/pacs_data/photo/dog/n02103406_5601.jpg,0,1.000000
128,pacs_data/pacs_data/photo/dog/n02103406_6274.jpg,0,1.000000
129,pacs_data/pacs_data/photo/dog/n02103406_6461.jpg,0,1.000000
130,pacs_data/pacs_data/photo/dog/n02103406_6530.jpg,0,1.000000
131,pacs_data/pacs_data/photo/dog/n02103406_6857.jpg,0,1.000000
132,pacs_data/pacs_data/photo/dog/n02103406_7201.jpg,0,1.000000
133,pacs_data/pacs_data/photo/dog/n02103406_7368.jpg,0,1.000000
134,pacs_data/pacs_data/photo/dog/n02103406_7521.jpg,0,1.000000
135,pacs_data/pacs_data/photo/dog/n02103406_7708.jpg,0,1.000000
136,pacs_data/pacs_data/photo/dog/n02103406_8004.jpg,0,1.000000
137,pacs_data/pacs_data/photo/dog/n02103406_8280.jpg,0,1.000000
138,pacs_data/pacs_data/photo/dog/n02103406_8362.jpg,0,1.000000
139,pacs_data/pacs_data/photo/dog/n02103406_8421.jpg,0,1.000000
140,pacs_data/pacs_data/photo/dog/n02103406_865.jpg,0,1.000000
141,pacs_data/pacs_data/photo/dog/n02103406_936.jpg,0,1.000000
142,pacs_data/pacs_data/photo/dog/n02103406_995.jpg,0,1.000000
143,pacs_data/pacs_data/photo/dog/n02106662_10406.jpg,0,1.000000
144,pacs_data/pacs_data/photo/dog/n02106662_11133.jpg,0,1.000000
145,pacs_data/pacs_data/photo/dog/n02106662_13178.jpg,0,1.000000
146,pacs_data/pacs_data/photo/dog/n02106662_13912.jpg,0,1.000000
147,pacs_data/pacs_data/photo/dog/n02106662_15858.jpg,0,1.000000
148,pacs_data/pacs_data/photo/dog/n02106662_18402.jpg,0,1.000000
149,pacs_data/pacs_data/photo/dog/n02106662_18405.jpg,0,1.000000
150,pacs_data/pacs_data/photo/dog/n02106662_1874.jpg,0,1.000000
151,pacs_data/pacs_data/photo/dog/n02106662_18922.jpg,0,1.000000
152,pacs_data/pacs_data/photo/dog/n02106662_18953.jpg,0,1.000000
153,pacs_data/pacs_data/photo/dog/n02106662_1922.jpg,0,1.000000
154,pacs_data/pacs_data/photo/dog/n02106662_2101.jpg,0,1.000000
155,pacs_data/pacs_data/photo/dog/n02106662_2157.jpg,0,1.000000
156,pacs_data/pacs_data/photo/dog/n02106662_2377.jpg,0,1.000000
157,pacs_data/pacs_data/photo/dog/n02106662_24019.jpg,0,1.000000
158,pacs_data/pacs_data/photo/dog/n02106662_24577.jpg,0,1.000000
159,pacs_data/pacs_data/photo/dog/n02106662_24786.jpg,0,1.000000
160,pacs_data/pacs_data/photo/dog/n02106662_25917.jpg,0,1.000000
161,pacs_data/pacs_data/photo/dog/n02106662_26549.jpg,0,1.000000
162,pacs_data/pacs_data/photo/dog/n02106662_27393.jpg,0,1.000000
163,pacs_data/pacs_data/photo/dog/n02106662_2740.jpg,0,1.000000
164,pacs_data/pacs_data/photo/dog/n02106662_466.jpg,0,1.000000
165,pacs_data/pacs_data/photo/dog/n02106662_5001.jpg,0,1.000000
166,pacs_data/pacs_data/photo/dog/n02106662_7885.jpg,0,1.000000
167,pacs_data/pacs_data/photo/dog/n02106662_7960.jpg,0,1.000000
168,pacs_data/pacs_data/photo/dog/n02106662_8511.jpg,0,1.000000
169,pacs_data/pacs_data/photo/dog/n02106662_8870.jpg,0,1.000000
170,pacs_data/pacs_data/photo/dog/n02106662_928.jpg,0,1.000000
171,pacs_data/pacs_data/photo/dog/n02109525_10297.jpg,0,1.000000
172,pacs_data/pacs_data/photo/dog/n02109525_11444.jpg,0,1.000000
173,pacs_data/pacs_data/photo/dog/n02109525_12875.jpg,0,1.000000
174,pacs_data/pacs_data/photo/dog/n02109525_13700.jpg,0,1.000000
175,pacs_data/pacs_data/photo/dog/n02109525_16346.jpg,0,1.000000
176,pacs_data/pacs_data/photo/dog/n02109525_18347.jpg,0,1.000000
177,pacs_data/pacs_data/photo/dog/n02109525_1893.jpg,0,1.000000
178,pacs_data/pacs_data/photo/dog/n02109525_3202.jpg,0,1.000000
179,pacs_data/pacs_data/photo/dog/n02109525_3782.jpg,0,1.000000
180,pacs_data/pacs_data/photo/dog/n02109525_5013.jpg,0,1.000000
181,pacs_data/pacs_data/photo/dog/n02109525_5583.jpg,0,1.000000
182,pacs_data/pacs_data/photo/dog/n02109525_5966.jpg,0,1.000000
183,pacs_data/pacs_data/photo/dog/n02109525_6693.jpg,0,1.000000
184,pacs_data/pacs_data/photo/dog/n02109525_704.jpg,0,1.000000
185,pacs_data/pacs_data/photo/dog/n02109525_7874.jpg,0,1.000000
186,pacs_data/pacs_data/photo/dog/n02109525_8211.jpg,0,1.000000
187,pacs_data/pacs_data/photo/dog/n02109525_8457.jpg,0,1.000000
188,pacs_data/pacs_data/photo/dog/n02109525_9037.jpg,0,1.000000
189,pacs_data/pacs_data/photo/elephant/064_0001.jpg,1,1.000000
190,pacs_data/pacs_data/photo/elephant/064_0002.jpg,1,1.000000
191,pacs_data/pacs_data/photo/elephant/064_0003.jpg,1,1.000000
192,pacs_data/pacs_data/photo/elephant/064_0004.jpg,1,1.000000
193,pacs_data/pacs_data/photo/elephant/064_0005.jpg,1,1.000000
194,pacs_data/pacs_data/photo/elephant/064_0006.jpg,1,1.000000
195,pacs_data/pacs_data/photo/elephant/064_0007.jpg,1,1.000000
196,pacs_data/pacs_data/photo/elephant/064_0008.jpg,1,1.000000
197,pacs_data/pacs_data/photo/elephant/064_0009.jpg,1,1.000000
198,pacs_data/pacs_data/photo/elephant/064_0010.jpg,1,1.000000
199,pacs_data/pacs_data/photo/elephant/064_0011.jpg,1,1.000000
200,pacs_data/pacs_data/photo/elephant/064_0012.jpg,1,1.000000
201,pacs_data/pacs_data/photo/elephant/064_0013.jpg,1,1.000000
202,pacs_data/pacs_data/photo/elephant/064_0014.jpg,1,1.000000
203,pacs_data/pacs_data/photo/elephant/064_0015.jpg,1,1.000000
204,pacs_data/pacs_data/photo/elephant/064_0016.jpg,1,1.000000
205,pacs_data/pacs_data/photo/elephant/064_0017.jpg,1,1.000000
206,pacs_data/pacs_data/photo/elephant/064_0018.jpg,1,1.000000
207,pacs_data/pacs_data/photo/elephant/064_0019.jpg,1,1.000000
208,pacs_data/pacs_data/photo/elephant/064_0020.jpg,1,1.000000
209,pacs_data/pacs_data/photo/elephant/064_0021.jpg,1,1.000000
210,pacs_data/pacs_data/photo/elephant/064_0022.jpg,1,1.000000
211,pacs_data/pacs_data/photo/elephant/064_0023.jpg,1,1.000000
212,pacs_data/pacs_data/photo/elephant/064_0024.jpg,1,1.000000
213,pacs_data/pacs_data/photo/elephant/064_0025.jpg,1,1.000000
214,pacs_data/pacs_data/photo/elephant/064_0030.jpg,1,1.000000
215,pacs_data/pacs_data/photo/elephant/064_0031.jpg,1,1.000000
216,pacs_data/pacs_data/photo/elephant/064_0032.jpg,1,1.000000
217,pacs_data/pacs_data/photo/elephant/064_0033.jpg,1,1.000000
218,pacs_data/pacs_data/photo/elephant/064_0034.jpg,1,1.000000
219,pacs_data/pacs_data/photo/elephant/064_0035.jpg,1,1.000000
220,pacs_data/pacs_data/photo/elephant/064_0036.jpg,1,1.000000
221,pacs_data/pacs_data/photo/elephant/064_0037.jpg,1,1.000000
222,pacs_data/pacs_data/photo/elephant/064_0038.jpg,1,1.000000
223,pacs_data/pacs_data/photo/elephant/064_0039.jpg,1,1.000000
224,pacs_data/pacs_data/photo/elephant/064_0040.jpg,1,1.000000
225,pacs_data/pacs_data/photo/elephant/064_0041.jpg,1,1.000000
226,pacs_data/pacs_data/photo/elephant/064_0042.jpg,1,1.000000
227,pacs_data/pacs_data/photo/elephant/064_0043.jpg,1,1.000000
228,pacs_data/pacs_data/photo/elephant/064_0044.jpg,1,1.000000
229,pacs_data/pacs_data/photo/elephant/064_0045.jpg,1,1.000000
230,pacs_data/pacs_data/photo/elephant/064_0047.jpg,1,1.000000
231,pacs_data/pacs_data/photo/elephant/064_0048.jpg,1,1.000000
232,pacs_data/pacs_data/photo/elephant/064_0049.jpg,1,1.000000
233,pacs_data/pacs_data/photo/elephant/064_0051.jpg,1,1.000000
234,pacs_data/pacs_data/photo/elephant/064_0052.jpg,1,1.000000
235,pacs_data/pacs_data/photo/elephant/064_0053.jpg,1,1.000000
236,pacs_data/pacs_data/photo/elephant/064_0054.jpg,1,1.000000
237,pacs_data/pacs_data/photo/elephant/064_0055.jpg,1,1.000000
238,pacs_data/pacs_data/photo/elephant/064_0056.jpg,1,1.000000
239,pacs_data/pacs_data/photo/elephant/064_0057.jpg,1,1.000000
240,pacs_data/pacs_data/photo/elephant/064_0058.jpg,1,1.000000
241,pacs_data/pacs_data/photo/elephant/064_0059.jpg,1,1.000000
242,pacs_data/pacs_data/photo/elephant/064_0060.jpg,1,1.000000
243,pacs_data/pacs_data/photo/elephant/064_0061.jpg,1,1.000000
244,pacs_data/pacs_data/photo/elephant/064_0062.jpg,1,1.000000
245,pacs_data/pacs_data/photo/elephant/064_0063.jpg,1,1.000000
246,pacs_data/pacs_data/photo/elephant/064_0064.jpg,1,1.000000
247,pacs_data/pacs_data/photo/elephant/064_0065.jpg,1,1.000000
248,pacs_data/pacs_data/photo/elephant/064_0066.jpg,1,1.000000
249,pacs_data/pacs_data/photo/elephant/064_0067.jpg,1,1.000000
250,pacs_data/pacs_data/photo/elephant/064_0068.jpg,1,1.000000
251,pacs_data/pacs_data/photo/elephant/064_0070.jpg,1,1.000000
252,pacs_data/pacs_data/photo/elephant/064_0071.jpg,1,1.000000
253,pacs_data/pacs_data/photo/elephant/064_0072.jpg,1,1.000000
254,pacs_data/pacs_data/photo/elephant/064_0073.jpg,1,1.000000
255,pacs_data/pacs_data/photo/elephant/064_0074.jpg,1,1.000000
256,pacs_data/pacs_data/photo/elephant/064_0075.jpg,1,1.000000
257,pacs_data/pacs_data/photo/elephant/064_0076.jpg,1,1.000000
258,pacs_data/pacs_data/photo/elephant/064_0077.jpg,1,1.000000
259,pacs_data/pacs_data/photo/elephant/064_0078.jpg,1,1.000000
260,pacs_data/pacs_data/photo/elephant/064_0079.jpg,1,1.000000
261,pacs_data/pacs_data/photo/elephant/064_0080.jpg,1,1.000000
262,pacs_data/pacs_data/photo/elephant/064_0081.jpg,1,1.000000
263,pacs_data/pacs_data/photo/elephant/064_0084.jpg,1,1.000000
264,pacs_data/pacs_data/photo/elephant/064_0085.jpg,1,1.000000
265,pacs_data/pacs_data/photo/elephant/064_0086.jpg,1,1.000000
266,pacs_data/pacs_data/photo/elephant/064_0087.jpg,1,1.000000
267,pacs_data/pacs_data/photo/elephant/064_0088.jpg,1,1.000000
268,pacs_data/pacs_data/photo/elephant/064_0089.jpg,1,1.000000
269,pacs_data/pacs_data/photo/elephant/064_0090.jpg,1,1.000000
270,pacs_data/pacs_data/photo/elephant/064_0092.jpg,1,1.000000
271,pacs_data/pacs_data/photo/elephant/064_0093.jpg,1,1.000000
272,pacs_data/pacs_data/photo/elephant/064_0094.jpg,1,1.000000
273,pacs_data/pacs_data/photo/elephant/064_0095.jpg,1,1.000000
274,pacs_data/pacs_data/photo/elephant/064_0096.jpg,1,1.000000
275,pacs_data/pacs_data/photo/elephant/064_0097.jpg,1,1.000000
276,pacs_data/pacs_data/photo/elephant/064_0098.jpg,1,1.000000
277,pacs_data/pacs_data/photo/elephant/064_0099.jpg,1,1.000000
278,pacs_data/pacs_data/photo/elephant/064_0100.jpg,1,1.000000
279,pacs_data/pacs_data/photo/elephant/064_0101.jpg,1,1.000000
280,pacs_data/pacs_data/photo/elephant/064_0102.jpg,1,1.000000
281,pacs_data/pacs_data/photo/elephant/064_0105.jpg,1,1.000000
282,pacs_data/pacs_data/photo/elephant/064_0106.jpg,1,1.000000
283,pacs_data/pacs_data/photo/elephant/064_0107.jpg,1,1.000000
284,pacs_data/pacs_data/photo/elephant/064_0108.jpg,1,1.000000
285,pacs_data/pacs_data/photo/elephant/064_0109.jpg,1,1.000000
286,pacs_data/pacs_data/photo/elephant/064_0110.jpg,1,1.000000
287,pacs_data/pacs_data/photo/elephant/064_0111.jpg,1,1.000000
288,pacs_data/pacs_data/photo/elephant/064_0112.jpg,1,1.000000
289,pacs_data/pacs_data/photo/elephant/064_0113.jpg,1,1.000000
290,pacs_data/pacs_data/photo/elephant/064_0114.jpg,1,1.000000
291,pacs_data/pacs_data/photo/elephant/064_0115.jpg,1,1.000000
292,pacs_data/pacs_data/photo/elephant/064_0116.jpg,1,1.000000
293,pacs_data/pacs_data/photo/elephant/064_0117.jpg,1,1.000000
294,pacs_data/pacs_data/photo/elephant/064_0118.jpg,1,1.000000
295,pacs_data/pacs_data/photo/elephant/064_0119.jpg,1,1.000000
296,pacs_data/pacs_data/photo/elephant/064_0120.jpg,1,1.000000
297,pacs_data/pacs_data/photo/elephant/064_0121.jpg,1,1.000000
298,pacs_data/pacs_data/photo/elephant/064_0122.jpg,1,1.000000
299,pacs_data/pacs_data/photo/elephant/064_0123.jpg,1,1.000000
300,pacs_data/pacs_data/photo/elephant/064_0124.jpg,1,1.000000
301,pacs_data/pacs_data/photo/elephant/064_0125.jpg,1,1.000000
302,pacs_data/pacs_data/photo/elephant/064_0126.jpg,1,1.000000
303,pacs_data/pacs_data/photo/elephant/064_0127.jpg,1,1.000000
304,pacs_data/pacs_data/photo/elephant/064_0129.jpg,1,1.000000
305,pacs_data/pacs_data/photo/elephant/064_0130.jpg,1,1.000000
306,pacs_data/pacs_data/photo/elephant/064_0131.jpg,1,1.000000
307,pacs_data/pacs_data/photo/elephant/n02503517_10036.jpg,1,1.000000
308,pacs_data/pacs_data/photo/elephant/n02503517_10075.jpg,1,1.000000
309,pacs_data/pacs_data/photo/elephant/n02503517_10193.jpg,1,1.000000
310,pacs_data/pacs_data/photo/elephant/n02503517_10275.jpg,1,1.000000
311,pacs_data/pacs_data/photo/elephant/n02503517_10300.jpg,1,1.000000
312,pacs_data/pacs_data/photo/elephant/n02503517_10439.jpg,1,1.000000
313,pacs_data/pacs_data/photo/elephant/n02503517_10440.jpg,1,1.000000
314,pacs_data/pacs_data/photo/elephant/n02503517_10528.jpg,1,1.000000
315,pacs_data/pacs_data/photo/elephant/n02503517_10558.jpg,1,1.000000
316,pacs_data/pacs_data/photo/elephant/n02503517_10778.jpg,1,1.000000
317,pacs_data/pacs_data/photo/elephant/n02503517_11873.jpg,1,1.000000
318,pacs_data/pacs_data/photo/elephant/n02503517_12688.jpg,1,1.000000
319,pacs_data/pacs_data/photo/elephant/n02503517_1292.jpg,1,1.000000
320,pacs_data/pacs_data/photo/elephant/n02503517_1359.jpg,1,1.000000
321,pacs_data/pacs_data/photo/elephant/n02503517_1383.jpg,1,1.000000
322,pacs_data/pacs_data/photo/elephant/n02503517_1415.jpg,1,1.000000
323,pacs_data/pacs_data/photo/elephant/n02503517_1453.jpg,1,1.000000
324,pacs_data/pacs_data/photo/elephant/n02503517_1583.jpg,1,1.000000
325,pacs_data/pacs_data/photo/elephant/n02503517_1829.jpg,1,1.000000
326,pacs_data/pacs_data/photo/elephant/n02503517_184.jpg,1,1.000000
327,pacs_data/pacs_data/photo/elephant/n02503517_194.jpg,1,1.000000
328,pacs_data/pacs_data/photo/elephant/n02503517_2061.jpg,1,1.000000
329,pacs_data/pacs_data/photo/elephant/n02503517_2444.jpg,1,1.000000
330,pacs_data/pacs_data/photo/elephant/n02503517_2547.jpg,1,1.000000
331,pacs_data/pacs_data/photo/elephant/n02503517_2802.jpg,1,1.000000
332,pacs_data/pacs_data/photo/elephant/n02503517_2804.jpg,1,1.000000
333,pacs_data/pacs_data/photo/elephant/n02503517_2925.jpg,1,1.000000
334,pacs_data/pacs_data/photo/elephant/n02503517_2993.jpg,1,1.000000
335,pacs_data/pacs_data/photo/elephant/n02503517_3037.jpg,1,1.000000
336,pacs_data/pacs_data/photo/elephant/n02503517_3072.jpg,1,1.000000
337,pacs_data/pacs_data/photo/elephant/n02503517_3108.jpg,1,1.000000
338,pacs_data/pacs_data/photo/elephant/n02503517_3799.jpg,1,1.000000
339,pacs_data/pacs_data/photo/elephant/n02503517_3803.jpg,1,1.000000
340,pacs_data/pacs_data/photo/elephant/n02503517_3808.jpg,1,1.000000
341,pacs_data/pacs_data/photo/elephant/n02503517_3879.jpg,1,1.000000
342,pacs_data/pacs_data/photo/elephant/n02503517_4221.jpg,1,1.000000
343,pacs_data/pacs_data/photo/elephant/n02503517_4247.jpg,1,1.000000
344,pacs_data/pacs_data/photo/elephant/n02503517_4253.jpg,1,1.000000
345,pacs_data/pacs_data/photo/elephant/n02503517_4413.jpg,1,1.000000
346,pacs_data/pacs_data/photo/elephant/n02503517_4605.jpg,1,1.000000
347,pacs_data/pacs_data/photo/elephant/n02503517_5117.jpg,1,1.000000
348,pacs_data/pacs_data/photo/elephant/n02503517_5287.jpg,1,1.000000
349,pacs_data/pacs_data/photo/elephant/n02503517_5418.jpg,1,1.000000
350,pacs_data/pacs_data/photo/elephant/n02503517_5420.jpg,1,1.000000
351,pacs_data/pacs_data/photo/elephant/n02503517_5527.jpg,1,1.000000
352,pacs_data/pacs_data/photo/elephant/n02503517_564.jpg,1,1.000000
353,pacs_data/pacs_data/photo/elephant/n02503517_5892.jpg,1,1.000000
354,pacs_data/pacs_data/photo/elephant/n02503517_5909.jpg,1,1.000000
355,pacs_data/pacs_data/photo/elephant/n02503517_6032.jpg,1,1.000000
356,pacs_data/pacs_data/photo/elephant/n02503517_6232.jpg,1,1.000000
357,pacs_data/pacs_data/photo/elephant/n02503517_6396.jpg,1,1.000000
358,pacs_data/pacs_data/photo/elephant/n02503517_6479.jpg,1,1.000000
359,pacs_data/pacs_data/photo/elephant/n02503517_6611.jpg,1,1.000000
360,pacs_data/pacs_data/photo/elephant/n02503517_6624.jpg,1,1.000000
361,pacs_data/pacs_data/photo/elephant/n02503517_6661.jpg,1,1.000000
362,pacs_data/pacs_data/photo/elephant/n02503517_6784.jpg,1,1.000000
363,pacs_data/pacs_data/photo/elephant/n02503517_6880.jpg,1,1.000000
364,pacs_data/pacs_data/photo/elephant/n02503517_7020.jpg,1,1.000000
365,pacs_data/pacs_data/photo/elephant/n02503517_7031.jpg,1,1.000000
366,pacs_data/pacs_data/photo/elephant/n02503517_7083.jpg,1,1.000000
367,pacs_data/pacs_data/photo/elephant/n02503517_7173.jpg,1,1.000000
368,pacs_data/pacs_data/photo/elephant/n02503517_7211.jpg,1,1.000000
369,pacs_data/pacs_data/photo/elephant/n02503517_7393.jpg,1,1.000000
370,pacs_data/pacs_data/photo/elephant/n02503517_753.jpg,1,1.000000
371,pacs_data/pacs_data/photo/elephant/n02503517_759.jpg,1,1.000000
372,pacs_data/pacs_data/photo/elephant/n02503517_79.jpg,1,1.000000
373,pacs_data/pacs_data/photo/elephant/n02503517_792.jpg,1,1.000000
374,pacs_data/pacs_data/photo/elephant/n02503517_8137.jpg,1,1.000000
375,pacs_data/pacs_data/photo/elephant/n02503517_8205.jpg,1,1.000000
376,pacs_data/pacs_data/photo/elephant/n02503517_8222.jpg,1,1.000000
377,pacs_data/pacs_data/photo/elephant/n02503517_8265.jpg,1,1.000000
378,pacs_data/pacs_data/photo/elephant/n02503517_8292.jpg,1,1.000000
379,pacs_data/pacs_data/photo/elephant/n02503517_8518.jpg,1,1.000000
380,pacs_data/pacs_data/photo/elephant/n02503517_8571.jpg,1,1.000000
381,pacs_data/pacs_data/photo/elephant/n02503517_86.jpg,1,1.000000
382,pacs_data/pacs_data/photo/elephant/n02503517_8757.jpg,1,1.000000
383,pacs_data/pacs_data/photo/elephant/n02503517_8901.jpg,1,1.000000
384,pacs_data/pacs_data/photo/elephant/n02503517_8904.jpg,1,1.000000
385,pacs_data/pacs_data/photo/elephant/n02503517_8938.jpg,1,1.000000
386,pacs_data/pacs_data/photo/elephant/n02503517_9043.jpg,1,1.000000
387,pacs_data/pacs_data/photo/elephant/n02503517_9154.jpg,1,1.000000
388,pacs_data/pacs_data/photo/elephant/n02503517_9241.jpg,1,1.000000
389,pacs_data/pacs_data/photo/elephant/n02503517_9270.jpg,1,1.000000
390,pacs_data/pacs_data/photo/elephant/n02503517_9827.jpg,1,1.000000
391,pacs_data/pacs_data/photo/giraffe/084_0001.jpg,2,1.000000
392,pacs_data/pacs_data/photo/giraffe/084_0002.jpg,2,1.000000
393,pacs_data/pacs_data/photo/giraffe/084_0003.jpg,2,1.000000
394,pacs_data/pacs_data/photo/giraffe/084_0004.jpg,2,1.000000
395,pacs_data/pacs_data/photo/giraffe/084_0005.jpg,2,1.000000
396,pacs_data/pacs_data/photo/giraffe/084_0006.jpg,2,1.000000
397,pacs_data/pacs_data/photo/giraffe/084_0007.jpg,2,1.000000
398,pacs_data/pacs_data/photo/giraffe/084_0008.jpg,2,1.000000
399,pacs_data/pacs_data/photo/giraffe/084_0009.jpg,2,1.000000
400,pacs_data/pacs_data/photo/giraffe/084_0010.jpg,2,1.000000
401,pacs_data/pacs_data/photo/giraffe/084_0011.jpg,2,1.000000
402,pacs_data/pacs_data/photo/giraffe/084_0012.jpg,2,1.000000
403,pacs_data/pacs_data/photo/giraffe/084_0013.jpg,2,1.000000
404,pacs_data/pacs_data/photo/giraffe/084_0014.jpg,2,1.000000
405,pacs_data/pacs_data/photo/giraffe/084_0015.jpg,2,1.000000
406,pacs_data/pacs_data/photo/giraffe/084_0016.jpg,2,1.000000
407,pacs_data/pacs_data/photo/giraffe/084_0017.jpg,2,1.000000
408,pacs_data/pacs_data/photo/giraffe/084_0018.jpg,2,1.000000
409,pacs_data/pacs_data/photo/giraffe/084_0019.jpg,2,1.000000
410,pacs_data/pacs_data/photo/giraffe/084_0020.jpg,2,1.000000
411,pacs_data/pacs_data/photo/giraffe/084_0021.jpg,2,1.000000
412,pacs_data/pacs_data/photo/giraffe/084_0022.jpg,2,1.000000
413,pacs_data/pacs_data/photo/giraffe/084_0023.jpg,2,1.000000
414,pacs_data/pacs_data/photo/giraffe/084_0024.jpg,2,1.000000
415,pacs_data/pacs_data/photo/giraffe/084_0025.jpg,2,1.000000
416,pacs_data/pacs_data/photo/giraffe/084_0026.jpg,2,1.000000
417,pacs_data/pacs_data/photo/giraffe/084_0027.jpg,2,1.000000
418,pacs_data/pacs_data/photo/giraffe/084_0028.jpg,2,1.000000
419,pacs_data/pacs_data/photo/giraffe/084_0029.jpg,2,1.000000
420,pacs_data/pacs_data/photo/giraffe/084_0030.jpg,2,1.000000
421,pacs_data/pacs_data/photo/giraffe/084_0031.jpg,2,1.000000
422,pacs_data/pacs_data/photo/giraffe/084_0032.jpg,2,1.000000
423,pacs_data/pacs_data/photo/giraffe/084_0033.jpg,2,1.000000
424,pacs_data/pacs_data/photo/giraffe/084_0034.jpg,2,1.000000
425,pacs_data/pacs_data/photo/giraffe/084_0035.jpg,2,1.000000
426,pacs_data/pacs_data/photo/giraffe/084_0036.jpg,2,1.000000
427,pacs_data/pacs_data/photo/giraffe/084_0038.jpg,2,1.000000
428,pacs_data/pacs_data/photo/giraffe/084_0039.jpg,2,1.000000
429,pacs_data/pacs_data/photo/giraffe/084_0040.jpg,2,1.000000
430,pacs_data/pacs_data/photo/giraffe/084_0041.jpg,2,1.000000
431,pacs_data/pacs_data/photo/giraffe/084_0042.jpg,2,1.000000
432,pacs_data/pacs_data/photo/giraffe/084_0043.jpg,2,1.000000
433,pacs_data/pacs_data/photo/giraffe/084_0044.jpg,2,1.000000
434,pacs_data/pacs_data/photo/giraffe/084_0045.jpg,2,1.000000
435,pacs_data/pacs_data/photo/giraffe/084_0046.jpg,2,1.000000
436,pacs_data/pacs_data/photo/giraffe/084_0047.jpg,2,1.000000
437,pacs_data/pacs_data/photo/giraffe/084_0048.jpg,2,1.000000
438,pacs_data/pacs_data/photo/giraffe/084_0049.jpg,2,1.000000
439,pacs_data/pacs_data/photo/giraffe/084_0050.jpg,2,1.000000
440,pacs_data/pacs_data/photo/giraffe/084_0051.jpg,2,1.000000
441,pacs_data/pacs_data/photo/giraffe/084_0052.jpg,2,1.000000
442,pacs_data/pacs_data/photo/giraffe/084_0053.jpg,2,1.000000
443,pacs_data/pacs_data/photo/giraffe/084_0054.jpg,2,1.000000
444,pacs_data/pacs_data/photo/giraffe/084_0055.jpg,2,1.000000
445,pacs_data/pacs_data/photo/giraffe/084_0056.jpg,2,1.000000
446,pacs_data/pacs_data/photo/giraffe/084_0057.jpg,2,1.000000
447,pacs_data/pacs_data/photo/giraffe/084_0058.jpg,2,1.000000
448,pacs_data/pacs_data/photo/giraffe/084_0059.jpg,2,1.000000
449,pacs_data/pacs_data/photo/giraffe/084_0060.jpg,2,1.000000
450,pacs_data/pacs_data/photo/giraffe/084_0061.jpg,2,1.000000
451,pacs_data/pacs_data/photo/giraffe/084_0062.jpg,2,1.000000
452,pacs_data/pacs_data/photo/giraffe/084_0063.jpg,2,1.000000
453,pacs_data/pacs_data/photo/giraffe/084_0064.jpg,2,1.000000
454,pacs_data/pacs_data/photo/giraffe/084_0065.jpg,2,1.000000
455,pacs_data/pacs_data/photo/giraffe/084_0066.jpg,2,1.000000
456,pacs_data/pacs_data/photo/giraffe/084_0067.jpg,2,1.000000
457,pacs_data/pacs_data/photo/giraffe/084_0068.jpg,2,1.000000
458,pacs_data/pacs_data/photo/giraffe/084_0069.jpg,2,1.000000
459,pacs_data/pacs_data/photo/giraffe/084_0070.jpg,2,1.000000
460,pacs_data/pacs_data/photo/giraffe/084_0071.jpg,2,1.000000
461,pacs_data/pacs_data/photo/giraffe/084_0072.jpg,2,1.000000
462,pacs_data/pacs_data/photo/giraffe/084_0073.jpg,2,1.000000
463,pacs_data/pacs_data/photo/giraffe/084_0074.jpg,2,1.000000
464,pacs_data/pacs_data/photo/giraffe/084_0075.jpg,2,1.000000
465,pacs_data/pacs_data/photo/giraffe/084_0076.jpg,2,1.000000
466,pacs_data/pacs_data/photo/giraffe/084_0077.jpg,2,1.000000
467,pacs_data/pacs_data/photo/giraffe/084_0078.jpg,2,1.000000
468,pacs_data/pacs_data/photo/giraffe/084_0079.jpg,2,1.000000
469,pacs_data/pacs_data/photo/giraffe/084_0080.jpg,2,1.000000
470,pacs_data/pacs_data/photo/giraffe/084_0081.jpg,2,1.000000
471,pacs_data/pacs_data/photo/giraffe/084_0082.jpg,2,1.000000
472,pacs_data/pacs_data/photo/giraffe/084_0083.jpg,2,1.000000
473,pacs_data/pacs_data/photo/giraffe/084_0084.jpg,2,1.000000
474,pacs_data/pacs_data/photo/giraffe/n02439033_10130.jpg,2,1.000000
475,pacs_data/pacs_data/photo/giraffe/n02439033_10164.jpg,2,1.000000
476,pacs_data/pacs_data/photo/giraffe/n02439033_10279.jpg,2,1.000000
477,pacs_data/pacs_data/photo/giraffe/n02439033_10295.jpg,2,1.000000
478,pacs_data/pacs_data/photo/giraffe/n02439033_10453.jpg,2,1.000000
479,pacs_data/pacs_data/photo/giraffe/n02439033_10491.jpg,2,1.000000
480,pacs_data/pacs_data/photo/giraffe/n02439033_10541.jpg,2,1.000000
481,pacs_data/pacs_data/photo/giraffe/n02439033_10616.jpg,2,1.000000
482,pacs_data/pacs_data/photo/giraffe/n02439033_10802.jpg,2,1.000000
483,pacs_data/pacs_data/photo/giraffe/n02439033_10803.jpg,2,1.000000
484,pacs_data/pacs_data/photo/giraffe/n02439033_10811.jpg,2,1.000000
485,pacs_data/pacs_data/photo/giraffe/n02439033_10839.jpg,2,1.000000
486,pacs_data/pacs_data/photo/giraffe/n02439033_10919.jpg,2,1.000000
487,pacs_data/pacs_data/photo/giraffe/n02439033_11059.jpg,2,1.000000
488,pacs_data/pacs_data/photo/giraffe/n02439033_11114.jpg,2,1.000000
489,pacs_data/pacs_data/photo/giraffe/n02439033_11130.jpg,2,1.000000
490,pacs_data/pacs_data/photo/giraffe/n02439033_11215.jpg,2,1.000000
491,pacs_data/pacs_data/photo/giraffe/n02439033_11273.jpg,2,1.000000
492,pacs_data/pacs_data/photo/giraffe/n02439033_11328.jpg,2,1.000000
493,pacs_data/pacs_data/photo/giraffe/n02439033_11458.jpg,2,1.000000
494,pacs_data/pacs_data/photo/giraffe/n02439033_11486.jpg,2,1.000000
495,pacs_data/pacs_data/photo/giraffe/n02439033_11487.jpg,2,1.000000
496,pacs_data/pacs_data/photo/giraffe/n02439033_11504.jpg,2,1.000000
497,pacs_data/pacs_data/photo/giraffe/n02439033_11599.jpg,2,1.000000
498,pacs_data/pacs_data/photo/giraffe/n02439033_11627.jpg,2,1.000000
499,pacs_data/pacs_data/photo/giraffe/n02439033_11666.jpg,2,1.000000
500,pacs_data/pacs_data/photo/giraffe/n02439033_11683.jpg,2,1.000000
501,pacs_data/pacs_data/photo/giraffe/n02439033_11715.jpg,2,1.000000
502,pacs_data/pacs_data/photo/giraffe/n02439033_11845.jpg,2,1.000000
503,pacs_data/pacs_data/photo/giraffe/n02439033_11894.jpg,2,1.000000
504,pacs_data/pacs_data/photo/giraffe/n02439033_12059.jpg,2,1.000000
505,pacs_data/pacs_data/photo/giraffe/n02439033_12413.jpg,2,1.000000
506,pacs_data/pacs_data/photo/giraffe/n02439033_12485.jpg,2,1.000000
507,pacs_data/pacs_data/photo/giraffe/n02439033_12680.jpg,2,1.000000
508,pacs_data/pacs_data/photo/giraffe/n02439033_12930.jpg,2,1.000000
509,pacs_data/pacs_data/photo/giraffe/n02439033_12939.jpg,2,1.000000
510,pacs_data/pacs_data/photo/giraffe/n02439033_12987.jpg,2,1.000000
511,pacs_data/pacs_data/photo/giraffe/n02439033_13236.jpg,2,1.000000
512,pacs_data/pacs_data/photo/giraffe/n02439033_1327.jpg,2,1.000000
513,pacs_data/pacs_data/photo/giraffe/n02439033_13384.jpg,2,1.000000
514,pacs_data/pacs_data/photo/giraffe/n02439033_13430.jpg,2,1.000000
515,pacs_data/pacs_data/photo/giraffe/n02439033_13602.jpg,2,1.000000
516,pacs_data/pacs_data/photo/giraffe/n02439033_13868.jpg,2,1.000000
517,pacs_data/pacs_data/photo/giraffe/n02439033_14040.jpg,2,1.000000
518,pacs_data/pacs_data/photo/giraffe/n02439033_14060.jpg,2,1.000000
519,pacs_data/pacs_data/photo/giraffe/n02439033_14121.jpg,2,1.000000
520,pacs_data/pacs_data/photo/giraffe/n02439033_14148.jpg,2,1.000000
521,pacs_data/pacs_data/photo/giraffe/n02439033_14184.jpg,2,1.000000
522,pacs_data/pacs_data/photo/giraffe/n02439033_14322.jpg,2,1.000000
523,pacs_data/pacs_data/photo/giraffe/n02439033_14497.jpg,2,1.000000
524,pacs_data/pacs_data/photo/giraffe/n02439033_14554.jpg,2,1.000000
525,pacs_data/pacs_data/photo/giraffe/n02439033_14580.jpg,2,1.000000
526,pacs_data/pacs_data/photo/giraffe/n02439033_14600.jpg,2,1.000000
527,pacs_data/pacs_data/photo/giraffe/n02439033_14609.jpg,2,1.000000
528,pacs_data/pacs_data/photo/giraffe/n02439033_14724.jpg,2,1.000000
529,pacs_data/pacs_data/photo/giraffe/n02439033_14764.jpg,2,1.000000
530,pacs_data/pacs_data/photo/giraffe/n02439033_14781.jpg,2,1.000000
531,pacs_data/pacs_data/photo/giraffe/n02439033_14784.jpg,2,1.000000
532,pacs_data/pacs_data/photo/giraffe/n02439033_14846.jpg,2,1.000000
533,pacs_data/pacs_data/photo/giraffe/n02439033_14872.jpg,2,1.000000
534,pacs_data/pacs_data/photo/giraffe/n02439033_14962.jpg,2,1.000000
535,pacs_data/pacs_data/photo/giraffe/n02439033_15005.jpg,2,1.000000
536,pacs_data/pacs_data/photo/giraffe/n02439033_1508.jpg,2,1.000000
537,pacs_data/pacs_data/photo/giraffe/n02439033_15384.jpg,2,1.000000
538,pacs_data/pacs_data/photo/giraffe/n02439033_15401.jpg,2,1.000000
539,pacs_data/pacs_data/photo/giraffe/n02439033_15453.jpg,2,1.000000
540,pacs_data/pacs_data/photo/giraffe/n02439033_15479.jpg,2,1.000000
541,pacs_data/pacs_data/photo/giraffe/n02439033_15540.jpg,2,1.000000
542,pacs_data/pacs_data/photo/giraffe/n02439033_15555.jpg,2,1.000000
543,pacs_data/pacs_data/photo/giraffe/n02439033_15936.jpg,2,1.000000
544,pacs_data/pacs_data/photo/giraffe/n02439033_16085.jpg,2,1.000000
545,pacs_data/pacs_data/photo/giraffe/n02439033_16356.jpg,2,1.000000
546,pacs_data/pacs_data/photo/giraffe/n02439033_16483.jpg,2,1.000000
547,pacs_data/pacs_data/photo/giraffe/n02439033_221.jpg,2,1.000000
548,pacs_data/pacs_data/photo/giraffe/n02439033_2486.jpg,2,1.000000
549,pacs_data/pacs_data/photo/giraffe/n02439033_2500.jpg,2,1.000000
550,pacs_data/pacs_data/photo/giraffe/n02439033_2677.jpg,2,1.000000
551,pacs_data/pacs_data/photo/giraffe/n02439033_376.jpg,2,1.000000
552,pacs_data/pacs_data/photo/giraffe/n02439033_3944.jpg,2,1.000000
553,pacs_data/pacs_data/photo/giraffe/n02439033_4601.jpg,2,1.000000
554,pacs_data/pacs_data/photo/giraffe/n02439033_5004.jpg,2,1.000000
555,pacs_data/pacs_data/photo/giraffe/n02439033_5652.jpg,2,1.000000
556,pacs_data/pacs_data/photo/giraffe/n02439033_569.jpg,2,1.000000
557,pacs_data/pacs_data/photo/giraffe/n02439033_628.jpg,2,1.000000
558,pacs_data/pacs_data/photo/giraffe/n02439033_6552.jpg,2,1.000000
559,pacs_data/pacs_data/photo/giraffe/n02439033_67.jpg,2,1.000000
560,pacs_data/pacs_data/photo/giraffe/n02439033_866.jpg,2,1.000000
561,pacs_data/pacs_data/photo/giraffe/n02439033_8789.jpg,2,1.000000
562,pacs_data/pacs_data/photo/giraffe/n02439033_8846.jpg,2,1.000000
563,pacs_data/pacs_data/photo/giraffe/n02439033_8875.jpg,2,1.000000
564,pacs_data/pacs_data/photo/giraffe/n02439033_9257.jpg,2,1.000000
565,pacs_data/pacs_data/photo/giraffe/n02439033_9261.jpg,2,1.000000
566,pacs_data/pacs_data/photo/giraffe/n02439033_9398.jpg,2,1.000000
567,pacs_data/pacs_data/photo/giraffe/n02439033_9472.jpg,2,1.000000
568,pacs_data/pacs_data/photo/giraffe/n02439033_9598.jpg,2,1.000000
569,pacs_data/pacs_data/photo/giraffe/n02439033_9604.jpg,2,1.000000
570,pacs_data/pacs_data/photo/giraffe/n02439033_9679.jpg,2,1.000000
571,pacs_data/pacs_data/photo/giraffe/n02439033_9719.jpg,2,1.000000
572,pacs_data/pacs_data/photo/giraffe/n02439033_991.jpg,2,1.000000
573,pacs_data/pacs_data/photo/guitar/063_0001.jpg,3,1.000000
574,pacs_data/pacs_data/photo/guitar/063_0002.jpg,3,1.000000
575,pacs_data/pacs_data/photo/guitar/063_0003.jpg,3,1.000000
576,pacs_data/pacs_data/photo/guitar/063_0004.jpg,3,1.000000
577,pacs_data/pacs_data/photo/guitar/063_0005.jpg,3,1.000000
578,pacs_data/pacs_data/photo/guitar/063_0006.jpg,3,1.000000
579,pacs_data/pacs_data/photo/guitar/063_0007.jpg,3,1.000000
580,pacs_data/pacs_data/photo/guitar/063_0008.jpg,3,1.000000
581,pacs_data/pacs_data/photo/guitar/063_0009.jpg,3,1.000000
582,pacs_data/pacs_data/photo/guitar/063_0010.jpg,3,1.000000
583,pacs_data/pacs_data/photo/guitar/063_0012.jpg,3,1.000000
584,pacs_data/pacs_data/photo/guitar/063_0013.jpg,3,1.000000
585,pacs_data/pacs_data/photo/guitar/063_0016.jpg,3,1.000000
586,pacs_data/pacs_data/photo/guitar/063_0018.jpg,3,1.000000
587,pacs_data/pacs_data/photo/guitar/063_0019.jpg,3,1.000000
588,pacs_data/pacs_data/photo/guitar/063_0020.jpg,3,1.000000
589,pacs_data/pacs_data/photo/guitar/063_0021.jpg,3,1.000000
590,pacs_data/pacs_data/photo/guitar/063_0022.jpg,3,1.000000
591,pacs_data/pacs_data/photo/guitar/063_0023.jpg,3,1.000000
592,pacs_data/pacs_data/photo/guitar/063_0024.jpg,3,1.000000
593,pacs_data/pacs_data/photo/guitar/063_0025.jpg,3,1.000000
594,pacs_data/pacs_data/photo/guitar/063_0026.jpg,3,1.000000
595,pacs_data/pacs_data/photo/guitar/063_0027.jpg,3,1.000000
596,pacs_data/pacs_data/photo/guitar/063_0028.jpg,3,1.000000
597,pacs_data/pacs_data/photo/guitar/063_0029.jpg,3,1.000000
598,pacs_data/pacs_data/photo/guitar/063_0030.jpg,3,1.000000
599,pacs_data/pacs_data/photo/guitar/063_0031.jpg,3,1.000000
600,pacs_data/pacs_data/photo/guitar/063_0032.jpg,3,1.000000
601,pacs_data/pacs_data/photo/guitar/063_0035.jpg,3,1.000000
602,pacs_data/pacs_data/photo/guitar/063_0036.jpg,3,1.000000
603,pacs_data/pacs_data/photo/guitar/063_0037.jpg,3,1.000000
604,pacs_data/pacs_data/photo/guitar/063_0038.jpg,3,1.000000
605,pacs_data/pacs_data/photo/guitar/063_0039.jpg,3,1.000000
606,pacs_data/pacs_data/photo/guitar/063_0040.jpg,3,1.000000
607,pacs_data/pacs_data/photo/guitar/063_0041.jpg,3,1.000000
608,pacs_data/pacs_data/photo/guitar/063_0042.jpg,3,1.000000
609,pacs_data/pacs_data/photo/guitar/063_0043.jpg,3,1.000000
610,pacs_data/pacs_data/photo/guitar/063_0045.jpg,3,1.000000
611,pacs_data/pacs_data/photo/guitar/063_0046.jpg,3,1.000000
612,pacs_data/pacs_data/photo/guitar/063_0047.jpg,3,1.000000
613,pacs_data/pacs_data/photo/guitar/063_0048.jpg,3,1.000000
614,pacs_data/pacs_data/photo/guitar/063_0049.jpg,3,1.000000
615,pacs_data/pacs_data/photo/guitar/063_0050.jpg,3,1.000000
616,pacs_data/pacs_data/photo/guitar/063_0051.jpg,3,1.000000
617,pacs_data/pacs_data/photo/guitar/063_0052.jpg,3,1.000000
618,pacs_data/pacs_data/photo/guitar/063_0053.jpg,3,1.000000
619,pacs_data/pacs_data/photo/guitar/063_0054.jpg,3,1.000000
620,pacs_data/pacs_data/photo/guitar/063_0055.jpg,3,1.000000
621,pacs_data/pacs_data/photo/guitar/063_0056.jpg,3,1.000000
622,pacs_data/pacs_data/photo/guitar/063_0059.jpg,3,1.000000
623,pacs_data/pacs_data/photo/guitar/063_0061.jpg,3,1.000000
624,pacs_data/pacs_data/photo/guitar/063_0062.jpg,3,1.000000
625,pacs_data/pacs_data/photo/guitar/063_0065.jpg,3,1.000000
626,pacs_data/pacs_data/photo/guitar/063_0067.jpg,3,1.000000
627,pacs_data/pacs_data/photo/guitar/063_0068.jpg,3,1.000000
628,pacs_data/pacs_data/photo/guitar/063_0069.jpg,3,1.000000
629,pacs_data/pacs_data/photo/guitar/063_0071.jpg,3,1.000000
630,pacs_data/pacs_data/photo/guitar/063_0072.jpg,3,1.000000
631,pacs_data/pacs_data/photo/guitar/063_0073.jpg,3,1.000000
632,pacs_data/pacs_data/photo/guitar/063_0074.jpg,3,1.000000
633,pacs_data/pacs_data/photo/guitar/063_0075.jpg,3,1.000000
634,pacs_data/pacs_data/photo/guitar/063_0076.jpg,3,1.000000
635,pacs_data/pacs_data/photo/guitar/063_0077.jpg,3,1.000000
636,pacs_data/pacs_data/photo/guitar/063_0078.jpg,3,1.000000
637,pacs_data/pacs_data/photo/guitar/063_0079.jpg,3,1.000000
638,pacs_data/pacs_data/photo/guitar/063_0080.jpg,3,1.000000
639,pacs_data/pacs_data/photo/guitar/063_0081.jpg,3,1.000000
640,pacs_data/pacs_data/photo/guitar/063_0082.jpg,3,1.000000
641,pacs_data/pacs_data/photo/guitar/063_0084.jpg,3,1.000000
642,pacs_data/pacs_data/photo/guitar/063_0085.jpg,3,1.000000
643,pacs_data/pacs_data/photo/guitar/063_0086.jpg,3,1.000000
644,pacs_data/pacs_data/photo/guitar/063_0087.jpg,3,1.000000
645,pacs_data/pacs_data/photo/guitar/063_0088.jpg,3,1.000000
646,pacs_data/pacs_data/photo/guitar/063_0089.jpg,3,1.000000
647,pacs_data/pacs_data/photo/guitar/063_0090.jpg,3,1.000000
648,pacs_data/pacs_data/photo/guitar/063_0091.jpg,3,1.000000
649,pacs_data/pacs_data/photo/guitar/063_0092.jpg,3,1.000000
650,pacs_data/pacs_data/photo/guitar/063_0093.jpg,3,1.000000
651,pacs_data/pacs_data/photo/guitar/063_0094.jpg,3,1.000000
652,pacs_data/pacs_data/photo/guitar/063_0095.jpg,3,1.000000
653,pacs_data/pacs_data/photo/guitar/063_0096.jpg,3,1.000000
654,pacs_data/pacs_data/photo/guitar/063_0097.jpg,3,1.000000
655,pacs_data/pacs_data/photo/guitar/063_0098.jpg,3,1.000000
656,pacs_data/pacs_data/photo/guitar/063_0099.jpg,3,1.000000
657,pacs_data/pacs_data/photo/guitar/063_0100.jpg,3,1.000000
658,pacs_data/pacs_data/photo/guitar/063_0101.jpg,3,1.000000
659,pacs_data/pacs_data/photo/guitar/063_0102.jpg,3,1.000000
660,pacs_data/pacs_data/photo/guitar/063_0103.jpg,3,1.000000
661,pacs_data/pacs_data/photo/guitar/063_0104.jpg,3,1.000000
662,pacs_data/pacs_data/photo/guitar/063_0105.jpg,3,1.000000
663,pacs_data/pacs_data/photo/guitar/063_0106.jpg,3,1.000000
664,pacs_data/pacs_data/photo/guitar/063_0107.jpg,3,1.000000
665,pacs_data/pacs_data/photo/guitar/063_0108.jpg,3,1.000000
666,pacs_data/pacs_data/photo/guitar/063_0109.jpg,3,1.000000
667,pacs_data/pacs_data/photo/guitar/063_0110.jpg,3,1.000000
668,pacs_data/pacs_data/photo/guitar/063_0111.jpg,3,1.000000
669,pacs_data/pacs_data/photo/guitar/063_0112.jpg,3,1.000000
670,pacs_data/pacs_data/photo/guitar/063_0113.jpg,3,1.000000
671,pacs_data/pacs_data/photo/guitar/063_0114.jpg,3,1.000000
672,pacs_data/pacs_data/photo/guitar/063_0115.jpg,3,1.000000
673,pacs_data/pacs_data/photo/guitar/063_0116.jpg,3,1.000000
674,pacs_data/pacs_data/photo/guitar/063_0117.jpg,3,1.000000
675,pacs_data/pacs_data/photo/guitar/063_0118.jpg,3,1.000000
676,pacs_data/pacs_data/photo/guitar/063_0119.jpg,3,1.000000
677,pacs_data/pacs_data/photo/guitar/063_0120.jpg,3,1.000000
678,pacs_data/pacs_data/photo/guitar/063_0121.jpg,3,1.000000
679,pacs_data/pacs_data/photo/guitar/063_0122.jpg,3,1.000000
680,pacs_data/pacs_data/photo/guitar/n02676566_11573.jpg,3,1.000000
681,pacs_data/pacs_data/photo/guitar/n02676566_12344.jpg,3,1.000000
682,pacs_data/pacs_data/photo/guitar/n02676566_1324.jpg,3,1.000000
683,pacs_data/pacs_data/photo/guitar/n02676566_2380.jpg,3,1.000000
684,pacs_data/pacs_data/photo/guitar/n02676566_307.jpg,3,1.000000
685,pacs_data/pacs_data/photo/guitar/n02676566_330.jpg,3,1.000000
686,pacs_data/pacs_data/photo/guitar/n02676566_3360.jpg,3,1.000000
687,pacs_data/pacs_data/photo/guitar/n02676566_4058.jpg,3,1.000000
688,pacs_data/pacs_data/photo/guitar/n02676566_4189.jpg,3,1.000000
689,pacs_data/pacs_data/photo/guitar/n02676566_4469.jpg,3,1.000000
690,pacs_data/pacs_data/photo/guitar/n02676566_4605.jpg,3,1.000000
691,pacs_data/pacs_data/photo/guitar/n02676566_4699.jpg,3,1.000000
692,pacs_data/pacs_data/photo/guitar/n02676566_5489.jpg,3,1.000000
693,pacs_data/pacs_data/photo/guitar/n02676566_5735.jpg,3,1.000000
694,pacs_data/pacs_data/photo/guitar/n02676566_6150.jpg,3,1.000000
695,pacs_data/pacs_data/photo/guitar/n02676566_6402.jpg,3,1.000000
696,pacs_data/pacs_data/photo/guitar/n02676566_6430.jpg,3,1.000000
697,pacs_data/pacs_data/photo/guitar/n02676566_6560.jpg,3,1.000000
698,pacs_data/pacs_data/photo/guitar/n02676566_659.jpg,3,1.000000
699,pacs_data/pacs_data/photo/guitar/n02676566_6631.jpg,3,1.000000
700,pacs_data/pacs_data/photo/guitar/n02676566_6704.jpg,3,1.000000
701,pacs_data/pacs_data/photo/guitar/n02676566_6914.jpg,3,1.000000
702,pacs_data/pacs_data/photo/guitar/n02676566_6948.jpg,3,1.000000
703,pacs_data/pacs_data/photo/guitar/n02676566_7385.jpg,3,1.000000
704,pacs_data/pacs_data/photo/guitar/n02676566_7770.jpg,3,1.000000
705,pacs_data/pacs_data/photo/guitar/n02676566_7830.jpg,3,1.000000
706,pacs_data/pacs_data/photo/guitar/n02676566_7844.jpg,3,1.000000
707,pacs_data/pacs_data/photo/guitar/n02676566_7927.jpg,3,1.000000
708,pacs_data/pacs_data/photo/guitar/n02676566_8268.jpg,3,1.000000
709,pacs_data/pacs_data/photo/guitar/n02676566_8309.jpg,3,1.000000
710,pacs_data/pacs_data/photo/guitar/n02676566_8467.jpg,3,1.000000
711,pacs_data/pacs_data/photo/guitar/n02676566_8618.jpg,3,1.000000
712,pacs_data/pacs_data/photo/guitar/n02676566_8820.jpg,3,1.000000
713,pacs_data/pacs_data/photo/guitar/n02676566_8859.jpg,3,1.000000
714,pacs_data/pacs_data/photo/guitar/n02676566_8997.jpg,3,1.000000
715,pacs_data/pacs_data/photo/guitar/n02676566_9062.jpg,3,1.000000
716,pacs_data/pacs_data/photo/guitar/n02676566_9243.jpg,3,1.000000
717,pacs_data/pacs_data/photo/guitar/n02676566_9254.jpg,3,1.000000
718,pacs_data/pacs_data/photo/guitar/n02676566_9451.jpg,3,1.000000
719,pacs_data/pacs_data/photo/guitar/n02676566_9577.jpg,3,1.000000
720,pacs_data/pacs_data/photo/guitar/n02676566_9661.jpg,3,1.000000
721,pacs_data/pacs_data/photo/guitar/n02676566_9936.jpg,3,1.000000
722,pacs_data/pacs_data/photo/guitar/n03272010_10441.jpg,3,1.000000
723,pacs_data/pacs_data/photo/guitar/n03272010_10795.jpg,3,1.000000
724,pacs_data/pacs_data/photo/guitar/n03272010_12151.jpg,3,1.000000
725,pacs_data/pacs_data/photo/guitar/n03272010_12468.jpg,3,1.000000
726,pacs_data/pacs_data/photo/guitar/n03272010_1708.jpg,3,1.000000
727,pacs_data/pacs_data/photo/guitar/n03272010_3732.jpg,3,1.000000
728,pacs_data/pacs_data/photo/guitar/n03272010_392.jpg,3,1.000000
729,pacs_data/pacs_data/photo/guitar/n03272010_446.jpg,3,1.000000
730,pacs_data/pacs_data/photo/guitar/n03272010_5483.jpg,3,1.000000
731,pacs_data/pacs_data/photo/guitar/n03272010_5887.jpg,3,1.000000
732,pacs_data/pacs_data/photo/guitar/n03272010_6255.jpg,3,1.000000
733,pacs_data/pacs_data/photo/guitar/n03272010_6291.jpg,3,1.000000
734,pacs_data/pacs_data/photo/guitar/n03272010_6662.jpg,3,1.000000
735,pacs_data/pacs_data/photo/guitar/n03272010_6727.jpg,3,1.000000
736,pacs_data/pacs_data/photo/guitar/n03272010_6737.jpg,3,1.000000
737,pacs_data/pacs_data/photo/guitar/n03272010_6799.jpg,3,1.000000
738,pacs_data/pacs_data/photo/guitar/n03272010_6809.jpg,3,1.000000
739,pacs_data/pacs_data/photo/guitar/n03272010_6820.jpg,3,1.000000
740,pacs_data/pacs_data/photo/guitar/n03272010_6926.jpg,3,1.000000
741,pacs_data/pacs_data/photo/guitar/n03272010_7092.jpg,3,1.000000
742,pacs_data/pacs_data/photo/guitar/n03272010_7390.jpg,3,1.000000
743,pacs_data/pacs_data/photo/guitar/n03272010_7729.jpg,3,1.000000
744,pacs_data/pacs_data/photo/guitar/n03272010_9557.jpg,3,1.000000
745,pacs_data/pacs_data/photo/guitar/n03272010_9858.jpg,3,1.000000
746,pacs_data/pacs_data/photo/guitar/n03272010_9899.jpg,3,1.000000
747,pacs_data/pacs_data/photo/guitar/n03467517_11020.jpg,3,1.000000
748,pacs_data/pacs_data/photo/guitar/n03467517_12925.jpg,3,1.000000
749,pacs_data/pacs_data/photo/guitar/n03467517_17233.jpg,3,1.000000
750,pacs_data/pacs_data/photo/guitar/n03467517_19701.jpg,3,1.000000
751,pacs_data/pacs_data/photo/guitar/n03467517_21884.jpg,3,1.000000
752,pacs_data/pacs_data/photo/guitar/n03467517_22246.jpg,3,1.000000
753,pacs_data/pacs_data/photo/guitar/n03467517_22785.jpg,3,1.000000
754,pacs_data/pacs_data/photo/guitar/n03467517_23229.jpg,3,1.000000
755,pacs_data/pacs_data/photo/guitar/n03467517_24525.jpg,3,1.000000
756,pacs_data/pacs_data/photo/guitar/n03467517_6423.jpg,3,1.000000
757,pacs_data/pacs_data/photo/guitar/n03467517_7007.jpg,3,1.000000
758,pacs_data/pacs_data/photo/guitar/n03467517_8929.jpg,3,1.000000
759,pacs_data/pacs_data/photo/horse/105_0002.jpg,4,1.000000
760,pacs_data/pacs_data/photo/horse/105_0003.jpg,4,1.000000
761,pacs_data/pacs_data/photo/horse/105_0007.jpg,4,1.000000
762,pacs_data/pacs_data/photo/horse/105_0008.jpg,4,1.000000
763,pacs_data/pacs_data/photo/horse/105_0009.jpg,4,1.000000
764,pacs_data/pacs_data/photo/horse/105_0010.jpg,4,1.000000
765,pacs_data/pacs_data/photo/horse/105_0012.jpg,4,1.000000
766,pacs_data/pacs_data/photo/horse/105_0013.jpg,4,1.000000
767,pacs_data/pacs_data/photo/horse/105_0018.jpg,4,1.000000
768,pacs_data/pacs_data/photo/horse/105_0022.jpg,4,1.000000
769,pacs_data/pacs_data/photo/horse/105_0025.jpg,4,1.000000
770,pacs_data/pacs_data/photo/horse/105_0028.jpg,4,1.000000
771,pacs_data/pacs_data/photo/horse/105_0029.jpg,4,1.000000
772,pacs_data/pacs_data/photo/horse/105_0030.jpg,4,1.000000
773,pacs_data/pacs_data/photo/horse/105_0033.jpg,4,1.000000
774,pacs_data/pacs_data/photo/horse/105_0037.jpg,4,1.000000
775,pacs_data/pacs_data/photo/horse/105_0038.jpg,4,1.000000
776,pacs_data/pacs_data/photo/horse/105_0041.jpg,4,1.000000
777,pacs_data/pacs_data/photo/horse/105_0042.jpg,4,1.000000
778,pacs_data/pacs_data/photo/horse/105_0047.jpg,4,1.000000
779,pacs_data/pacs_data/photo/horse/105_0048.jpg,4,1.000000
780,pacs_data/pacs_data/photo/horse/105_0050.jpg,4,1.000000
781,pacs_data/pacs_data/photo/horse/105_0053.jpg,4,1.000000
782,pacs_data/pacs_data/photo/horse/105_0056.jpg,4,1.000000
783,pacs_data/pacs_data/photo/horse/105_0058.jpg,4,1.000000
784,pacs_data/pacs_data/photo/horse/105_0059.jpg,4,1.000000
785,pacs_data/pacs_data/photo/horse/105_0063.jpg,4,1.000000
786,pacs_data/pacs_data/photo/horse/105_0066.jpg,4,1.000000
787,pacs_data/pacs_data/photo/horse/105_0067.jpg,4,1.000000
788,pacs_data/pacs_data/photo/horse/105_0070.jpg,4,1.000000
789,pacs_data/pacs_data/photo/horse/105_0071.jpg,4,1.000000
790,pacs_data/pacs_data/photo/horse/105_0072.jpg,4,1.000000
791,pacs_data/pacs_data/photo/horse/105_0073.jpg,4,1.000000
792,pacs_data/pacs_data/photo/horse/105_0074.jpg,4,1.000000
793,pacs_data/pacs_data/photo/horse/105_0075.jpg,4,1.000000
794,pacs_data/pacs_data/photo/horse/105_0076.jpg,4,1.000000
795,pacs_data/pacs_data/photo/horse/105_0077.jpg,4,1.000000
796,pacs_data/pacs_data/photo/horse/105_0081.jpg,4,1.000000
797,pacs_data/pacs_data/photo/horse/105_0083.jpg,4,1.000000
798,pacs_data/pacs_data/photo/horse/105_0084.jpg,4,1.000000
799,pacs_data/pacs_data/photo/horse/105_0086.jpg,4,1.000000
800,pacs_data/pacs_data/photo/horse/105_0088.jpg,4,1.000000
801,pacs_data/pacs_data/photo/horse/105_0089.jpg,4,1.000000
802,pacs_data/pacs_data/photo/horse/105_0090.jpg,4,1.000000
803,pacs_data/pacs_data/photo/horse/105_0091.jpg,4,1.000000
804,pacs_data/pacs_data/photo/horse/105_0092.jpg,4,1.000000
805,pacs_data/pacs_data/photo/horse/105_0099.jpg,4,1.000000
806,pacs_data/pacs_data/photo/horse/105_0101.jpg,4,1.000000
807,pacs_data/pacs_data/photo/horse/105_0103.jpg,4,1.000000
808,pacs_data/pacs_data/photo/horse/105_0104.jpg,4,1.000000
809,pacs_data/pacs_data/photo/horse/105_0105.jpg,4,1.000000
810,pacs_data/pacs_data/photo/horse/105_0106.jpg,4,1.000000
811,pacs_data/pacs_data/photo/horse/105_0108.jpg,4,1.000000
812,pacs_data/pacs_data/photo/horse/105_0109.jpg,4,1.000000
813,pacs_data/pacs_data/photo/horse/105_0111.jpg,4,1.000000
814,pacs_data/pacs_data/photo/horse/105_0115.jpg,4,1.000000
815,pacs_data/pacs_data/photo/horse/105_0116.jpg,4,1.000000
816,pacs_data/pacs_data/photo/horse/105_0118.jpg,4,1.000000
817,pacs_data/pacs_data/photo/horse/105_0120.jpg,4,1.000000
818,pacs_data/pacs_data/photo/horse/105_0121.jpg,4,1.000000
819,pacs_data/pacs_data/photo/horse/105_0123.jpg,4,1.000000
820,pacs_data/pacs_data/photo/horse/105_0124.jpg,4,1.000000
821,pacs_data/pacs_data/photo/horse/105_0125.jpg,4,1.000000
822,pacs_data/pacs_data/photo/horse/105_0130.jpg,4,1.000000
823,pacs_data/pacs_data/photo/horse/105_0131.jpg,4,1.000000
824,pacs_data/pacs_data/photo/horse/105_0134.jpg,4,1.000000
825,pacs_data/pacs_data/photo/horse/105_0135.jpg,4,1.000000
826,pacs_data/pacs_data/photo/horse/105_0137.jpg,4,1.000000
827,pacs_data/pacs_data/photo/horse/105_0138.jpg,4,1.000000
828,pacs_data/pacs_data/photo/horse/105_0139.jpg,4,1.000000
829,pacs_data/pacs_data/photo/horse/105_0140.jpg,4,1.000000
830,pacs_data/pacs_data/photo/horse/105_0143.jpg,4,1.000000
831,pacs_data/pacs_data/photo/horse/105_0146.jpg,4,1.000000
832,pacs_data/pacs_data/photo/horse/105_0147.jpg,4,1.000000
833,pacs_data/pacs_data/photo/horse/105_0149.jpg,4,1.000000
834,pacs_data/pacs_data/photo/horse/105_0150.jpg,4,1.000000
835,pacs_data/pacs_data/photo/horse/105_0154.jpg,4,1.000000
836,pacs_data/pacs_data/photo/horse/105_0156.jpg,4,1.000000
837,pacs_data/pacs_data/photo/horse/105_0157.jpg,4,1.000000
838,pacs_data/pacs_data/photo/horse/105_0161.jpg,4,1.000000
839,pacs_data/pacs_data/photo/horse/105_0164.jpg,4,1.000000
840,pacs_data/pacs_data/photo/horse/105_0165.jpg,4,1.000000
841,pacs_data/pacs_data/photo/horse/105_0172.jpg,4,1.000000
842,pacs_data/pacs_data/photo/horse/105_0173.jpg,4,1.000000
843,pacs_data/pacs_data/photo/horse/105_0174.jpg,4,1.000000
844,pacs_data/pacs_data/photo/horse/105_0175.jpg,4,1.000000
845,pacs_data/pacs_data/photo/horse/105_0176.jpg,4,1.000000
846,pacs_data/pacs_data/photo/horse/105_0177.jpg,4,1.000000
847,pacs_data/pacs_data/photo/horse/105_0180.jpg,4,1.000000
848,pacs_data/pacs_data/photo/horse/105_0181.jpg,4,1.000000
849,pacs_data/pacs_data/photo/horse/105_0182.jpg,4,1.000000
850,pacs_data/pacs_data/photo/horse/105_0183.jpg,4,1.000000
851,pacs_data/pacs_data/photo/horse/105_0184.jpg,4,1.000000
852,pacs_data/pacs_data/photo/horse/105_0185.jpg,4,1.000000
853,pacs_data/pacs_data/photo/horse/105_0193.jpg,4,1.000000
854,pacs_data/pacs_data/photo/horse/105_0194.jpg,4,1.000000
855,pacs_data/pacs_data/photo/horse/105_0196.jpg,4,1.000000
856,pacs_data/pacs_data/photo/horse/105_0199.jpg,4,1.000000
857,pacs_data/pacs_data/photo/horse/105_0203.jpg,4,1.000000
858,pacs_data/pacs_data/photo/horse/105_0205.jpg,4,1.000000
859,pacs_data/pacs_data/photo/horse/105_0206.jpg,4,1.000000
860,pacs_data/pacs_data/photo/horse/105_0207.jpg,4,1.000000
861,pacs_data/pacs_data/photo/horse/105_0208.jpg,4,1.000000
862,pacs_data/pacs_data/photo/horse/105_0210.jpg,4,1.000000
863,pacs_data/pacs_data/photo/horse/105_0215.jpg,4,1.000000
864,pacs_data/pacs_data/photo/horse/105_0223.jpg,4,1.000000
865,pacs_data/pacs_data/photo/horse/105_0229.jpg,4,1.000000
866,pacs_data/pacs_data/photo/horse/105_0230.jpg,4,1.000000
867,pacs_data/pacs_data/photo/horse/105_0232.jpg,4,1.000000
868,pacs_data/pacs_data/photo/horse/105_0236.jpg,4,1.000000
869,pacs_data/pacs_data/photo/horse/105_0240.jpg,4,1.000000
870,pacs_data/pacs_data/photo/horse/105_0241.jpg,4,1.000000
871,pacs_data/pacs_data/photo/horse/105_0249.jpg,4,1.000000
872,pacs_data/pacs_data/photo/horse/105_0253.jpg,4,1.000000
873,pacs_data/pacs_data/photo/horse/105_0255.jpg,4,1.000000
874,pacs_data/pacs_data/photo/horse/105_0257.jpg,4,1.000000
875,pacs_data/pacs_data/photo/horse/105_0260.jpg,4,1.000000
876,pacs_data/pacs_data/photo/horse/105_0264.jpg,4,1.000000
877,pacs_data/pacs_data/photo/horse/105_0265.jpg,4,1.000000
878,pacs_data/pacs_data/photo/horse/105_0266.jpg,4,1.000000
879,pacs_data/pacs_data/photo/horse/105_0269.jpg,4,1.000000
880,pacs_data/pacs_data/photo/horse/105_0270.jpg,4,1.000000
881,pacs_data/pacs_data/photo/horse/n02374451_10081.jpg,4,1.000000
882,pacs_data/pacs_data/photo/horse/n02374451_10098.jpg,4,1.000000
883,pacs_data/pacs_data/photo/horse/n02374451_10331.jpg,4,1.000000
884,pacs_data/pacs_data/photo/horse/n02374451_10669.jpg,4,1.000000
885,pacs_data/pacs_data/photo/horse/n02374451_10761.jpg,4,1.000000
886,pacs_data/pacs_data/photo/horse/n02374451_10809.jpg,4,1.000000
887,pacs_data/pacs_data/photo/horse/n02374451_11479.jpg,4,1.000000
888,pacs_data/pacs_data/photo/horse/n02374451_11483.jpg,4,1.000000
889,pacs_data/pacs_data/photo/horse/n02374451_11492.jpg,4,1.000000
890,pacs_data/pacs_data/photo/horse/n02374451_1189.jpg,4,1.000000
891,pacs_data/pacs_data/photo/horse/n02374451_11894.jpg,4,1.000000
892,pacs_data/pacs_data/photo/horse/n02374451_12128.jpg,4,1.000000
893,pacs_data/pacs_data/photo/horse/n02374451_12174.jpg,4,1.000000
894,pacs_data/pacs_data/photo/horse/n02374451_12225.jpg,4,1.000000
895,pacs_data/pacs_data/photo/horse/n02374451_12230.jpg,4,1.000000
896,pacs_data/pacs_data/photo/horse/n02374451_12250.jpg,4,1.000000
897,pacs_data/pacs_data/photo/horse/n02374451_12254.jpg,4,1.000000
898,pacs_data/pacs_data/photo/horse/n02374451_1234.jpg,4,1.000000
899,pacs_data/pacs_data/photo/horse/n02374451_12418.jpg,4,1.000000
900,pacs_data/pacs_data/photo/horse/n02374451_12792.jpg,4,1.000000
901,pacs_data/pacs_data/photo/horse/n02374451_12847.jpg,4,1.000000
902,pacs_data/pacs_data/photo/horse/n02374451_13159.jpg,4,1.000000
903,pacs_data/pacs_data/photo/horse/n02374451_13718.jpg,4,1.000000
904,pacs_data/pacs_data/photo/horse/n02374451_14119.jpg,4,1.000000
905,pacs_data/pacs_data/photo/horse/n02374451_14233.jpg,4,1.000000
906,pacs_data/pacs_data/photo/horse/n02374451_14399.jpg,4,1.000000
907,pacs_data/pacs_data/photo/horse/n02374451_14425.jpg,4,1.000000
908,pacs_data/pacs_data/photo/horse/n02374451_1443.jpg,4,1.000000
909,pacs_data/pacs_data/photo/horse/n02374451_14738.jpg,4,1.000000
910,pacs_data/pacs_data/photo/horse/n02374451_14846.jpg,4,1.000000
911,pacs_data/pacs_data/photo/horse/n02374451_15307.jpg,4,1.000000
912,pacs_data/pacs_data/photo/horse/n02374451_15440.jpg,4,1.000000
913,pacs_data/pacs_data/photo/horse/n02374451_15453.jpg,4,1.000000
914,pacs_data/pacs_data/photo/horse/n02374451_15669.jpg,4,1.000000
915,pacs_data/pacs_data/photo/horse/n02374451_16358.jpg,4,1.000000
916,pacs_data/pacs_data/photo/horse/n02374451_17384.jpg,4,1.000000
917,pacs_data/pacs_data/photo/horse/n02374451_17474.jpg,4,1.000000
918,pacs_data/pacs_data/photo/horse/n02374451_17634.jpg,4,1.000000
919,pacs_data/pacs_data/photo/horse/n02374451_18192.jpg,4,1.000000
920,pacs_data/pacs_data/photo/horse/n02374451_18570.jpg,4,1.000000
921,pacs_data/pacs_data/photo/horse/n02374451_18909.jpg,4,1.000000
922,pacs_data/pacs_data/photo/horse/n02374451_2248.jpg,4,1.000000
923,pacs_data/pacs_data/photo/horse/n02374451_2372.jpg,4,1.000000
924,pacs_data/pacs_data/photo/horse/n02374451_245.jpg,4,1.000000
925,pacs_data/pacs_data/photo/horse/n02374451_2478.jpg,4,1.000000
926,pacs_data/pacs_data/photo/horse/n02374451_257.jpg,4,1.000000
927,pacs_data/pacs_data/photo/horse/n02374451_2616.jpg,4,1.000000
928,pacs_data/pacs_data/photo/horse/n02374451_262.jpg,4,1.000000
929,pacs_data/pacs_data/photo/horse/n02374451_2733.jpg,4,1.000000
930,pacs_data/pacs_data/photo/horse/n02374451_2743.jpg,4,1.000000
931,pacs_data/pacs_data/photo/horse/n02374451_2825.jpg,4,1.000000
932,pacs_data/pacs_data/photo/horse/n02374451_3388.jpg,4,1.000000
933,pacs_data/pacs_data/photo/horse/n02374451_388.jpg,4,1.000000
934,pacs_data/pacs_data/photo/horse/n02374451_4538.jpg,4,1.000000
935,pacs_data/pacs_data/photo/horse/n02374451_4553.jpg,4,1.000000
936,pacs_data/pacs_data/photo/horse/n02374451_468.jpg,4,1.000000
937,pacs_data/pacs_data/photo/horse/n02374451_4795.jpg,4,1.000000
938,pacs_data/pacs_data/photo/horse/n02374451_4818.jpg,4,1.000000
939,pacs_data/pacs_data/photo/horse/n02374451_490.jpg,4,1.000000
940,pacs_data/pacs_data/photo/horse/n02374451_4963.jpg,4,1.000000
941,pacs_data/pacs_data/photo/horse/n02374451_503.jpg,4,1.000000
942,pacs_data/pacs_data/photo/horse/n02374451_54.jpg,4,1.000000
943,pacs_data/pacs_data/photo/horse/n02374451_597.jpg,4,1.000000
944,pacs_data/pacs_data/photo/horse/n02374451_6192.jpg,4,1.000000
945,pacs_data/pacs_data/photo/horse/n02374451_7631.jpg,4,1.000000
946,pacs_data/pacs_data/photo/horse/n02374451_777.jpg,4,1.000000
947,pacs_data/pacs_data/photo/horse/n02374451_779.jpg,4,1.000000
948,pacs_data/pacs_data/photo/horse/n02374451_8065.jpg,4,1.000000
949,pacs_data/pacs_data/photo/horse/n02374451_8526.jpg,4,1.000000
950,pacs_data/pacs_data/photo/horse/n02374451_8718.jpg,4,1.000000
951,pacs_data/pacs_data/photo/horse/n02374451_8744.jpg,4,1.000000
952,pacs_data/pacs_data/photo/horse/n02374451_9064.jpg,4,1.000000
953,pacs_data/pacs_data/photo/horse/n02374451_916.jpg,4,1.000000
954,pacs_data/pacs_data/photo/horse/n02374451_925.jpg,4,1.000000
955,pacs_data/pacs_data/photo/horse/n02374451_929.jpg,4,1.000000
956,pacs_data/pacs_data/photo/horse/n02374451_9443.jpg,4,1.000000
957,pacs_data/pacs_data/photo/horse/n02374451_9892.jpg,4,1.000000
958,pacs_data/pacs_data/photo/house/pic_001.jpg,5,1.000000
959,pacs_data/pacs_data/photo/house/pic_002.jpg,5,1.000000
960,pacs_data/pacs_data/photo/house/pic_003.jpg,5,1.000000
961,pacs_data/pacs_data/photo/house/pic_004.jpg,5,1.000000
962,pacs_data/pacs_data/photo/house/pic_005.jpg,5,1.000000
963,pacs_data/pacs_data/photo/house/pic_006.jpg,5,1.000000
964,pacs_data/pacs_data/photo/house/pic_007.jpg,5,1.000000
965,pacs_data/pacs_data/photo/house/pic_008.jpg,5,1.000000
966,pacs_data/pacs_data/photo/house/pic_010.jpg,5,1.000000
967,pacs_data/pacs_data/photo/house/pic_011.jpg,5,1.000000
968,pacs_data/pacs_data/photo/house/pic_012.jpg,5,1.000000
969,pacs_data/pacs_data/photo/house/pic_013.jpg,5,1.000000
970,pacs_data/pacs_data/photo/house/pic_014.jpg,5,1.000000
971,pacs_data/pacs_data/photo/house/pic_015.jpg,5,1.000000
972,pacs_data/pacs_data/photo/house/pic_016.jpg,5,1.000000
973,pacs_data/pacs_data/photo/house/pic_017.jpg,5,1.000000
974,pacs_data/pacs_data/photo/house/pic_018.jpg,5,1.000000
975,pacs_data/pacs_data/photo/house/pic_019.jpg,5,1.000000
976,pacs_data/pacs_data/photo/house/pic_020.jpg,5,1.000000
977,pacs_data/pacs_data/photo/house/pic_021.jpg,5,1.000000
978,pacs_data/pacs_data/photo/house/pic_022.jpg,5,1.000000
979,pacs_data/pacs_data/photo/house/pic_023.jpg,5,1.000000
980,pacs_data/pacs_data/photo/house/pic_024.jpg,5,1.000000
981,pacs_data/pacs_data/photo/house/pic_025.jpg,5,1.000000
982,pacs_data/pacs_data/photo/house/pic_026.jpg,5,1.000000
983,pacs_data/pacs_data/photo/house/pic_027.jpg,5,1.000000
984,pacs_data/pacs_data/photo/house/pic_028.jpg,5,1.000000
985,pacs_data/pacs_data/photo/house/pic_029.jpg,5,1.000000
986,pacs_data/pacs_data/photo/house/pic_030.jpg,5,1.000000
987,pacs_data/pacs_data/photo/house/pic_031.jpg,5,1.000000
988,pacs_data/pacs_data/photo/house/pic_032.jpg,5,1.000000
989,pacs_data/pacs_data/photo/house/pic_033.jpg,5,1.000000
990,pacs_data/pacs_data/photo/house/pic_034.jpg,5,1.000000
991,pacs_data/pacs_data/photo/house/pic_035.jpg,5,1.000000
992,pacs_data/pacs_data/photo/house/pic_036.jpg,5,1.000000
993,pacs_data/pacs_data/photo/house/pic_037.jpg,5,1.000000
994,pacs_data/pacs_data/photo/house/pic_038.jpg,5,1.000000
995,pacs_data/pacs_data/photo/house/pic_039.jpg,5,1.000000
996,pacs_data/pacs_data/photo/house/pic_040.jpg,5,1.000000
997,pacs_data/pacs_data/photo/house/pic_041.jpg,5,1.000000
998,pacs_data/pacs_data/photo/house/pic_042.jpg,5,1.000000
999,pacs_data/pacs_data/photo/house/pic_043.jpg,5,1.000000
1000,pacs_data/pacs_data/photo/house/pic_044.jpg,5,1.000000
1001,pacs_data/pacs_data/photo/house/pic_045.jpg,5,1.000000
1002,pacs_data/pacs_data/photo/house/pic_046.jpg,5,1.000000
1003,pacs_data/pacs_data/photo/house/pic_047.jpg,5,1.000000
1004,pacs_data/pacs_data/photo/house/pic_048.jpg,5,1.000000
1005,pacs_data/pacs_data/photo/house/pic_049.jpg,5,1.000000
1006,pacs_data/pacs_data/photo/house/pic_050.jpg,5,1.000000
1007,pacs_data/pacs_data/photo/house/pic_051.jpg,5,1.000000
1008,pacs_data/pacs_data/photo/house/pic_052.jpg,5,1.000000
1009,pacs_data/pacs_data/photo/house/pic_053.jpg,5,1.000000
1010,pacs_data/pacs_data/photo/house/pic_054.jpg,5,1.000000
1011,pacs_data/pacs_data/photo/house/pic_055.jpg,5,1.000000
1012,pacs_data/pacs_data/photo/house/pic_056.jpg,5,1.000000
1013,pacs_data/pacs_data/photo/house/pic_057.jpg,5,1.000000
1014,pacs_data/pacs_data/photo/house/pic_058.jpg,5,1.000000
1015,pacs_data/pacs_data/photo/house/pic_059.jpg,5,1.000000
1016,pacs_data/pacs_data/photo/house/pic_060.jpg,5,1.000000
1017,pacs_data/pacs_data/photo/house/pic_061.jpg,5,1.000000
1018,pacs_data/pacs_data/photo/house/pic_062.jpg,5,1.000000
1019,pacs_data/pacs_data/photo/house/pic_063.jpg,5,1.000000
1020,pacs_data/pacs_data/photo/house/pic_065.jpg,5,1.000000
1021,pacs_data/pacs_data/photo/house/pic_066.jpg,5,1.000000
1022,pacs_data/pacs_data/photo/house/pic_067.jpg,5,1.000000
1023,pacs_data/pacs_data/photo/house/pic_068.jpg,5,1.000000
1024,pacs_data/pacs_data/photo/house/pic_069.jpg,5,1.000000
1025,pacs_data/pacs_data/photo/house/pic_070.jpg,5,1.000000
1026,pacs_data/pacs_data/photo/house/pic_071.jpg,5,1.000000
1027,pacs_data/pacs_data/photo/house/pic_072.jpg,5,1.000000
1028,pacs_data/pacs_data/photo/house/pic_073.jpg,5,1.000000
1029,pacs_data/pacs_data/photo/house/pic_074.jpg,5,1.000000
1030,pacs_data/pacs_data/photo/house/pic_075.jpg,5,1.000000
1031,pacs_data/pacs_data/photo/house/pic_076.jpg,5,1.000000
1032,pacs_data/pacs_data/photo/house/pic_077.jpg,5,1.000000
1033,pacs_data/pacs_data/photo/house/pic_078.jpg,5,1.000000
1034,pacs_data/pacs_data/photo/house/pic_079.jpg,5,1.000000
1035,pacs_data/pacs_data/photo/house/pic_080.jpg,5,1.000000
1036,pacs_data/pacs_data/photo/house/pic_081.jpg,5,1.000000
1037,pacs_data/pacs_data/photo/house/pic_082.jpg,5,1.000000
1038,pacs_data/pacs_data/photo/house/pic_083.jpg,5,1.000000
1039,pacs_data/pacs_data/photo/house/pic_084.jpg,5,1.000000
1040,pacs_data/pacs_data/photo/house/pic_085.jpg,5,1.000000
1041,pacs_data/pacs_data/photo/house/pic_086.jpg,5,1.000000
1042,pacs_data/pacs_data/photo/house/pic_087.jpg,5,1.000000
1043,pacs_data/pacs_data/photo/house/pic_088.jpg,5,1.000000
1044,pacs_data/pacs_data/photo/house/pic_089.jpg,5,1.000000
1045,pacs_data/pacs_data/photo/house/pic_090.jpg,5,1.000000
1046,pacs_data/pacs_data/photo/house/pic_091.jpg,5,1.000000
1047,pacs_data/pacs_data/photo/house/pic_092.jpg,5,1.000000
1048,pacs_data/pacs_data/photo/house/pic_093.jpg,5,1.000000
1049,pacs_data/pacs_data/photo/house/pic_094.jpg,5,1.000000
1050,pacs_data/pacs_data/photo/house/pic_095.jpg,5,1.000000
1051,pacs_data/pacs_data/photo/house/pic_096.jpg,5,1.000000
1052,pacs_data/pacs_data/photo/house/pic_097.jpg,5,1.000000
1053,pacs_data/pacs_data/photo/house/pic_098.jpg,5,1.000000
1054,pacs_data/pacs_data/photo/house/pic_099.jpg,5,1.000000
1055,pacs_data/pacs_data/photo/house/pic_100.jpg,5,1.000000
1056,pacs_data/pacs_data/photo/house/pic_101.jpg,5,1.000000
1057,pacs_data/pacs_data/photo/house/pic_102.jpg,5,1.000000
1058,pacs_data/pacs_data/photo/house/pic_103.jpg,5,1.000000
1059,pacs_data/pacs_data/photo/house/pic_104.jpg,5,1.000000
1060,pacs_data/pacs_data/photo/house/pic_106.jpg,5,1.000000
1061,pacs_data/pacs_data/photo/house/pic_107.jpg,5,1.000000
1062,pacs_data/pacs_data/photo/house/pic_108.jpg,5,1.000000
1063,pacs_data/pacs_data/photo/house/pic_109.jpg,5,1.000000
1064,pacs_data/pacs_data/photo/house/pic_110.jpg,5,1.000000
1065,pacs_data/pacs_data/photo/house/pic_111.jpg,5,1.000000
1066,pacs_data/pacs_data/photo/house/pic_112.jpg,5,1.000000
1067,pacs_data/pacs_data/photo/house/pic_113.jpg,5,1.000000
1068,pacs_data/pacs_data/photo/house/pic_114.jpg,5,1.000000
1069,pacs_data/pacs_data/photo/house/pic_115.jpg,5,1.000000
1070,pacs_data/pacs_data/photo/house/pic_116.jpg,5,1.000000
1071,pacs_data/pacs_data/photo/house/pic_117.jpg,5,1.000000
1072,pacs_data/pacs_data/photo/house/pic_118.jpg,5,1.000000
1073,pacs_data/pacs_data/photo/house/pic_119.jpg,5,1.000000
1074,pacs_data/pacs_data/photo/house/pic_120.jpg,5,1.000000
1075,pacs_data/pacs_data/photo/house/pic_121.jpg,5,1.000000
1076,pacs_data/pacs_data/photo/house/pic_122.jpg,5,1.000000
1077,pacs_data/pacs_data/photo/house/pic_123.jpg,5,1.000000
1078,pacs_data/pacs_data/photo/house/pic_124.jpg,5,1.000000
1079,pacs_data/pacs_data/photo/house/pic_125.jpg,5,1.000000
1080,pacs_data/pacs_data/photo/house/pic_126.jpg,5,1.000000
1081,pacs_data/pacs_data/photo/house/pic_127.jpg,5,1.000000
1082,pacs_data/pacs_data/photo/house/pic_128.jpg,5,1.000000
1083,pacs_data/pacs_data/photo/house/pic_129.jpg,5,1.000000
1084,pacs_data/pacs_data/photo/house/pic_130.jpg,5,1.000000
1085,pacs_data/pacs_data/photo/house/pic_131.jpg,5,1.000000
1086,pacs_data/pacs_data/photo/house/pic_132.jpg,5,1.000000
1087,pacs_data/pacs_data/photo/house/pic_133.jpg,5,1.000000
1088,pacs_data/pacs_data/photo/house/pic_134.jpg,5,1.000000
1089,pacs_data/pacs_data/photo/house/pic_135.jpg,5,1.000000
1090,pacs_data/pacs_data/photo/house/pic_136.jpg,5,1.000000
1091,pacs_data/pacs_data/photo/house/pic_137.jpg,5,1.000000
1092,pacs_data/pacs_data/photo/house/pic_138.jpg,5,1.000000
1093,pacs_data/pacs_data/photo/house/pic_139.jpg,5,1.000000
1094,pacs_data/pacs_data/photo/house/pic_140.jpg,5,1.000000
1095,pacs_data/pacs_data/photo/house/pic_141.jpg,5,1.000000
1096,pacs_data/pacs_data/photo/house/pic_142.jpg,5,1.000000
1097,pacs_data/pacs_data/photo/house/pic_143.jpg,5,1.000000
1098,pacs_data/pacs_data/photo/house/pic_144.jpg,5,1.000000
1099,pacs_data/pacs_data/photo/house/pic_145.jpg,5,1.000000
1100,pacs_data/pacs_data/photo/house/pic_146.jpg,5,1.000000
1101,pacs_data/pacs_data/photo/house/pic_147.jpg,5,1.000000
1102,pacs_data/pacs_data/photo/house/pic_148.jpg,5,1.000000
1103,pacs_data/pacs_data/photo/house/pic_149.jpg,5,1.000000
1104,pacs_data/pacs_data/photo/house/pic_150.jpg,5,1.000000
1105,pacs_data/pacs_data/photo/house/pic_151.jpg,5,1.000000
1106,pacs_data/pacs_data/photo/house/pic_153.jpg,5,1.000000
1107,pacs_data/pacs_data/photo/house/pic_154.jpg,5,1.000000
1108,pacs_data/pacs_data/photo/house/pic_155.jpg,5,1.000000
1109,pacs_data/pacs_data/photo/house/pic_156.jpg,5,1.000000
1110,pacs_data/pacs_data/photo/house/pic_157.jpg,5,1.000000
1111,pacs_data/pacs_data/photo/house/pic_158.jpg,5,1.000000
1112,pacs_data/pacs_data/photo/house/pic_159.jpg,5,1.000000
1113,pacs_data/pacs_data/photo/house/pic_160.jpg,5,1.000000
1114,pacs_data/pacs_data/photo/house/pic_161.jpg,5,1.000000
1115,pacs_data/pacs_data/photo/house/pic_162.jpg,5,1.000000
1116,pacs_data/pacs_data/photo/house/pic_163.jpg,5,1.000000
1117,pacs_data/pacs_data/photo/house/pic_164.jpg,5,1.000000
1118,pacs_data/pacs_data/photo/house/pic_165.jpg,5,1.000000
1119,pacs_data/pacs_data/photo/house/pic_166.jpg,5,1.000000
1120,pacs_data/pacs_data/photo/house/pic_167.jpg,5,1.000000
1121,pacs_data/pacs_data/photo/house/pic_168.jpg,5,1.000000
1122,pacs_data/pacs_data/photo/house/pic_169.jpg,5,1.000000
1123,pacs_data/pacs_data/photo/house/pic_170.jpg,5,1.000000
1124,pacs_data/pacs_data/photo/house/pic_171.jpg,5,1.000000
1125,pacs_data/pacs_data/photo/house/pic_172.jpg,5,1.000000
1126,pacs_data/pacs_data/photo/house/pic_173.jpg,5,1.000000
1127,pacs_data/pacs_data/photo/house/pic_174.jpg,5,1.000000
1128,pacs_data/pacs_data/photo/house/pic_175.jpg,5,1.000000
1129,pacs_data/pacs_data/photo/house/pic_176.jpg,5,1.000000
1130,pacs_data/pacs_data/photo/house/pic_177.jpg,5,1.000000
1131,pacs_data/pacs_data/photo/house/pic_178.jpg,5,1.000000
1132,pacs_data/pacs_data/photo/house/pic_179.jpg,5,1.000000
1133,pacs_data/pacs_data/photo/house/pic_180.jpg,5,1.000000
1134,pacs_data/pacs_data/photo/house/pic_181.jpg,5,1.000000
1135,pacs_data/pacs_data/photo/house/pic_183.jpg,5,1.000000
1136,pacs_data/pacs_data/photo/house/pic_184.jpg,5,1.000000
1137,pacs_data/pacs_data/photo/house/pic_185.jpg,5,1.000000
1138,pacs_data/pacs_data/photo/house/pic_186.jpg,5,1.000000
1139,pacs_data/pacs_data/photo/house/pic_187.jpg,5,1.000000
1140,pacs_data/pacs_data/photo/house/pic_188.jpg,5,1.000000
1141,pacs_data/pacs_data/photo/house/pic_189.jpg,5,1.000000
1142,pacs_data/pacs_data/photo/house/pic_190.jpg,5,1.000000
1143,pacs_data/pacs_data/photo/house/pic_191.jpg,5,1.000000
1144,pacs_data/pacs_data/photo/house/pic_192.jpg,5,1.000000
1145,pacs_data/pacs_data/photo/house/pic_193.jpg,5,1.000000
1146,pacs_data/pacs_data/photo/house/pic_194.jpg,5,1.000000
1147,pacs_data/pacs_data/photo/house/pic_195.jpg,5,1.000000
1148,pacs_data/pacs_data/photo/house/pic_196.jpg,5,1.000000
1149,pacs_data/pacs_data/photo/house/pic_197.jpg,5,1.000000
1150,pacs_data/pacs_data/photo/house/pic_198.jpg,5,1.000000
1151,pacs_data/pacs_data/photo/house/pic_199.jpg,5,1.000000
1152,pacs_data/pacs_data/photo/house/pic_200.jpg,5,1.000000
1153,pacs_data/pacs_data/photo/house/pic_201.jpg,5,1.000000
1154,pacs_data/pacs_data/photo/house/pic_202.jpg,5,1.000000
1155,pacs_data/pacs_data/photo/house/pic_203.jpg,5,1.000000
1156,pacs_data/pacs_data/photo/house/pic_204.jpg,5,1.000000
1157,pacs_data/pacs_data/photo/house/pic_205.jpg,5,1.000000
1158,pacs_data/pacs_data/photo/house/pic_206.jpg,5,1.000000
1159,pacs_data/pacs_data/photo/house/pic_207.jpg,5,1.000000
1160,pacs_data/pacs_data/photo/house/pic_208.jpg,5,1.000000
1161,pacs_data/pacs_data/photo/house/pic_209.jpg,5,1.000000
1162,pacs_data/pacs_data/photo/house/pic_210.jpg,5,1.000000
1163,pacs_data/pacs_data/photo/house/pic_211.jpg,5,1.000000
1164,pacs_data/pacs_data/photo/house/pic_213.jpg,5,1.000000
1165,pacs_data/pacs_data/photo/house/pic_214.jpg,5,1.000000
1166,pacs_data/pacs_data/photo/house/pic_215.jpg,5,1.000000
1167,pacs_data/pacs_data/photo/house/pic_216.jpg,5,1.000000
1168,pacs_data/pacs_data/photo/house/pic_217.jpg,5,1.000000
1169,pacs_data/pacs_data/photo/house/pic_218.jpg,5,1.000000
1170,pacs_data/pacs_data/photo/house/pic_219.jpg,5,1.000000
1171,pacs_data/pacs_data/photo/house/pic_220.jpg,5,1.000000
1172,pacs_data/pacs_data/photo/house/pic_221.jpg,5,1.000000
1173,pacs_data/pacs_data/photo/house/pic_222.jpg,5,1.000000
1174,pacs_data/pacs_data/photo/house/pic_223.jpg,5,1.000000
1175,pacs_data/pacs_data/photo/house/pic_224.jpg,5,1.000000
1176,pacs_data/pacs_data/photo/house/pic_225.jpg,5,1.000000
1177,pacs_data/pacs_data/photo/house/pic_226.jpg,5,1.000000
1178,pacs_data/pacs_data/photo/house/pic_228.jpg,5,1.000000
1179,pacs_data/pacs_data/photo/house/pic_229.jpg,5,1.000000
1180,pacs_data/pacs_data/photo/house/pic_230.jpg,5,1.000000
1181,pacs_data/pacs_data/photo/house/pic_231.jpg,5,1.000000
1182,pacs_data/pacs_data/photo/house/pic_232.jpg,5,1.000000
1183,pacs_data/pacs_data/photo/house/pic_233.jpg,5,1.000000
1184,pacs_data/pacs_data/photo/house/pic_234.jpg,5,1.000000
1185,pacs_data/pacs_data/photo/house/pic_235.jpg,5,1.000000
1186,pacs_data/pacs_data/photo/house/pic_236.jpg,5,1.000000
1187,pacs_data/pacs_data/photo/house/pic_237.jpg,5,1.000000
1188,pacs_data/pacs_data/photo/house/pic_238.jpg,5,1.000000
1189,pacs_data/pacs_data/photo/house/pic_239.jpg,5,1.000000
1190,pacs_data/pacs_data/photo/house/pic_240.jpg,5,1.000000
1191,pacs_data/pacs_data/photo/house/pic_241.jpg,5,1.000000
1192,pacs_data/pacs_data/photo/house/pic_242.jpg,5,1.000000
1193,pacs_data/pacs_data/photo/house/pic_243.jpg,5,1.000000
1194,pacs_data/pacs_data/photo/house/pic_244.jpg,5,1.000000
1195,pacs_data/pacs_data/photo/house/pic_246.jpg,5,1.000000
1196,pacs_data/pacs_data/photo/house/pic_247.jpg,5,1.000000
1197,pacs_data/pacs_data/photo/house/pic_248.jpg,5,1.000000
1198,pacs_data/pacs_data/photo/house/pic_249.jpg,5,1.000000
1199,pacs_data/pacs_data/photo/house/pic_250.jpg,5,1.000000
1200,pacs_data/pacs_data/photo/house/pic_251.jpg,5,1.000000
1201,pacs_data/pacs_data/photo/house/pic_252.jpg,5,1.000000
1202,pacs_data/pacs_data/photo/house/pic_253.jpg,5,1.000000
1203,pacs_data/pacs_data/photo/house/pic_255.jpg,5,1.000000
1204,pacs_data/pacs_data/photo/house/pic_256.jpg,5,1.000000
1205,pacs_data/pacs_data/photo/house/pic_257.jpg,5,1.000000
1206,pacs_data/pacs_data/photo/house/pic_259.jpg,5,1.000000
1207,pacs_data/pacs_data/photo/house/pic_260.jpg,5,1.000000
1208,pacs_data/pacs_data/photo/house/pic_261.jpg,5,1.000000
1209,pacs_data/pacs_data/photo/house/pic_262.jpg,5,1.000000
1210,pacs_data/pacs_data/photo/house/pic_263.jpg,5,1.000000
1211,pacs_data/pacs_data/photo/house/pic_264.jpg,5,1.000000
1212,pacs_data/pacs_data/photo/house/pic_265.jpg,5,1.000000
1213,pacs_data/pacs_data/photo/house/pic_266.jpg,5,1.000000
1214,pacs_data/pacs_data/photo/house/pic_267.jpg,5,1.000000
1215,pacs_data/pacs_data/photo/house/pic_268.jpg,5,1.000000
1216,pacs_data/pacs_data/photo/house/pic_269.jpg,5,1.000000
1217,pacs_data/pacs_data/photo/house/pic_270.jpg,5,1.000000
1218,pacs_data/pacs_data/photo/house/pic_271.jpg,5,1.000000
1219,pacs_data/pacs_data/photo/house/pic_272.jpg,5,1.000000
1220,pacs_data/pacs_data/photo/house/pic_273.jpg,5,1.000000
1221,pacs_data/pacs_data/photo/house/pic_274.jpg,5,1.000000
1222,pacs_data/pacs_data/photo/house/pic_275.jpg,5,1.000000
1223,pacs_data/pacs_data/photo/house/pic_276.jpg,5,1.000000
1224,pacs_data/pacs_data/photo/house/pic_277.jpg,5,1.000000
1225,pacs_data/pacs_data/photo/house/pic_278.jpg,5,1.000000
1226,pacs_data/pacs_data/photo/house/pic_279.jpg,5,1.000000
1227,pacs_data/pacs_data/photo/house/pic_280.jpg,5,1.000000
1228,pacs_data/pacs_data/photo/house/pic_281.jpg,5,1.000000
1229,pacs_data/pacs_data/photo/house/pic_282.jpg,5,1.000000
1230,pacs_data/pacs_data/photo/house/pic_283.jpg,5,1.000000
1231,pacs_data/pacs_data/photo/house/pic_284.jpg,5,1.000000
1232,pacs_data/pacs_data/photo/house/pic_285.jpg,5,1.000000
1233,pacs_data/pacs_data/photo/house/pic_286.jpg,5,1.000000
1234,pacs_data/pacs_data/photo/house/pic_287.jpg,5,1.000000
1235,pacs_data/pacs_data/photo/house/pic_288.jpg,5,1.000000
1236,pacs_data/pacs_data/photo/house/pic_289.jpg,5,1.000000
1237,pacs_data/pacs_data/photo/house/pic_290.jpg,5,1.000000
1238,pacs_data/pacs_data/photo/person/253_0001.jpg,6,1.000000
1239,pacs_data/pacs_data/photo/person/253_0002.jpg,6,1.000000
1240,pacs_data/pacs_data/photo/person/253_0003.jpg,6,1.000000
1241,pacs_data/pacs_data/photo/person/253_0004.jpg,6,1.000000
1242,pacs_data/pacs_data/photo/person/253_0005.jpg,6,1.000000
1243,pacs_data/pacs_data/photo/person/253_0006.jpg,6,1.000000
1244,pacs_data/pacs_data/photo/person/253_0007.jpg,6,1.000000
1245,pacs_data/pacs_data/photo/person/253_0008.jpg,6,1.000000
1246,pacs_data/pacs_data/photo/person/253_0009.jpg,6,1.000000
1247,pacs_data/pacs_data/photo/person/253_0010.jpg,6,1.000000
1248,pacs_data/pacs_data/photo/person/253_0011.jpg,6,1.000000
1249,pacs_data/pacs_data/photo/person/253_0012.jpg,6,1.000000
1250,pacs_data/pacs_data/photo/person/253_0013.jpg,6,1.000000
1251,pacs_data/pacs_data/photo/person/253_0014.jpg,6,1.000000
1252,pacs_data/pacs_data/photo/person/253_0015.jpg,6,1.000000
1253,pacs_data/pacs_data/photo/person/253_0016.jpg,6,1.000000
1254,pacs_data/pacs_data/photo/person/253_0017.jpg,6,1.000000
1255,pacs_data/pacs_data/photo/person/253_0018.jpg,6,1.000000
1256,pacs_data/pacs_data/photo/person/253_0019.jpg,6,1.000000
1257,pacs_data/pacs_data/photo/person/253_0020.jpg,6,1.000000
1258,pacs_data/pacs_data/photo/person/253_0021.jpg,6,1.000000
1259,pacs_data/pacs_data/photo/person/253_0022.jpg,6,1.000000
1260,pacs_data/pacs_data/photo/person/253_0023.jpg,6,1.000000
1261,pacs_data/pacs_data/photo/person/253_0024.jpg,6,1.000000
1262,pacs_data/pacs_data/photo/person/253_0025.jpg,6,1.000000
1263,pacs_data/pacs_data/photo/person/253_0026.jpg,6,1.000000
1264,pacs_data/pacs_data/photo/person/253_0027.jpg,6,1.000000
1265,pacs_data/pacs_data/photo/person/253_0028.jpg,6,1.000000
1266,pacs_data/pacs_data/photo/person/253_0029.jpg,6,1.000000
1267,pacs_data/pacs_data/photo/person/253_0030.jpg,6,1.000000
1268,pacs_data/pacs_data/photo/person/253_0031.jpg,6,1.000000
1269,pacs_data/pacs_data/photo/person/253_0032.jpg,6,1.000000
1270,pacs_data/pacs_data/photo/person/253_0033.jpg,6,1.000000
1271,pacs_data/pacs_data/photo/person/253_0034.jpg,6,1.000000
1272,pacs_data/pacs_data/photo/person/253_0035.jpg,6,1.000000
1273,pacs_data/pacs_data/photo/person/253_0036.jpg,6,1.000000
1274,pacs_data/pacs_data/photo/person/253_0037.jpg,6,1.000000
1275,pacs_data/pacs_data/photo/person/253_0038.jpg,6,1.000000
1276,pacs_data/pacs_data/photo/person/253_0039.jpg,6,1.000000
1277,pacs_data/pacs_data/photo/person/253_0040.jpg,6,1.000000
1278,pacs_data/pacs_data/photo/person/253_0041.jpg,6,1.000000
1279,pacs_data/pacs_data/photo/person/253_0042.jpg,6,1.000000
1280,pacs_data/pacs_data/photo/person/253_0043.jpg,6,1.000000
1281,pacs_data/pacs_data/photo/person/253_0044.jpg,6,1.000000
1282,pacs_data/pacs_data/photo/person/253_0045.jpg,6,1.000000
1283,pacs_data/pacs_data/photo/person/253_0046.jpg,6,1.000000
1284,pacs_data/pacs_data/photo/person/253_0047.jpg,6,1.000000
1285,pacs_data/pacs_data/photo/person/253_0048.jpg,6,1.000000
1286,pacs_data/pacs_data/photo/person/253_0049.jpg,6,1.000000
1287,pacs_data/pacs_data/photo/person/253_0050.jpg,6,1.000000
1288,pacs_data/pacs_data/photo/person/253_0051.jpg,6,1.000000
1289,pacs_data/pacs_data/photo/person/253_0052.jpg,6,1.000000
1290,pacs_data/pacs_data/photo/person/253_0053.jpg,6,1.000000
1291,pacs_data/pacs_data/photo/person/253_0054.jpg,6,1.000000
1292,pacs_data/pacs_data/photo/person/253_0055.jpg,6,1.000000
1293,pacs_data/pacs_data/photo/person/253_0056.jpg,6,1.000000
1294,pacs_data/pacs_data/photo/person/253_0057.jpg,6,1.000000
1295,pacs_data/pacs_data/photo/person/253_0058.jpg,6,1.000000
1296,pacs_data/pacs_data/photo/person/253_0059.jpg,6,1.000000
1297,pacs_data/pacs_data/photo/person/253_0060.jpg,6,1.000000
1298,pacs_data/pacs_data/photo/person/253_0061.jpg,6,1.000000
1299,pacs_data/pacs_data/photo/person/253_0062.jpg,6,1.000000
1300,pacs_data/pacs_data/photo/person/253_0063.jpg,6,1.000000
1301,pacs_data/pacs_data/photo/person/253_0064.jpg,6,1.000000
1302,pacs_data/pacs_data/photo/person/253_0065.jpg,6,1.000000
1303,pacs_data/pacs_data/photo/person/253_0066.jpg,6,1.000000
1304,pacs_data/pacs_data/photo/person/253_0067.jpg,6,1.000000
1305,pacs_data/pacs_data/photo/person/253_0068.jpg,6,1.000000
1306,pacs_data/pacs_data/photo/person/253_0069.jpg,6,1.000000
1307,pacs_data/pacs_data/photo/person/253_0070.jpg,6,1.000000
1308,pacs_data/pacs_data/photo/person/253_0071.jpg,6,1.000000
1309,pacs_data/pacs_data/photo/person/253_0072.jpg,6,1.000000
1310,pacs_data/pacs_data/photo/person/253_0073.jpg,6,1.000000
1311,pacs_data/pacs_data/photo/person/253_0074.jpg,6,1.000000
1312,pacs_data/pacs_data/photo/person/253_0075.jpg,6,1.000000
1313,pacs_data/pacs_data/photo/person/253_0076.jpg,6,1.000000
1314,pacs_data/pacs_data/photo/person/253_0077.jpg,6,1.000000
1315,pacs_data/pacs_data/photo/person/253_0078.jpg,6,1.000000
1316,pacs_data/pacs_data/photo/person/253_0079.jpg,6,1.000000
1317,pacs_data/pacs_data/photo/person/253_0080.jpg,6,1.000000
1318,pacs_data/pacs_data/photo/person/253_0081.jpg,6,1.000000
1319,pacs_data/pacs_data/photo/person/253_0082.jpg,6,1.000000
1320,pacs_data/pacs_data/photo/person/253_0083.jpg,6,1.000000
1321,pacs_data/pacs_data/photo/person/253_0084.jpg,6,1.000000
1322,pacs_data/pacs_data/photo/person/253_0085.jpg,6,1.000000
1323,pacs_data/pacs_data/photo/person/253_0086.jpg,6,1.000000
1324,pacs_data/pacs_data/photo/person/253_0087.jpg,6,1.000000
1325,pacs_data/pacs_data/photo/person/253_0088.jpg,6,1.000000
1326,pacs_data/pacs_data/photo/person/253_0089.jpg,6,1.000000
1327,pacs_data/pacs_data/photo/person/253_0090.jpg,6,1.000000
1328,pacs_data/pacs_data/photo/person/253_0091.jpg,6,1.000000
1329,pacs_data/pacs_data/photo/person/253_0092.jpg,6,1.000000
1330,pacs_data/pacs_data/photo/person/253_0093.jpg,6,0.999999
1331,pacs_data/pacs_data/photo/person/253_0094.jpg,6,1.000000
1332,pacs_data/pacs_data/photo/person/253_0095.jpg,6,1.000000
1333,pacs_data/pacs_data/photo/person/253_0096.jpg,6,1.000000
1334,pacs_data/pacs_data/photo/person/253_0097.jpg,6,1.000000
1335,pacs_data/pacs_data/photo/person/253_0098.jpg,6,1.000000
1336,pacs_data/pacs_data/photo/person/253_0099.jpg,6,1.000000
1337,pacs_data/pacs_data/photo/person/253_0100.jpg,6,1.000000
1338,pacs_data/pacs_data/photo/person/253_0101.jpg,6,1.000000
1339,pacs_data/pacs_data/photo/person/253_0102.jpg,6,1.000000
1340,pacs_data/pacs_data/photo/person/253_0103.jpg,6,1.000000
1341,pacs_data/pacs_data/photo/person/253_0104.jpg,6,1.000000
1342,pacs_data/pacs_data/photo/person/253_0105.jpg,6,1.000000
1343,pacs_data/pacs_data/photo/person/253_0106.jpg,6,1.000000
1344,pacs_data/pacs_data/photo/person/253_0107.jpg,6,1.000000
1345,pacs_data/pacs_data/photo/person/253_0108.jpg,6,1.000000
1346,pacs_data/pacs_data/photo/person/253_0109.jpg,6,1.000000
1347,pacs_data/pacs_data/photo/person/253_0110.jpg,6,1.000000
1348,pacs_data/pacs_data/photo/person/253_0111.jpg,6,1.000000
1349,pacs_data/pacs_data/photo/person/253_0112.jpg,6,1.000000
1350,pacs_data/pacs_data/photo/person/253_0113.jpg,6,1.000000
1351,pacs_data/pacs_data/photo/person/253_0114.jpg,6,1.000000
1352,pacs_data/pacs_data/photo/person/253_0115.jpg,6,1.000000
1353,pacs_data/pacs_data/photo/person/253_0116.jpg,6,1.000000
1354,pacs_data/pacs_data/photo/person/253_0117.jpg,6,1.000000
1355,pacs_data/pacs_data/photo/person/253_0118.jpg,6,1.000000
1356,pacs_data/pacs_data/photo/person/253_0119.jpg,6,1.000000
1357,pacs_data/pacs_data/photo/person/253_0120.jpg,6,1.000000
1358,pacs_data/pacs_data/photo/person/253_0121.jpg,6,1.000000
1359,pacs_data/pacs_data/photo/person/253_0122.jpg,6,1.000000
1360,pacs_data/pacs_data/photo/person/253_0123.jpg,6,1.000000
1361,pacs_data/pacs_data/photo/person/253_0124.jpg,6,1.000000
1362,pacs_data/pacs_data/photo/person/253_0125.jpg,6,1.000000
1363,pacs_data/pacs_data/photo/person/253_0126.jpg,6,1.000000
1364,pacs_data/pacs_data/photo/person/253_0127.jpg,6,1.000000
1365,pacs_data/pacs_data/photo/person/253_0128.jpg,6,1.000000
1366,pacs_data/pacs_data/photo/person/253_0129.jpg,6,1.000000
1367,pacs_data/pacs_data/photo/person/253_0130.jpg,6,1.000000
1368,pacs_data/pacs_data/photo/person/253_0131.jpg,6,1.000000
1369,pacs_data/pacs_data/photo/person/253_0132.jpg,6,1.000000
1370,pacs_data/pacs_data/photo/person/253_0133.jpg,6,1.000000
1371,pacs_data/pacs_data/photo/person/253_0134.jpg,6,1.000000
1372,pacs_data/pacs_data/photo/person/253_0135.jpg,6,1.000000
1373,pacs_data/pacs_data/photo/person/253_0136.jpg,6,1.000000
1374,pacs_data/pacs_data/photo/person/253_0137.jpg,6,1.000000
1375,pacs_data/pacs_data/photo/person/253_0138.jpg,6,1.000000
1376,pacs_data/pacs_data/photo/person/253_0139.jpg,6,1.000000
1377,pacs_data/pacs_data/photo/person/253_0140.jpg,6,1.000000
1378,pacs_data/pacs_data/photo/person/253_0141.jpg,6,1.000000
1379,pacs_data/pacs_data/photo/person/253_0142.jpg,6,1.000000
1380,pacs_data/pacs_data/photo/person/253_0143.jpg,6,1.000000
1381,pacs_data/pacs_data/photo/person/253_0144.jpg,6,1.000000
1382,pacs_data/pacs_data/photo/person/253_0145.jpg,6,1.000000
1383,pacs_data/pacs_data/photo/person/253_0146.jpg,6,1.000000
1384,pacs_data/pacs_data/photo/person/253_0147.jpg,6,1.000000
1385,pacs_data/pacs_data/photo/person/253_0148.jpg,6,1.000000
1386,pacs_data/pacs_data/photo/person/253_0149.jpg,6,1.000000
1387,pacs_data/pacs_data/photo/person/253_0150.jpg,6,1.000000
1388,pacs_data/pacs_data/photo/person/253_0151.jpg,6,1.000000
1389,pacs_data/pacs_data/photo/person/253_0152.jpg,6,1.000000
1390,pacs_data/pacs_data/photo/person/253_0153.jpg,6,1.000000
1391,pacs_data/pacs_data/photo/person/253_0154.jpg,6,1.000000
1392,pacs_data/pacs_data/photo/person/253_0155.jpg,6,1.000000
1393,pacs_data/pacs_data/photo/person/253_0156.jpg,6,1.000000
1394,pacs_data/pacs_data/photo/person/253_0157.jpg,6,1.000000
1395,pacs_data/pacs_data/photo/person/253_0158.jpg,6,1.000000
1396,pacs_data/pacs_data/photo/person/253_0159.jpg,6,1.000000
1397,pacs_data/pacs_data/photo/person/253_0160.jpg,6,1.000000
1398,pacs_data/pacs_data/photo/person/253_0161.jpg,6,1.000000
1399,pacs_data/pacs_data/photo/person/253_0162.jpg,6,1.000000
1400,pacs_data/pacs_data/photo/person/253_0163.jpg,6,1.000000
1401,pacs_data/pacs_data/photo/person/253_0164.jpg,6,1.000000
1402,pacs_data/pacs_data/photo/person/253_0165.jpg,6,1.000000
1403,pacs_data/pacs_data/photo/person/253_0166.jpg,6,1.000000
1404,pacs_data/pacs_data/photo/person/253_0167.jpg,6,1.000000
1405,pacs_data/pacs_data/photo/person/253_0168.jpg,6,1.000000
1406,pacs_data/pacs_data/photo/person/253_0169.jpg,6,1.000000
1407,pacs_data/pacs_data/photo/person/253_0170.jpg,6,1.000000
1408,pacs_data/pacs_data/photo/person/253_0171.jpg,6,1.000000
1409,pacs_data/pacs_data/photo/person/253_0172.jpg,6,1.000000
1410,pacs_data/pacs_data/photo/person/253_0173.jpg,6,1.000000
1411,pacs_data/pacs_data/photo/person/253_0174.jpg,6,1.000000
1412,pacs_data/pacs_data/photo/person/253_0175.jpg,6,1.000000
1413,pacs_data/pacs_data/photo/person/253_0176.jpg,6,1.000000
1414,pacs_data/pacs_data/photo/person/253_0177.jpg,6,1.000000
1415,pacs_data/pacs_data/photo/person/253_0178.jpg,6,1.000000
1416,pacs_data/pacs_data/photo/person/253_0179.jpg,6,1.000000
1417,pacs_data/pacs_data/photo/person/253_0180.jpg,6,1.000000
1418,pacs_data/pacs_data/photo/person/253_0181.jpg,6,1.000000
1419,pacs_data/pacs_data/photo/person/253_0182.jpg,6,1.000000
1420,pacs_data/pacs_data/photo/person/253_0183.jpg,6,1.000000
1421,pacs_data/pacs_data/photo/person/253_0184.jpg,6,1.000000
1422,pacs_data/pacs_data/photo/person/253_0185.jpg,6,1.000000
1423,pacs_data/pacs_data/photo/person/253_0186.jpg,6,1.000000
1424,pacs_data/pacs_data/photo/person/253_0187.jpg,6,1.000000
1425,pacs_data/pacs_data/photo/person/253_0188.jpg,6,1.000000
1426,pacs_data/pacs_data/photo/person/253_0189.jpg,6,1.000000
1427,pacs_data/pacs_data/photo/person/253_0190.jpg,6,1.000000
1428,pacs_data/pacs_data/photo/person/253_0191.jpg,6,1.000000
1429,pacs_data/pacs_data/photo/person/253_0192.jpg,6,1.000000
1430,pacs_data/pacs_data/photo/person/253_0193.jpg,6,1.000000
1431,pacs_data/pacs_data/photo/person/253_0194.jpg,6,1.000000
1432,pacs_data/pacs_data/photo/person/253_0195.jpg,6,1.000000
1433,pacs_data/pacs_data/photo/person/253_0196.jpg,6,1.000000
1434,pacs_data/pacs_data/photo/person/253_0197.jpg,6,1.000000
1435,pacs_data/pacs_data/photo/person/253_0198.jpg,6,1.000000
1436,pacs_data/pacs_data/photo/person/253_0199.jpg,6,1.000000
1437,pacs_data/pacs_data/photo/person/253_0200.jpg,6,1.000000
1438,pacs_data/pacs_data/photo/person/253_0201.jpg,6,1.000000
1439,pacs_data/pacs_data/photo/person/253_0202.jpg,6,1.000000
1440,pacs_data/pacs_data/photo/person/253_0203.jpg,6,1.000000
1441,pacs_data/pacs_data/photo/person/253_0204.jpg,6,1.000000
1442,pacs_data/pacs_data/photo/person/253_0205.jpg,6,1.000000
1443,pacs_data/pacs_data/photo/person/253_0206.jpg,6,1.000000
1444,pacs_data/pacs_data/photo/person/253_0207.jpg,6,1.000000
1445,pacs_data/pacs_data/photo/person/253_0208.jpg,6,1.000000
1446,pacs_data/pacs_data/photo/person/253_0209.jpg,6,1.000000
1447,pacs_data/pacs_data/photo/person/253_0210.jpg,6,1.000000
1448,pacs_data/pacs_data/photo/person/253_0211.jpg,6,1.000000
1449,pacs_data/pacs_data/photo/person/253_0212.jpg,6,1.000000
1450,pacs_data/pacs_data/photo/person/253_0213.jpg,6,1.000000
1451,pacs_data/pacs_data/photo/person/253_0214.jpg,6,1.000000
1452,pacs_data/pacs_data/photo/person/253_0215.jpg,6,1.000000
1453,pacs_data/pacs_data/photo/person/253_0216.jpg,6,1.000000
1454,pacs_data/pacs_data/photo/person/253_0217.jpg,6,1.000000
1455,pacs_data/pacs_data/photo/person/253_0218.jpg,6,1.000000
1456,pacs_data/pacs_data/photo/person/253_0219.jpg,6,1.000000
1457,pacs_data/pacs_data/photo/person/253_0220.jpg,6,1.000000
1458,pacs_data/pacs_data/photo/person/253_0221.jpg,6,1.000000
1459,pacs_data/pacs_data/photo/person/253_0222.jpg,6,1.000000
1460,pacs_data/pacs_data/photo/person/253_0223.jpg,6,1.000000
1461,pacs_data/pacs_data/photo/person/253_0224.jpg,6,1.000000
1462,pacs_data/pacs_data/photo/person/253_0225.jpg,6,1.000000
1463,pacs_data/pacs_data/photo/person/253_0226.jpg,6,1.000000
1464,pacs_data/pacs_data/photo/person/253_0227.jpg,6,1.000000
1465,pacs_data/pacs_data/photo/person/253_0228.jpg,6,1.000000
1466,pacs_data/pacs_data/photo/person/253_0229.jpg,6,1.000000
1467,pacs_data/pacs_data/photo/person/253_0230.jpg,6,1.000000
1468,pacs_data/pacs_data/photo/person/253_0231.jpg,6,1.000000
1469,pacs_data/pacs_data/photo/person/253_0232.jpg,6,1.000000
1470,pacs_data/pacs_data/photo/person/253_0233.jpg,6,1.000000
1471,pacs_data/pacs_data/photo/person/253_0234.jpg,6,1.000000
1472,pacs_data/pacs_data/photo/person/253_0235.jpg,6,1.000000
1473,pacs_data/pacs_data/photo/person/253_0236.jpg,6,1.000000
1474,pacs_data/pacs_data/photo/person/253_0237.jpg,6,1.000000
1475,pacs_data/pacs_data/photo/person/253_0238.jpg,6,1.000000
1476,pacs_data/pacs_data/photo/person/253_0239.jpg,6,1.000000
1477,pacs_data/pacs_data/photo/person/253_0240.jpg,6,1.000000
1478,pacs_data/pacs_data/photo/person/253_0241.jpg,6,1.000000
1479,pacs_data/pacs_data/photo/person/253_0242.jpg,6,1.000000
1480,pacs_data/pacs_data/photo/person/253_0243.jpg,6,1.000000
1481,pacs_data/pacs_data/photo/person/253_0244.jpg,6,1.000000
1482,pacs_data/pacs_data/photo/person/253_0245.jpg,6,1.000000
1483,pacs_data/pacs_data/photo/person/253_0246.jpg,6,1.000000
1484,pacs_data/pacs_data/photo/person/253_0247.jpg,6,1.000000
1485,pacs_data/pacs_data/photo/person/253_0248.jpg,6,1.000000
1486,pacs_data/pacs_data/photo/person/253_0249.jpg,6,1.000000
1487,pacs_data/pacs_data/photo/person/253_0250.jpg,6,1.000000
1488,pacs_data/pacs_data/photo/person/253_0251.jpg,6,1.000000
1489,pacs_data/pacs_data/photo/person/253_0252.jpg,6,1.000000
1490,pacs_data/pacs_data/photo/person/253_0253.jpg,6,1.000000
1491,pacs_data/pacs_data/photo/person/253_0254.jpg,6,1.000000
1492,pacs_data/pacs_data/photo/person/253_0255.jpg,6,1.000000
1493,pacs_data/pacs_data/photo/person/253_0256.jpg,6,1.000000
1494,pacs_data/pacs_data/photo/person/253_0257.jpg,6,1.000000
1495,pacs_data/pacs_data/photo/person/253_0258.jpg,6,1.000000
1496,pacs_data/pacs_data/photo/person/253_0259.jpg,6,1.000000
1497,pacs_data/pacs_data/photo/person/253_0260.jpg,6,1.000000
1498,pacs_data/pacs_data/photo/person/253_0261.jpg,6,1.000000
1499,pacs_data/pacs_data/photo/person/253_0262.jpg,6,1.000000
1500,pacs_data/pacs_data/photo/person/253_0263.jpg,6,1.000000
1501,pacs_data/pacs_data/photo/person/253_0264.jpg,6,1.000000
1502,pacs_data/pacs_data/photo/person/253_0265.jpg,6,1.000000
1503,pacs_data/pacs_data/photo/person/253_0266.jpg,6,1.000000
1504,pacs_data/pacs_data/photo/person/253_0267.jpg,6,1.000000
1505,pacs_data/pacs_data/photo/person/253_0268.jpg,6,1.000000
1506,pacs_data/pacs_data/photo/person/253_0269.jpg,6,1.000000
1507,pacs_data/pacs_data/photo/person/253_0270.jpg,6,1.000000
1508,pacs_data/pacs_data/photo/person/253_0271.jpg,6,1.000000
1509,pacs_data/pacs_data/photo/person/253_0272.jpg,6,1.000000
1510,pacs_data/pacs_data/photo/person/253_0273.jpg,6,1.000000
1511,pacs_data/pacs_data/photo/person/253_0274.jpg,6,1.000000
1512,pacs_data/pacs_data/photo/person/253_0275.jpg,6,1.000000
1513,pacs_data/pacs_data/photo/person/253_0276.jpg,6,1.000000
1514,pacs_data/pacs_data/photo/person/253_0277.jpg,6,1.000000
1515,pacs_data/pacs_data/photo/person/253_0278.jpg,6,1.000000
1516,pacs_data/pacs_data/photo/person/253_0279.jpg,6,1.000000
1517,pacs_data/pacs_data/photo/person/253_0280.jpg,6,1.000000
1518,pacs_data/pacs_data/photo/person/253_0281.jpg,6,1.000000
1519,pacs_data/pacs_data/photo/person/253_0282.jpg,6,1.000000
1520,pacs_data/pacs_data/photo/person/253_0283.jpg,6,1.000000
1521,pacs_data/pacs_data/photo/person/253_0284.jpg,6,1.000000
1522,pacs_data/pacs_data/photo/person/253_0285.jpg,6,1.000000
1523,pacs_data/pacs_data/photo/person/253_0286.jpg,6,1.000000
1524,pacs_data/pacs_data/photo/person/253_0287.jpg,6,1.000000
1525,pacs_data/pacs_data/photo/person/253_0288.jpg,6,1.000000
1526,pacs_data/pacs_data/photo/person/253_0289.jpg,6,1.000000
1527,pacs_data/pacs_data/photo/person/253_0290.jpg,6,1.000000
1528,pacs_data/pacs_data/photo/person/253_0291.jpg,6,1.000000
1529,pacs_data/pacs_data/photo/person/253_0292.jpg,6,1.000000
1530,pacs_data/pacs_data/photo/person/253_0293.jpg,6,1.000000
1531,pacs_data/pacs_data/photo/person/253_0294.jpg,6,1.000000
1532,pacs_data/pacs_data/photo/person/253_0295.jpg,6,1.000000
1533,pacs_data/pacs_data/photo/person/253_0296.jpg,6,1.000000
1534,pacs_data/pacs_data/photo/person/253_0297.jpg,6,1.000000
1535,pacs_data/pacs_data/photo/person/253_0298.jpg,6,1.000000
1536,pacs_data/pacs_data/photo/person/253_0299.jpg,6,0.999995
1537,pacs_data/pacs_data/photo/person/253_0300.jpg,6,0.999999
1538,pacs_data/pacs_data/photo/person/253_0301.jpg,6,0.999996
1539,pacs_data/pacs_data/photo/person/253_0302.jpg,6,0.999999
1540,pacs_data/pacs_data/photo/person/253_0303.jpg,6,0.999999
1541,pacs_data/pacs_data/photo/person/253_0304.jpg,6,0.999983
1542,pacs_data/pacs_data/photo/person/253_0305.jpg,6,0.999999
1543,pacs_data/pacs_data/photo/person/253_0306.jpg,6,0.999999
1544,pacs_data/pacs_data/photo/person/253_0307.jpg,6,1.000000
1545,pacs_data/pacs_data/photo/person/253_0308.jpg,6,1.000000
1546,pacs_data/pacs_data/photo/person/253_0309.jpg,6,1.000000
1547,pacs_data/pacs_data/photo/person/253_0310.jpg,6,1.000000
1548,pacs_data/pacs_data/photo/person/253_0311.jpg,6,0.999999
1549,pacs_data/pacs_data/photo/person/253_0312.jpg,6,1.000000
1550,pacs_data/pacs_data/photo/person/253_0313.jpg,6,0.999999
1551,pacs_data/pacs_data/photo/person/253_0314.jpg,6,1.000000
1552,pacs_data/pacs_data/photo/person/253_0315.jpg,6,1.000000
1553,pacs_data/pacs_data/photo/person/253_0316.jpg,6,0.999999
1554,pacs_data/pacs_data/photo/person/253_0317.jpg,6,0.999999
1555,pacs_data/pacs_data/photo/person/253_0318.jpg,6,1.000000
1556,pacs_data/pacs_data/photo/person/253_0319.jpg,6,0.999999
1557,pacs_data/pacs_data/photo/person/253_0320.jpg,6,0.999951
1558,pacs_data/pacs_data/photo/person/253_0321.jpg,6,1.000000
1559,pacs_data/pacs_data/photo/person/253_0322.jpg,6,0.999999
1560,pacs_data/pacs_data/photo/person/253_0323.jpg,6,0.999805
1561,pacs_data/pacs_data/photo/person/253_0324.jpg,6,0.999999
1562,pacs_data/pacs_data/photo/person/253_0325.jpg,6,0.999999
1563,pacs_data/pacs_data/photo/person/253_0326.jpg,6,0.999997
1564,pacs_data/pacs_data/photo/person/253_0327.jpg,6,1.000000
1565,pacs_data/pacs_data/photo/person/253_0328.jpg,6,1.000000
1566,pacs_data/pacs_data/photo/person/253_0329.jpg,6,1.000000
1567,pacs_data/pacs_data/photo/person/253_0330.jpg,6,1.000000
1568,pacs_data/pacs_data/photo/person/253_0331.jpg,6,0.999999
1569,pacs_data/pacs_data/photo/person/253_0332.jpg,6,1.000000
1570,pacs_data/pacs_data/photo/person/253_0333.jpg,6,1.000000
1571,pacs_data/pacs_data/photo/person/253_0334.jpg,6,1.000000
1572,pacs_data/pacs_data/photo/person/253_0335.jpg,6,0.999999
1573,pacs_data/pacs_data/photo/person/253_0336.jpg,6,0.999999
1574,pacs_data/pacs_data/photo/person/253_0337.jpg,6,1.000000
1575,pacs_data/pacs_data/photo/person/253_0338.jpg,6,0.999965
1576,pacs_data/pacs_data/photo/person/253_0339.jpg,6,1.000000
1577,pacs_data/pacs_data/photo/person/253_0340.jpg,6,1.000000
1578,pacs_data/pacs_data/photo/person/253_0341.jpg,6,0.999999
1579,pacs_data/pacs_data/photo/person/253_0342.jpg,6,0.999998
1580,pacs_data/pacs_data/photo/person/253_0343.jpg,6,1.000000
1581,pacs_data/pacs_data/photo/person/253_0344.jpg,6,1.000000
1582,pacs_data/pacs_data/photo/person/253_0345.jpg,6,0.999996
1583,pacs_data/pacs_data/photo/person/253_0346.jpg,6,0.999999
1584,pacs_data/pacs_data/photo/person/253_0347.jpg,6,0.999999
1585,pacs_data/pacs_data/photo/person/253_0348.jpg,6,1.000000
1586,pacs_data/pacs_data/photo/person/253_0349.jpg,6,1.000000
1587,pacs_data/pacs_data/photo/person/253_0350.jpg,6,1.000000
1588,pacs_data/pacs_data/photo/person/253_0351.jpg,6,1.000000
1589,pacs_data/pacs_data/photo/person/253_0352.jpg,6,0.999997
1590,pacs_data/pacs_data/photo/person/253_0353.jpg,6,1.000000
1591,pacs_data/pacs_data/photo/person/253_0354.jpg,6,1.000000
1592,pacs_data/pacs_data/photo/person/253_0355.jpg,6,0.999999
1593,pacs_data/pacs_data/photo/person/253_0356.jpg,6,0.999999
1594,pacs_data/pacs_data/photo/person/253_0357.jpg,6,0.999998
1595,pacs_data/pacs_data/photo/person/253_0358.jpg,6,1.000000
1596,pacs_data/pacs_data/photo/person/253_0359.jpg,6,0.999999
1597,pacs_data/pacs_data/photo/person/253_0360.jpg,6,1.000000
1598,pacs_data/pacs_data/photo/person/253_0361.jpg,6,0.999997
1599,pacs_data/pacs_data/photo/person/253_0362.jpg,6,1.000000
1600,pacs_data/pacs_data/photo/person/253_0363.jpg,6,0.999999
1601,pacs_data/pacs_data/photo/person/253_0364.jpg,6,0.999996
1602,pacs_data/pacs_data/photo/person/253_0365.jpg,6,0.999998
1603,pacs_data/pacs_data/photo/person/253_0366.jpg,6,1.000000
1604,pacs_data/pacs_data/photo/person/253_0367.jpg,6,1.000000
1605,pacs_data/pacs_data/photo/person/253_0368.jpg,6,1.000000
1606,pacs_data/pacs_data/photo/person/253_0369.jpg,6,1.000000
1607,pacs_data/pacs_data/photo/person/253_0370.jpg,6,0.999997
1608,pacs_data/pacs_data/photo/person/253_0371.jpg,6,0.999996
1609,pacs_data/pacs_data/photo/person/253_0372.jpg,6,1.000000
1610,pacs_data/pacs_data/photo/person/253_0373.jpg,6,0.999999
1611,pacs_data/pacs_data/photo/person/253_0374.jpg,6,1.000000
1612,pacs_data/pacs_data/photo/person/253_0375.jpg,6,0.999999
1613,pacs_data/pacs_data/photo/person/253_0376.jpg,6,0.999999
1614,pacs_data/pacs_data/photo/person/253_0377.jpg,6,1.000000
1615,pacs_data/pacs_data/photo/person/253_0378.jpg,6,1.000000
1616,pacs_data/pacs_data/photo/person/253_0379.jpg,6,1.000000
1617,pacs_data/pacs_data/photo/person/253_0380.jpg,6,0.999999
1618,pacs_data/pacs_data/photo/person/253_0381.jpg,6,1.000000
1619,pacs_data/pacs_data/photo/person/253_0382.jpg,6,0.999999
1620,pacs_data/pacs_data/photo/person/253_0383.jpg,6,0.999999
1621,pacs_data/pacs_data/photo/person/253_0384.jpg,6,1.000000
1622,pacs_data/pacs_data/photo/person/253_0385.jpg,6,1.000000
1623,pacs_data/pacs_data/photo/person/253_0386.jpg,6,0.999999
1624,pacs_data/pacs_data/photo/person/253_0387.jpg,6,1.000000
1625,pacs_data/pacs_data/photo/person/253_0388.jpg,6,0.999999
1626,pacs_data/pacs_data/photo/person/253_0390.jpg,6,0.999999
1627,pacs_data/pacs_data/photo/person/253_0393.jpg,6,0.999624
1628,pacs_data/pacs_data/photo/person/253_0394.jpg,6,1.000000
1629,pacs_data/pacs_data/photo/person/253_0395.jpg,6,1.000000
1630,pacs_data/pacs_data/photo/person/253_0396.jpg,6,1.000000
1631,pacs_data/pacs_data/photo/person/253_0397.jpg,6,0.999999
1632,pacs_data/pacs_data/photo/person/253_0398.jpg,6,0.999999
1633,pacs_data/pacs_data/photo/person/253_0399.jpg,6,0.999998
1634,pacs_data/pacs_data/photo/person/253_0400.jpg,6,1.000000
1635,pacs_data/pacs_data/photo/person/253_0401.jpg,6,0.999996
1636,pacs_data/pacs_data/photo/person/253_0402.jpg,6,0.999996
1637,pacs_data/pacs_data/photo/person/253_0403.jpg,6,0.999999
1638,pacs_data/pacs_data/photo/person/253_0404.jpg,6,1.000000
1639,pacs_data/pacs_data/photo/person/253_0405.jpg,6,0.999999
1640,pacs_data/pacs_data/photo/person/253_0406.jpg,6,1.000000
1641,pacs_data/pacs_data/photo/person/253_0407.jpg,6,1.000000
1642,pacs_data/pacs_data/photo/person/253_0408.jpg,6,0.999997
1643,pacs_data/pacs_data/photo/person/253_0409.jpg,6,0.999999
1644,pacs_data/pacs_data/photo/person/253_0410.jpg,6,0.999999
1645,pacs_data/pacs_data/photo/person/253_0411.jpg,6,0.999999
1646,pacs_data/pacs_data/photo/person/253_0412.jpg,6,0.999999
1647,pacs_data/pacs_data/photo/person/253_0413.jpg,6,1.000000
1648,pacs_data/pacs_data/photo/person/253_0414.jpg,6,1.000000
1649,pacs_data/pacs_data/photo/person/253_0415.jpg,6,1.000000
1650,pacs_data/pacs_data/photo/person/253_0416.jpg,6,1.000000
1651,pacs_data/pacs_data/photo/person/253_0417.jpg,6,1.000000
1652,pacs_data/pacs_data/photo/person/253_0418.jpg,6,1.000000
1653,pacs_data/pacs_data/photo/person/253_0419.jpg,6,1.000000
1654,pacs_data/pacs_data/photo/person/253_0420.jpg,6,1.000000
1655,pacs_data/pacs_data/photo/person/253_0421.jpg,6,0.999999
1656,pacs_data/pacs_data/photo/person/253_0422.jpg,6,0.999999
1657,pacs_data/pacs_data/photo/person/253_0423.jpg,6,0.999999
1658,pacs_data/pacs_data/photo/person/253_0424.jpg,6,0.999999
1659,pacs_data/pacs_data/photo/person/253_0425.jpg,6,1.000000
1660,pacs_data/pacs_data/photo/person/253_0426.jpg,6,0.999999
1661,pacs_data/pacs_data/photo/person/253_0427.jpg,6,0.999998
1662,pacs_data/pacs_data/photo/person/253_0428.jpg,6,1.000000
1663,pacs_data/pacs_data/photo/person/253_0429.jpg,6,0.999996
1664,pacs_data/pacs_data/photo/person/253_0430.jpg,6,1.000000
1665,pacs_data/pacs_data/photo/person/253_0431.jpg,6,1.000000
1666,pacs_data/pacs_data/photo/person/253_0432.jpg,6,1.000000
1667,pacs_data/pacs_data/photo/person/253_0433.jpg,6,0.999999
1668,pacs_data/pacs_data/photo/person/253_0434.jpg,6,0.999999
1669,pacs_data/pacs_data/photo/person/253_0435.jpg,6,1.000000
