cache_index,ref,label,cosine
0,sketch/n01443537/sketch_0.JPEG,0,1.000000
1,sketch/n01443537/sketch_1.JPEG,0,1.000000
2,sketch/n01443537/sketch_10.JPEG,0,1.000000
3,sketch/n01443537/sketch_11.JPEG,0,1.000000
4,sketch/n01443537/sketch_12.JPEG,0,1.000000
5,sketch/n01443537/sketch_13.JPEG,0,1.000000
6,sketch/n01443537/sketch_14.JPEG,0,1.000000
7,sketch/n01443537/sketch_15.JPEG,0,1.000000
8,sketch/n01443537/sketch_16.JPEG,0,1.000000
9,sketch/n01443537/sketch_17.JPEG,0,1.000000
10,sketch/n01443537/sketch_18.JPEG,0,1.000000
11,sketch/n01443537/sketch_19.JPEG,0,1.000000
12,sketch/n01443537/sketch_2.JPEG,0,1.000000
13,sketch/n01443537/sketch_20.JPEG,0,1.000000
14,sketch/n01443537/sketch_21.JPEG,0,1.000000
15,sketch/n01443537/sketch_22.JPEG,0,1.000000
16,sketch/n01443537/sketch_23.JPEG,0,1.000000
17,sketch/n01443537/sketch_24.JPEG,0,1.000000
18,sketch/n01443537/sketch_25.JPEG,0,1.000000
19,sketch/n01443537/sketch_26.JPEG,0,1.000000
20,sketch/n01443537/sketch_27.JPEG,0,1.000000
21,sketch/n01443537/sketch_28.JPEG,0,1.000000
22,sketch/n01443537/sketch_29.JPEG,0,1.000000
23,sketch/n01443537/sketch_3.JPEG,0,1.000000
24,sketch/n01443537/sketch_30.JPEG,0,1.000000
25,sketch/n01443537/sketch_31.JPEG,0,1.000000
26,sketch/n01443537/sketch_32.JPEG,0,1.000000
27,sketch/n01443537/sketch_33.JPEG,0,1.000000
28,sketch/n01443537/sketch_34.JPEG,0,1.000000
29,sketch/n01443537/sketch_35.JPEG,0,1.000000
30,sketch/n01443537/sketch_36.JPEG,0,1.000000
31,sketch/n01443537/sketch_37.JPEG,0,1.000000
32,sketch/n01443537/sketch_38.JPEG,0,1.000000
33,sketch/n01443537/sketch_39.JPEG,0,1.000000
34,sketch/n01443537/sketch_4.JPEG,0,1.000000
35,sketch/n01443537/sketch_40.JPEG,0,1.000000
36,sketch/n01443537/sketch_41.JPEG,0,1.000000
37,sketch/n01443537/sketch_42.JPEG,0,1.000000
38,sketch/n01443537/sketch_43.JPEG,0,1.000000
39,sketch/n01443537/sketch_44.JPEG,0,1.000000
40,sketch/n01443537/sketch_45.JPEG,0,1.000000
41,sketch/n01443537/sketch_46.JPEG,0,1.000000
42,sketch/n01443537/sketch_47.JPEG,0,1.000000
43,sketch/n01443537/sketch_48.JPEG,0,1.000000
44,sketch/n01443537/sketch_49.JPEG,0,1.000000
45,sketch/n01443537/sketch_5.JPEG,0,1.000000
46,sketch/n01443537/sketch_6.JPEG,0,1.000000
47,sketch/n01443537/sketch_7.JPEG,0,1.000000
48,sketch/n01443537/sketch_8.JPEG,0,1.000000
49,sketch/n01443537/sketch_9.JPEG,0,1.000000
50,sketch/n01484850/sketch_0.JPEG,1,1.000000
51,sketch/n01484850/sketch_1.JPEG,1,1.000000
52,sketch/n01484850/sketch_10.JPEG,1,1.000000
53,sketch/n01484850/sketch_11.JPEG,1,1.000000
54,sketch/n01484850/sketch_12.JPEG,1,1.000001
55,sketch/n01484850/sketch_13.JPEG,1,1.000000
56,sketch/n01484850/sketch_14.JPEG,1,1.000000
57,sketch/n01484850/sketch_15.JPEG,1,1.000000
58,sketch/n01484850/sketch_16.JPEG,1,1.000000
59,sketch/n01484850/sketch_17.JPEG,1,1.000000
60,sketch/n01484850/sketch_18.JPEG,1,1.000000
61,sketch/n01484850/sketch_19.JPEG,1,1.000000
62,sketch/n01484850/sketch_2.JPEG,1,1.000000
63,sketch/n01484850/sketch_20.JPEG,1,1.000000
64,sketch/n01484850/sketch_21.JPEG,1,1.000000
65,sketch/n01484850/sketch_22.JPEG,1,1.000000
66,sketch/n01484850/sketch_23.JPEG,1,1.000000
67,sketch/n01484850/sketch_24.JPEG,1,1.000000
68,sketch/n01484850/sketch_25.JPEG,1,1.000000
69,sketch/n01484850/sketch_26.JPEG,1,1.000000
70,sketch/n01484850/sketch_27.JPEG,1,1.000000
71,sketch/n01484850/sketch_28.JPEG,1,1.000000
72,sketch/n01484850/sketch_29.JPEG,1,1.000000
73,sketch/n01484850/sketch_3.JPEG,1,1.000000
74,sketch/n01484850/sketch_30.JPEG,1,1.000000
75,sketch/n01484850/sketch_31.JPEG,1,1.000000
76,sketch/n01484850/sketch_32.JPEG,1,1.000000
77,sketch/n01484850/sketch_33.JPEG,1,1.000000
78,sketch/n01484850/sketch_34.JPEG,1,1.000000
79,sketch/n01484850/sketch_35.JPEG,1,1.000000
80,sketch/n01484850/sketch_36.JPEG,1,1.000000
81,sketch/n01484850/sketch_37.JPEG,1,1.000000
82,sketch/n01484850/sketch_38.JPEG,1,1.000000
83,sketch/n01484850/sketch_39.JPEG,1,1.000000
84,sketch/n01484850/sketch_4.JPEG,1,1.000000
85,sketch/n01484850/sketch_40.JPEG,1,1.000000
86,sketch/n01484850/sketch_41.JPEG,1,1.000000
87,sketch/n01484850/sketch_42.JPEG,1,1.000001
88,sketch/n01484850/sketch_43.JPEG,1,1.000000
89,sketch/n01484850/sketch_44.JPEG,1,1.000000
90,sketch/n01484850/sketch_45.JPEG,1,1.000000
91,sketch/n01484850/sketch_46.JPEG,1,1.000001
92,sketch/n01484850/sketch_47.JPEG,1,1.000000
93,sketch/n01484850/sketch_48.JPEG,1,1.000000
94,sketch/n01484850/sketch_49.JPEG,1,1.000000
95,sketch/n01484850/sketch_5.JPEG,1,1.000000
96,sketch/n01484850/sketch_50.JPEG,1,1.000000
97,sketch/n01484850/sketch_6.JPEG,1,1.000000
98,sketch/n01484850/sketch_7.JPEG,1,1.000000
99,sketch/n01484850/sketch_8.JPEG,1,1.000000
100,sketch/n01484850/sketch_9.JPEG,1,1.000000
101,sketch/n01494475/sketch_0.JPEG,2,1.000000
102,sketch/n01494475/sketch_1.JPEG,2,1.000000
103,sketch/n01494475/sketch_10.JPEG,2,1.000000
104,sketch/n01494475/sketch_11.JPEG,2,1.000000
105,sketch/n01494475/sketch_12.JPEG,2,1.000000
106,sketch/n01494475/sketch_13.JPEG,2,1.000000
107,sketch/n01494475/sketch_14.JPEG,2,1.000000
108,sketch/n01494475/sketch_15.JPEG,2,1.000000
109,sketch/n01494475/sketch_16.JPEG,2,1.000000
110,sketch/n01494475/sketch_17.JPEG,2,1.000000
111,sketch/n01494475/sketch_18.JPEG,2,1.000000
112,sketch/n01494475/sketch_19.JPEG,2,1.000000
113,sketch/n01494475/sketch_2.JPEG,2,1.000000
114,sketch/n01494475/sketch_20.JPEG,2,1.000000
115,sketch/n01494475/sketch_21.JPEG,2,1.000000
116,sketch/n01494475/sketch_22.JPEG,2,1.000000
117,sketch/n01494475/sketch_23.JPEG,2,1.000000
118,sketch/n01494475/sketch_24.JPEG,2,1.000000
119,sketch/n01494475/sketch_25.JPEG,2,1.000000
120,sketch/n01494475/sketch_26.JPEG,2,1.000000
121,sketch/n01494475/sketch_27.JPEG,2,1.000000
122,sketch/n01494475/sketch_28.JPEG,2,1.000000
123,sketch/n01494475/sketch_29.JPEG,2,1.000000
124,sketch/n01494475/sketch_3.JPEG,2,1.000000
125,sketch/n01494475/sketch_30.JPEG,2,1.000000
126,sketch/n01494475/sketch_31.JPEG,2,1.000000
127,sketch/n01494475/sketch_32.JPEG,2,1.000000
128,sketch/n01494475/sketch_33.JPEG,2,1.000000
129,sketch/n01494475/sketch_34.JPEG,2,1.000000
130,sketch/n01494475/sketch_35.JPEG,2,1.000000
131,sketch/n01494475/sketch_36.JPEG,2,1.000000
132,sketch/n01494475/sketch_37.JPEG,2,1.000000
133,sketch/n01494475/sketch_38.JPEG,2,1.000000
134,sketch/n01494475/sketch_39.JPEG,2,1.000000
135,sketch/n01494475/sketch_4.JPEG,2,1.000000
136,sketch/n01494475/sketch_40.JPEG,2,1.000000
137,sketch/n01494475/sketch_41.JPEG,2,1.000000
138,sketch/n01494475/sketch_42.JPEG,2,1.000000
139,sketch/n01494475/sketch_43.JPEG,2,1.000000
140,sketch/n01494475/sketch_44.JPEG,2,1.000000
141,sketch/n01494475/sketch_45.JPEG,2,1.000000
142,sketch/n01494475/sketch_46.JPEG,2,1.000000
143,sketch/n01494475/sketch_47.JPEG,2,1.000000
144,sketch/n01494475/sketch_48.JPEG,2,1.000000
145,sketch/n01494475/sketch_49.JPEG,2,1.000000
146,sketch/n01494475/sketch_5.JPEG,2,1.000000
147,sketch/n01494475/sketch_50.JPEG,2,1.000000
148,sketch/n01494475/sketch_6.JPEG,2,1.000000
149,sketch/n01494475/sketch_7.JPEG,2,1.000000
150,sketch/n01494475/sketch_8.JPEG,2,1.000000
151,sketch/n01494475/sketch_9.JPEG,2,0.999999
152,sketch/n01498041/sketch_0.JPEG,3,1.000000
153,sketch/n01498041/sketch_1.JPEG,3,1.000000
154,sketch/n01498041/sketch_10.JPEG,3,1.000000
155,sketch/n01498041/sketch_11.JPEG,3,1.000000
156,sketch/n01498041/sketch_12.JPEG,3,1.000000
157,sketch/n01498041/sketch_13.JPEG,3,1.000000
158,sketch/n01498041/sketch_14.JPEG,3,1.000000
159,sketch/n01498041/sketch_15.JPEG,3,1.000000
160,sketch/n01498041/sketch_16.JPEG,3,1.000000
161,sketch/n01498041/sketch_17.JPEG,3,1.000000
162,sketch/n01498041/sketch_18.JPEG,3,1.000000
163,sketch/n01498041/sketch_19.JPEG,3,1.000000
164,sketch/n01498041/sketch_2.JPEG,3,1.000000
165,sketch/n01498041/sketch_20.JPEG,3,1.000000
166,sketch/n01498041/sketch_21.JPEG,3,1.000000
167,sketch/n01498041/sketch_22.JPEG,3,1.000000
168,sketch/n01498041/sketch_23.JPEG,3,1.000000
169,sketch/n01498041/sketch_24.JPEG,3,1.000000
170,sketch/n01498041/sketch_25.JPEG,3,1.000000
171,sketch/n01498041/sketch_26.JPEG,3,1.000000
172,sketch/n01498041/sketch_27.JPEG,3,1.000000
173,sketch/n01498041/sketch_28.JPEG,3,1.000000
174,sketch/n01498041/sketch_29.JPEG,3,1.000000
175,sketch/n01498041/sketch_3.JPEG,3,1.000000
176,sketch/n01498041/sketch_30.JPEG,3,1.000000
177,sketch/n01498041/sketch_31.JPEG,3,1.000000
178,sketch/n01498041/sketch_32.JPEG,3,1.000000
179,sketch/n01498041/sketch_33.JPEG,3,1.000000
180,sketch/n01498041/sketch_34.JPEG,3,1.000000
181,sketch/n01498041/sketch_35.JPEG,3,1.000001
182,sketch/n01498041/sketch_36.JPEG,3,1.000000
183,sketch/n01498041/sketch_37.JPEG,3,1.000000
184,sketch/n01498041/sketch_38.JPEG,3,1.000000
185,sketch/n01498041/sketch_39.JPEG,3,1.000000
186,sketch/n01498041/sketch_4.JPEG,3,1.000000
187,sketch/n01498041/sketch_40.JPEG,3,1.000000
188,sketch/n01498041/sketch_41.JPEG,3,1.000000
189,sketch/n01498041/sketch_42.JPEG,3,1.000000
190,sketch/n01498041/sketch_43.JPEG,3,1.000000
191,sketch/n01498041/sketch_44.JPEG,3,1.000000
192,sketch/n01498041/sketch_45.JPEG,3,1.000000
193,sketch/n01498041/sketch_46.JPEG,3,1.000000
194,sketch/n01498041/sketch_47.JPEG,3,1.000000
195,sketch/n01498041/sketch_48.JPEG,3,1.000000
196,sketch/n01498041/sketch_49.JPEG,3,1.000000
197,sketch/n01498041/sketch_5.JPEG,3,1.000000
198,sketch/n01498041/sketch_50.JPEG,3,1.000000
199,sketch/n01498041/sketch_6.JPEG,3,1.000000
200,sketch/n01498041/sketch_7.JPEG,3,1.000000
201,sketch/n01498041/sketch_8.JPEG,3,1.000000
202,sketch/n01498041/sketch_9.JPEG,3,1.000000
203,sketch/n01514859/sketch_0.JPEG,4,1.000000
204,sketch/n01514859/sketch_1.JPEG,4,1.000000
205,sketch/n01514859/sketch_10.JPEG,4,1.000000
206,sketch/n01514859/sketch_11.JPEG,4,1.000000
207,sketch/n01514859/sketch_12.JPEG,4,1.000000
208,sketch/n01514859/sketch_13.JPEG,4,1.000000
209,sketch/n01514859/sketch_14.JPEG,4,1.000000
210,sketch/n01514859/sketch_15.JPEG,4,1.000000
211,sketch/n01514859/sketch_16.JPEG,4,1.000000
212,sketch/n01514859/sketch_17.JPEG,4,1.000000
213,sketch/n01514859/sketch_18.JPEG,4,1.000000
214,sketch/n01514859/sketch_19.JPEG,4,1.000000
215,sketch/n01514859/sketch_2.JPEG,4,1.000000
216,sketch/n01514859/sketch_20.JPEG,4,1.000000
217,sketch/n01514859/sketch_21.JPEG,4,0.999999
218,sketch/n01514859/sketch_22.JPEG,4,1.000000
219,sketch/n01514859/sketch_23.JPEG,4,1.000000
220,sketch/n01514859/sketch_24.JPEG,4,1.000000
221,sketch/n01514859/sketch_25.JPEG,4,1.000000
222,sketch/n01514859/sketch_26.JPEG,4,1.000000
223,sketch/n01514859/sketch_27.JPEG,4,1.000000
224,sketch/n01514859/sketch_28.JPEG,4,1.000000
225,sketch/n01514859/sketch_29.JPEG,4,1.000000
226,sketch/n01514859/sketch_3.JPEG,4,1.000000
227,sketch/n01514859/sketch_30.JPEG,4,1.000000
228,sketch/n01514859/sketch_31.JPEG,4,1.000000
229,sketch/n01514859/sketch_32.JPEG,4,1.000000
230,sketch/n01514859/sketch_33.JPEG,4,1.000000
231,sketch/n01514859/sketch_34.JPEG,4,1.000000
232,sketch/n01514859/sketch_35.JPEG,4,1.000000
233,sketch/n01514859/sketch_36.JPEG,4,1.000000
234,sketch/n01514859/sketch_37.JPEG,4,1.000000
235,sketch/n01514859/sketch_38.JPEG,4,1.000000
236,sketch/n01514859/sketch_39.JPEG,4,1.000000
237,sketch/n01514859/sketch_4.JPEG,4,1.000000
238,sketch/n01514859/sketch_40.JPEG,4,1.000000
239,sketch/n01514859/sketch_41.JPEG,4,1.000000
240,sketch/n01514859/sketch_42.JPEG,4,1.000000
241,sketch/n01514859/sketch_43.JPEG,4,1.000000
242,sketch/n01514859/sketch_44.JPEG,4,1.000000
243,sketch/n01514859/sketch_45.JPEG,4,1.000000
244,sketch/n01514859/sketch_46.JPEG,4,1.000000
245,sketch/n01514859/sketch_47.JPEG,4,1.000000
246,sketch/n01514859/sketch_48.JPEG,4,0.999999
247,sketch/n01514859/sketch_49.JPEG,4,1.000000
248,sketch/n01514859/sketch_5.JPEG,4,1.000000
249,sketch/n01514859/sketch_50.JPEG,4,1.000000
250,sketch/n01514859/sketch_6.JPEG,4,1.000000
251,sketch/n01514859/sketch_7.JPEG,4,1.000000
252,sketch/n01514859/sketch_8.JPEG,4,1.000000
253,sketch/n01514859/sketch_9.JPEG,4,1.000000
254,sketch/n01518878/sketch_0.JPEG,5,1.000000
255,sketch/n01518878/sketch_1.JPEG,5,1.000000
256,sketch/n01518878/sketch_10.JPEG,5,1.000000
257,sketch/n01518878/sketch_11.JPEG,5,1.000000
258,sketch/n01518878/sketch_12.JPEG,5,1.000000
259,sketch/n01518878/sketch_13.JPEG,5,1.000000
260,sketch/n01518878/sketch_14.JPEG,5,1.000000
261,sketch/n01518878/sketch_15.JPEG,5,1.000000
262,sketch/n01518878/sketch_16.JPEG,5,1.000000
263,sketch/n01518878/sketch_17.JPEG,5,1.000000
264,sketch/n01518878/sketch_18.JPEG,5,1.000000
265,sketch/n01518878/sketch_19.JPEG,5,1.000000
266,sketch/n01518878/sketch_2.JPEG,5,1.000000
267,sketch/n01518878/sketch_20.JPEG,5,1.000000
268,sketch/n01518878/sketch_21.JPEG,5,1.000000
269,sketch/n01518878/sketch_22.JPEG,5,1.000000
270,sketch/n01518878/sketch_23.JPEG,5,1.000000
271,sketch/n01518878/sketch_24.JPEG,5,1.000000
272,sketch/n01518878/sketch_25.JPEG,5,1.000000
273,sketch/n01518878/sketch_26.JPEG,5,1.000000
274,sketch/n01518878/sketch_27.JPEG,5,1.000000
275,sketch/n01518878/sketch_28.JPEG,5,1.000000
276,sketch/n01518878/sketch_29.JPEG,5,1.000000
277,sketch/n01518878/sketch_3.JPEG,5,1.000000
278,sketch/n01518878/sketch_30.JPEG,5,1.000000
279,sketch/n01518878/sketch_31.JPEG,5,1.000000
280,sketch/n01518878/sketch_32.JPEG,5,1.000000
281,sketch/n01518878/sketch_33.JPEG,5,1.000000
282,sketch/n01518878/sketch_34.JPEG,5,1.000000
283,sketch/n01518878/sketch_35.JPEG,5,1.000000
284,sketch/n01518878/sketch_36.JPEG,5,1.000000
285,sketch/n01518878/sketch_37.JPEG,5,1.000000
286,sketch/n01518878/sketch_38.JPEG,5,1.000000
287,sketch/n01518878/sketch_39.JPEG,5,1.000000
288,sketch/n01518878/sketch_4.JPEG,5,1.000000
289,sketch/n01518878/sketch_40.JPEG,5,1.000000
290,sketch/n01518878/sketch_41.JPEG,5,1.000000
291,sketch/n01518878/sketch_42.JPEG,5,1.000000
292,sketch/n01518878/sketch_43.JPEG,5,1.000000
293,sketch/n01518878/sketch_44.JPEG,5,1.000000
294,sketch/n01518878/sketch_45.JPEG,5,1.000000
295,sketch/n01518878/sketch_46.JPEG,5,1.000000
296,sketch/n01518878/sketch_47.JPEG,5,1.000000
297,sketch/n01518878/sketch_48.JPEG,5,1.000000
298,sketch/n01518878/sketch_49.JPEG,5,1.000000
299,sketch/n01518878/sketch_5.JPEG,5,1.000000
300,sketch/n01518878/sketch_50.JPEG,5,1.000000
301,sketch/n01518878/sketch_6.JPEG,5,1.000000
302,sketch/n01518878/sketch_7.JPEG,5,0.999999
303,sketch/n01518878/sketch_8.JPEG,5,1.000000
304,sketch/n01518878/sketch_9.JPEG,5,1.000000
305,sketch/n01531178/sketch_0.JPEG,6,1.000000
306,sketch/n01531178/sketch_1.JPEG,6,1.000000
307,sketch/n01531178/sketch_10.JPEG,6,1.000000
308,sketch/n01531178/sketch_11.JPEG,6,1.000000
309,sketch/n01531178/sketch_12.JPEG,6,1.000000
310,sketch/n01531178/sketch_13.JPEG,6,1.000000
311,sketch/n01531178/sketch_14.JPEG,6,1.000000
312,sketch/n01531178/sketch_15.JPEG,6,1.000000
313,sketch/n01531178/sketch_16.JPEG,6,1.000000
314,sketch/n01531178/sketch_17.JPEG,6,1.000000
315,sketch/n01531178/sketch_18.JPEG,6,1.000000
316,sketch/n01531178/sketch_19.JPEG,6,1.000000
317,sketch/n01531178/sketch_2.JPEG,6,1.000000
318,sketch/n01531178/sketch_20.JPEG,6,1.000000
319,sketch/n01531178/sketch_21.JPEG,6,1.000000
320,sketch/n01531178/sketch_22.JPEG,6,1.000000
321,sketch/n01531178/sketch_23.JPEG,6,1.000000
322,sketch/n01531178/sketch_24.JPEG,6,1.000000
323,sketch/n01531178/sketch_25.JPEG,6,1.000000
324,sketch/n01531178/sketch_26.JPEG,6,1.000000
325,sketch/n01531178/sketch_27.JPEG,6,1.000000
326,sketch/n01531178/sketch_28.JPEG,6,1.000000
327,sketch/n01531178/sketch_29.JPEG,6,1.000000
328,sketch/n01531178/sketch_3.JPEG,6,1.000000
329,sketch/n01531178/sketch_30.JPEG,6,1.000000
330,sketch/n01531178/sketch_31.JPEG,6,1.000000
331,sketch/n01531178/sketch_32.JPEG,6,1.000000
332,sketch/n01531178/sketch_33.JPEG,6,1.000000
333,sketch/n01531178/sketch_34.JPEG,6,1.000000
334,sketch/n01531178/sketch_35.JPEG,6,1.000000
335,sketch/n01531178/sketch_36.JPEG,6,1.000000
336,sketch/n01531178/sketch_37.JPEG,6,1.000000
337,sketch/n01531178/sketch_38.JPEG,6,1.000000
338,sketch/n01531178/sketch_39.JPEG,6,1.000000
339,sketch/n01531178/sketch_4.JPEG,6,1.000000
340,sketch/n01531178/sketch_40.JPEG,6,1.000000
341,sketch/n01531178/sketch_41.JPEG,6,1.000000
342,sketch/n01531178/sketch_42.JPEG,6,1.000000
343,sketch/n01531178/sketch_43.JPEG,6,1.000000
344,sketch/n01531178/sketch_44.JPEG,6,1.000000
345,sketch/n01531178/sketch_45.JPEG,6,1.000000
346,sketch/n01531178/sketch_46.JPEG,6,1.000000
347,sketch/n01531178/sketch_47.JPEG,6,1.000000
348,sketch/n01531178/sketch_48.JPEG,6,1.000000
349,sketch/n01531178/sketch_49.JPEG,6,1.000000
350,sketch/n01531178/sketch_5.JPEG,6,1.000000
351,sketch/n01531178/sketch_50.JPEG,6,1.000000
352,sketch/n01531178/sketch_6.JPEG,6,1.000000
353,sketch/n01531178/sketch_7.JPEG,6,1.000000
354,sketch/n01531178/sketch_8.JPEG,6,1.000000
355,sketch/n01531178/sketch_9.JPEG,6,1.000001
356,sketch/n01534433/sketch_0.JPEG,7,1.000000
357,sketch/n01534433/sketch_1.JPEG,7,1.000000
358,sketch/n01534433/sketch_10.JPEG,7,1.000000
359,sketch/n01534433/sketch_11.JPEG,7,1.000000
360,sketch/n01534433/sketch_12.JPEG,7,1.000000
361,sketch/n01534433/sketch_13.JPEG,7,1.000000
362,sketch/n01534433/sketch_14.JPEG,7,1.000000
363,sketch/n01534433/sketch_15.JPEG,7,1.000000
364,sketch/n01534433/sketch_16.JPEG,7,1.000000
365,sketch/n01534433/sketch_17.JPEG,7,1.000000
366,sketch/n01534433/sketch_18.JPEG,7,1.000000
367,sketch/n01534433/sketch_19.JPEG,7,1.000000
368,sketch/n01534433/sketch_2.JPEG,7,1.000000
369,sketch/n01534433/sketch_20.JPEG,7,1.000000
370,sketch/n01534433/sketch_21.JPEG,7,1.000000
371,sketch/n01534433/sketch_22.JPEG,7,1.000000
372,sketch/n01534433/sketch_23.JPEG,7,1.000000
373,sketch/n01534433/sketch_24.JPEG,7,1.000000
374,sketch/n01534433/sketch_25.JPEG,7,1.000000
375,sketch/n01534433/sketch_26.JPEG,7,1.000000
376,sketch/n01534433/sketch_27.JPEG,7,1.000000
377,sketch/n01534433/sketch_28.JPEG,7,1.000000
378,sketch/n01534433/sketch_29.JPEG,7,1.000000
379,sketch/n01534433/sketch_3.JPEG,7,1.000000
380,sketch/n01534433/sketch_30.JPEG,7,1.000000
381,sketch/n01534433/sketch_31.JPEG,7,1.000000
382,sketch/n01534433/sketch_32.JPEG,7,1.000000
383,sketch/n01534433/sketch_33.JPEG,7,1.000000
384,sketch/n01534433/sketch_34.JPEG,7,1.000000
385,sketch/n01534433/sketch_35.JPEG,7,1.000000
386,sketch/n01534433/sketch_36.JPEG,7,1.000000
387,sketch/n01534433/sketch_37.JPEG,7,1.000000
388,sketch/n01534433/sketch_38.JPEG,7,1.000000
389,sketch/n01534433/sketch_39.JPEG,7,1.000000
390,sketch/n01534433/sketch_4.JPEG,7,1.000000
391,sketch/n01534433/sketch_40.JPEG,7,1.000000
392,sketch/n01534433/sketch_41.JPEG,7,1.000000
393,sketch/n01534433/sketch_42.JPEG,7,1.000000
394,sketch/n01534433/sketch_43.JPEG,7,1.000000
395,sketch/n01534433/sketch_44.JPEG,7,1.000000
396,sketch/n01534433/sketch_45.JPEG,7,1.000000
397,sketch/n01534433/sketch_46.JPEG,7,1.000000
398,sketch/n01534433/sketch_47.JPEG,7,1.000000
399,sketch/n01534433/sketch_48.JPEG,7,1.000000
400,sketch/n01534433/sketch_49.JPEG,7,1.000000
401,sketch/n01534433/sketch_5.JPEG,7,1.000000
402,sketch/n01534433/sketch_50.JPEG,7,1.000000
403,sketch/n01534433/sketch_6.JPEG,7,1.000000
404,sketch/n01534433/sketch_7.JPEG,7,1.000000
405,sketch/n01534433/sketch_8.JPEG,7,1.000000
406,sketch/n01534433/sketch_9.JPEG,7,1.000000
407,sketch/n01614925/sketch_0.JPEG,8,1.000000
408,sketch/n01614925/sketch_1.JPEG,8,1.000000
409,sketch/n01614925/sketch_10.JPEG,8,1.000000
410,sketch/n01614925/sketch_11.JPEG,8,1.000000
411,sketch/n01614925/sketch_12.JPEG,8,1.000000
412,sketch/n01614925/sketch_13.JPEG,8,1.000000
413,sketch/n01614925/sketch_14.JPEG,8,1.000000
414,sketch/n01614925/sketch_15.JPEG,8,1.000000
415,sketch/n01614925/sketch_16.JPEG,8,1.000000
416,sketch/n01614925/sketch_17.JPEG,8,1.000000
417,sketch/n01614925/sketch_18.JPEG,8,1.000000
418,sketch/n01614925/sketch_19.JPEG,8,1.000000
419,sketch/n01614925/sketch_2.JPEG,8,1.000000
420,sketch/n01614925/sketch_20.JPEG,8,1.000000
421,sketch/n01614925/sketch_21.JPEG,8,1.000000
422,sketch/n01614925/sketch_22.JPEG,8,1.000000
423,sketch/n01614925/sketch_23.JPEG,8,1.000000
424,sketch/n01614925/sketch_24.JPEG,8,1.000000
425,sketch/n01614925/sketch_25.JPEG,8,1.000000
426,sketch/n01614925/sketch_26.JPEG,8,1.000000
427,sketch/n01614925/sketch_27.JPEG,8,1.000000
428,sketch/n01614925/sketch_28.JPEG,8,1.000000
429,sketch/n01614925/sketch_29.JPEG,8,1.000000
430,sketch/n01614925/sketch_3.JPEG,8,1.000000
431,sketch/n01614925/sketch_30.JPEG,8,1.000000
432,sketch/n01614925/sketch_31.JPEG,8,1.000000
433,sketch/n01614925/sketch_32.JPEG,8,1.000000
434,sketch/n01614925/sketch_33.JPEG,8,1.000000
435,sketch/n01614925/sketch_34.JPEG,8,1.000000
436,sketch/n01614925/sketch_35.JPEG,8,1.000000
437,sketch/n01614925/sketch_36.JPEG,8,1.000000
438,sketch/n01614925/sketch_37.JPEG,8,1.000000
439,sketch/n01614925/sketch_38.JPEG,8,1.000000
440,sketch/n01614925/sketch_39.JPEG,8,1.000000
441,sketch/n01614925/sketch_4.JPEG,8,1.000000
442,sketch/n01614925/sketch_40.JPEG,8,1.000000
443,sketch/n01614925/sketch_41.JPEG,8,1.000000
444,sketch/n01614925/sketch_42.JPEG,8,1.000000
445,sketch/n01614925/sketch_43.JPEG,8,1.000000
446,sketch/n01614925/sketch_44.JPEG,8,1.000000
447,sketch/n01614925/sketch_45.JPEG,8,1.000000
448,sketch/n01614925/sketch_46.JPEG,8,1.000000
449,sketch/n01614925/sketch_47.JPEG,8,1.000000
450,sketch/n01614925/sketch_48.JPEG,8,1.000001
451,sketch/n01614925/sketch_49.JPEG,8,1.000000
452,sketch/n01614925/sketch_5.JPEG,8,1.000000
453,sketch/n01614925/sketch_50.JPEG,8,1.000000
454,sketch/n01614925/sketch_6.JPEG,8,1.000000
455,sketch/n01614925/sketch_7.JPEG,8,1.000000
456,sketch/n01614925/sketch_8.JPEG,8,1.000000
457,sketch/n01614925/sketch_9.JPEG,8,1.000000
458,sketch/n01616318/sketch_0.JPEG,9,1.000000
459,sketch/n01616318/sketch_1.JPEG,9,1.000000
460,sketch/n01616318/sketch_10.JPEG,9,1.000000
461,sketch/n01616318/sketch_11.JPEG,9,1.000000
462,sketch/n01616318/sketch_12.JPEG,9,1.000000
463,sketch/n01616318/sketch_13.JPEG,9,1.000000
464,sketch/n01616318/sketch_14.JPEG,9,1.000000
465,sketch/n01616318/sketch_15.JPEG,9,1.000000
466,sketch/n01616318/sketch_16.JPEG,9,1.000000
467,sketch/n01616318/sketch_17.JPEG,9,1.000000
468,sketch/n01616318/sketch_18.JPEG,9,1.000000
469,sketch/n01616318/sketch_19.JPEG,9,1.000000
470,sketch/n01616318/sketch_2.JPEG,9,1.000000
471,sketch/n01616318/sketch_20.JPEG,9,1.000000
472,sketch/n01616318/sketch_21.JPEG,9,1.000000
473,sketch/n01616318/sketch_22.JPEG,9,1.000000
474,sketch/n01616318/sketch_23.JPEG,9,1.000000
475,sketch/n01616318/sketch_24.JPEG,9,1.000000
476,sketch/n01616318/sketch_25.JPEG,9,1.000000
477,sketch/n01616318/sketch_26.JPEG,9,1.000000
478,sketch/n01616318/sketch_27.JPEG,9,1.000000
479,sketch/n01616318/sketch_28.JPEG,9,1.000000
480,sketch/n01616318/sketch_29.JPEG,9,1.000000
481,sketch/n01616318/sketch_3.JPEG,9,1.000000
482,sketch/n01616318/sketch_30.JPEG,9,1.000000
483,sketch/n01616318/sketch_31.JPEG,9,1.000000
484,sketch/n01616318/sketch_32.JPEG,9,1.000000
485,sketch/n01616318/sketch_33.JPEG,9,1.000000
486,sketch/n01616318/sketch_34.JPEG,9,1.000000
487,sketch/n01616318/sketch_35.JPEG,9,1.000000
488,sketch/n01616318/sketch_36.JPEG,9,1.000000
489,sketch/n01616318/sketch_37.JPEG,9,1.000000
490,sketch/n01616318/sketch_38.JPEG,9,1.000000
491,sketch/n01616318/sketch_39.JPEG,9,1.000000
492,sketch/n01616318/sketch_4.JPEG,9,1.000000
493,sketch/n01616318/sketch_40.JPEG,9,1.000000
494,sketch/n01616318/sketch_41.JPEG,9,1.000000
495,sketch/n01616318/sketch_42.JPEG,9,1.000000
496,sketch/n01616318/sketch_43.JPEG,9,1.000000
497,sketch/n01616318/sketch_44.JPEG,9,1.000000
498,sketch/n01616318/sketch_45.JPEG,9,1.000000
499,sketch/n01616318/sketch_46.JPEG,9,1.000000
500,sketch/n01616318/sketch_47.JPEG,9,1.000000
501,sketch/n01616318/sketch_48.JPEG,9,1.000000
502,sketch/n01616318/sketch_49.JPEG,9,1.000000
503,sketch/n01616318/sketch_5.JPEG,9,1.000000
504,sketch/n01616318/sketch_50.JPEG,9,1.000000
505,sketch/n01616318/sketch_6.JPEG,9,1.000000
506,sketch/n01616318/sketch_7.JPEG,9,1.000000
507,sketch/n01616318/sketch_8.JPEG,9,1.000000
508,sketch/n01616318/sketch_9.JPEG,9,1.000000
509,sketch/n01630670/sketch_0.JPEG,10,1.000000
510,sketch/n01630670/sketch_1.JPEG,10,1.000000
511,sketch/n01630670/sketch_10.JPEG,10,1.000000
512,sketch/n01630670/sketch_11.JPEG,10,1.000000
513,sketch/n01630670/sketch_12.JPEG,10,1.000000
514,sketch/n01630670/sketch_13.JPEG,10,1.000000
515,sketch/n01630670/sketch_14.JPEG,10,1.000000
516,sketch/n01630670/sketch_15.JPEG,10,1.000000
517,sketch/n01630670/sketch_16.JPEG,10,1.000000
518,sketch/n01630670/sketch_17.JPEG,10,1.000000
519,sketch/n01630670/sketch_18.JPEG,10,1.000000
520,sketch/n01630670/sketch_19.JPEG,10,1.000000
521,sketch/n01630670/sketch_2.JPEG,10,1.000000
522,sketch/n01630670/sketch_20.JPEG,10,1.000000
523,sketch/n01630670/sketch_21.JPEG,10,1.000000
524,sketch/n01630670/sketch_22.JPEG,10,1.000000
525,sketch/n01630670/sketch_23.JPEG,10,1.000000
526,sketch/n01630670/sketch_24.JPEG,10,1.000000
527,sketch/n01630670/sketch_25.JPEG,10,1.000000
528,sketch/n01630670/sketch_26.JPEG,10,1.000000
529,sketch/n01630670/sketch_27.JPEG,10,1.000000
530,sketch/n01630670/sketch_28.JPEG,10,1.000000
531,sketch/n01630670/sketch_29.JPEG,10,1.000000
532,sketch/n01630670/sketch_3.JPEG,10,1.000000
533,sketch/n01630670/sketch_30.JPEG,10,1.000000
534,sketch/n01630670/sketch_31.JPEG,10,1.000000
535,sketch/n01630670/sketch_32.JPEG,10,1.000000
536,sketch/n01630670/sketch_33.JPEG,10,1.000000
537,sketch/n01630670/sketch_34.JPEG,10,1.000000
538,sketch/n01630670/sketch_35.JPEG,10,1.000000
539,sketch/n01630670/sketch_36.JPEG,10,1.000000
540,sketch/n01630670/sketch_37.JPEG,10,1.000000
541,sketch/n01630670/sketch_38.JPEG,10,1.000000
542,sketch/n01630670/sketch_39.JPEG,10,1.000000
543,sketch/n01630670/sketch_4.JPEG,10,1.000000
544,sketch/n01630670/sketch_40.JPEG,10,1.000000
545,sketch/n01630670/sketch_41.JPEG,10,1.000000
546,sketch/n01630670/sketch_42.JPEG,10,1.000000
547,sketch/n01630670/sketch_43.JPEG,10,1.000000
548,sketch/n01630670/sketch_44.JPEG,10,1.000000
549,sketch/n01630670/sketch_45.JPEG,10,1.000000
550,sketch/n01630670/sketch_46.JPEG,10,1.000000
551,sketch/n01630670/sketch_47.JPEG,10,1.000000
552,sketch/n01630670/sketch_48.JPEG,10,1.000000
553,sketch/n01630670/sketch_49.JPEG,10,1.000000
554,sketch/n01630670/sketch_5.JPEG,10,1.000000
555,sketch/n01630670/sketch_50.JPEG,10,1.000000
556,sketch/n01630670/sketch_6.JPEG,10,1.000000
557,sketch/n01630670/sketch_7.JPEG,10,1.000000
558,sketch/n01630670/sketch_8.JPEG,10,1.000000
559,sketch/n01630670/sketch_9.JPEG,10,1.000000
560,sketch/n01632777/sketch_0.JPEG,11,1.000000
561,sketch/n01632777/sketch_1.JPEG,11,1.000000
562,sketch/n01632777/sketch_10.JPEG,11,1.000000
563,sketch/n01632777/sketch_11.JPEG,11,1.000000
564,sketch/n01632777/sketch_12.JPEG,11,1.000000
565,sketch/n01632777/sketch_13.JPEG,11,1.000000
566,sketch/n01632777/sketch_14.JPEG,11,1.000000
567,sketch/n01632777/sketch_15.JPEG,11,1.000000
568,sketch/n01632777/sketch_16.JPEG,11,1.000000
569,sketch/n01632777/sketch_17.JPEG,11,0.999999
570,sketch/n01632777/sketch_18.JPEG,11,1.000000
571,sketch/n01632777/sketch_19.JPEG,11,1.000000
572,sketch/n01632777/sketch_2.JPEG,11,1.000000
573,sketch/n01632777/sketch_20.JPEG,11,1.000000
574,sketch/n01632777/sketch_21.JPEG,11,0.999999
575,sketch/n01632777/sketch_22.JPEG,11,1.000000
576,sketch/n01632777/sketch_23.JPEG,11,0.999999
577,sketch/n01632777/sketch_24.JPEG,11,1.000000
578,sketch/n01632777/sketch_25.JPEG,11,1.000000
579,sketch/n01632777/sketch_26.JPEG,11,1.000000
580,sketch/n01632777/sketch_27.JPEG,11,1.000000
581,sketch/n01632777/sketch_28.JPEG,11,1.000000
582,sketch/n01632777/sketch_29.JPEG,11,1.000000
583,sketch/n01632777/sketch_3.JPEG,11,1.000000
584,sketch/n01632777/sketch_30.JPEG,11,1.000000
585,sketch/n01632777/sketch_31.JPEG,11,1.000000
586,sketch/n01632777/sketch_32.JPEG,11,1.000000
587,sketch/n01632777/sketch_33.JPEG,11,1.000000
588,sketch/n01632777/sketch_34.JPEG,11,1.000000
589,sketch/n01632777/sketch_35.JPEG,11,1.000000
590,sketch/n01632777/sketch_36.JPEG,11,1.000000
591,sketch/n01632777/sketch_37.JPEG,11,1.000000
592,sketch/n01632777/sketch_38.JPEG,11,1.000000
593,sketch/n01632777/sketch_39.JPEG,11,1.000000
594,sketch/n01632777/sketch_4.JPEG,11,1.000000
595,sketch/n01632777/sketch_40.JPEG,11,1.000000
596,sketch/n01632777/sketch_41.JPEG,11,1.000000
597,sketch/n01632777/sketch_42.JPEG,11,1.000000
598,sketch/n01632777/sketch_43.JPEG,11,1.000000
599,sketch/n01632777/sketch_44.JPEG,11,1.000000
600,sketch/n01632777/sketch_45.JPEG,11,1.000000
601,sketch/n01632777/sketch_46.JPEG,11,1.000000
602,sketch/n01632777/sketch_47.JPEG,11,1.000000
603,sketch/n01632777/sketch_48.JPEG,11,1.000000
604,sketch/n01632777/sketch_49.JPEG,11,1.000000
605,sketch/n01632777/sketch_5.JPEG,11,1.000000
606,sketch/n01632777/sketch_50.JPEG,11,1.000000
607,sketch/n01632777/sketch_6.JPEG,11,1.000000
608,sketch/n01632777/sketch_7.JPEG,11,1.000000
609,sketch/n01632777/sketch_8.JPEG,11,1.000000
610,sketch/n01632777/sketch_9.JPEG,11,1.000000
611,sketch/n01644373/sketch_0.JPEG,12,1.000000
612,sketch/n01644373/sketch_1.JPEG,12,1.000000
613,sketch/n01644373/sketch_10.JPEG,12,1.000000
614,sketch/n01644373/sketch_11.JPEG,12,1.000000
615,sketch/n01644373/sketch_12.JPEG,12,1.000000
616,sketch/n01644373/sketch_13.JPEG,12,1.000000
617,sketch/n01644373/sketch_14.JPEG,12,1.000000
618,sketch/n01644373/sketch_15.JPEG,12,1.000000
619,sketch/n01644373/sketch_16.JPEG,12,1.000000
620,sketch/n01644373/sketch_17.JPEG,12,1.000000
621,sketch/n01644373/sketch_18.JPEG,12,1.000000
622,sketch/n01644373/sketch_19.JPEG,12,1.000000
623,sketch/n01644373/sketch_2.JPEG,12,1.000000
624,sketch/n01644373/sketch_20.JPEG,12,1.000000
625,sketch/n01644373/sketch_21.JPEG,12,1.000000
626,sketch/n01644373/sketch_22.JPEG,12,1.000000
627,sketch/n01644373/sketch_23.JPEG,12,1.000000
628,sketch/n01644373/sketch_24.JPEG,12,1.000000
629,sketch/n01644373/sketch_25.JPEG,12,1.000000
630,sketch/n01644373/sketch_26.JPEG,12,1.000000
631,sketch/n01644373/sketch_27.JPEG,12,1.000000
632,sketch/n01644373/sketch_28.JPEG,12,1.000000
633,sketch/n01644373/sketch_29.JPEG,12,1.000000
634,sketch/n01644373/sketch_3.JPEG,12,1.000000
635,sketch/n01644373/sketch_30.JPEG,12,1.000000
636,sketch/n01644373/sketch_31.JPEG,12,1.000000
637,sketch/n01644373/sketch_32.JPEG,12,1.000000
638,sketch/n01644373/sketch_33.JPEG,12,1.000000
639,sketch/n01644373/sketch_34.JPEG,12,1.000000
640,sketch/n01644373/sketch_35.JPEG,12,1.000000
641,sketch/n01644373/sketch_36.JPEG,12,1.000000
642,sketch/n01644373/sketch_37.JPEG,12,1.000000
643,sketch/n01644373/sketch_38.JPEG,12,1.000000
644,sketch/n01644373/sketch_39.JPEG,12,1.000000
645,sketch/n01644373/sketch_4.JPEG,12,1.000000
646,sketch/n01644373/sketch_40.JPEG,12,1.000000
647,sketch/n01644373/sketch_41.JPEG,12,1.000000
648,sketch/n01644373/sketch_42.JPEG,12,1.000000
649,sketch/n01644373/sketch_43.JPEG,12,1.000000
650,sketch/n01644373/sketch_44.JPEG,12,1.000000
651,sketch/n01644373/sketch_45.JPEG,12,1.000000
652,sketch/n01644373/sketch_46.JPEG,12,1.000000
653,sketch/n01644373/sketch_47.JPEG,12,1.000000
654,sketch/n01644373/sketch_48.JPEG,12,1.000001
655,sketch/n01644373/sketch_49.JPEG,12,1.000000
656,sketch/n01644373/sketch_5.JPEG,12,1.000000
657,sketch/n01644373/sketch_50.JPEG,12,1.000000
658,sketch/n01644373/sketch_6.JPEG,12,1.000000
659,sketch/n01644373/sketch_7.JPEG,12,1.000000
660,sketch/n01644373/sketch_8.JPEG,12,1.000000
661,sketch/n01644373/sketch_9.JPEG,12,1.000000
662,sketch/n01677366/sketch_0.JPEG,13,1.000000
663,sketch/n01677366/sketch_1.JPEG,13,1.000000
664,sketch/n01677366/sketch_10.JPEG,13,1.000000
665,sketch/n01677366/sketch_11.JPEG,13,1.000000
666,sketch/n01677366/sketch_12.JPEG,13,1.000001
667,sketch/n01677366/sketch_13.JPEG,13,1.000000
668,sketch/n01677366/sketch_14.JPEG,13,1.000000
669,sketch/n01677366/sketch_15.JPEG,13,1.000000
670,sketch/n01677366/sketch_16.JPEG,13,1.000000
671,sketch/n01677366/sketch_17.JPEG,13,1.000000
672,sketch/n01677366/sketch_18.JPEG,13,1.000000
673,sketch/n01677366/sketch_19.JPEG,13,1.000000
674,sketch/n01677366/sketch_2.JPEG,13,1.000000
675,sketch/n01677366/sketch_20.JPEG,13,1.000000
676,sketch/n01677366/sketch_21.JPEG,13,1.000000
677,sketch/n01677366/sketch_22.JPEG,13,1.000000
678,sketch/n01677366/sketch_23.JPEG,13,1.000000
679,sketch/n01677366/sketch_24.JPEG,13,1.000000
680,sketch/n01677366/sketch_25.JPEG,13,1.000000
681,sketch/n01677366/sketch_26.JPEG,13,1.000000
682,sketch/n01677366/sketch_27.JPEG,13,1.000000
683,sketch/n01677366/sketch_28.JPEG,13,1.000000
684,sketch/n01677366/sketch_29.JPEG,13,1.000000
685,sketch/n01677366/sketch_3.JPEG,13,1.000000
686,sketch/n01677366/sketch_30.JPEG,13,1.000000
687,sketch/n01677366/sketch_31.JPEG,13,1.000000
688,sketch/n01677366/sketch_32.JPEG,13,1.000000
689,sketch/n01677366/sketch_33.JPEG,13,1.000000
690,sketch/n01677366/sketch_34.JPEG,13,1.000000
691,sketch/n01677366/sketch_35.JPEG,13,1.000000
692,sketch/n01677366/sketch_36.JPEG,13,1.000000
693,sketch/n01677366/sketch_37.JPEG,13,1.000000
694,sketch/n01677366/sketch_38.JPEG,13,1.000000
695,sketch/n01677366/sketch_39.JPEG,13,1.000000
696,sketch/n01677366/sketch_4.JPEG,13,1.000000
697,sketch/n01677366/sketch_40.JPEG,13,1.000000
698,sketch/n01677366/sketch_41.JPEG,13,1.000000
699,sketch/n01677366/sketch_42.JPEG,13,1.000000
700,sketch/n01677366/sketch_43.JPEG,13,1.000000
701,sketch/n01677366/sketch_44.JPEG,13,1.000000
702,sketch/n01677366/sketch_45.JPEG,13,1.000000
703,sketch/n01677366/sketch_46.JPEG,13,1.000000
704,sketch/n01677366/sketch_47.JPEG,13,1.000000
705,sketch/n01677366/sketch_48.JPEG,13,1.000000
706,sketch/n01677366/sketch_49.JPEG,13,1.000000
707,sketch/n01677366/sketch_5.JPEG,13,1.000000
708,sketch/n01677366/sketch_50.JPEG,13,1.000000
709,sketch/n01677366/sketch_6.JPEG,13,1.000000
710,sketch/n01677366/sketch_7.JPEG,13,1.000000
711,sketch/n01677366/sketch_8.JPEG,13,1.000000
712,sketch/n01677366/sketch_9.JPEG,13,1.000000
713,sketch/n01694178/sketch_0.JPEG,14,1.000000
714,sketch/n01694178/sketch_1.JPEG,14,1.000000
715,sketch/n01694178/sketch_10.JPEG,14,1.000000
716,sketch/n01694178/sketch_11.JPEG,14,1.000000
717,sketch/n01694178/sketch_12.JPEG,14,1.000000
718,sketch/n01694178/sketch_13.JPEG,14,1.000000
719,sketch/n01694178/sketch_14.JPEG,14,1.000000
720,sketch/n01694178/sketch_15.JPEG,14,1.000000
721,sketch/n01694178/sketch_16.JPEG,14,1.000000
722,sketch/n01694178/sketch_17.JPEG,14,1.000000
723,sketch/n01694178/sketch_18.JPEG,14,1.000000
724,sketch/n01694178/sketch_19.JPEG,14,1.000000
725,sketch/n01694178/sketch_2.JPEG,14,1.000000
726,sketch/n01694178/sketch_20.JPEG,14,1.000000
727,sketch/n01694178/sketch_21.JPEG,14,1.000000
728,sketch/n01694178/sketch_22.JPEG,14,1.000000
729,sketch/n01694178/sketch_23.JPEG,14,1.000000
730,sketch/n01694178/sketch_24.JPEG,14,1.000000
731,sketch/n01694178/sketch_25.JPEG,14,1.000000
732,sketch/n01694178/sketch_26.JPEG,14,1.000000
733,sketch/n01694178/sketch_27.JPEG,14,1.000000
734,sketch/n01694178/sketch_28.JPEG,14,1.000000
735,sketch/n01694178/sketch_29.JPEG,14,1.000000
736,sketch/n01694178/sketch_3.JPEG,14,1.000000
737,sketch/n01694178/sketch_30.JPEG,14,1.000000
738,sketch/n01694178/sketch_31.JPEG,14,1.000000
739,sketch/n01694178/sketch_32.JPEG,14,1.000000
740,sketch/n01694178/sketch_33.JPEG,14,1.000000
741,sketch/n01694178/sketch_34.JPEG,14,1.000000
742,sketch/n01694178/sketch_35.JPEG,14,1.000000
743,sketch/n01694178/sketch_36.JPEG,14,1.000000
744,sketch/n01694178/sketch_37.JPEG,14,1.000000
745,sketch/n01694178/sketch_38.JPEG,14,1.000000
746,sketch/n01694178/sketch_39.JPEG,14,1.000000
747,sketch/n01694178/sketch_4.JPEG,14,1.000000
748,sketch/n01694178/sketch_40.JPEG,14,1.000000
749,sketch/n01694178/sketch_41.JPEG,14,1.000000
750,sketch/n01694178/sketch_42.JPEG,14,1.000000
751,sketch/n01694178/sketch_43.JPEG,14,1.000000
752,sketch/n01694178/sketch_44.JPEG,14,1.000000
753,sketch/n01694178/sketch_45.JPEG,14,1.000000
754,sketch/n01694178/sketch_46.JPEG,14,1.000000
755,sketch/n01694178/sketch_47.JPEG,14,1.000000
756,sketch/n01694178/sketch_48.JPEG,14,1.000000
757,sketch/n01694178/sketch_49.JPEG,14,1.000000
758,sketch/n01694178/sketch_5.JPEG,14,1.000000
759,sketch/n01694178/sketch_50.JPEG,14,1.000000
760,sketch/n01694178/sketch_6.JPEG,14,1.000000
761,sketch/n01694178/sketch_7.JPEG,14,1.000000
762,sketch/n01694178/sketch_8.JPEG,14,1.000000
763,sketch/n01694178/sketch_9.JPEG,14,1.000000
764,sketch/n01748264/sketch_0.JPEG,15,1.000000
765,sketch/n01748264/sketch_1.JPEG,15,1.000000
766,sketch/n01748264/sketch_10.JPEG,15,1.000000
767,sketch/n01748264/sketch_11.JPEG,15,1.000000
768,sketch/n01748264/sketch_12.JPEG,15,1.000000
769,sketch/n01748264/sketch_13.JPEG,15,1.000000
770,sketch/n01748264/sketch_14.JPEG,15,1.000000
771,sketch/n01748264/sketch_15.JPEG,15,1.000000
772,sketch/n01748264/sketch_16.JPEG,15,1.000000
773,sketch/n01748264/sketch_17.JPEG,15,1.000000
774,sketch/n01748264/sketch_18.JPEG,15,1.000000
775,sketch/n01748264/sketch_19.JPEG,15,1.000000
776,sketch/n01748264/sketch_2.JPEG,15,1.000000
777,sketch/n01748264/sketch_20.JPEG,15,1.000000
778,sketch/n01748264/sketch_21.JPEG,15,1.000001
779,sketch/n01748264/sketch_22.JPEG,15,1.000000
780,sketch/n01748264/sketch_23.JPEG,15,1.000000
781,sketch/n01748264/sketch_24.JPEG,15,1.000000
782,sketch/n01748264/sketch_25.JPEG,15,1.000000
783,sketch/n01748264/sketch_26.JPEG,15,1.000000
784,sketch/n01748264/sketch_27.JPEG,15,1.000000
785,sketch/n01748264/sketch_28.JPEG,15,1.000000
786,sketch/n01748264/sketch_29.JPEG,15,1.000000
787,sketch/n01748264/sketch_3.JPEG,15,1.000000
788,sketch/n01748264/sketch_30.JPEG,15,1.000000
789,sketch/n01748264/sketch_31.JPEG,15,1.000000
790,sketch/n01748264/sketch_32.JPEG,15,1.000000
791,sketch/n01748264/sketch_33.JPEG,15,1.000000
792,sketch/n01748264/sketch_34.JPEG,15,1.000000
793,sketch/n01748264/sketch_35.JPEG,15,1.000000
794,sketch/n01748264/sketch_36.JPEG,15,1.000000
795,sketch/n01748264/sketch_37.JPEG,15,1.000000
796,sketch/n01748264/sketch_38.JPEG,15,1.000000
797,sketch/n01748264/sketch_39.JPEG,15,1.000000
798,sketch/n01748264/sketch_4.JPEG,15,1.000000
799,sketch/n01748264/sketch_40.JPEG,15,1.000000
800,sketch/n01748264/sketch_41.JPEG,15,1.000000
801,sketch/n01748264/sketch_42.JPEG,15,1.000000
802,sketch/n01748264/sketch_43.JPEG,15,1.000000
803,sketch/n01748264/sketch_44.JPEG,15,1.000000
804,sketch/n01748264/sketch_45.JPEG,15,1.000000
805,sketch/n01748264/sketch_46.JPEG,15,1.000000
806,sketch/n01748264/sketch_47.JPEG,15,1.000000
807,sketch/n01748264/sketch_48.JPEG,15,1.000000
808,sketch/n01748264/sketch_49.JPEG,15,1.000000
809,sketch/n01748264/sketch_5.JPEG,15,1.000000
810,sketch/n01748264/sketch_50.JPEG,15,1.000000
811,sketch/n01748264/sketch_6.JPEG,15,1.000000
812,sketch/n01748264/sketch_7.JPEG,15,1.000000
813,sketch/n01748264/sketch_8.JPEG,15,1.000000
814,sketch/n01748264/sketch_9.JPEG,15,1.000000
815,sketch/n01770393/sketch_0.JPEG,16,1.000000
816,sketch/n01770393/sketch_1.JPEG,16,1.000000
817,sketch/n01770393/sketch_10.JPEG,16,1.000000
818,sketch/n01770393/sketch_11.JPEG,16,1.000000
819,sketch/n01770393/sketch_12.JPEG,16,1.000000
820,sketch/n01770393/sketch_13.JPEG,16,1.000000
821,sketch/n01770393/sketch_14.JPEG,16,1.000000
822,sketch/n01770393/sketch_15.JPEG,16,1.000000
823,sketch/n01770393/sketch_16.JPEG,16,1.000000
824,sketch/n01770393/sketch_17.JPEG,16,1.000000
825,sketch/n01770393/sketch_18.JPEG,16,1.000000
826,sketch/n01770393/sketch_19.JPEG,16,1.000000
827,sketch/n01770393/sketch_2.JPEG,16,1.000000
828,sketch/n01770393/sketch_20.JPEG,16,0.999999
829,sketch/n01770393/sketch_21.JPEG,16,1.000000
830,sketch/n01770393/sketch_22.JPEG,16,1.000000
831,sketch/n01770393/sketch_23.JPEG,16,1.000000
832,sketch/n01770393/sketch_24.JPEG,16,1.000000
833,sketch/n01770393/sketch_25.JPEG,16,1.000000
834,sketch/n01770393/sketch_26.JPEG,16,1.000000
835,sketch/n01770393/sketch_27.JPEG,16,1.000000
836,sketch/n01770393/sketch_28.JPEG,16,1.000000
837,sketch/n01770393/sketch_29.JPEG,16,1.000000
838,sketch/n01770393/sketch_3.JPEG,16,1.000000
839,sketch/n01770393/sketch_30.JPEG,16,1.000000
840,sketch/n01770393/sketch_31.JPEG,16,1.000000
841,sketch/n01770393/sketch_32.JPEG,16,1.000000
842,sketch/n01770393/sketch_33.JPEG,16,1.000000
843,sketch/n01770393/sketch_34.JPEG,16,1.000000
844,sketch/n01770393/sketch_35.JPEG,16,1.000000
845,sketch/n01770393/sketch_36.JPEG,16,1.000000
846,sketch/n01770393/sketch_37.JPEG,16,1.000000
847,sketch/n01770393/sketch_38.JPEG,16,1.000000
848,sketch/n01770393/sketch_39.JPEG,16,1.000000
849,sketch/n01770393/sketch_4.JPEG,16,1.000000
850,sketch/n01770393/sketch_40.JPEG,16,1.000000
851,sketch/n01770393/sketch_41.JPEG,16,1.000000
852,sketch/n01770393/sketch_42.JPEG,16,1.000000
853,sketch/n01770393/sketch_43.JPEG,16,1.000000
854,sketch/n01770393/sketch_44.JPEG,16,1.000000
855,sketch/n01770393/sketch_45.JPEG,16,1.000000
856,sketch/n01770393/sketch_46.JPEG,16,1.000000
857,sketch/n01770393/sketch_47.JPEG,16,1.000000
858,sketch/n01770393/sketch_48.JPEG,16,1.000000
859,sketch/n01770393/sketch_49.JPEG,16,1.000000
860,sketch/n01770393/sketch_5.JPEG,16,1.000000
861,sketch/n01770393/sketch_50.JPEG,16,1.000000
862,sketch/n01770393/sketch_6.JPEG,16,1.000000
863,sketch/n01770393/sketch_7.JPEG,16,1.000000
864,sketch/n01770393/sketch_8.JPEG,16,1.000000
865,sketch/n01770393/sketch_9.JPEG,16,1.000000
866,sketch/n01774750/sketch_0.JPEG,17,1.000000
867,sketch/n01774750/sketch_1.JPEG,17,1.000000
868,sketch/n01774750/sketch_10.JPEG,17,1.000001
869,sketch/n01774750/sketch_11.JPEG,17,1.000000
870,sketch/n01774750/sketch_12.JPEG,17,1.000000
871,sketch/n01774750/sketch_13.JPEG,17,1.000000
872,sketch/n01774750/sketch_14.JPEG,17,1.000000
873,sketch/n01774750/sketch_15.JPEG,17,1.000000
874,sketch/n01774750/sketch_16.JPEG,17,1.000000
875,sketch/n01774750/sketch_17.JPEG,17,1.000000
876,sketch/n01774750/sketch_18.JPEG,17,1.000000
877,sketch/n01774750/sketch_19.JPEG,17,1.000000
878,sketch/n01774750/sketch_2.JPEG,17,1.000000
879,sketch/n01774750/sketch_20.JPEG,17,1.000000
880,sketch/n01774750/sketch_21.JPEG,17,1.000000
881,sketch/n01774750/sketch_22.JPEG,17,1.000000
882,sketch/n01774750/sketch_23.JPEG,17,1.000000
883,sketch/n01774750/sketch_24.JPEG,17,1.000000
884,sketch/n01774750/sketch_25.JPEG,17,1.000000
885,sketch/n01774750/sketch_26.JPEG,17,1.000000
886,sketch/n01774750/sketch_27.JPEG,17,1.000000
887,sketch/n01774750/sketch_28.JPEG,17,1.000000
888,sketch/n01774750/sketch_29.JPEG,17,1.000000
889,sketch/n01774750/sketch_3.JPEG,17,1.000000
890,sketch/n01774750/sketch_30.JPEG,17,1.000000
891,sketch/n01774750/sketch_31.JPEG,17,1.000000
892,sketch/n01774750/sketch_32.JPEG,17,1.000000
893,sketch/n01774750/sketch_33.JPEG,17,1.000000
894,sketch/n01774750/sketch_34.JPEG,17,1.000000
895,sketch/n01774750/sketch_35.JPEG,17,1.000000
896,sketch/n01774750/sketch_36.JPEG,17,1.000000
897,sketch/n01774750/sketch_37.JPEG,17,1.000000
898,sketch/n01774750/sketch_38.JPEG,17,1.000000
899,sketch/n01774750/sketch_39.JPEG,17,1.000000
900,sketch/n01774750/sketch_4.JPEG,17,1.000000
901,sketch/n01774750/sketch_40.JPEG,17,1.000000
902,sketch/n01774750/sketch_41.JPEG,17,1.000000
903,sketch/n01774750/sketch_42.JPEG,17,1.000000
904,sketch/n01774750/sketch_43.JPEG,17,1.000000
905,sketch/n01774750/sketch_44.JPEG,17,1.000000
906,sketch/n01774750/sketch_45.JPEG,17,1.000000
907,sketch/n01774750/sketch_46.JPEG,17,1.000000
908,sketch/n01774750/sketch_47.JPEG,17,1.000000
909,sketch/n01774750/sketch_48.JPEG,17,1.000000
910,sketch/n01774750/sketch_49.JPEG,17,1.000000
911,sketch/n01774750/sketch_5.JPEG,17,1.000000
912,sketch/n01774750/sketch_50.JPEG,17,1.000000
913,sketch/n01774750/sketch_6.JPEG,17,1.000000
914,sketch/n01774750/sketch_7.JPEG,17,1.000000
915,sketch/n01774750/sketch_8.JPEG,17,1.000000
916,sketch/n01774750/sketch_9.JPEG,17,1.000000
917,sketch/n01784675/sketch_0.JPEG,18,1.000000
918,sketch/n01784675/sketch_1.JPEG,18,1.000000
919,sketch/n01784675/sketch_10.JPEG,18,1.000000
920,sketch/n01784675/sketch_11.JPEG,18,1.000000
921,sketch/n01784675/sketch_12.JPEG,18,1.000000
922,sketch/n01784675/sketch_13.JPEG,18,1.000000
923,sketch/n01784675/sketch_14.JPEG,18,1.000000
924,sketch/n01784675/sketch_15.JPEG,18,1.000000
925,sketch/n01784675/sketch_16.JPEG,18,1.000000
926,sketch/n01784675/sketch_17.JPEG,18,1.000000
927,sketch/n01784675/sketch_18.JPEG,18,1.000000
928,sketch/n01784675/sketch_19.JPEG,18,1.000000
929,sketch/n01784675/sketch_2.JPEG,18,1.000000
930,sketch/n01784675/sketch_20.JPEG,18,1.000000
931,sketch/n01784675/sketch_21.JPEG,18,1.000000
932,sketch/n01784675/sketch_22.JPEG,18,1.000000
933,sketch/n01784675/sketch_23.JPEG,18,1.000000
934,sketch/n01784675/sketch_24.JPEG,18,1.000000
935,sketch/n01784675/sketch_25.JPEG,18,1.000000
936,sketch/n01784675/sketch_26.JPEG,18,1.000000
937,sketch/n01784675/sketch_27.JPEG,18,1.000000
938,sketch/n01784675/sketch_28.JPEG,18,1.000000
939,sketch/n01784675/sketch_29.JPEG,18,1.000000
940,sketch/n01784675/sketch_3.JPEG,18,1.000000
941,sketch/n01784675/sketch_30.JPEG,18,1.000000
942,sketch/n01784675/sketch_31.JPEG,18,1.000000
943,sketch/n01784675/sketch_32.JPEG,18,1.000000
944,sketch/n01784675/sketch_33.JPEG,18,1.000000
945,sketch/n01784675/sketch_34.JPEG,18,1.000000
946,sketch/n01784675/sketch_35.JPEG,18,1.000000
947,sketch/n01784675/sketch_36.JPEG,18,1.000000
948,sketch/n01784675/sketch_37.JPEG,18,1.000000
949,sketch/n01784675/sketch_38.JPEG,18,1.000000
950,sketch/n01784675/sketch_39.JPEG,18,1.000000
951,sketch/n01784675/sketch_4.JPEG,18,1.000000
952,sketch/n01784675/sketch_40.JPEG,18,1.000000
953,sketch/n01784675/sketch_41.JPEG,18,1.000000
954,sketch/n01784675/sketch_42.JPEG,18,1.000000
955,sketch/n01784675/sketch_43.JPEG,18,1.000000
956,sketch/n01784675/sketch_44.JPEG,18,1.000000
957,sketch/n01784675/sketch_45.JPEG,18,1.000000
958,sketch/n01784675/sketch_46.JPEG,18,1.000000
959,sketch/n01784675/sketch_47.JPEG,18,1.000000
960,sketch/n01784675/sketch_48.JPEG,18,1.000000
961,sketch/n01784675/sketch_49.JPEG,18,1.000000
962,sketch/n01784675/sketch_5.JPEG,18,1.000000
963,sketch/n01784675/sketch_50.JPEG,18,1.000000
964,sketch/n01784675/sketch_6.JPEG,18,1.000000
965,sketch/n01784675/sketch_7.JPEG,18,1.000000
966,sketch/n01784675/sketch_8.JPEG,18,1.000000
967,sketch/n01784675/sketch_9.JPEG,18,1.000000
968,sketch/n01806143/sketch_0.JPEG,19,1.000000
969,sketch/n01806143/sketch_1.JPEG,19,1.000000
970,sketch/n01806143/sketch_10.JPEG,19,1.000000
971,sketch/n01806143/sketch_11.JPEG,19,1.000000
972,sketch/n01806143/sketch_12.JPEG,19,1.000000
973,sketch/n01806143/sketch_13.JPEG,19,1.000000
974,sketch/n01806143/sketch_14.JPEG,19,1.000000
975,sketch/n01806143/sketch_15.JPEG,19,1.000000
976,sketch/n01806143/sketch_16.JPEG,19,1.000000
977,sketch/n01806143/sketch_17.JPEG,19,1.000000
978,sketch/n01806143/sketch_18.JPEG,19,1.000000
979,sketch/n01806143/sketch_19.JPEG,19,1.000000
980,sketch/n01806143/sketch_2.JPEG,19,1.000000
981,sketch/n01806143/sketch_20.JPEG,19,1.000000
982,sketch/n01806143/sketch_21.JPEG,19,1.000000
983,sketch/n01806143/sketch_22.JPEG,19,1.000000
984,sketch/n01806143/sketch_23.JPEG,19,1.000000
985,sketch/n01806143/sketch_24.JPEG,19,1.000000
986,sketch/n01806143/sketch_25.JPEG,19,1.000000
987,sketch/n01806143/sketch_26.JPEG,19,1.000000
988,sketch/n01806143/sketch_27.JPEG,19,1.000000
989,sketch/n01806143/sketch_28.JPEG,19,1.000000
990,sketch/n01806143/sketch_29.JPEG,19,1.000000
991,sketch/n01806143/sketch_3.JPEG,19,1.000000
992,sketch/n01806143/sketch_30.JPEG,19,1.000000
993,sketch/n01806143/sketch_31.JPEG,19,1.000000
994,sketch/n01806143/sketch_32.JPEG,19,1.000000
995,sketch/n01806143/sketch_33.JPEG,19,1.000000
996,sketch/n01806143/sketch_34.JPEG,19,1.000000
997,sketch/n01806143/sketch_35.JPEG,19,1.000000
998,sketch/n01806143/sketch_36.JPEG,19,1.000000
999,sketch/n01806143/sketch_37.JPEG,19,1.000000
1000,sketch/n01806143/sketch_38.JPEG,19,1.000000
1001,sketch/n01806143/sketch_39.JPEG,19,1.000000
1002,sketch/n01806143/sketch_4.JPEG,19,1.000000
1003,sketch/n01806143/sketch_40.JPEG,19,1.000000
1004,sketch/n01806143/sketch_41.JPEG,19,1.000000
1005,sketch/n01806143/sketch_42.JPEG,19,1.000000
1006,sketch/n01806143/sketch_43.JPEG,19,1.000000
1007,sketch/n01806143/sketch_44.JPEG,19,1.000000
1008,sketch/n01806143/sketch_45.JPEG,19,1.000000
1009,sketch/n01806143/sketch_46.JPEG,19,1.000000
1010,sketch/n01806143/sketch_47.JPEG,19,1.000000
1011,sketch/n01806143/sketch_48.JPEG,19,1.000000
1012,sketch/n01806143/sketch_49.JPEG,19,1.000000
1013,sketch/n01806143/sketch_5.JPEG,19,1.000000
1014,sketch/n01806143/sketch_50.JPEG,19,1.000000
1015,sketch/n01806143/sketch_6.JPEG,19,1.000000
1016,sketch/n01806143/sketch_7.JPEG,19,1.000000
1017,sketch/n01806143/sketch_8.JPEG,19,1.000000
1018,sketch/n01806143/sketch_9.JPEG,19,1.000000
1019,sketch/n01820546/sketch_0.JPEG,20,1.000000
1020,sketch/n01820546/sketch_1.JPEG,20,0.999999
1021,sketch/n01820546/sketch_10.JPEG,20,1.000000
1022,sketch/n01820546/sketch_11.JPEG,20,1.000000
1023,sketch/n01820546/sketch_12.JPEG,20,1.000000
1024,sketch/n01820546/sketch_13.JPEG,20,1.000000
1025,sketch/n01820546/sketch_14.JPEG,20,1.000000
1026,sketch/n01820546/sketch_15.JPEG,20,1.000000
1027,sketch/n01820546/sketch_16.JPEG,20,1.000000
1028,sketch/n01820546/sketch_17.JPEG,20,1.000000
1029,sketch/n01820546/sketch_18.JPEG,20,1.000000
1030,sketch/n01820546/sketch_19.JPEG,20,1.000000
1031,sketch/n01820546/sketch_2.JPEG,20,1.000000
1032,sketch/n01820546/sketch_20.JPEG,20,1.000000
1033,sketch/n01820546/sketch_21.JPEG,20,1.000000
1034,sketch/n01820546/sketch_22.JPEG,20,1.000000
1035,sketch/n01820546/sketch_23.JPEG,20,1.000000
1036,sketch/n01820546/sketch_24.JPEG,20,0.999999
1037,sketch/n01820546/sketch_25.JPEG,20,1.000000
1038,sketch/n01820546/sketch_26.JPEG,20,1.000000
1039,sketch/n01820546/sketch_27.JPEG,20,1.000000
1040,sketch/n01820546/sketch_28.JPEG,20,1.000000
1041,sketch/n01820546/sketch_29.JPEG,20,1.000000
1042,sketch/n01820546/sketch_3.JPEG,20,1.000000
1043,sketch/n01820546/sketch_30.JPEG,20,1.000000
1044,sketch/n01820546/sketch_31.JPEG,20,0.999999
1045,sketch/n01820546/sketch_32.JPEG,20,1.000000
1046,sketch/n01820546/sketch_33.JPEG,20,1.000000
1047,sketch/n01820546/sketch_34.JPEG,20,1.000000
1048,sketch/n01820546/sketch_35.JPEG,20,0.999999
1049,sketch/n01820546/sketch_36.JPEG,20,1.000000
1050,sketch/n01820546/sketch_37.JPEG,20,1.000000
1051,sketch/n01820546/sketch_38.JPEG,20,1.000000
1052,sketch/n01820546/sketch_39.JPEG,20,1.000000
1053,sketch/n01820546/sketch_4.JPEG,20,1.000000
1054,sketch/n01820546/sketch_40.JPEG,20,1.000000
1055,sketch/n01820546/sketch_41.JPEG,20,1.000000
1056,sketch/n01820546/sketch_42.JPEG,20,1.000000
1057,sketch/n01820546/sketch_43.JPEG,20,1.000000
1058,sketch/n01820546/sketch_44.JPEG,20,1.000000
1059,sketch/n01820546/sketch_12.JPEG,20,1.000000
1060,sketch/n01820546/sketch_46.JPEG,20,1.000000
1061,sketch/n01820546/sketch_47.JPEG,20,1.000000
1062,sketch/n01820546/sketch_48.JPEG,20,1.000000
1063,sketch/n01820546/sketch_49.JPEG,20,1.000000
1064,sketch/n01820546/sketch_5.JPEG,20,1.000000
1065,sketch/n01820546/sketch_50.JPEG,20,1.000000
1066,sketch/n01820546/sketch_6.JPEG,20,1.000000
1067,sketch/n01820546/sketch_7.JPEG,20,1.000000
1068,sketch/n01820546/sketch_8.JPEG,20,1.000000
1069,sketch/n01820546/sketch_9.JPEG,20,1.000000
1070,sketch/n01833805/sketch_0.JPEG,21,1.000000
1071,sketch/n01833805/sketch_1.JPEG,21,1.000000
1072,sketch/n01833805/sketch_10.JPEG,21,1.000000
1073,sketch/n01833805/sketch_11.JPEG,21,1.000000
1074,sketch/n01833805/sketch_12.JPEG,21,1.000000
1075,sketch/n01833805/sketch_13.JPEG,21,1.000000
1076,sketch/n01833805/sketch_14.JPEG,21,1.000000
1077,sketch/n01833805/sketch_15.JPEG,21,1.000000
1078,sketch/n01833805/sketch_16.JPEG,21,1.000000
1079,sketch/n01833805/sketch_17.JPEG,21,1.000000
1080,sketch/n01833805/sketch_18.JPEG,21,1.000000
1081,sketch/n01833805/sketch_19.JPEG,21,1.000000
1082,sketch/n01833805/sketch_2.JPEG,21,1.000000
1083,sketch/n01833805/sketch_20.JPEG,21,1.000000
1084,sketch/n01833805/sketch_21.JPEG,21,1.000000
1085,sketch/n01833805/sketch_22.JPEG,21,1.000000
1086,sketch/n01833805/sketch_23.JPEG,21,1.000000
1087,sketch/n01833805/sketch_24.JPEG,21,1.000000
1088,sketch/n01833805/sketch_25.JPEG,21,1.000000
1089,sketch/n01833805/sketch_26.JPEG,21,1.000000
1090,sketch/n01833805/sketch_27.JPEG,21,1.000000
1091,sketch/n01833805/sketch_28.JPEG,21,1.000000
1092,sketch/n01833805/sketch_29.JPEG,21,1.000000
1093,sketch/n01833805/sketch_3.JPEG,21,1.000000
1094,sketch/n01833805/sketch_30.JPEG,21,1.000000
1095,sketch/n01833805/sketch_31.JPEG,21,1.000000
1096,sketch/n01833805/sketch_32.JPEG,21,1.000000
1097,sketch/n01833805/sketch_33.JPEG,21,1.000000
1098,sketch/n01833805/sketch_34.JPEG,21,1.000000
1099,sketch/n01833805/sketch_35.JPEG,21,1.000000
1100,sketch/n01833805/sketch_36.JPEG,21,1.000000
1101,sketch/n01833805/sketch_37.JPEG,21,1.000000
1102,sketch/n01833805/sketch_38.JPEG,21,1.000000
1103,sketch/n01833805/sketch_39.JPEG,21,1.000000
1104,sketch/n01833805/sketch_4.JPEG,21,1.000000
1105,sketch/n01833805/sketch_40.JPEG,21,1.000000
1106,sketch/n01833805/sketch_41.JPEG,21,1.000000
1107,sketch/n01833805/sketch_42.JPEG,21,1.000000
1108,sketch/n01833805/sketch_43.JPEG,21,1.000000
1109,sketch/n01833805/sketch_44.JPEG,21,1.000000
1110,sketch/n01833805/sketch_45.JPEG,21,1.000000
1111,sketch/n01833805/sketch_46.JPEG,21,1.000000
1112,sketch/n01833805/sketch_47.JPEG,21,1.000000
1113,sketch/n01833805/sketch_48.JPEG,21,1.000000
1114,sketch/n01833805/sketch_49.JPEG,21,1.000000
1115,sketch/n01833805/sketch_5.JPEG,21,1.000000
1116,sketch/n01833805/sketch_6.JPEG,21,1.000000
1117,sketch/n01833805/sketch_7.JPEG,21,1.000000
1118,sketch/n01833805/sketch_8.JPEG,21,1.000000
1119,sketch/n01833805/sketch_9.JPEG,21,1.000000
1120,sketch/n01843383/sketch_0.JPEG,22,1.000000
1121,sketch/n01843383/sketch_1.JPEG,22,1.000000
1122,sketch/n01843383/sketch_10.JPEG,22,1.000000
1123,sketch/n01843383/sketch_11.JPEG,22,1.000000
1124,sketch/n01843383/sketch_12.JPEG,22,1.000000
1125,sketch/n01843383/sketch_13.JPEG,22,1.000000
1126,sketch/n01843383/sketch_14.JPEG,22,1.000000
1127,sketch/n01843383/sketch_15.JPEG,22,1.000000
1128,sketch/n01843383/sketch_16.JPEG,22,0.999999
1129,sketch/n01843383/sketch_17.JPEG,22,1.000000
1130,sketch/n01843383/sketch_18.JPEG,22,1.000000
1131,sketch/n01843383/sketch_19.JPEG,22,1.000000
1132,sketch/n01843383/sketch_2.JPEG,22,1.000000
1133,sketch/n01843383/sketch_20.JPEG,22,1.000000
1134,sketch/n01843383/sketch_21.JPEG,22,1.000000
1135,sketch/n01843383/sketch_22.JPEG,22,1.000000
1136,sketch/n01843383/sketch_23.JPEG,22,1.000000
1137,sketch/n01843383/sketch_24.JPEG,22,1.000000
1138,sketch/n01843383/sketch_25.JPEG,22,1.000000
1139,sketch/n01843383/sketch_26.JPEG,22,1.000000
1140,sketch/n01843383/sketch_27.JPEG,22,1.000000
1141,sketch/n01843383/sketch_28.JPEG,22,1.000000
1142,sketch/n01843383/sketch_29.JPEG,22,1.000000
1143,sketch/n01843383/sketch_3.JPEG,22,1.000000
1144,sketch/n01843383/sketch_30.JPEG,22,1.000000
1145,sketch/n01843383/sketch_31.JPEG,22,1.000000
1146,sketch/n01843383/sketch_32.JPEG,22,1.000000
1147,sketch/n01843383/sketch_33.JPEG,22,1.000000
1148,sketch/n01843383/sketch_34.JPEG,22,1.000000
1149,sketch/n01843383/sketch_35.JPEG,22,1.000000
1150,sketch/n01843383/sketch_36.JPEG,22,1.000000
1151,sketch/n01843383/sketch_37.JPEG,22,1.000000
1152,sketch/n01843383/sketch_38.JPEG,22,1.000000
1153,sketch/n01843383/sketch_39.JPEG,22,1.000000
1154,sketch/n01843383/sketch_4.JPEG,22,1.000000
1155,sketch/n01843383/sketch_40.JPEG,22,1.000000
1156,sketch/n01843383/sketch_41.JPEG,22,1.000000
1157,sketch/n01843383/sketch_42.JPEG,22,1.000000
1158,sketch/n01843383/sketch_43.JPEG,22,1.000000
1159,sketch/n01843383/sketch_44.JPEG,22,1.000000
1160,sketch/n01843383/sketch_45.JPEG,22,1.000000
1161,sketch/n01843383/sketch_46.JPEG,22,1.000000
1162,sketch/n01843383/sketch_47.JPEG,22,1.000000
1163,sketch/n01843383/sketch_48.JPEG,22,1.000000
1164,sketch/n01843383/sketch_49.JPEG,22,1.000000
1165,sketch/n01843383/sketch_5.JPEG,22,1.000000
1166,sketch/n01843383/sketch_6.JPEG,22,1.000000
1167,sketch/n01843383/sketch_7.JPEG,22,1.000000
1168,sketch/n01843383/sketch_8.JPEG,22,1.000000
1169,sketch/n01843383/sketch_9.JPEG,22,1.000000
1170,sketch/n01847000/sketch_0.JPEG,23,1.000000
1171,sketch/n01847000/sketch_1.JPEG,23,1.000000
1172,sketch/n01847000/sketch_10.JPEG,23,1.000000
1173,sketch/n01847000/sketch_11.JPEG,23,1.000000
1174,sketch/n01847000/sketch_12.JPEG,23,1.000000
1175,sketch/n01847000/sketch_13.JPEG,23,1.000000
1176,sketch/n01847000/sketch_14.JPEG,23,1.000001
1177,sketch/n01847000/sketch_15.JPEG,23,1.000000
1178,sketch/n01847000/sketch_16.JPEG,23,1.000000
1179,sketch/n01847000/sketch_17.JPEG,23,1.000000
1180,sketch/n01847000/sketch_18.JPEG,23,1.000000
1181,sketch/n01847000/sketch_19.JPEG,23,1.000000
1182,sketch/n01847000/sketch_2.JPEG,23,1.000000
1183,sketch/n01847000/sketch_20.JPEG,23,1.000000
1184,sketch/n01847000/sketch_21.JPEG,23,1.000000
1185,sketch/n01847000/sketch_22.JPEG,23,1.000000
1186,sketch/n01847000/sketch_23.JPEG,23,1.000000
1187,sketch/n01847000/sketch_24.JPEG,23,1.000000
1188,sketch/n01847000/sketch_25.JPEG,23,1.000000
1189,sketch/n01847000/sketch_26.JPEG,23,1.000000
1190,sketch/n01847000/sketch_27.JPEG,23,1.000000
1191,sketch/n01847000/sketch_28.JPEG,23,1.000000
1192,sketch/n01847000/sketch_29.JPEG,23,1.000000
1193,sketch/n01847000/sketch_3.JPEG,23,1.000000
1194,sketch/n01847000/sketch_30.JPEG,23,1.000000
1195,sketch/n01847000/sketch_31.JPEG,23,1.000000
1196,sketch/n01847000/sketch_32.JPEG,23,1.000000
1197,sketch/n01847000/sketch_33.JPEG,23,1.000000
1198,sketch/n01847000/sketch_34.JPEG,23,1.000000
1199,sketch/n01847000/sketch_35.JPEG,23,1.000000
1200,sketch/n01847000/sketch_36.JPEG,23,1.000000
1201,sketch/n01847000/sketch_37.JPEG,23,1.000000
1202,sketch/n01847000/sketch_38.JPEG,23,1.000000
1203,sketch/n01847000/sketch_39.JPEG,23,0.999999
1204,sketch/n01847000/sketch_4.JPEG,23,1.000000
1205,sketch/n01847000/sketch_40.JPEG,23,1.000000
1206,sketch/n01847000/sketch_41.JPEG,23,1.000000
1207,sketch/n01847000/sketch_42.JPEG,23,1.000000
1208,sketch/n01847000/sketch_13.JPEG,23,1.000000
1209,sketch/n01847000/sketch_44.JPEG,23,1.000000
1210,sketch/n01847000/sketch_45.JPEG,23,1.000000
1211,sketch/n01847000/sketch_46.JPEG,23,1.000000
1212,sketch/n01847000/sketch_47.JPEG,23,1.000000
1213,sketch/n01847000/sketch_48.JPEG,23,1.000000
1214,sketch/n01847000/sketch_49.JPEG,23,1.000000
1215,sketch/n01847000/sketch_5.JPEG,23,0.999999
1216,sketch/n01847000/sketch_50.JPEG,23,1.000000
1217,sketch/n01847000/sketch_6.JPEG,23,1.000000
1218,sketch/n01847000/sketch_7.JPEG,23,1.000000
1219,sketch/n01847000/sketch_8.JPEG,23,1.000000
1220,sketch/n01847000/sketch_9.JPEG,23,1.000000
1221,sketch/n01855672/sketch_0.JPEG,24,1.000000
1222,sketch/n01855672/sketch_1.JPEG,24,1.000000
1223,sketch/n01855672/sketch_10.JPEG,24,1.000000
1224,sketch/n01855672/sketch_11.JPEG,24,1.000000
1225,sketch/n01855672/sketch_12.JPEG,24,1.000000
1226,sketch/n01855672/sketch_13.JPEG,24,1.000000
1227,sketch/n01855672/sketch_14.JPEG,24,1.000000
1228,sketch/n01855672/sketch_15.JPEG,24,1.000000
1229,sketch/n01855672/sketch_16.JPEG,24,1.000000
1230,sketch/n01855672/sketch_17.JPEG,24,1.000000
1231,sketch/n01855672/sketch_18.JPEG,24,1.000000
1232,sketch/n01855672/sketch_19.JPEG,24,1.000000
1233,sketch/n01855672/sketch_2.JPEG,24,1.000000
1234,sketch/n01855672/sketch_20.JPEG,24,1.000000
1235,sketch/n01855672/sketch_21.JPEG,24,1.000000
1236,sketch/n01855672/sketch_22.JPEG,24,1.000000
1237,sketch/n01855672/sketch_23.JPEG,24,1.000000
1238,sketch/n01855672/sketch_24.JPEG,24,1.000000
1239,sketch/n01855672/sketch_25.JPEG,24,1.000000
1240,sketch/n01855672/sketch_26.JPEG,24,1.000000
1241,sketch/n01855672/sketch_27.JPEG,24,1.000000
1242,sketch/n01855672/sketch_28.JPEG,24,1.000000
1243,sketch/n01855672/sketch_29.JPEG,24,1.000000
1244,sketch/n01855672/sketch_3.JPEG,24,1.000000
1245,sketch/n01855672/sketch_30.JPEG,24,1.000000
1246,sketch/n01855672/sketch_31.JPEG,24,1.000000
1247,sketch/n01855672/sketch_32.JPEG,24,1.000000
1248,sketch/n01855672/sketch_33.JPEG,24,1.000000
1249,sketch/n01855672/sketch_34.JPEG,24,1.000000
1250,sketch/n01855672/sketch_35.JPEG,24,1.000000
1251,sketch/n01855672/sketch_36.JPEG,24,1.000000
1252,sketch/n01855672/sketch_37.JPEG,24,1.000000
1253,sketch/n01855672/sketch_38.JPEG,24,1.000000
1254,sketch/n01855672/sketch_39.JPEG,24,1.000000
1255,sketch/n01855672/sketch_4.JPEG,24,1.000000
1256,sketch/n01855672/sketch_40.JPEG,24,1.000000
1257,sketch/n01855672/sketch_41.JPEG,24,1.000000
1258,sketch/n01855672/sketch_42.JPEG,24,1.000000
1259,sketch/n01855672/sketch_43.JPEG,24,1.000000
1260,sketch/n01855672/sketch_44.JPEG,24,1.000000
1261,sketch/n01855672/sketch_45.JPEG,24,1.000000
1262,sketch/n01855672/sketch_46.JPEG,24,1.000000
1263,sketch/n01855672/sketch_47.JPEG,24,1.000000
1264,sketch/n01855672/sketch_48.JPEG,24,1.000000
1265,sketch/n01855672/sketch_49.JPEG,24,1.000000
1266,sketch/n01855672/sketch_5.JPEG,24,1.000000
1267,sketch/n01855672/sketch_6.JPEG,24,1.000000
1268,sketch/n01855672/sketch_7.JPEG,24,1.000000
1269,sketch/n01855672/sketch_8.JPEG,24,1.000000
1270,sketch/n01855672/sketch_9.JPEG,24,1.000000
1271,sketch/n01860187/sketch_0.JPEG,25,1.000000
1272,sketch/n01860187/sketch_1.JPEG,25,1.000000
1273,sketch/n01860187/sketch_10.JPEG,25,1.000000
1274,sketch/n01860187/sketch_11.JPEG,25,1.000000
1275,sketch/n01860187/sketch_12.JPEG,25,1.000000
1276,sketch/n01860187/sketch_13.JPEG,25,1.000000
1277,sketch/n01860187/sketch_14.JPEG,25,1.000000
1278,sketch/n01860187/sketch_15.JPEG,25,1.000000
1279,sketch/n01860187/sketch_16.JPEG,25,1.000000
1280,sketch/n01860187/sketch_17.JPEG,25,1.000000
1281,sketch/n01860187/sketch_18.JPEG,25,1.000000
1282,sketch/n01860187/sketch_19.JPEG,25,1.000000
1283,sketch/n01860187/sketch_2.JPEG,25,1.000000
1284,sketch/n01860187/sketch_20.JPEG,25,1.000000
1285,sketch/n01860187/sketch_21.JPEG,25,1.000000
1286,sketch/n01860187/sketch_22.JPEG,25,1.000000
1287,sketch/n01860187/sketch_23.JPEG,25,1.000000
1288,sketch/n01860187/sketch_24.JPEG,25,1.000000
1289,sketch/n01860187/sketch_25.JPEG,25,1.000000
1290,sketch/n01860187/sketch_26.JPEG,25,1.000000
1291,sketch/n01860187/sketch_27.JPEG,25,1.000000
1292,sketch/n01860187/sketch_28.JPEG,25,1.000000
1293,sketch/n01860187/sketch_29.JPEG,25,1.000000
1294,sketch/n01860187/sketch_3.JPEG,25,1.000000
1295,sketch/n01860187/sketch_30.JPEG,25,1.000000
1296,sketch/n01860187/sketch_31.JPEG,25,1.000000
1297,sketch/n01860187/sketch_32.JPEG,25,1.000000
1298,sketch/n01860187/sketch_33.JPEG,25,1.000000
1299,sketch/n01860187/sketch_34.JPEG,25,1.000000
1300,sketch/n01860187/sketch_35.JPEG,25,1.000000
1301,sketch/n01860187/sketch_36.JPEG,25,1.000000
1302,sketch/n01860187/sketch_37.JPEG,25,1.000000
1303,sketch/n01860187/sketch_38.JPEG,25,1.000000
1304,sketch/n01860187/sketch_39.JPEG,25,1.000000
1305,sketch/n01860187/sketch_4.JPEG,25,1.000000
1306,sketch/n01860187/sketch_40.JPEG,25,1.000000
1307,sketch/n01860187/sketch_41.JPEG,25,1.000000
1308,sketch/n01860187/sketch_42.JPEG,25,1.000000
1309,sketch/n01860187/sketch_43.JPEG,25,1.000000
1310,sketch/n01860187/sketch_44.JPEG,25,1.000000
1311,sketch/n01860187/sketch_45.JPEG,25,1.000000
1312,sketch/n01860187/sketch_46.JPEG,25,1.000000
1313,sketch/n01860187/sketch_47.JPEG,25,1.000000
1314,sketch/n01860187/sketch_48.JPEG,25,1.000000
1315,sketch/n01860187/sketch_49.JPEG,25,1.000000
1316,sketch/n01860187/sketch_5.JPEG,25,1.000000
1317,sketch/n01860187/sketch_50.JPEG,25,1.000000
1318,sketch/n01860187/sketch_6.JPEG,25,1.000000
1319,sketch/n01860187/sketch_7.JPEG,25,1.000000
1320,sketch/n01860187/sketch_8.JPEG,25,1.000000
1321,sketch/n01860187/sketch_9.JPEG,25,1.000000
1322,sketch/n01882714/sketch_0.JPEG,26,1.000000
1323,sketch/n01882714/sketch_1.JPEG,26,1.000000
1324,sketch/n01882714/sketch_10.JPEG,26,1.000000
1325,sketch/n01882714/sketch_11.JPEG,26,1.000000
1326,sketch/n01882714/sketch_12.JPEG,26,1.000000
1327,sketch/n01882714/sketch_13.JPEG,26,1.000000
1328,sketch/n01882714/sketch_14.JPEG,26,1.000000
1329,sketch/n01882714/sketch_15.JPEG,26,1.000000
1330,sketch/n01882714/sketch_16.JPEG,26,1.000000
1331,sketch/n01882714/sketch_17.JPEG,26,1.000000
1332,sketch/n01882714/sketch_18.JPEG,26,1.000000
1333,sketch/n01882714/sketch_19.JPEG,26,1.000000
1334,sketch/n01882714/sketch_2.JPEG,26,1.000000
1335,sketch/n01882714/sketch_20.JPEG,26,1.000000
1336,sketch/n01882714/sketch_21.JPEG,26,1.000000
1337,sketch/n01882714/sketch_22.JPEG,26,1.000000
1338,sketch/n01882714/sketch_23.JPEG,26,1.000000
1339,sketch/n01882714/sketch_24.JPEG,26,1.000000
1340,sketch/n01882714/sketch_25.JPEG,26,1.000000
1341,sketch/n01882714/sketch_26.JPEG,26,1.000001
1342,sketch/n01882714/sketch_27.JPEG,26,1.000000
1343,sketch/n01882714/sketch_28.JPEG,26,1.000000
1344,sketch/n01882714/sketch_29.JPEG,26,1.000000
1345,sketch/n01882714/sketch_3.JPEG,26,1.000000
1346,sketch/n01882714/sketch_30.JPEG,26,1.000000
1347,sketch/n01882714/sketch_31.JPEG,26,1.000000
1348,sketch/n01882714/sketch_32.JPEG,26,1.000000
1349,sketch/n01882714/sketch_33.JPEG,26,1.000000
1350,sketch/n01882714/sketch_34.JPEG,26,1.000000
1351,sketch/n01882714/sketch_35.JPEG,26,1.000000
1352,sketch/n01882714/sketch_36.JPEG,26,1.000000
1353,sketch/n01882714/sketch_37.JPEG,26,1.000000
1354,sketch/n01882714/sketch_38.JPEG,26,1.000000
1355,sketch/n01882714/sketch_39.JPEG,26,1.000000
1356,sketch/n01882714/sketch_4.JPEG,26,1.000000
1357,sketch/n01882714/sketch_40.JPEG,26,1.000000
1358,sketch/n01882714/sketch_41.JPEG,26,1.000000
1359,sketch/n01882714/sketch_42.JPEG,26,1.000000
1360,sketch/n01882714/sketch_43.JPEG,26,1.000000
1361,sketch/n01882714/sketch_44.JPEG,26,1.000000
1362,sketch/n01882714/sketch_45.JPEG,26,1.000000
1363,sketch/n01882714/sketch_46.JPEG,26,1.000000
1364,sketch/n01882714/sketch_47.JPEG,26,1.000000
1365,sketch/n01882714/sketch_48.JPEG,26,1.000000
1366,sketch/n01882714/sketch_49.JPEG,26,1.000000
1367,sketch/n01882714/sketch_5.JPEG,26,1.000000
1368,sketch/n01882714/sketch_50.JPEG,26,1.000000
1369,sketch/n01882714/sketch_6.JPEG,26,1.000000
1370,sketch/n01882714/sketch_7.JPEG,26,1.000000
1371,sketch/n01882714/sketch_8.JPEG,26,1.000000
1372,sketch/n01882714/sketch_9.JPEG,26,1.000000
1373,sketch/n01910747/sketch_0.JPEG,27,1.000000
1374,sketch/n01910747/sketch_1.JPEG,27,1.000000
1375,sketch/n01910747/sketch_10.JPEG,27,1.000000
1376,sketch/n01910747/sketch_11.JPEG,27,1.000000
1377,sketch/n01910747/sketch_12.JPEG,27,1.000000
1378,sketch/n01910747/sketch_13.JPEG,27,1.000000
1379,sketch/n01910747/sketch_14.JPEG,27,1.000000
1380,sketch/n01910747/sketch_15.JPEG,27,1.000000
1381,sketch/n01910747/sketch_16.JPEG,27,1.000000
1382,sketch/n01910747/sketch_17.JPEG,27,1.000000
1383,sketch/n01910747/sketch_18.JPEG,27,1.000000
1384,sketch/n01910747/sketch_19.JPEG,27,1.000000
1385,sketch/n01910747/sketch_2.JPEG,27,1.000000
1386,sketch/n01910747/sketch_20.JPEG,27,1.000000
1387,sketch/n01910747/sketch_21.JPEG,27,1.000000
1388,sketch/n01910747/sketch_22.JPEG,27,1.000000
1389,sketch/n01910747/sketch_23.JPEG,27,1.000000
1390,sketch/n01910747/sketch_24.JPEG,27,1.000000
1391,sketch/n01910747/sketch_25.JPEG,27,1.000000
1392,sketch/n01910747/sketch_26.JPEG,27,1.000000
1393,sketch/n01910747/sketch_27.JPEG,27,1.000000
1394,sketch/n01910747/sketch_28.JPEG,27,1.000000
1395,sketch/n01910747/sketch_29.JPEG,27,1.000000
1396,sketch/n01910747/sketch_3.JPEG,27,1.000000
1397,sketch/n01910747/sketch_30.JPEG,27,1.000000
1398,sketch/n01910747/sketch_31.JPEG,27,1.000000
1399,sketch/n01910747/sketch_32.JPEG,27,1.000000
1400,sketch/n01910747/sketch_33.JPEG,27,1.000000
1401,sketch/n01910747/sketch_34.JPEG,27,1.000000
1402,sketch/n01910747/sketch_35.JPEG,27,1.000000
1403,sketch/n01910747/sketch_36.JPEG,27,1.000000
1404,sketch/n01910747/sketch_37.JPEG,27,1.000000
1405,sketch/n01910747/sketch_38.JPEG,27,1.000000
1406,sketch/n01910747/sketch_39.JPEG,27,1.000000
1407,sketch/n01910747/sketch_4.JPEG,27,1.000000
1408,sketch/n01910747/sketch_40.JPEG,27,1.000000
1409,sketch/n01910747/sketch_41.JPEG,27,1.000000
1410,sketch/n01910747/sketch_42.JPEG,27,1.000001
1411,sketch/n01910747/sketch_43.JPEG,27,1.000000
1412,sketch/n01910747/sketch_44.JPEG,27,1.000000
1413,sketch/n01910747/sketch_45.JPEG,27,1.000000
1414,sketch/n01910747/sketch_46.JPEG,27,1.000000
1415,sketch/n01910747/sketch_47.JPEG,27,1.000000
1416,sketch/n01910747/sketch_48.JPEG,27,1.000000
1417,sketch/n01910747/sketch_49.JPEG,27,1.000000
1418,sketch/n01910747/sketch_5.JPEG,27,1.000000
1419,sketch/n01910747/sketch_6.JPEG,27,1.000000
1420,sketch/n01910747/sketch_7.JPEG,27,1.000000
1421,sketch/n01910747/sketch_8.JPEG,27,1.000000
1422,sketch/n01910747/sketch_9.JPEG,27,1.000000
1423,sketch/n01944390/sketch_0.JPEG,28,1.000000
1424,sketch/n01944390/sketch_1.JPEG,28,1.000000
1425,sketch/n01944390/sketch_10.JPEG,28,1.000000
1426,sketch/n01944390/sketch_11.JPEG,28,1.000000
1427,sketch/n01944390/sketch_12.JPEG,28,1.000000
1428,sketch/n01944390/sketch_13.JPEG,28,1.000000
1429,sketch/n01944390/sketch_14.JPEG,28,1.000000
1430,sketch/n01944390/sketch_15.JPEG,28,1.000000
1431,sketch/n01944390/sketch_16.JPEG,28,1.000000
1432,sketch/n01944390/sketch_17.JPEG,28,1.000000
1433,sketch/n01944390/sketch_18.JPEG,28,1.000000
1434,sketch/n01944390/sketch_19.JPEG,28,1.000000
1435,sketch/n01944390/sketch_2.JPEG,28,1.000000
1436,sketch/n01944390/sketch_20.JPEG,28,1.000000
1437,sketch/n01944390/sketch_21.JPEG,28,1.000000
1438,sketch/n01944390/sketch_22.JPEG,28,1.000000
1439,sketch/n01944390/sketch_23.JPEG,28,1.000000
1440,sketch/n01944390/sketch_24.JPEG,28,1.000000
1441,sketch/n01944390/sketch_25.JPEG,28,1.000000
1442,sketch/n01944390/sketch_26.JPEG,28,1.000000
1443,sketch/n01944390/sketch_27.JPEG,28,1.000000
1444,sketch/n01944390/sketch_28.JPEG,28,1.000000
1445,sketch/n01944390/sketch_29.JPEG,28,1.000000
1446,sketch/n01944390/sketch_3.JPEG,28,1.000000
1447,sketch/n01944390/sketch_30.JPEG,28,1.000000
1448,sketch/n01944390/sketch_31.JPEG,28,1.000000
1449,sketch/n01944390/sketch_32.JPEG,28,1.000000
1450,sketch/n01944390/sketch_33.JPEG,28,1.000000
1451,sketch/n01944390/sketch_34.JPEG,28,1.000000
1452,sketch/n01944390/sketch_35.JPEG,28,1.000000
1453,sketch/n01944390/sketch_36.JPEG,28,1.000000
1454,sketch/n01944390/sketch_37.JPEG,28,1.000000
1455,sketch/n01944390/sketch_38.JPEG,28,1.000000
1456,sketch/n01944390/sketch_39.JPEG,28,1.000000
1457,sketch/n01944390/sketch_4.JPEG,28,1.000000
1458,sketch/n01944390/sketch_40.JPEG,28,1.000000
1459,sketch/n01944390/sketch_41.JPEG,28,1.000000
1460,sketch/n01944390/sketch_42.JPEG,28,1.000000
1461,sketch/n01944390/sketch_43.JPEG,28,1.000000
1462,sketch/n01944390/sketch_44.JPEG,28,1.000000
1463,sketch/n01944390/sketch_45.JPEG,28,1.000000
1464,sketch/n01944390/sketch_46.JPEG,28,1.000000
1465,sketch/n01944390/sketch_47.JPEG,28,1.000000
1466,sketch/n01944390/sketch_48.JPEG,28,1.000000
1467,sketch/n01944390/sketch_49.JPEG,28,1.000000
1468,sketch/n01944390/sketch_5.JPEG,28,1.000000
1469,sketch/n01944390/sketch_6.JPEG,28,1.000000
1470,sketch/n01944390/sketch_7.JPEG,28,1.000000
1471,sketch/n01944390/sketch_8.JPEG,28,1.000000
1472,sketch/n01944390/sketch_9.JPEG,28,1.000001
1473,sketch/n01983481/sketch_0.JPEG,29,1.000000
1474,sketch/n01983481/sketch_1.JPEG,29,1.000000
1475,sketch/n01983481/sketch_10.JPEG,29,1.000000
1476,sketch/n01983481/sketch_11.JPEG,29,1.000000
1477,sketch/n01983481/sketch_12.JPEG,29,1.000000
1478,sketch/n01983481/sketch_13.JPEG,29,1.000000
1479,sketch/n01983481/sketch_14.JPEG,29,1.000000
1480,sketch/n01983481/sketch_15.JPEG,29,1.000000
1481,sketch/n01983481/sketch_16.JPEG,29,1.000000
1482,sketch/n01983481/sketch_17.JPEG,29,1.000000
1483,sketch/n01983481/sketch_18.JPEG,29,1.000000
1484,sketch/n01983481/sketch_19.JPEG,29,1.000000
1485,sketch/n01983481/sketch_2.JPEG,29,1.000000
1486,sketch/n01983481/sketch_20.JPEG,29,1.000000
1487,sketch/n01983481/sketch_21.JPEG,29,1.000000
1488,sketch/n01983481/sketch_22.JPEG,29,1.000000
1489,sketch/n01983481/sketch_23.JPEG,29,1.000000
1490,sketch/n01983481/sketch_24.JPEG,29,1.000000
1491,sketch/n01983481/sketch_25.JPEG,29,1.000000
1492,sketch/n01983481/sketch_26.JPEG,29,1.000000
1493,sketch/n01983481/sketch_27.JPEG,29,1.000000
1494,sketch/n01983481/sketch_28.JPEG,29,1.000000
1495,sketch/n01983481/sketch_29.JPEG,29,1.000000
1496,sketch/n01983481/sketch_3.JPEG,29,1.000000
1497,sketch/n01983481/sketch_30.JPEG,29,1.000000
1498,sketch/n01983481/sketch_31.JPEG,29,1.000000
1499,sketch/n01983481/sketch_32.JPEG,29,1.000000
1500,sketch/n01983481/sketch_33.JPEG,29,1.000000
1501,sketch/n01983481/sketch_34.JPEG,29,1.000000
1502,sketch/n01983481/sketch_35.JPEG,29,1.000000
1503,sketch/n01983481/sketch_36.JPEG,29,1.000000
1504,sketch/n01983481/sketch_37.JPEG,29,1.000000
1505,sketch/n01983481/sketch_38.JPEG,29,1.000000
1506,sketch/n01983481/sketch_39.JPEG,29,1.000000
1507,sketch/n01983481/sketch_4.JPEG,29,1.000000
1508,sketch/n01983481/sketch_40.JPEG,29,1.000000
1509,sketch/n01983481/sketch_41.JPEG,29,1.000000
1510,sketch/n01983481/sketch_42.JPEG,29,1.000000
1511,sketch/n01983481/sketch_43.JPEG,29,1.000000
1512,sketch/n01983481/sketch_44.JPEG,29,1.000000
1513,sketch/n01983481/sketch_45.JPEG,29,1.000000
1514,sketch/n01983481/sketch_46.JPEG,29,1.000000
1515,sketch/n01983481/sketch_47.JPEG,29,1.000000
1516,sketch/n01983481/sketch_48.JPEG,29,1.000000
1517,sketch/n01983481/sketch_49.JPEG,29,1.000000
1518,sketch/n01983481/sketch_5.JPEG,29,1.000000
1519,sketch/n01983481/sketch_6.JPEG,29,1.000000
1520,sketch/n01983481/sketch_7.JPEG,29,1.000000
1521,sketch/n01983481/sketch_8.JPEG,29,1.000000
1522,sketch/n01983481/sketch_9.JPEG,29,1.000000
1523,sketch/n01986214/sketch_0.JPEG,30,1.000000
1524,sketch/n01986214/sketch_1.JPEG,30,1.000000
1525,sketch/n01986214/sketch_10.JPEG,30,1.000000
1526,sketch/n01986214/sketch_11.JPEG,30,1.000000
1527,sketch/n01986214/sketch_12.JPEG,30,1.000000
1528,sketch/n01986214/sketch_13.JPEG,30,1.000000
1529,sketch/n01986214/sketch_14.JPEG,30,1.000000
1530,sketch/n01986214/sketch_15.JPEG,30,1.000000
1531,sketch/n01986214/sketch_16.JPEG,30,1.000000
1532,sketch/n01986214/sketch_17.JPEG,30,1.000000
1533,sketch/n01986214/sketch_18.JPEG,30,1.000000
1534,sketch/n01986214/sketch_19.JPEG,30,1.000000
1535,sketch/n01986214/sketch_2.JPEG,30,1.000000
1536,sketch/n01986214/sketch_20.JPEG,30,1.000000
1537,sketch/n01986214/sketch_21.JPEG,30,1.000000
1538,sketch/n01986214/sketch_22.JPEG,30,1.000000
1539,sketch/n01986214/sketch_23.JPEG,30,1.000000
1540,sketch/n01986214/sketch_24.JPEG,30,1.000000
1541,sketch/n01986214/sketch_25.JPEG,30,1.000000
1542,sketch/n01986214/sketch_26.JPEG,30,1.000000
1543,sketch/n01986214/sketch_27.JPEG,30,1.000000
1544,sketch/n01986214/sketch_28.JPEG,30,1.000000
1545,sketch/n01986214/sketch_29.JPEG,30,1.000000
1546,sketch/n01986214/sketch_26.JPEG,30,1.000000
1547,sketch/n01986214/sketch_30.JPEG,30,1.000000
1548,sketch/n01986214/sketch_31.JPEG,30,1.000000
1549,sketch/n01986214/sketch_32.JPEG,30,1.000000
1550,sketch/n01986214/sketch_33.JPEG,30,1.000000
1551,sketch/n01986214/sketch_34.JPEG,30,1.000000
1552,sketch/n01986214/sketch_35.JPEG,30,1.000000
1553,sketch/n01986214/sketch_36.JPEG,30,1.000000
1554,sketch/n01986214/sketch_37.JPEG,30,1.000000
1555,sketch/n01986214/sketch_38.JPEG,30,1.000000
1556,sketch/n01986214/sketch_39.JPEG,30,1.000000
1557,sketch/n01986214/sketch_4.JPEG,30,1.000000
1558,sketch/n01986214/sketch_40.JPEG,30,1.000000
1559,sketch/n01986214/sketch_41.JPEG,30,1.000000
1560,sketch/n01986214/sketch_42.JPEG,30,1.000000
1561,sketch/n01986214/sketch_43.JPEG,30,1.000000
1562,sketch/n01986214/sketch_44.JPEG,30,1.000000
1563,sketch/n01986214/sketch_45.JPEG,30,1.000000
1564,sketch/n01986214/sketch_46.JPEG,30,1.000000
1565,sketch/n01986214/sketch_47.JPEG,30,1.000000
1566,sketch/n01986214/sketch_48.JPEG,30,1.000000
1567,sketch/n01986214/sketch_26.JPEG,30,1.000000
1568,sketch/n01986214/sketch_5.JPEG,30,1.000000
1569,sketch/n01986214/sketch_50.JPEG,30,1.000000
1570,sketch/n01986214/sketch_6.JPEG,30,1.000000
1571,sketch/n01986214/sketch_7.JPEG,30,1.000000
1572,sketch/n01986214/sketch_8.JPEG,30,1.000000
1573,sketch/n01986214/sketch_9.JPEG,30,1.000000
1574,sketch/n02007558/sketch_0.JPEG,31,1.000000
1575,sketch/n02007558/sketch_1.JPEG,31,1.000000
1576,sketch/n02007558/sketch_10.JPEG,31,1.000000
1577,sketch/n02007558/sketch_11.JPEG,31,1.000000
1578,sketch/n02007558/sketch_12.JPEG,31,1.000000
1579,sketch/n02007558/sketch_13.JPEG,31,1.000000
1580,sketch/n02007558/sketch_14.JPEG,31,1.000000
1581,sketch/n02007558/sketch_15.JPEG,31,1.000000
1582,sketch/n02007558/sketch_16.JPEG,31,1.000000
1583,sketch/n02007558/sketch_17.JPEG,31,1.000000
1584,sketch/n02007558/sketch_18.JPEG,31,1.000000
1585,sketch/n02007558/sketch_19.JPEG,31,1.000000
1586,sketch/n02007558/sketch_2.JPEG,31,1.000000
1587,sketch/n02007558/sketch_20.JPEG,31,1.000000
1588,sketch/n02007558/sketch_21.JPEG,31,1.000000
1589,sketch/n02007558/sketch_22.JPEG,31,1.000000
1590,sketch/n02007558/sketch_23.JPEG,31,1.000000
1591,sketch/n02007558/sketch_24.JPEG,31,1.000000
1592,sketch/n02007558/sketch_25.JPEG,31,1.000000
1593,sketch/n02007558/sketch_26.JPEG,31,1.000000
1594,sketch/n02007558/sketch_27.JPEG,31,1.000000
1595,sketch/n02007558/sketch_28.JPEG,31,1.000000
1596,sketch/n02007558/sketch_29.JPEG,31,1.000000
1597,sketch/n02007558/sketch_3.JPEG,31,1.000000
1598,sketch/n02007558/sketch_30.JPEG,31,1.000000
1599,sketch/n02007558/sketch_31.JPEG,31,1.000000
1600,sketch/n02007558/sketch_32.JPEG,31,1.000000
1601,sketch/n02007558/sketch_33.JPEG,31,1.000000
1602,sketch/n02007558/sketch_34.JPEG,31,1.000000
1603,sketch/n02007558/sketch_35.JPEG,31,1.000000
1604,sketch/n02007558/sketch_36.JPEG,31,1.000000
1605,sketch/n02007558/sketch_37.JPEG,31,1.000000
1606,sketch/n02007558/sketch_38.JPEG,31,1.000000
1607,sketch/n02007558/sketch_39.JPEG,31,1.000000
1608,sketch/n02007558/sketch_4.JPEG,31,1.000000
1609,sketch/n02007558/sketch_40.JPEG,31,1.000000
1610,sketch/n02007558/sketch_41.JPEG,31,1.000000
1611,sketch/n02007558/sketch_42.JPEG,31,1.000000
1612,sketch/n02007558/sketch_43.JPEG,31,1.000000
1613,sketch/n02007558/sketch_44.JPEG,31,1.000000
1614,sketch/n02007558/sketch_45.JPEG,31,1.000000
1615,sketch/n02007558/sketch_46.JPEG,31,1.000000
1616,sketch/n02007558/sketch_47.JPEG,31,1.000000
1617,sketch/n02007558/sketch_48.JPEG,31,1.000000
1618,sketch/n02007558/sketch_49.JPEG,31,1.000000
1619,sketch/n02007558/sketch_5.JPEG,31,1.000000
1620,sketch/n02007558/sketch_50.JPEG,31,1.000000
1621,sketch/n02007558/sketch_6.JPEG,31,1.000000
1622,sketch/n02007558/sketch_7.JPEG,31,1.000000
1623,sketch/n02007558/sketch_8.JPEG,31,1.000000
1624,sketch/n02007558/sketch_9.JPEG,31,1.000000
1625,sketch/n02009912/sketch_0.JPEG,32,1.000000
1626,sketch/n02009912/sketch_1.JPEG,32,1.000000
1627,sketch/n02009912/sketch_10.JPEG,32,1.000000
1628,sketch/n02009912/sketch_11.JPEG,32,1.000000
1629,sketch/n02009912/sketch_12.JPEG,32,1.000001
1630,sketch/n02009912/sketch_13.JPEG,32,1.000000
1631,sketch/n02009912/sketch_14.JPEG,32,1.000000
1632,sketch/n02009912/sketch_15.JPEG,32,1.000000
1633,sketch/n02009912/sketch_16.JPEG,32,1.000000
1634,sketch/n02009912/sketch_17.JPEG,32,1.000000
1635,sketch/n02009912/sketch_18.JPEG,32,1.000000
1636,sketch/n02009912/sketch_19.JPEG,32,1.000000
1637,sketch/n02009912/sketch_2.JPEG,32,1.000000
1638,sketch/n02009912/sketch_20.JPEG,32,1.000000
1639,sketch/n02009912/sketch_21.JPEG,32,1.000001
1640,sketch/n02009912/sketch_22.JPEG,32,1.000000
1641,sketch/n02009912/sketch_23.JPEG,32,1.000000
1642,sketch/n02009912/sketch_24.JPEG,32,1.000000
1643,sketch/n02009912/sketch_25.JPEG,32,1.000000
1644,sketch/n02009912/sketch_26.JPEG,32,1.000000
1645,sketch/n02009912/sketch_27.JPEG,32,1.000000
1646,sketch/n02009912/sketch_28.JPEG,32,1.000000
1647,sketch/n02009912/sketch_29.JPEG,32,1.000000
1648,sketch/n02009912/sketch_3.JPEG,32,1.000000
1649,sketch/n02009912/sketch_30.JPEG,32,1.000000
1650,sketch/n02009912/sketch_31.JPEG,32,1.000000
1651,sketch/n02009912/sketch_32.JPEG,32,1.000000
1652,sketch/n02009912/sketch_33.JPEG,32,1.000000
1653,sketch/n02009912/sketch_34.JPEG,32,1.000000
1654,sketch/n02009912/sketch_35.JPEG,32,1.000000
1655,sketch/n02009912/sketch_36.JPEG,32,1.000000
1656,sketch/n02009912/sketch_37.JPEG,32,1.000000
1657,sketch/n02009912/sketch_38.JPEG,32,1.000000
1658,sketch/n02009912/sketch_39.JPEG,32,1.000000
1659,sketch/n02009912/sketch_4.JPEG,32,1.000000
1660,sketch/n02009912/sketch_40.JPEG,32,1.000000
1661,sketch/n02009912/sketch_41.JPEG,32,1.000000
1662,sketch/n02009912/sketch_42.JPEG,32,1.000000
1663,sketch/n02009912/sketch_43.JPEG,32,1.000000
1664,sketch/n02009912/sketch_44.JPEG,32,1.000000
1665,sketch/n02009912/sketch_45.JPEG,32,1.000000
1666,sketch/n02009912/sketch_46.JPEG,32,1.000000
1667,sketch/n02009912/sketch_47.JPEG,32,1.000000
1668,sketch/n02009912/sketch_48.JPEG,32,1.000000
1669,sketch/n02009912/sketch_49.JPEG,32,1.000000
1670,sketch/n02009912/sketch_5.JPEG,32,1.000000
1671,sketch/n02009912/sketch_50.JPEG,32,1.000000
1672,sketch/n02009912/sketch_6.JPEG,32,1.000000
1673,sketch/n02009912/sketch_7.JPEG,32,1.000000
1674,sketch/n02009912/sketch_8.JPEG,32,1.000000
1675,sketch/n02009912/sketch_9.JPEG,32,1.000000
1676,sketch/n02051845/sketch_0.JPEG,33,1.000000
1677,sketch/n02051845/sketch_1.JPEG,33,1.000000
1678,sketch/n02051845/sketch_10.JPEG,33,1.000000
1679,sketch/n02051845/sketch_11.JPEG,33,1.000000
1680,sketch/n02051845/sketch_12.JPEG,33,1.000000
1681,sketch/n02051845/sketch_13.JPEG,33,1.000000
1682,sketch/n02051845/sketch_14.JPEG,33,1.000000
1683,sketch/n02051845/sketch_15.JPEG,33,1.000000
1684,sketch/n02051845/sketch_16.JPEG,33,1.000000
1685,sketch/n02051845/sketch_17.JPEG,33,1.000000
1686,sketch/n02051845/sketch_18.JPEG,33,1.000000
1687,sketch/n02051845/sketch_19.JPEG,33,1.000000
1688,sketch/n02051845/sketch_2.JPEG,33,1.000000
1689,sketch/n02051845/sketch_20.JPEG,33,1.000000
1690,sketch/n02051845/sketch_21.JPEG,33,1.000000
1691,sketch/n02051845/sketch_22.JPEG,33,1.000000
1692,sketch/n02051845/sketch_23.JPEG,33,1.000000
1693,sketch/n02051845/sketch_24.JPEG,33,1.000000
1694,sketch/n02051845/sketch_25.JPEG,33,1.000000
1695,sketch/n02051845/sketch_26.JPEG,33,1.000000
1696,sketch/n02051845/sketch_27.JPEG,33,1.000000
1697,sketch/n02051845/sketch_28.JPEG,33,1.000000
1698,sketch/n02051845/sketch_29.JPEG,33,1.000000
1699,sketch/n02051845/sketch_3.JPEG,33,1.000000
1700,sketch/n02051845/sketch_30.JPEG,33,1.000000
1701,sketch/n02051845/sketch_31.JPEG,33,1.000000
1702,sketch/n02051845/sketch_32.JPEG,33,1.000000
1703,sketch/n02051845/sketch_33.JPEG,33,1.000000
1704,sketch/n02051845/sketch_34.JPEG,33,1.000000
1705,sketch/n02051845/sketch_35.JPEG,33,1.000000
1706,sketch/n02051845/sketch_36.JPEG,33,0.999999
1707,sketch/n02051845/sketch_37.JPEG,33,1.000000
1708,sketch/n02051845/sketch_38.JPEG,33,1.000000
1709,sketch/n02051845/sketch_39.JPEG,33,1.000000
1710,sketch/n02051845/sketch_4.JPEG,33,1.000000
1711,sketch/n02051845/sketch_40.JPEG,33,1.000000
1712,sketch/n02051845/sketch_41.JPEG,33,1.000000
1713,sketch/n02051845/sketch_42.JPEG,33,1.000000
1714,sketch/n02051845/sketch_43.JPEG,33,1.000000
1715,sketch/n02051845/sketch_44.JPEG,33,1.000000
1716,sketch/n02051845/sketch_45.JPEG,33,1.000000
1717,sketch/n02051845/sketch_46.JPEG,33,0.999999
1718,sketch/n02051845/sketch_47.JPEG,33,1.000000
1719,sketch/n02051845/sketch_48.JPEG,33,1.000000
1720,sketch/n02051845/sketch_49.JPEG,33,0.999999
1721,sketch/n02051845/sketch_5.JPEG,33,1.000000
1722,sketch/n02051845/sketch_50.JPEG,33,1.000000
1723,sketch/n02051845/sketch_6.JPEG,33,1.000000
1724,sketch/n02051845/sketch_7.JPEG,33,1.000000
1725,sketch/n02051845/sketch_8.JPEG,33,1.000000
1726,sketch/n02051845/sketch_9.JPEG,33,1.000000
1727,sketch/n02056570/sketch_0.JPEG,34,1.000000
1728,sketch/n02056570/sketch_1.JPEG,34,1.000000
1729,sketch/n02056570/sketch_10.JPEG,34,1.000000
1730,sketch/n02056570/sketch_11.JPEG,34,1.000000
1731,sketch/n02056570/sketch_12.JPEG,34,1.000000
1732,sketch/n02056570/sketch_13.JPEG,34,1.000000
1733,sketch/n02056570/sketch_14.JPEG,34,1.000001
1734,sketch/n02056570/sketch_15.JPEG,34,1.000000
1735,sketch/n02056570/sketch_16.JPEG,34,1.000000
1736,sketch/n02056570/sketch_17.JPEG,34,1.000000
1737,sketch/n02056570/sketch_18.JPEG,34,1.000000
1738,sketch/n02056570/sketch_19.JPEG,34,1.000000
1739,sketch/n02056570/sketch_2.JPEG,34,1.000000
1740,sketch/n02056570/sketch_20.JPEG,34,1.000000
1741,sketch/n02056570/sketch_21.JPEG,34,1.000000
1742,sketch/n02056570/sketch_22.JPEG,34,1.000000
1743,sketch/n02056570/sketch_23.JPEG,34,1.000000
1744,sketch/n02056570/sketch_24.JPEG,34,1.000000
1745,sketch/n02056570/sketch_25.JPEG,34,1.000000
1746,sketch/n02056570/sketch_26.JPEG,34,1.000000
1747,sketch/n02056570/sketch_27.JPEG,34,1.000000
1748,sketch/n02056570/sketch_28.JPEG,34,1.000000
1749,sketch/n02056570/sketch_29.JPEG,34,1.000000
1750,sketch/n02056570/sketch_3.JPEG,34,1.000000
1751,sketch/n02056570/sketch_30.JPEG,34,1.000000
1752,sketch/n02056570/sketch_31.JPEG,34,1.000000
1753,sketch/n02056570/sketch_32.JPEG,34,1.000000
1754,sketch/n02056570/sketch_33.JPEG,34,1.000000
1755,sketch/n02056570/sketch_34.JPEG,34,1.000000
1756,sketch/n02056570/sketch_35.JPEG,34,1.000000
1757,sketch/n02056570/sketch_36.JPEG,34,1.000000
1758,sketch/n02056570/sketch_37.JPEG,34,1.000000
1759,sketch/n02056570/sketch_38.JPEG,34,1.000000
1760,sketch/n02056570/sketch_39.JPEG,34,1.000000
1761,sketch/n02056570/sketch_4.JPEG,34,1.000000
1762,sketch/n02056570/sketch_40.JPEG,34,1.000000
1763,sketch/n02056570/sketch_41.JPEG,34,1.000000
1764,sketch/n02056570/sketch_42.JPEG,34,1.000000
1765,sketch/n02056570/sketch_43.JPEG,34,1.000000
1766,sketch/n02056570/sketch_44.JPEG,34,1.000000
1767,sketch/n02056570/sketch_45.JPEG,34,1.000000
1768,sketch/n02056570/sketch_46.JPEG,34,1.000000
1769,sketch/n02056570/sketch_47.JPEG,34,1.000000
1770,sketch/n02056570/sketch_48.JPEG,34,1.000000
1771,sketch/n02056570/sketch_49.JPEG,34,1.000000
1772,sketch/n02056570/sketch_5.JPEG,34,1.000000
1773,sketch/n02056570/sketch_50.JPEG,34,1.000000
1774,sketch/n02056570/sketch_6.JPEG,34,1.000000
1775,sketch/n02056570/sketch_7.JPEG,34,1.000000
1776,sketch/n02056570/sketch_8.JPEG,34,1.000000
1777,sketch/n02056570/sketch_9.JPEG,34,1.000000
1778,sketch/n02066245/sketch_0.JPEG,35,1.000000
1779,sketch/n02066245/sketch_1.JPEG,35,1.000000
1780,sketch/n02066245/sketch_10.JPEG,35,1.000000
1781,sketch/n02066245/sketch_11.JPEG,35,1.000000
1782,sketch/n02066245/sketch_12.JPEG,35,1.000000
1783,sketch/n02066245/sketch_13.JPEG,35,1.000000
1784,sketch/n02066245/sketch_14.JPEG,35,1.000000
1785,sketch/n02066245/sketch_15.JPEG,35,0.999999
1786,sketch/n02066245/sketch_16.JPEG,35,1.000000
1787,sketch/n02066245/sketch_17.JPEG,35,1.000000
1788,sketch/n02066245/sketch_18.JPEG,35,1.000000
1789,sketch/n02066245/sketch_19.JPEG,35,1.000000
1790,sketch/n02066245/sketch_2.JPEG,35,1.000000
1791,sketch/n02066245/sketch_20.JPEG,35,1.000000
1792,sketch/n02066245/sketch_21.JPEG,35,1.000000
1793,sketch/n02066245/sketch_22.JPEG,35,1.000000
1794,sketch/n02066245/sketch_23.JPEG,35,1.000000
1795,sketch/n02066245/sketch_24.JPEG,35,1.000000
1796,sketch/n02066245/sketch_25.JPEG,35,1.000000
1797,sketch/n02066245/sketch_26.JPEG,35,1.000000
1798,sketch/n02066245/sketch_27.JPEG,35,1.000000
1799,sketch/n02066245/sketch_28.JPEG,35,1.000000
1800,sketch/n02066245/sketch_29.JPEG,35,1.000000
1801,sketch/n02066245/sketch_3.JPEG,35,1.000000
1802,sketch/n02066245/sketch_30.JPEG,35,1.000000
1803,sketch/n02066245/sketch_31.JPEG,35,1.000000
1804,sketch/n02066245/sketch_32.JPEG,35,1.000000
1805,sketch/n02066245/sketch_33.JPEG,35,1.000000
1806,sketch/n02066245/sketch_34.JPEG,35,1.000000
1807,sketch/n02066245/sketch_35.JPEG,35,1.000000
1808,sketch/n02066245/sketch_36.JPEG,35,1.000000
1809,sketch/n02066245/sketch_37.JPEG,35,1.000000
1810,sketch/n02066245/sketch_38.JPEG,35,1.000000
1811,sketch/n02066245/sketch_39.JPEG,35,1.000000
1812,sketch/n02066245/sketch_4.JPEG,35,1.000000
1813,sketch/n02066245/sketch_40.JPEG,35,1.000000
1814,sketch/n02066245/sketch_41.JPEG,35,1.000000
1815,sketch/n02066245/sketch_42.JPEG,35,1.000000
1816,sketch/n02066245/sketch_43.JPEG,35,1.000000
1817,sketch/n02066245/sketch_44.JPEG,35,1.000000
1818,sketch/n02066245/sketch_45.JPEG,35,1.000000
1819,sketch/n02066245/sketch_46.JPEG,35,1.000000
1820,sketch/n02066245/sketch_47.JPEG,35,1.000000
1821,sketch/n02066245/sketch_48.JPEG,35,1.000001
1822,sketch/n02066245/sketch_49.JPEG,35,1.000000
1823,sketch/n02066245/sketch_5.JPEG,35,1.000000
1824,sketch/n02066245/sketch_50.JPEG,35,1.000000
1825,sketch/n02066245/sketch_6.JPEG,35,1.000000
1826,sketch/n02066245/sketch_7.JPEG,35,1.000000
1827,sketch/n02066245/sketch_8.JPEG,35,1.000000
1828,sketch/n02066245/sketch_9.JPEG,35,1.000000
1829,sketch/n02071294/sketch_0.JPEG,36,1.000000
1830,sketch/n02071294/sketch_1.JPEG,36,1.000000
1831,sketch/n02071294/sketch_10.JPEG,36,1.000000
1832,sketch/n02071294/sketch_11.JPEG,36,1.000000
1833,sketch/n02071294/sketch_12.JPEG,36,1.000000
1834,sketch/n02071294/sketch_13.JPEG,36,1.000000
1835,sketch/n02071294/sketch_14.JPEG,36,1.000000
1836,sketch/n02071294/sketch_15.JPEG,36,1.000000
1837,sketch/n02071294/sketch_16.JPEG,36,1.000000
1838,sketch/n02071294/sketch_17.JPEG,36,1.000000
1839,sketch/n02071294/sketch_18.JPEG,36,1.000000
1840,sketch/n02071294/sketch_19.JPEG,36,1.000000
1841,sketch/n02071294/sketch_2.JPEG,36,1.000000
1842,sketch/n02071294/sketch_20.JPEG,36,1.000000
1843,sketch/n02071294/sketch_21.JPEG,36,1.000000
1844,sketch/n02071294/sketch_22.JPEG,36,1.000000
1845,sketch/n02071294/sketch_23.JPEG,36,1.000000
1846,sketch/n02071294/sketch_24.JPEG,36,1.000000
1847,sketch/n02071294/sketch_25.JPEG,36,1.000000
1848,sketch/n02071294/sketch_26.JPEG,36,1.000000
1849,sketch/n02071294/sketch_27.JPEG,36,1.000000
1850,sketch/n02071294/sketch_28.JPEG,36,1.000000
1851,sketch/n02071294/sketch_29.JPEG,36,1.000000
1852,sketch/n02071294/sketch_3.JPEG,36,1.000000
1853,sketch/n02071294/sketch_30.JPEG,36,1.000000
1854,sketch/n02071294/sketch_31.JPEG,36,1.000000
1855,sketch/n02071294/sketch_32.JPEG,36,1.000000
1856,sketch/n02071294/sketch_33.JPEG,36,1.000000
1857,sketch/n02071294/sketch_34.JPEG,36,1.000000
1858,sketch/n02071294/sketch_35.JPEG,36,1.000000
1859,sketch/n02071294/sketch_36.JPEG,36,1.000000
1860,sketch/n02071294/sketch_37.JPEG,36,1.000000
1861,sketch/n02071294/sketch_38.JPEG,36,1.000000
1862,sketch/n02071294/sketch_39.JPEG,36,1.000000
1863,sketch/n02071294/sketch_4.JPEG,36,1.000000
1864,sketch/n02071294/sketch_40.JPEG,36,1.000000
1865,sketch/n02071294/sketch_41.JPEG,36,1.000000
1866,sketch/n02071294/sketch_42.JPEG,36,1.000000
1867,sketch/n02071294/sketch_43.JPEG,36,1.000000
1868,sketch/n02071294/sketch_44.JPEG,36,1.000000
1869,sketch/n02071294/sketch_45.JPEG,36,1.000000
1870,sketch/n02071294/sketch_46.JPEG,36,1.000000
1871,sketch/n02071294/sketch_47.JPEG,36,1.000000
1872,sketch/n02071294/sketch_48.JPEG,36,1.000000
1873,sketch/n02071294/sketch_49.JPEG,36,1.000000
1874,sketch/n02071294/sketch_5.JPEG,36,1.000000
1875,sketch/n02071294/sketch_50.JPEG,36,1.000000
1876,sketch/n02071294/sketch_6.JPEG,36,1.000000
1877,sketch/n02071294/sketch_7.JPEG,36,1.000000
1878,sketch/n02071294/sketch_8.JPEG,36,1.000000
1879,sketch/n02071294/sketch_9.JPEG,36,1.000000
1880,sketch/n02077923/sketch_0.JPEG,37,1.000000
1881,sketch/n02077923/sketch_1.JPEG,37,1.000000
1882,sketch/n02077923/sketch_10.JPEG,37,1.000000
1883,sketch/n02077923/sketch_11.JPEG,37,1.000000
1884,sketch/n02077923/sketch_12.JPEG,37,1.000000
1885,sketch/n02077923/sketch_13.JPEG,37,1.000000
1886,sketch/n02077923/sketch_14.JPEG,37,1.000000
1887,sketch/n02077923/sketch_15.JPEG,37,1.000000
1888,sketch/n02077923/sketch_16.JPEG,37,1.000000
1889,sketch/n02077923/sketch_17.JPEG,37,1.000000
1890,sketch/n02077923/sketch_18.JPEG,37,1.000000
1891,sketch/n02077923/sketch_19.JPEG,37,1.000000
1892,sketch/n02077923/sketch_2.JPEG,37,1.000000
1893,sketch/n02077923/sketch_20.JPEG,37,1.000000
1894,sketch/n02077923/sketch_21.JPEG,37,1.000000
1895,sketch/n02077923/sketch_22.JPEG,37,1.000000
1896,sketch/n02077923/sketch_23.JPEG,37,1.000000
1897,sketch/n02077923/sketch_24.JPEG,37,1.000000
1898,sketch/n02077923/sketch_25.JPEG,37,1.000000
1899,sketch/n02077923/sketch_26.JPEG,37,1.000000
1900,sketch/n02077923/sketch_27.JPEG,37,1.000000
1901,sketch/n02077923/sketch_28.JPEG,37,1.000000
1902,sketch/n02077923/sketch_29.JPEG,37,1.000000
1903,sketch/n02077923/sketch_3.JPEG,37,1.000000
1904,sketch/n02077923/sketch_30.JPEG,37,1.000000
1905,sketch/n02077923/sketch_31.JPEG,37,1.000000
1906,sketch/n02077923/sketch_32.JPEG,37,1.000000
1907,sketch/n02077923/sketch_33.JPEG,37,1.000000
1908,sketch/n02077923/sketch_34.JPEG,37,1.000000
1909,sketch/n02077923/sketch_35.JPEG,37,1.000000
1910,sketch/n02077923/sketch_36.JPEG,37,1.000000
1911,sketch/n02077923/sketch_37.JPEG,37,1.000000
1912,sketch/n02077923/sketch_38.JPEG,37,1.000000
1913,sketch/n02077923/sketch_39.JPEG,37,1.000000
1914,sketch/n02077923/sketch_4.JPEG,37,1.000000
1915,sketch/n02077923/sketch_40.JPEG,37,1.000000
1916,sketch/n02077923/sketch_41.JPEG,37,1.000000
1917,sketch/n02077923/sketch_42.JPEG,37,1.000000
1918,sketch/n02077923/sketch_43.JPEG,37,1.000000
1919,sketch/n02077923/sketch_44.JPEG,37,1.000000
1920,sketch/n02077923/sketch_45.JPEG,37,1.000000
1921,sketch/n02077923/sketch_46.JPEG,37,1.000000
1922,sketch/n02077923/sketch_47.JPEG,37,1.000000
1923,sketch/n02077923/sketch_48.JPEG,37,1.000000
1924,sketch/n02077923/sketch_49.JPEG,37,1.000000
1925,sketch/n02077923/sketch_5.JPEG,37,1.000000
1926,sketch/n02077923/sketch_50.JPEG,37,1.000000
1927,sketch/n02077923/sketch_6.JPEG,37,1.000000
1928,sketch/n02077923/sketch_7.JPEG,37,1.000000
1929,sketch/n02077923/sketch_8.JPEG,37,1.000000
1930,sketch/n02077923/sketch_9.JPEG,37,1.000000
1931,sketch/n02085620/sketch_0.JPEG,38,1.000000
1932,sketch/n02085620/sketch_1.JPEG,38,1.000000
1933,sketch/n02085620/sketch_10.JPEG,38,1.000000
1934,sketch/n02085620/sketch_11.JPEG,38,1.000000
1935,sketch/n02085620/sketch_12.JPEG,38,1.000000
1936,sketch/n02085620/sketch_13.JPEG,38,1.000000
1937,sketch/n02085620/sketch_14.JPEG,38,1.000000
1938,sketch/n02085620/sketch_15.JPEG,38,1.000000
1939,sketch/n02085620/sketch_16.JPEG,38,1.000000
1940,sketch/n02085620/sketch_17.JPEG,38,1.000000
1941,sketch/n02085620/sketch_18.JPEG,38,1.000000
1942,sketch/n02085620/sketch_19.JPEG,38,1.000000
1943,sketch/n02085620/sketch_2.JPEG,38,1.000000
1944,sketch/n02085620/sketch_20.JPEG,38,1.000000
1945,sketch/n02085620/sketch_21.JPEG,38,1.000000
1946,sketch/n02085620/sketch_22.JPEG,38,1.000000
1947,sketch/n02085620/sketch_23.JPEG,38,1.000000
1948,sketch/n02085620/sketch_24.JPEG,38,1.000000
1949,sketch/n02085620/sketch_25.JPEG,38,1.000000
1950,sketch/n02085620/sketch_26.JPEG,38,1.000000
1951,sketch/n02085620/sketch_27.JPEG,38,1.000000
1952,sketch/n02085620/sketch_28.JPEG,38,1.000000
1953,sketch/n02085620/sketch_29.JPEG,38,1.000000
1954,sketch/n02085620/sketch_3.JPEG,38,1.000000
1955,sketch/n02085620/sketch_30.JPEG,38,1.000000
1956,sketch/n02085620/sketch_31.JPEG,38,1.000000
1957,sketch/n02085620/sketch_32.JPEG,38,1.000000
1958,sketch/n02085620/sketch_33.JPEG,38,1.000000
1959,sketch/n02085620/sketch_34.JPEG,38,1.000000
1960,sketch/n02085620/sketch_35.JPEG,38,1.000000
1961,sketch/n02085620/sketch_36.JPEG,38,1.000000
1962,sketch/n02085620/sketch_37.JPEG,38,1.000000
1963,sketch/n02085620/sketch_38.JPEG,38,1.000000
1964,sketch/n02085620/sketch_39.JPEG,38,1.000000
1965,sketch/n02085620/sketch_4.JPEG,38,1.000000
1966,sketch/n02085620/sketch_40.JPEG,38,1.000000
1967,sketch/n02085620/sketch_41.JPEG,38,1.000000
1968,sketch/n02085620/sketch_42.JPEG,38,1.000000
1969,sketch/n02085620/sketch_43.JPEG,38,1.000000
1970,sketch/n02085620/sketch_44.JPEG,38,1.000000
1971,sketch/n02085620/sketch_45.JPEG,38,1.000000
1972,sketch/n02085620/sketch_46.JPEG,38,1.000000
1973,sketch/n02085620/sketch_47.JPEG,38,1.000000
1974,sketch/n02085620/sketch_48.JPEG,38,1.000000
1975,sketch/n02085620/sketch_49.JPEG,38,1.000000
1976,sketch/n02085620/sketch_5.JPEG,38,1.000000
1977,sketch/n02085620/sketch_6.JPEG,38,1.000000
1978,sketch/n02085620/sketch_7.JPEG,38,1.000000
1979,sketch/n02085620/sketch_8.JPEG,38,1.000000
1980,sketch/n02085620/sketch_9.JPEG,38,1.000000
1981,sketch/n02086240/sketch_0.JPEG,39,1.000000
1982,sketch/n02086240/sketch_1.JPEG,39,1.000000
1983,sketch/n02086240/sketch_10.JPEG,39,1.000000
1984,sketch/n02086240/sketch_11.JPEG,39,1.000000
1985,sketch/n02086240/sketch_12.JPEG,39,1.000000
1986,sketch/n02086240/sketch_13.JPEG,39,1.000000
1987,sketch/n02086240/sketch_14.JPEG,39,1.000000
1988,sketch/n02086240/sketch_15.JPEG,39,1.000000
1989,sketch/n02086240/sketch_16.JPEG,39,1.000000
1990,sketch/n02086240/sketch_17.JPEG,39,1.000000
1991,sketch/n02086240/sketch_18.JPEG,39,1.000000
1992,sketch/n02086240/sketch_19.JPEG,39,1.000000
1993,sketch/n02086240/sketch_2.JPEG,39,1.000000
1994,sketch/n02086240/sketch_20.JPEG,39,1.000000
1995,sketch/n02086240/sketch_21.JPEG,39,1.000000
1996,sketch/n02086240/sketch_22.JPEG,39,1.000000
1997,sketch/n02086240/sketch_23.JPEG,39,1.000000
1998,sketch/n02086240/sketch_24.JPEG,39,1.000000
1999,sketch/n02086240/sketch_25.JPEG,39,1.000000
2000,sketch/n02086240/sketch_26.JPEG,39,1.000000
2001,sketch/n02086240/sketch_27.JPEG,39,1.000000
2002,sketch/n02086240/sketch_28.JPEG,39,1.000000
2003,sketch/n02086240/sketch_29.JPEG,39,1.000000
2004,sketch/n02086240/sketch_3.JPEG,39,1.000000
2005,sketch/n02086240/sketch_30.JPEG,39,1.000000
2006,sketch/n02086240/sketch_31.JPEG,39,1.000000
2007,sketch/n02086240/sketch_32.JPEG,39,1.000000
2008,sketch/n02086240/sketch_33.JPEG,39,1.000000
2009,sketch/n02086240/sketch_34.JPEG,39,1.000000
2010,sketch/n02086240/sketch_35.JPEG,39,1.000000
2011,sketch/n02086240/sketch_36.JPEG,39,1.000000
2012,sketch/n02086240/sketch_37.JPEG,39,1.000000
2013,sketch/n02086240/sketch_38.JPEG,39,1.000000
2014,sketch/n02086240/sketch_39.JPEG,39,1.000000
2015,sketch/n02086240/sketch_4.JPEG,39,1.000000
2016,sketch/n02086240/sketch_40.JPEG,39,1.000000
2017,sketch/n02086240/sketch_41.JPEG,39,1.000000
2018,sketch/n02086240/sketch_42.JPEG,39,1.000000
2019,sketch/n02086240/sketch_43.JPEG,39,1.000000
2020,sketch/n02086240/sketch_44.JPEG,39,1.000001
2021,sketch/n02086240/sketch_45.JPEG,39,1.000000
2022,sketch/n02086240/sketch_46.JPEG,39,1.000000
2023,sketch/n02086240/sketch_47.JPEG,39,1.000000
2024,sketch/n02086240/sketch_48.JPEG,39,1.000000
2025,sketch/n02086240/sketch_49.JPEG,39,1.000000
2026,sketch/n02086240/sketch_5.JPEG,39,1.000000
2027,sketch/n02086240/sketch_50.JPEG,39,1.000000
2028,sketch/n02086240/sketch_6.JPEG,39,1.000000
2029,sketch/n02086240/sketch_7.JPEG,39,1.000000
2030,sketch/n02086240/sketch_8.JPEG,39,1.000000
2031,sketch/n02086240/sketch_9.JPEG,39,1.000000
2032,sketch/n02088094/sketch_0.JPEG,40,1.000000
2033,sketch/n02088094/sketch_1.JPEG,40,1.000000
2034,sketch/n02088094/sketch_10.JPEG,40,1.000000
2035,sketch/n02088094/sketch_11.JPEG,40,1.000000
2036,sketch/n02088094/sketch_12.JPEG,40,1.000000
2037,sketch/n02088094/sketch_13.JPEG,40,1.000000
2038,sketch/n02088094/sketch_14.JPEG,40,1.000001
2039,sketch/n02088094/sketch_15.JPEG,40,1.000000
2040,sketch/n02088094/sketch_16.JPEG,40,1.000000
2041,sketch/n02088094/sketch_17.JPEG,40,1.000000
2042,sketch/n02088094/sketch_18.JPEG,40,1.000000
2043,sketch/n02088094/sketch_19.JPEG,40,1.000000
2044,sketch/n02088094/sketch_2.JPEG,40,1.000000
2045,sketch/n02088094/sketch_20.JPEG,40,1.000000
2046,sketch/n02088094/sketch_21.JPEG,40,1.000000
2047,sketch/n02088094/sketch_22.JPEG,40,1.000000
2048,sketch/n02088094/sketch_23.JPEG,40,1.000000
2049,sketch/n02088094/sketch_24.JPEG,40,1.000001
2050,sketch/n02088094/sketch_25.JPEG,40,1.000000
2051,sketch/n02088094/sketch_26.JPEG,40,1.000000
2052,sketch/n02088094/sketch_27.JPEG,40,1.000000
2053,sketch/n02088094/sketch_28.JPEG,40,1.000000
2054,sketch/n02088094/sketch_29.JPEG,40,1.000000
2055,sketch/n02088094/sketch_3.JPEG,40,1.000000
2056,sketch/n02088094/sketch_30.JPEG,40,1.000000
2057,sketch/n02088094/sketch_31.JPEG,40,1.000000
2058,sketch/n02088094/sketch_32.JPEG,40,1.000000
2059,sketch/n02088094/sketch_33.JPEG,40,1.000000
2060,sketch/n02088094/sketch_34.JPEG,40,1.000000
2061,sketch/n02088094/sketch_35.JPEG,40,1.000000
2062,sketch/n02088094/sketch_36.JPEG,40,1.000000
2063,sketch/n02088094/sketch_37.JPEG,40,1.000000
2064,sketch/n02088094/sketch_38.JPEG,40,1.000000
2065,sketch/n02088094/sketch_39.JPEG,40,1.000000
2066,sketch/n02088094/sketch_4.JPEG,40,1.000000
2067,sketch/n02088094/sketch_40.JPEG,40,1.000000
2068,sketch/n02088094/sketch_41.JPEG,40,1.000001
2069,sketch/n02088094/sketch_42.JPEG,40,1.000000
2070,sketch/n02088094/sketch_43.JPEG,40,1.000000
2071,sketch/n02088094/sketch_44.JPEG,40,1.000000
2072,sketch/n02088094/sketch_45.JPEG,40,1.000000
2073,sketch/n02088094/sketch_46.JPEG,40,1.000000
2074,sketch/n02088094/sketch_47.JPEG,40,1.000000
2075,sketch/n02088094/sketch_48.JPEG,40,1.000000
2076,sketch/n02088094/sketch_49.JPEG,40,1.000000
2077,sketch/n02088094/sketch_5.JPEG,40,1.000000
2078,sketch/n02088094/sketch_50.JPEG,40,1.000000
2079,sketch/n02088094/sketch_6.JPEG,40,1.000000
2080,sketch/n02088094/sketch_7.JPEG,40,1.000000
2081,sketch/n02088094/sketch_8.JPEG,40,1.000000
2082,sketch/n02088094/sketch_9.JPEG,40,1.000000
2083,sketch/n02088238/sketch_0.JPEG,41,1.000000
2084,sketch/n02088238/sketch_1.JPEG,41,1.000000
2085,sketch/n02088238/sketch_10.JPEG,41,1.000000
2086,sketch/n02088238/sketch_11.JPEG,41,1.000000
2087,sketch/n02088238/sketch_12.JPEG,41,1.000000
2088,sketch/n02088238/sketch_13.JPEG,41,1.000000
2089,sketch/n02088238/sketch_14.JPEG,41,1.000000
2090,sketch/n02088238/sketch_15.JPEG,41,1.000000
2091,sketch/n02088238/sketch_16.JPEG,41,1.000000
2092,sketch/n02088238/sketch_17.JPEG,41,1.000000
2093,sketch/n02088238/sketch_18.JPEG,41,1.000000
2094,sketch/n02088238/sketch_19.JPEG,41,1.000000
2095,sketch/n02088238/sketch_2.JPEG,41,1.000000
2096,sketch/n02088238/sketch_20.JPEG,41,1.000000
2097,sketch/n02088238/sketch_21.JPEG,41,1.000000
2098,sketch/n02088238/sketch_22.JPEG,41,1.000000
2099,sketch/n02088238/sketch_23.JPEG,41,1.000000
2100,sketch/n02088238/sketch_24.JPEG,41,1.000000
2101,sketch/n02088238/sketch_25.JPEG,41,1.000000
2102,sketch/n02088238/sketch_26.JPEG,41,1.000000
2103,sketch/n02088238/sketch_27.JPEG,41,1.000000
2104,sketch/n02088238/sketch_28.JPEG,41,1.000000
2105,sketch/n02088238/sketch_29.JPEG,41,1.000000
2106,sketch/n02088238/sketch_3.JPEG,41,1.000000
2107,sketch/n02088238/sketch_30.JPEG,41,1.000000
2108,sketch/n02088238/sketch_31.JPEG,41,1.000000
2109,sketch/n02088238/sketch_32.JPEG,41,1.000000
2110,sketch/n02088238/sketch_33.JPEG,41,1.000000
2111,sketch/n02088238/sketch_34.JPEG,41,1.000000
2112,sketch/n02088238/sketch_35.JPEG,41,1.000000
2113,sketch/n02088238/sketch_36.JPEG,41,1.000000
2114,sketch/n02088238/sketch_37.JPEG,41,1.000000
2115,sketch/n02088238/sketch_38.JPEG,41,1.000000
2116,sketch/n02088238/sketch_39.JPEG,41,1.000000
2117,sketch/n02088238/sketch_4.JPEG,41,1.000000
2118,sketch/n02088238/sketch_40.JPEG,41,1.000001
2119,sketch/n02088238/sketch_41.JPEG,41,1.000000
2120,sketch/n02088238/sketch_42.JPEG,41,1.000000
2121,sketch/n02088238/sketch_43.JPEG,41,1.000000
2122,sketch/n02088238/sketch_44.JPEG,41,1.000000
2123,sketch/n02088238/sketch_45.JPEG,41,1.000000
2124,sketch/n02088238/sketch_46.JPEG,41,1.000000
2125,sketch/n02088238/sketch_47.JPEG,41,1.000000
2126,sketch/n02088238/sketch_48.JPEG,41,1.000000
2127,sketch/n02088238/sketch_49.JPEG,41,1.000000
2128,sketch/n02088238/sketch_5.JPEG,41,1.000000
2129,sketch/n02088238/sketch_50.JPEG,41,1.000000
2130,sketch/n02088238/sketch_6.JPEG,41,1.000000
2131,sketch/n02088238/sketch_7.JPEG,41,1.000000
2132,sketch/n02088238/sketch_8.JPEG,41,1.000000
2133,sketch/n02088238/sketch_9.JPEG,41,1.000000
2134,sketch/n02088364/sketch_0.JPEG,42,1.000000
2135,sketch/n02088364/sketch_1.JPEG,42,1.000000
2136,sketch/n02088364/sketch_10.JPEG,42,1.000000
2137,sketch/n02088364/sketch_11.JPEG,42,1.000000
2138,sketch/n02088364/sketch_12.JPEG,42,1.000000
2139,sketch/n02088364/sketch_13.JPEG,42,1.000000
2140,sketch/n02088364/sketch_14.JPEG,42,1.000000
2141,sketch/n02088364/sketch_15.JPEG,42,1.000000
2142,sketch/n02088364/sketch_16.JPEG,42,1.000000
2143,sketch/n02088364/sketch_17.JPEG,42,1.000000
2144,sketch/n02088364/sketch_18.JPEG,42,1.000000
2145,sketch/n02088364/sketch_19.JPEG,42,1.000000
2146,sketch/n02088364/sketch_2.JPEG,42,1.000000
2147,sketch/n02088364/sketch_20.JPEG,42,1.000000
2148,sketch/n02088364/sketch_21.JPEG,42,1.000000
2149,sketch/n02088364/sketch_22.JPEG,42,1.000000
2150,sketch/n02088364/sketch_23.JPEG,42,1.000000
2151,sketch/n02088364/sketch_24.JPEG,42,1.000000
2152,sketch/n02088364/sketch_25.JPEG,42,1.000000
2153,sketch/n02088364/sketch_26.JPEG,42,1.000000
2154,sketch/n02088364/sketch_27.JPEG,42,1.000001
2155,sketch/n02088364/sketch_28.JPEG,42,1.000000
2156,sketch/n02088364/sketch_29.JPEG,42,1.000000
2157,sketch/n02088364/sketch_3.JPEG,42,1.000000
2158,sketch/n02088364/sketch_30.JPEG,42,1.000000
2159,sketch/n02088364/sketch_31.JPEG,42,1.000000
2160,sketch/n02088364/sketch_32.JPEG,42,1.000000
2161,sketch/n02088364/sketch_33.JPEG,42,1.000000
2162,sketch/n02088364/sketch_34.JPEG,42,1.000000
2163,sketch/n02088364/sketch_35.JPEG,42,1.000000
2164,sketch/n02088364/sketch_36.JPEG,42,1.000000
2165,sketch/n02088364/sketch_37.JPEG,42,1.000000
2166,sketch/n02088364/sketch_38.JPEG,42,1.000000
2167,sketch/n02088364/sketch_39.JPEG,42,1.000000
2168,sketch/n02088364/sketch_4.JPEG,42,1.000000
2169,sketch/n02088364/sketch_40.JPEG,42,1.000000
2170,sketch/n02088364/sketch_41.JPEG,42,1.000000
2171,sketch/n02088364/sketch_42.JPEG,42,1.000000
2172,sketch/n02088364/sketch_43.JPEG,42,1.000000
2173,sketch/n02088364/sketch_44.JPEG,42,1.000000
2174,sketch/n02088364/sketch_45.JPEG,42,1.000000
2175,sketch/n02088364/sketch_46.JPEG,42,1.000000
2176,sketch/n02088364/sketch_47.JPEG,42,1.000000
2177,sketch/n02088364/sketch_48.JPEG,42,1.000000
2178,sketch/n02088364/sketch_49.JPEG,42,1.000000
2179,sketch/n02088364/sketch_5.JPEG,42,1.000000
2180,sketch/n02088364/sketch_50.JPEG,42,1.000000
2181,sketch/n02088364/sketch_6.JPEG,42,1.000000
2182,sketch/n02088364/sketch_7.JPEG,42,1.000000
2183,sketch/n02088364/sketch_8.JPEG,42,1.000000
2184,sketch/n02088364/sketch_9.JPEG,42,1.000000
2185,sketch/n02088466/sketch_0.JPEG,43,1.000000
2186,sketch/n02088466/sketch_1.JPEG,43,1.000000
2187,sketch/n02088466/sketch_10.JPEG,43,1.000000
2188,sketch/n02088466/sketch_11.JPEG,43,1.000000
2189,sketch/n02088466/sketch_12.JPEG,43,1.000000
2190,sketch/n02088466/sketch_13.JPEG,43,1.000000
2191,sketch/n02088466/sketch_14.JPEG,43,1.000000
2192,sketch/n02088466/sketch_15.JPEG,43,1.000000
2193,sketch/n02088466/sketch_16.JPEG,43,1.000000
2194,sketch/n02088466/sketch_17.JPEG,43,1.000000
2195,sketch/n02088466/sketch_18.JPEG,43,1.000000
2196,sketch/n02088466/sketch_19.JPEG,43,1.000000
2197,sketch/n02088466/sketch_2.JPEG,43,1.000000
2198,sketch/n02088466/sketch_20.JPEG,43,1.000000
2199,sketch/n02088466/sketch_21.JPEG,43,1.000000
2200,sketch/n02088466/sketch_22.JPEG,43,1.000000
2201,sketch/n02088466/sketch_23.JPEG,43,1.000000
2202,sketch/n02088466/sketch_24.JPEG,43,1.000000
2203,sketch/n02088466/sketch_25.JPEG,43,1.000000
2204,sketch/n02088466/sketch_26.JPEG,43,1.000000
2205,sketch/n02088466/sketch_27.JPEG,43,1.000000
2206,sketch/n02088466/sketch_28.JPEG,43,1.000000
2207,sketch/n02088466/sketch_29.JPEG,43,1.000000
2208,sketch/n02088466/sketch_3.JPEG,43,1.000000
2209,sketch/n02088466/sketch_30.JPEG,43,1.000000
2210,sketch/n02088466/sketch_31.JPEG,43,1.000000
2211,sketch/n02088466/sketch_32.JPEG,43,1.000000
2212,sketch/n02088466/sketch_33.JPEG,43,1.000000
2213,sketch/n02088466/sketch_34.JPEG,43,1.000000
2214,sketch/n02088466/sketch_35.JPEG,43,1.000000
2215,sketch/n02088466/sketch_36.JPEG,43,1.000000
2216,sketch/n02088466/sketch_37.JPEG,43,1.000000
2217,sketch/n02088466/sketch_38.JPEG,43,1.000000
2218,sketch/n02088466/sketch_39.JPEG,43,1.000000
2219,sketch/n02088466/sketch_4.JPEG,43,1.000000
2220,sketch/n02088466/sketch_40.JPEG,43,1.000000
2221,sketch/n02088466/sketch_41.JPEG,43,1.000000
2222,sketch/n02088466/sketch_42.JPEG,43,1.000000
2223,sketch/n02088466/sketch_43.JPEG,43,1.000000
2224,sketch/n02088466/sketch_44.JPEG,43,1.000000
2225,sketch/n02088466/sketch_45.JPEG,43,1.000000
2226,sketch/n02088466/sketch_46.JPEG,43,1.000000
2227,sketch/n02088466/sketch_47.JPEG,43,1.000000
2228,sketch/n02088466/sketch_48.JPEG,43,1.000000
2229,sketch/n02088466/sketch_49.JPEG,43,1.000000
2230,sketch/n02088466/sketch_5.JPEG,43,1.000000
2231,sketch/n02088466/sketch_6.JPEG,43,1.000000
2232,sketch/n02088466/sketch_7.JPEG,43,1.000001
2233,sketch/n02088466/sketch_8.JPEG,43,1.000000
2234,sketch/n02088466/sketch_9.JPEG,43,1.000000
2235,sketch/n02091032/sketch_0.JPEG,44,1.000000
2236,sketch/n02091032/sketch_1.JPEG,44,1.000000
2237,sketch/n02091032/sketch_10.JPEG,44,1.000000
2238,sketch/n02091032/sketch_11.JPEG,44,1.000000
2239,sketch/n02091032/sketch_12.JPEG,44,1.000000
2240,sketch/n02091032/sketch_13.JPEG,44,1.000000
2241,sketch/n02091032/sketch_14.JPEG,44,1.000000
2242,sketch/n02091032/sketch_15.JPEG,44,1.000000
2243,sketch/n02091032/sketch_16.JPEG,44,1.000000
2244,sketch/n02091032/sketch_17.JPEG,44,1.000000
2245,sketch/n02091032/sketch_18.JPEG,44,1.000000
2246,sketch/n02091032/sketch_19.JPEG,44,1.000000
2247,sketch/n02091032/sketch_2.JPEG,44,1.000000
2248,sketch/n02091032/sketch_20.JPEG,44,1.000000
2249,sketch/n02091032/sketch_21.JPEG,44,1.000000
2250,sketch/n02091032/sketch_22.JPEG,44,1.000000
2251,sketch/n02091032/sketch_23.JPEG,44,1.000000
2252,sketch/n02091032/sketch_24.JPEG,44,1.000000
2253,sketch/n02091032/sketch_25.JPEG,44,1.000000
2254,sketch/n02091032/sketch_26.JPEG,44,1.000000
2255,sketch/n02091032/sketch_27.JPEG,44,1.000000
2256,sketch/n02091032/sketch_28.JPEG,44,1.000000
2257,sketch/n02091032/sketch_29.JPEG,44,1.000000
2258,sketch/n02091032/sketch_3.JPEG,44,1.000000
2259,sketch/n02091032/sketch_30.JPEG,44,1.000000
2260,sketch/n02091032/sketch_31.JPEG,44,1.000000
2261,sketch/n02091032/sketch_32.JPEG,44,1.000000
2262,sketch/n02091032/sketch_33.JPEG,44,1.000000
2263,sketch/n02091032/sketch_34.JPEG,44,1.000000
2264,sketch/n02091032/sketch_35.JPEG,44,1.000000
2265,sketch/n02091032/sketch_36.JPEG,44,1.000000
2266,sketch/n02091032/sketch_37.JPEG,44,1.000000
2267,sketch/n02091032/sketch_38.JPEG,44,1.000000
2268,sketch/n02091032/sketch_39.JPEG,44,1.000000
2269,sketch/n02091032/sketch_4.JPEG,44,1.000000
2270,sketch/n02091032/sketch_40.JPEG,44,1.000000
2271,sketch/n02091032/sketch_41.JPEG,44,1.000000
2272,sketch/n02091032/sketch_42.JPEG,44,1.000000
2273,sketch/n02091032/sketch_43.JPEG,44,1.000000
2274,sketch/n02091032/sketch_44.JPEG,44,1.000000
2275,sketch/n02091032/sketch_45.JPEG,44,1.000000
2276,sketch/n02091032/sketch_46.JPEG,44,1.000000
2277,sketch/n02091032/sketch_47.JPEG,44,1.000000
2278,sketch/n02091032/sketch_48.JPEG,44,1.000000
2279,sketch/n02091032/sketch_49.JPEG,44,1.000000
2280,sketch/n02091032/sketch_5.JPEG,44,1.000000
2281,sketch/n02091032/sketch_50.JPEG,44,1.000000
2282,sketch/n02091032/sketch_6.JPEG,44,1.000000
2283,sketch/n02091032/sketch_7.JPEG,44,1.000000
2284,sketch/n02091032/sketch_8.JPEG,44,1.000000
2285,sketch/n02091032/sketch_9.JPEG,44,1.000000
2286,sketch/n02091134/sketch_0.JPEG,45,1.000001
2287,sketch/n02091134/sketch_1.JPEG,45,1.000000
2288,sketch/n02091134/sketch_10.JPEG,45,1.000000
2289,sketch/n02091134/sketch_11.JPEG,45,1.000000
2290,sketch/n02091134/sketch_12.JPEG,45,1.000000
2291,sketch/n02091134/sketch_13.JPEG,45,1.000000
2292,sketch/n02091134/sketch_14.JPEG,45,1.000000
2293,sketch/n02091134/sketch_15.JPEG,45,1.000000
2294,sketch/n02091134/sketch_16.JPEG,45,1.000000
2295,sketch/n02091134/sketch_17.JPEG,45,1.000000
2296,sketch/n02091134/sketch_18.JPEG,45,1.000000
2297,sketch/n02091134/sketch_19.JPEG,45,1.000000
2298,sketch/n02091134/sketch_2.JPEG,45,1.000000
2299,sketch/n02091134/sketch_20.JPEG,45,1.000000
2300,sketch/n02091134/sketch_21.JPEG,45,1.000000
2301,sketch/n02091134/sketch_22.JPEG,45,1.000000
2302,sketch/n02091134/sketch_23.JPEG,45,1.000000
2303,sketch/n02091134/sketch_24.JPEG,45,1.000000
2304,sketch/n02091134/sketch_25.JPEG,45,1.000000
2305,sketch/n02091134/sketch_26.JPEG,45,1.000000
2306,sketch/n02091134/sketch_27.JPEG,45,1.000000
2307,sketch/n02091134/sketch_28.JPEG,45,1.000000
2308,sketch/n02091134/sketch_29.JPEG,45,1.000000
2309,sketch/n02091134/sketch_3.JPEG,45,1.000000
2310,sketch/n02091134/sketch_30.JPEG,45,1.000000
2311,sketch/n02091134/sketch_31.JPEG,45,1.000000
2312,sketch/n02091134/sketch_32.JPEG,45,1.000000
2313,sketch/n02091134/sketch_33.JPEG,45,1.000000
2314,sketch/n02091134/sketch_34.JPEG,45,1.000000
2315,sketch/n02091134/sketch_35.JPEG,45,1.000000
2316,sketch/n02091134/sketch_36.JPEG,45,1.000000
2317,sketch/n02091134/sketch_37.JPEG,45,1.000000
2318,sketch/n02091134/sketch_38.JPEG,45,1.000000
2319,sketch/n02091134/sketch_39.JPEG,45,1.000000
2320,sketch/n02091134/sketch_4.JPEG,45,1.000000
2321,sketch/n02091134/sketch_40.JPEG,45,1.000000
2322,sketch/n02091134/sketch_41.JPEG,45,1.000000
2323,sketch/n02091134/sketch_42.JPEG,45,1.000000
2324,sketch/n02091134/sketch_43.JPEG,45,1.000000
2325,sketch/n02091134/sketch_44.JPEG,45,1.000000
2326,sketch/n02091134/sketch_45.JPEG,45,1.000000
2327,sketch/n02091134/sketch_46.JPEG,45,1.000000
2328,sketch/n02091134/sketch_47.JPEG,45,1.000000
2329,sketch/n02091134/sketch_48.JPEG,45,1.000000
2330,sketch/n02091134/sketch_49.JPEG,45,1.000000
2331,sketch/n02091134/sketch_5.JPEG,45,1.000000
2332,sketch/n02091134/sketch_6.JPEG,45,1.000000
2333,sketch/n02091134/sketch_7.JPEG,45,1.000000
2334,sketch/n02091134/sketch_8.JPEG,45,1.000000
2335,sketch/n02091134/sketch_9.JPEG,45,1.000000
2336,sketch/n02092339/sketch_0.JPEG,46,1.000000
2337,sketch/n02092339/sketch_1.JPEG,46,1.000000
2338,sketch/n02092339/sketch_10.JPEG,46,1.000000
2339,sketch/n02092339/sketch_11.JPEG,46,1.000000
2340,sketch/n02092339/sketch_12.JPEG,46,1.000000
2341,sketch/n02092339/sketch_13.JPEG,46,1.000000
2342,sketch/n02092339/sketch_14.JPEG,46,1.000000
2343,sketch/n02092339/sketch_15.JPEG,46,1.000000
2344,sketch/n02092339/sketch_16.JPEG,46,1.000000
2345,sketch/n02092339/sketch_17.JPEG,46,1.000000
2346,sketch/n02092339/sketch_18.JPEG,46,1.000000
2347,sketch/n02092339/sketch_19.JPEG,46,1.000000
2348,sketch/n02092339/sketch_2.JPEG,46,1.000000
2349,sketch/n02092339/sketch_20.JPEG,46,1.000000
2350,sketch/n02092339/sketch_21.JPEG,46,1.000000
2351,sketch/n02092339/sketch_22.JPEG,46,1.000000
2352,sketch/n02092339/sketch_23.JPEG,46,1.000000
2353,sketch/n02092339/sketch_24.JPEG,46,1.000000
2354,sketch/n02092339/sketch_25.JPEG,46,1.000000
2355,sketch/n02092339/sketch_26.JPEG,46,1.000000
2356,sketch/n02092339/sketch_27.JPEG,46,1.000000
2357,sketch/n02092339/sketch_28.JPEG,46,1.000000
2358,sketch/n02092339/sketch_29.JPEG,46,1.000000
2359,sketch/n02092339/sketch_3.JPEG,46,1.000000
2360,sketch/n02092339/sketch_30.JPEG,46,0.999999
2361,sketch/n02092339/sketch_31.JPEG,46,1.000000
2362,sketch/n02092339/sketch_32.JPEG,46,1.000000
2363,sketch/n02092339/sketch_33.JPEG,46,1.000000
2364,sketch/n02092339/sketch_34.JPEG,46,1.000000
2365,sketch/n02092339/sketch_35.JPEG,46,1.000000
2366,sketch/n02092339/sketch_36.JPEG,46,1.000000
2367,sketch/n02092339/sketch_37.JPEG,46,1.000000
2368,sketch/n02092339/sketch_38.JPEG,46,1.000000
2369,sketch/n02092339/sketch_39.JPEG,46,1.000000
2370,sketch/n02092339/sketch_4.JPEG,46,1.000000
2371,sketch/n02092339/sketch_40.JPEG,46,1.000001
2372,sketch/n02092339/sketch_41.JPEG,46,1.000000
2373,sketch/n02092339/sketch_42.JPEG,46,0.999999
2374,sketch/n02092339/sketch_43.JPEG,46,1.000000
2375,sketch/n02092339/sketch_44.JPEG,46,1.000000
2376,sketch/n02092339/sketch_45.JPEG,46,1.000000
2377,sketch/n02092339/sketch_46.JPEG,46,1.000000
2378,sketch/n02092339/sketch_47.JPEG,46,1.000000
2379,sketch/n02092339/sketch_48.JPEG,46,1.000000
2380,sketch/n02092339/sketch_49.JPEG,46,1.000000
2381,sketch/n02092339/sketch_5.JPEG,46,1.000000
2382,sketch/n02092339/sketch_6.JPEG,46,1.000000
2383,sketch/n02092339/sketch_7.JPEG,46,1.000000
2384,sketch/n02092339/sketch_8.JPEG,46,1.000000
2385,sketch/n02092339/sketch_9.JPEG,46,1.000000
2386,sketch/n02094433/sketch_0.JPEG,47,1.000000
2387,sketch/n02094433/sketch_1.JPEG,47,1.000000
2388,sketch/n02094433/sketch_10.JPEG,47,1.000000
2389,sketch/n02094433/sketch_11.JPEG,47,1.000000
2390,sketch/n02094433/sketch_12.JPEG,47,1.000000
2391,sketch/n02094433/sketch_13.JPEG,47,1.000000
2392,sketch/n02094433/sketch_14.JPEG,47,1.000000
2393,sketch/n02094433/sketch_15.JPEG,47,1.000000
2394,sketch/n02094433/sketch_16.JPEG,47,1.000000
2395,sketch/n02094433/sketch_17.JPEG,47,1.000000
2396,sketch/n02094433/sketch_18.JPEG,47,1.000000
2397,sketch/n02094433/sketch_19.JPEG,47,1.000000
2398,sketch/n02094433/sketch_2.JPEG,47,1.000000
2399,sketch/n02094433/sketch_20.JPEG,47,1.000000
2400,sketch/n02094433/sketch_21.JPEG,47,1.000000
2401,sketch/n02094433/sketch_22.JPEG,47,1.000000
2402,sketch/n02094433/sketch_23.JPEG,47,1.000000
2403,sketch/n02094433/sketch_24.JPEG,47,1.000000
2404,sketch/n02094433/sketch_25.JPEG,47,1.000000
2405,sketch/n02094433/sketch_26.JPEG,47,1.000000
2406,sketch/n02094433/sketch_27.JPEG,47,1.000000
2407,sketch/n02094433/sketch_28.JPEG,47,1.000000
2408,sketch/n02094433/sketch_29.JPEG,47,1.000000
2409,sketch/n02094433/sketch_3.JPEG,47,1.000000
2410,sketch/n02094433/sketch_30.JPEG,47,1.000000
2411,sketch/n02094433/sketch_31.JPEG,47,1.000000
2412,sketch/n02094433/sketch_32.JPEG,47,1.000000
2413,sketch/n02094433/sketch_33.JPEG,47,1.000000
2414,sketch/n02094433/sketch_34.JPEG,47,1.000000
2415,sketch/n02094433/sketch_35.JPEG,47,1.000000
2416,sketch/n02094433/sketch_36.JPEG,47,1.000000
2417,sketch/n02094433/sketch_37.JPEG,47,1.000000
2418,sketch/n02094433/sketch_38.JPEG,47,1.000000
2419,sketch/n02094433/sketch_39.JPEG,47,1.000000
2420,sketch/n02094433/sketch_4.JPEG,47,1.000000
2421,sketch/n02094433/sketch_40.JPEG,47,1.000000
2422,sketch/n02094433/sketch_41.JPEG,47,1.000000
2423,sketch/n02094433/sketch_42.JPEG,47,1.000000
2424,sketch/n02094433/sketch_43.JPEG,47,1.000000
2425,sketch/n02094433/sketch_44.JPEG,47,1.000000
2426,sketch/n02094433/sketch_45.JPEG,47,1.000000
2427,sketch/n02094433/sketch_46.JPEG,47,1.000000
2428,sketch/n02094433/sketch_47.JPEG,47,1.000000
2429,sketch/n02094433/sketch_48.JPEG,47,1.000000
2430,sketch/n02094433/sketch_49.JPEG,47,1.000000
2431,sketch/n02094433/sketch_5.JPEG,47,1.000000
2432,sketch/n02094433/sketch_50.JPEG,47,1.000000
2433,sketch/n02094433/sketch_6.JPEG,47,1.000000
2434,sketch/n02094433/sketch_7.JPEG,47,1.000000
2435,sketch/n02094433/sketch_8.JPEG,47,1.000000
2436,sketch/n02094433/sketch_9.JPEG,47,0.999999
2437,sketch/n02096585/sketch_0.JPEG,48,1.000000
2438,sketch/n02096585/sketch_1.JPEG,48,1.000000
2439,sketch/n02096585/sketch_10.JPEG,48,0.999999
2440,sketch/n02096585/sketch_11.JPEG,48,1.000000
2441,sketch/n02096585/sketch_12.JPEG,48,1.000000
2442,sketch/n02096585/sketch_13.JPEG,48,1.000000
2443,sketch/n02096585/sketch_14.JPEG,48,1.000000
2444,sketch/n02096585/sketch_15.JPEG,48,1.000000
2445,sketch/n02096585/sketch_16.JPEG,48,1.000000
2446,sketch/n02096585/sketch_17.JPEG,48,1.000000
2447,sketch/n02096585/sketch_18.JPEG,48,1.000000
2448,sketch/n02096585/sketch_19.JPEG,48,1.000000
2449,sketch/n02096585/sketch_2.JPEG,48,1.000000
2450,sketch/n02096585/sketch_20.JPEG,48,1.000000
2451,sketch/n02096585/sketch_21.JPEG,48,1.000000
2452,sketch/n02096585/sketch_22.JPEG,48,1.000000
2453,sketch/n02096585/sketch_23.JPEG,48,1.000000
2454,sketch/n02096585/sketch_24.JPEG,48,1.000000
2455,sketch/n02096585/sketch_25.JPEG,48,1.000000
2456,sketch/n02096585/sketch_26.JPEG,48,1.000000
2457,sketch/n02096585/sketch_27.JPEG,48,1.000000
2458,sketch/n02096585/sketch_28.JPEG,48,1.000000
2459,sketch/n02096585/sketch_29.JPEG,48,1.000000
2460,sketch/n02096585/sketch_3.JPEG,48,1.000000
2461,sketch/n02096585/sketch_30.JPEG,48,1.000000
2462,sketch/n02096585/sketch_31.JPEG,48,1.000000
2463,sketch/n02096585/sketch_32.JPEG,48,1.000000
2464,sketch/n02096585/sketch_33.JPEG,48,1.000000
2465,sketch/n02096585/sketch_34.JPEG,48,1.000000
2466,sketch/n02096585/sketch_35.JPEG,48,1.000000
2467,sketch/n02096585/sketch_36.JPEG,48,1.000000
2468,sketch/n02096585/sketch_37.JPEG,48,1.000000
2469,sketch/n02096585/sketch_38.JPEG,48,1.000000
2470,sketch/n02096585/sketch_39.JPEG,48,1.000000
2471,sketch/n02096585/sketch_4.JPEG,48,1.000000
2472,sketch/n02096585/sketch_40.JPEG,48,1.000000
2473,sketch/n02096585/sketch_41.JPEG,48,1.000000
2474,sketch/n02096585/sketch_42.JPEG,48,1.000000
2475,sketch/n02096585/sketch_43.JPEG,48,1.000000
2476,sketch/n02096585/sketch_44.JPEG,48,1.000000
2477,sketch/n02096585/sketch_45.JPEG,48,1.000000
2478,sketch/n02096585/sketch_46.JPEG,48,1.000000
2479,sketch/n02096585/sketch_47.JPEG,48,1.000000
2480,sketch/n02096585/sketch_48.JPEG,48,1.000000
2481,sketch/n02096585/sketch_49.JPEG,48,1.000000
2482,sketch/n02096585/sketch_5.JPEG,48,1.000000
2483,sketch/n02096585/sketch_6.JPEG,48,1.000000
2484,sketch/n02096585/sketch_7.JPEG,48,1.000000
2485,sketch/n02096585/sketch_8.JPEG,48,1.000000
2486,sketch/n02096585/sketch_9.JPEG,48,1.000000
2487,sketch/n02097298/sketch_0.JPEG,49,1.000000
2488,sketch/n02097298/sketch_1.JPEG,49,1.000000
2489,sketch/n02097298/sketch_10.JPEG,49,1.000000
2490,sketch/n02097298/sketch_11.JPEG,49,1.000000
2491,sketch/n02097298/sketch_12.JPEG,49,1.000000
2492,sketch/n02097298/sketch_13.JPEG,49,1.000000
2493,sketch/n02097298/sketch_14.JPEG,49,1.000000
2494,sketch/n02097298/sketch_15.JPEG,49,1.000000
2495,sketch/n02097298/sketch_16.JPEG,49,1.000000
2496,sketch/n02097298/sketch_17.JPEG,49,1.000000
2497,sketch/n02097298/sketch_18.JPEG,49,1.000000
2498,sketch/n02097298/sketch_19.JPEG,49,1.000000
2499,sketch/n02097298/sketch_2.JPEG,49,1.000000
2500,sketch/n02097298/sketch_20.JPEG,49,1.000000
2501,sketch/n02097298/sketch_21.JPEG,49,1.000000
2502,sketch/n02097298/sketch_22.JPEG,49,1.000000
2503,sketch/n02097298/sketch_23.JPEG,49,1.000000
2504,sketch/n02097298/sketch_24.JPEG,49,1.000000
2505,sketch/n02097298/sketch_25.JPEG,49,1.000000
2506,sketch/n02097298/sketch_26.JPEG,49,1.000000
2507,sketch/n02097298/sketch_27.JPEG,49,1.000000
2508,sketch/n02097298/sketch_28.JPEG,49,1.000000
2509,sketch/n02097298/sketch_29.JPEG,49,1.000000
2510,sketch/n02097298/sketch_3.JPEG,49,1.000000
2511,sketch/n02097298/sketch_30.JPEG,49,1.000000
2512,sketch/n02097298/sketch_31.JPEG,49,1.000000
2513,sketch/n02097298/sketch_32.JPEG,49,1.000000
2514,sketch/n02097298/sketch_33.JPEG,49,1.000000
2515,sketch/n02097298/sketch_34.JPEG,49,1.000000
2516,sketch/n02097298/sketch_35.JPEG,49,1.000000
2517,sketch/n02097298/sketch_36.JPEG,49,1.000000
2518,sketch/n02097298/sketch_37.JPEG,49,1.000000
2519,sketch/n02097298/sketch_38.JPEG,49,1.000000
2520,sketch/n02097298/sketch_39.JPEG,49,1.000000
2521,sketch/n02097298/sketch_4.JPEG,49,1.000000
2522,sketch/n02097298/sketch_40.JPEG,49,1.000000
2523,sketch/n02097298/sketch_41.JPEG,49,1.000000
2524,sketch/n02097298/sketch_42.JPEG,49,1.000000
2525,sketch/n02097298/sketch_43.JPEG,49,1.000000
2526,sketch/n02097298/sketch_44.JPEG,49,1.000000
2527,sketch/n02097298/sketch_45.JPEG,49,1.000000
2528,sketch/n02097298/sketch_46.JPEG,49,1.000000
2529,sketch/n02097298/sketch_47.JPEG,49,1.000000
2530,sketch/n02097298/sketch_48.JPEG,49,1.000000
2531,sketch/n02097298/sketch_49.JPEG,49,1.000000
2532,sketch/n02097298/sketch_5.JPEG,49,1.000000
2533,sketch/n02097298/sketch_50.JPEG,49,1.000000
2534,sketch/n02097298/sketch_6.JPEG,49,1.000000
2535,sketch/n02097298/sketch_7.JPEG,49,1.000000
2536,sketch/n02097298/sketch_8.JPEG,49,1.000000
2537,sketch/n02097298/sketch_9.JPEG,49,1.000000
2538,sketch/n02098286/sketch_0.JPEG,50,1.000000
2539,sketch/n02098286/sketch_1.JPEG,50,1.000000
2540,sketch/n02098286/sketch_10.JPEG,50,1.000000
2541,sketch/n02098286/sketch_11.JPEG,50,1.000000
2542,sketch/n02098286/sketch_12.JPEG,50,1.000000
2543,sketch/n02098286/sketch_13.JPEG,50,1.000000
2544,sketch/n02098286/sketch_14.JPEG,50,1.000000
2545,sketch/n02098286/sketch_15.JPEG,50,1.000000
2546,sketch/n02098286/sketch_16.JPEG,50,1.000000
2547,sketch/n02098286/sketch_17.JPEG,50,1.000000
2548,sketch/n02098286/sketch_18.JPEG,50,1.000000
2549,sketch/n02098286/sketch_19.JPEG,50,1.000000
2550,sketch/n02098286/sketch_2.JPEG,50,1.000000
2551,sketch/n02098286/sketch_20.JPEG,50,1.000000
2552,sketch/n02098286/sketch_21.JPEG,50,1.000000
2553,sketch/n02098286/sketch_22.JPEG,50,1.000000
2554,sketch/n02098286/sketch_23.JPEG,50,0.999999
2555,sketch/n02098286/sketch_24.JPEG,50,1.000000
2556,sketch/n02098286/sketch_25.JPEG,50,1.000000
2557,sketch/n02098286/sketch_26.JPEG,50,1.000000
2558,sketch/n02098286/sketch_27.JPEG,50,1.000000
2559,sketch/n02098286/sketch_28.JPEG,50,1.000000
2560,sketch/n02098286/sketch_29.JPEG,50,1.000000
2561,sketch/n02098286/sketch_3.JPEG,50,1.000000
2562,sketch/n02098286/sketch_30.JPEG,50,1.000000
2563,sketch/n02098286/sketch_31.JPEG,50,1.000000
2564,sketch/n02098286/sketch_32.JPEG,50,1.000000
2565,sketch/n02098286/sketch_33.JPEG,50,1.000000
2566,sketch/n02098286/sketch_34.JPEG,50,1.000000
2567,sketch/n02098286/sketch_35.JPEG,50,1.000000
2568,sketch/n02098286/sketch_36.JPEG,50,1.000000
2569,sketch/n02098286/sketch_37.JPEG,50,1.000000
2570,sketch/n02098286/sketch_38.JPEG,50,1.000000
2571,sketch/n02098286/sketch_39.JPEG,50,1.000000
2572,sketch/n02098286/sketch_4.JPEG,50,1.000000
2573,sketch/n02098286/sketch_40.JPEG,50,1.000000
2574,sketch/n02098286/sketch_41.JPEG,50,1.000000
2575,sketch/n02098286/sketch_42.JPEG,50,1.000000
2576,sketch/n02098286/sketch_43.JPEG,50,1.000000
2577,sketch/n02098286/sketch_44.JPEG,50,1.000000
2578,sketch/n02098286/sketch_45.JPEG,50,1.000000
2579,sketch/n02098286/sketch_46.JPEG,50,1.000000
2580,sketch/n02098286/sketch_47.JPEG,50,1.000000
2581,sketch/n02098286/sketch_48.JPEG,50,1.000000
2582,sketch/n02098286/sketch_49.JPEG,50,1.000000
2583,sketch/n02098286/sketch_5.JPEG,50,1.000000
2584,sketch/n02098286/sketch_50.JPEG,50,1.000000
2585,sketch/n02098286/sketch_6.JPEG,50,1.000000
2586,sketch/n02098286/sketch_7.JPEG,50,1.000000
2587,sketch/n02098286/sketch_8.JPEG,50,1.000000
2588,sketch/n02098286/sketch_9.JPEG,50,1.000000
2589,sketch/n02099601/sketch_0.JPEG,51,1.000000
2590,sketch/n02099601/sketch_1.JPEG,51,1.000000
2591,sketch/n02099601/sketch_10.JPEG,51,1.000000
2592,sketch/n02099601/sketch_11.JPEG,51,1.000000
2593,sketch/n02099601/sketch_12.JPEG,51,1.000000
2594,sketch/n02099601/sketch_13.JPEG,51,1.000000
2595,sketch/n02099601/sketch_14.JPEG,51,1.000000
2596,sketch/n02099601/sketch_15.JPEG,51,1.000000
2597,sketch/n02099601/sketch_16.JPEG,51,1.000000
2598,sketch/n02099601/sketch_17.JPEG,51,1.000000
2599,sketch/n02099601/sketch_18.JPEG,51,1.000000
2600,sketch/n02099601/sketch_19.JPEG,51,1.000000
2601,sketch/n02099601/sketch_2.JPEG,51,1.000000
2602,sketch/n02099601/sketch_20.JPEG,51,1.000000
2603,sketch/n02099601/sketch_21.JPEG,51,1.000000
2604,sketch/n02099601/sketch_22.JPEG,51,1.000000
2605,sketch/n02099601/sketch_23.JPEG,51,1.000000
2606,sketch/n02099601/sketch_24.JPEG,51,1.000000
2607,sketch/n02099601/sketch_25.JPEG,51,1.000000
2608,sketch/n02099601/sketch_26.JPEG,51,1.000000
2609,sketch/n02099601/sketch_27.JPEG,51,1.000000
2610,sketch/n02099601/sketch_28.JPEG,51,1.000000
2611,sketch/n02099601/sketch_29.JPEG,51,1.000000
2612,sketch/n02099601/sketch_3.JPEG,51,1.000000
2613,sketch/n02099601/sketch_30.JPEG,51,1.000000
2614,sketch/n02099601/sketch_31.JPEG,51,1.000000
2615,sketch/n02099601/sketch_32.JPEG,51,1.000000
2616,sketch/n02099601/sketch_33.JPEG,51,1.000000
2617,sketch/n02099601/sketch_34.JPEG,51,1.000000
2618,sketch/n02099601/sketch_35.JPEG,51,1.000000
2619,sketch/n02099601/sketch_36.JPEG,51,1.000000
2620,sketch/n02099601/sketch_37.JPEG,51,1.000000
2621,sketch/n02099601/sketch_38.JPEG,51,1.000000
2622,sketch/n02099601/sketch_39.JPEG,51,1.000000
2623,sketch/n02099601/sketch_4.JPEG,51,1.000000
2624,sketch/n02099601/sketch_40.JPEG,51,1.000000
2625,sketch/n02099601/sketch_41.JPEG,51,1.000000
2626,sketch/n02099601/sketch_42.JPEG,51,1.000000
2627,sketch/n02099601/sketch_43.JPEG,51,1.000000
2628,sketch/n02099601/sketch_44.JPEG,51,1.000000
2629,sketch/n02099601/sketch_45.JPEG,51,1.000000
2630,sketch/n02099601/sketch_46.JPEG,51,1.000000
2631,sketch/n02099601/sketch_47.JPEG,51,1.000000
2632,sketch/n02099601/sketch_48.JPEG,51,1.000000
2633,sketch/n02099601/sketch_49.JPEG,51,1.000000
2634,sketch/n02099601/sketch_5.JPEG,51,1.000000
2635,sketch/n02099601/sketch_6.JPEG,51,1.000000
2636,sketch/n02099601/sketch_7.JPEG,51,1.000000
2637,sketch/n02099601/sketch_8.JPEG,51,1.000000
2638,sketch/n02099601/sketch_9.JPEG,51,1.000000
2639,sketch/n02099712/sketch_0.JPEG,52,1.000000
2640,sketch/n02099712/sketch_1.JPEG,52,1.000000
2641,sketch/n02099712/sketch_10.JPEG,52,1.000000
2642,sketch/n02099712/sketch_11.JPEG,52,1.000000
2643,sketch/n02099712/sketch_12.JPEG,52,1.000000
2644,sketch/n02099712/sketch_13.JPEG,52,1.000000
2645,sketch/n02099712/sketch_14.JPEG,52,1.000000
2646,sketch/n02099712/sketch_15.JPEG,52,1.000000
2647,sketch/n02099712/sketch_16.JPEG,52,1.000000
2648,sketch/n02099712/sketch_17.JPEG,52,1.000000
2649,sketch/n02099712/sketch_18.JPEG,52,1.000000
2650,sketch/n02099712/sketch_19.JPEG,52,1.000000
2651,sketch/n02099712/sketch_2.JPEG,52,1.000000
2652,sketch/n02099712/sketch_20.JPEG,52,1.000000
2653,sketch/n02099712/sketch_21.JPEG,52,1.000000
2654,sketch/n02099712/sketch_22.JPEG,52,1.000000
2655,sketch/n02099712/sketch_23.JPEG,52,1.000000
2656,sketch/n02099712/sketch_24.JPEG,52,1.000000
2657,sketch/n02099712/sketch_25.JPEG,52,1.000000
2658,sketch/n02099712/sketch_26.JPEG,52,1.000000
2659,sketch/n02099712/sketch_27.JPEG,52,1.000000
2660,sketch/n02099712/sketch_28.JPEG,52,1.000000
2661,sketch/n02099712/sketch_29.JPEG,52,1.000000
2662,sketch/n02099712/sketch_3.JPEG,52,1.000000
2663,sketch/n02099712/sketch_30.JPEG,52,1.000000
2664,sketch/n02099712/sketch_31.JPEG,52,1.000000
2665,sketch/n02099712/sketch_32.JPEG,52,1.000000
2666,sketch/n02099712/sketch_33.JPEG,52,1.000000
2667,sketch/n02099712/sketch_34.JPEG,52,1.000000
2668,sketch/n02099712/sketch_35.JPEG,52,1.000000
2669,sketch/n02099712/sketch_36.JPEG,52,1.000000
2670,sketch/n02099712/sketch_37.JPEG,52,1.000000
2671,sketch/n02099712/sketch_38.JPEG,52,1.000000
2672,sketch/n02099712/sketch_39.JPEG,52,1.000000
2673,sketch/n02099712/sketch_4.JPEG,52,1.000000
2674,sketch/n02099712/sketch_40.JPEG,52,1.000000
2675,sketch/n02099712/sketch_41.JPEG,52,1.000000
2676,sketch/n02099712/sketch_42.JPEG,52,1.000000
2677,sketch/n02099712/sketch_43.JPEG,52,1.000000
2678,sketch/n02099712/sketch_44.JPEG,52,1.000000
2679,sketch/n02099712/sketch_45.JPEG,52,1.000000
2680,sketch/n02099712/sketch_46.JPEG,52,1.000000
2681,sketch/n02099712/sketch_47.JPEG,52,1.000000
2682,sketch/n02099712/sketch_48.JPEG,52,1.000000
2683,sketch/n02099712/sketch_49.JPEG,52,1.000000
2684,sketch/n02099712/sketch_5.JPEG,52,1.000000
2685,sketch/n02099712/sketch_6.JPEG,52,1.000000
2686,sketch/n02099712/sketch_7.JPEG,52,1.000000
2687,sketch/n02099712/sketch_8.JPEG,52,1.000000
2688,sketch/n02099712/sketch_9.JPEG,52,1.000000
2689,sketch/n02102318/sketch_0.JPEG,53,1.000000
2690,sketch/n02102318/sketch_1.JPEG,53,1.000000
2691,sketch/n02102318/sketch_10.JPEG,53,1.000000
2692,sketch/n02102318/sketch_11.JPEG,53,1.000000
2693,sketch/n02102318/sketch_12.JPEG,53,1.000000
2694,sketch/n02102318/sketch_13.JPEG,53,1.000000
2695,sketch/n02102318/sketch_14.JPEG,53,1.000000
2696,sketch/n02102318/sketch_15.JPEG,53,1.000000
2697,sketch/n02102318/sketch_16.JPEG,53,1.000000
2698,sketch/n02102318/sketch_17.JPEG,53,1.000000
2699,sketch/n02102318/sketch_18.JPEG,53,1.000000
2700,sketch/n02102318/sketch_19.JPEG,53,1.000000
2701,sketch/n02102318/sketch_2.JPEG,53,1.000000
2702,sketch/n02102318/sketch_20.JPEG,53,1.000000
2703,sketch/n02102318/sketch_21.JPEG,53,1.000000
2704,sketch/n02102318/sketch_22.JPEG,53,1.000000
2705,sketch/n02102318/sketch_23.JPEG,53,1.000000
2706,sketch/n02102318/sketch_24.JPEG,53,1.000000
2707,sketch/n02102318/sketch_25.JPEG,53,1.000000
2708,sketch/n02102318/sketch_26.JPEG,53,1.000001
2709,sketch/n02102318/sketch_27.JPEG,53,1.000000
2710,sketch/n02102318/sketch_28.JPEG,53,1.000000
2711,sketch/n02102318/sketch_29.JPEG,53,1.000000
2712,sketch/n02102318/sketch_3.JPEG,53,1.000000
2713,sketch/n02102318/sketch_30.JPEG,53,1.000000
2714,sketch/n02102318/sketch_31.JPEG,53,1.000000
2715,sketch/n02102318/sketch_32.JPEG,53,1.000000
2716,sketch/n02102318/sketch_33.JPEG,53,1.000000
2717,sketch/n02102318/sketch_34.JPEG,53,1.000000
2718,sketch/n02102318/sketch_35.JPEG,53,1.000000
2719,sketch/n02102318/sketch_36.JPEG,53,1.000000
2720,sketch/n02102318/sketch_37.JPEG,53,1.000000
2721,sketch/n02102318/sketch_38.JPEG,53,1.000000
2722,sketch/n02102318/sketch_39.JPEG,53,1.000000
2723,sketch/n02102318/sketch_4.JPEG,53,1.000000
2724,sketch/n02102318/sketch_40.JPEG,53,1.000000
2725,sketch/n02102318/sketch_41.JPEG,53,1.000000
2726,sketch/n02102318/sketch_42.JPEG,53,1.000000
2727,sketch/n02102318/sketch_43.JPEG,53,1.000000
2728,sketch/n02102318/sketch_44.JPEG,53,1.000000
2729,sketch/n02102318/sketch_45.JPEG,53,1.000000
2730,sketch/n02102318/sketch_46.JPEG,53,1.000000
2731,sketch/n02102318/sketch_47.JPEG,53,1.000000
2732,sketch/n02102318/sketch_48.JPEG,53,1.000000
2733,sketch/n02102318/sketch_49.JPEG,53,1.000000
2734,sketch/n02102318/sketch_5.JPEG,53,1.000000
2735,sketch/n02102318/sketch_50.JPEG,53,1.000000
2736,sketch/n02102318/sketch_6.JPEG,53,1.000000
2737,sketch/n02102318/sketch_7.JPEG,53,1.000000
2738,sketch/n02102318/sketch_8.JPEG,53,1.000000
2739,sketch/n02102318/sketch_9.JPEG,53,1.000000
2740,sketch/n02106030/sketch_0.JPEG,54,1.000000
2741,sketch/n02106030/sketch_1.JPEG,54,1.000000
2742,sketch/n02106030/sketch_10.JPEG,54,1.000000
2743,sketch/n02106030/sketch_11.JPEG,54,1.000000
2744,sketch/n02106030/sketch_12.JPEG,54,1.000000
2745,sketch/n02106030/sketch_13.JPEG,54,1.000000
2746,sketch/n02106030/sketch_14.JPEG,54,1.000000
2747,sketch/n02106030/sketch_15.JPEG,54,1.000000
2748,sketch/n02106030/sketch_16.JPEG,54,1.000000
2749,sketch/n02106030/sketch_17.JPEG,54,1.000000
2750,sketch/n02106030/sketch_18.JPEG,54,1.000000
2751,sketch/n02106030/sketch_19.JPEG,54,1.000000
2752,sketch/n02106030/sketch_2.JPEG,54,1.000000
2753,sketch/n02106030/sketch_20.JPEG,54,1.000000
2754,sketch/n02106030/sketch_21.JPEG,54,1.000000
2755,sketch/n02106030/sketch_22.JPEG,54,1.000000
2756,sketch/n02106030/sketch_23.JPEG,54,1.000000
2757,sketch/n02106030/sketch_24.JPEG,54,1.000000
2758,sketch/n02106030/sketch_25.JPEG,54,1.000000
2759,sketch/n02106030/sketch_26.JPEG,54,1.000000
2760,sketch/n02106030/sketch_27.JPEG,54,1.000000
2761,sketch/n02106030/sketch_28.JPEG,54,1.000000
2762,sketch/n02106030/sketch_29.JPEG,54,1.000000
2763,sketch/n02106030/sketch_3.JPEG,54,1.000000
2764,sketch/n02106030/sketch_30.JPEG,54,1.000000
2765,sketch/n02106030/sketch_31.JPEG,54,1.000000
2766,sketch/n02106030/sketch_32.JPEG,54,1.000000
2767,sketch/n02106030/sketch_33.JPEG,54,1.000000
2768,sketch/n02106030/sketch_34.JPEG,54,1.000000
2769,sketch/n02106030/sketch_35.JPEG,54,1.000000
2770,sketch/n02106030/sketch_36.JPEG,54,1.000000
2771,sketch/n02106030/sketch_37.JPEG,54,1.000000
2772,sketch/n02106030/sketch_38.JPEG,54,1.000000
2773,sketch/n02106030/sketch_39.JPEG,54,1.000000
2774,sketch/n02106030/sketch_4.JPEG,54,1.000000
2775,sketch/n02106030/sketch_40.JPEG,54,1.000000
2776,sketch/n02106030/sketch_41.JPEG,54,1.000000
2777,sketch/n02106030/sketch_42.JPEG,54,1.000000
2778,sketch/n02106030/sketch_43.JPEG,54,1.000000
2779,sketch/n02106030/sketch_44.JPEG,54,1.000000
2780,sketch/n02106030/sketch_45.JPEG,54,1.000000
2781,sketch/n02106030/sketch_46.JPEG,54,1.000000
2782,sketch/n02106030/sketch_47.JPEG,54,1.000000
2783,sketch/n02106030/sketch_48.JPEG,54,1.000000
2784,sketch/n02106030/sketch_49.JPEG,54,1.000000
2785,sketch/n02106030/sketch_5.JPEG,54,1.000000
2786,sketch/n02106030/sketch_50.JPEG,54,1.000000
2787,sketch/n02106030/sketch_6.JPEG,54,1.000000
2788,sketch/n02106030/sketch_7.JPEG,54,1.000000
2789,sketch/n02106030/sketch_8.JPEG,54,1.000000
2790,sketch/n02106030/sketch_9.JPEG,54,1.000000
2791,sketch/n02106166/sketch_0.JPEG,55,1.000000
2792,sketch/n02106166/sketch_1.JPEG,55,1.000000
2793,sketch/n02106166/sketch_10.JPEG,55,1.000000
2794,sketch/n02106166/sketch_11.JPEG,55,1.000000
2795,sketch/n02106166/sketch_12.JPEG,55,1.000000
2796,sketch/n02106166/sketch_13.JPEG,55,1.000000
2797,sketch/n02106166/sketch_14.JPEG,55,1.000000
2798,sketch/n02106166/sketch_15.JPEG,55,1.000000
2799,sketch/n02106166/sketch_16.JPEG,55,1.000000
2800,sketch/n02106166/sketch_17.JPEG,55,1.000000
2801,sketch/n02106166/sketch_18.JPEG,55,1.000000
2802,sketch/n02106166/sketch_19.JPEG,55,1.000000
2803,sketch/n02106166/sketch_2.JPEG,55,1.000000
2804,sketch/n02106166/sketch_20.JPEG,55,1.000000
2805,sketch/n02106166/sketch_21.JPEG,55,1.000000
2806,sketch/n02106166/sketch_22.JPEG,55,1.000000
2807,sketch/n02106166/sketch_23.JPEG,55,1.000000
2808,sketch/n02106166/sketch_24.JPEG,55,1.000000
2809,sketch/n02106166/sketch_25.JPEG,55,1.000000
2810,sketch/n02106166/sketch_26.JPEG,55,1.000000
2811,sketch/n02106166/sketch_27.JPEG,55,1.000000
2812,sketch/n02106166/sketch_28.JPEG,55,1.000000
2813,sketch/n02106166/sketch_29.JPEG,55,1.000000
2814,sketch/n02106166/sketch_3.JPEG,55,1.000000
2815,sketch/n02106166/sketch_30.JPEG,55,1.000000
2816,sketch/n02106166/sketch_31.JPEG,55,1.000000
2817,sketch/n02106166/sketch_32.JPEG,55,1.000000
2818,sketch/n02106166/sketch_33.JPEG,55,1.000000
2819,sketch/n02106166/sketch_34.JPEG,55,1.000000
2820,sketch/n02106166/sketch_35.JPEG,55,1.000000
2821,sketch/n02106166/sketch_36.JPEG,55,1.000000
2822,sketch/n02106166/sketch_37.JPEG,55,1.000000
2823,sketch/n02106166/sketch_38.JPEG,55,1.000000
2824,sketch/n02106166/sketch_39.JPEG,55,1.000000
2825,sketch/n02106166/sketch_4.JPEG,55,1.000000
2826,sketch/n02106166/sketch_40.JPEG,55,1.000000
2827,sketch/n02106166/sketch_41.JPEG,55,1.000000
2828,sketch/n02106166/sketch_42.JPEG,55,1.000000
2829,sketch/n02106166/sketch_43.JPEG,55,1.000000
2830,sketch/n02106166/sketch_44.JPEG,55,1.000000
2831,sketch/n02106166/sketch_45.JPEG,55,1.000000
2832,sketch/n02106166/sketch_46.JPEG,55,1.000000
2833,sketch/n02106166/sketch_47.JPEG,55,1.000000
2834,sketch/n02106166/sketch_48.JPEG,55,1.000000
2835,sketch/n02106166/sketch_49.JPEG,55,1.000000
2836,sketch/n02106166/sketch_5.JPEG,55,1.000000
2837,sketch/n02106166/sketch_50.JPEG,55,1.000000
2838,sketch/n02106166/sketch_6.JPEG,55,1.000000
2839,sketch/n02106166/sketch_7.JPEG,55,1.000000
2840,sketch/n02106166/sketch_8.JPEG,55,1.000000
2841,sketch/n02106166/sketch_9.JPEG,55,1.000000
2842,sketch/n02106550/sketch_0.JPEG,56,1.000001
2843,sketch/n02106550/sketch_1.JPEG,56,1.000001
2844,sketch/n02106550/sketch_10.JPEG,56,1.000000
2845,sketch/n02106550/sketch_11.JPEG,56,0.999999
2846,sketch/n02106550/sketch_12.JPEG,56,1.000000
2847,sketch/n02106550/sketch_13.JPEG,56,1.000000
2848,sketch/n02106550/sketch_14.JPEG,56,1.000000
2849,sketch/n02106550/sketch_15.JPEG,56,1.000000
2850,sketch/n02106550/sketch_16.JPEG,56,1.000000
2851,sketch/n02106550/sketch_17.JPEG,56,1.000000
2852,sketch/n02106550/sketch_18.JPEG,56,1.000000
2853,sketch/n02106550/sketch_19.JPEG,56,1.000000
2854,sketch/n02106550/sketch_2.JPEG,56,1.000000
2855,sketch/n02106550/sketch_20.JPEG,56,1.000000
2856,sketch/n02106550/sketch_21.JPEG,56,1.000000
2857,sketch/n02106550/sketch_22.JPEG,56,1.000000
2858,sketch/n02106550/sketch_23.JPEG,56,1.000000
2859,sketch/n02106550/sketch_24.JPEG,56,1.000000
2860,sketch/n02106550/sketch_25.JPEG,56,1.000000
2861,sketch/n02106550/sketch_26.JPEG,56,1.000000
2862,sketch/n02106550/sketch_27.JPEG,56,1.000000
2863,sketch/n02106550/sketch_28.JPEG,56,1.000000
2864,sketch/n02106550/sketch_29.JPEG,56,1.000000
2865,sketch/n02106550/sketch_3.JPEG,56,1.000000
2866,sketch/n02106550/sketch_30.JPEG,56,1.000000
2867,sketch/n02106550/sketch_31.JPEG,56,1.000000
2868,sketch/n02106550/sketch_32.JPEG,56,1.000000
2869,sketch/n02106550/sketch_33.JPEG,56,1.000000
2870,sketch/n02106550/sketch_34.JPEG,56,1.000000
2871,sketch/n02106550/sketch_35.JPEG,56,0.999999
2872,sketch/n02106550/sketch_36.JPEG,56,1.000000
2873,sketch/n02106550/sketch_37.JPEG,56,1.000000
2874,sketch/n02106550/sketch_38.JPEG,56,1.000000
2875,sketch/n02106550/sketch_39.JPEG,56,1.000000
2876,sketch/n02106550/sketch_4.JPEG,56,1.000000
2877,sketch/n02106550/sketch_40.JPEG,56,1.000000
2878,sketch/n02106550/sketch_41.JPEG,56,1.000000
2879,sketch/n02106550/sketch_42.JPEG,56,1.000000
2880,sketch/n02106550/sketch_43.JPEG,56,1.000000
2881,sketch/n02106550/sketch_44.JPEG,56,1.000000
2882,sketch/n02106550/sketch_45.JPEG,56,1.000000
2883,sketch/n02106550/sketch_46.JPEG,56,1.000000
2884,sketch/n02106550/sketch_47.JPEG,56,1.000000
2885,sketch/n02106550/sketch_48.JPEG,56,1.000000
2886,sketch/n02106550/sketch_49.JPEG,56,1.000000
2887,sketch/n02106550/sketch_5.JPEG,56,0.999999
2888,sketch/n02106550/sketch_6.JPEG,56,1.000000
2889,sketch/n02106550/sketch_7.JPEG,56,1.000000
2890,sketch/n02106550/sketch_8.JPEG,56,1.000000
2891,sketch/n02106550/sketch_9.JPEG,56,1.000000
2892,sketch/n02106662/sketch_0.JPEG,57,1.000000
2893,sketch/n02106662/sketch_1.JPEG,57,1.000000
2894,sketch/n02106662/sketch_10.JPEG,57,1.000000
2895,sketch/n02106662/sketch_11.JPEG,57,1.000000
2896,sketch/n02106662/sketch_12.JPEG,57,1.000000
2897,sketch/n02106662/sketch_13.JPEG,57,1.000000
2898,sketch/n02106662/sketch_14.JPEG,57,1.000000
2899,sketch/n02106662/sketch_15.JPEG,57,1.000000
2900,sketch/n02106662/sketch_16.JPEG,57,1.000000
2901,sketch/n02106662/sketch_17.JPEG,57,1.000000
2902,sketch/n02106662/sketch_18.JPEG,57,1.000000
2903,sketch/n02106662/sketch_19.JPEG,57,1.000000
2904,sketch/n02106662/sketch_2.JPEG,57,1.000000
2905,sketch/n02106662/sketch_20.JPEG,57,1.000000
2906,sketch/n02106662/sketch_21.JPEG,57,1.000001
2907,sketch/n02106662/sketch_22.JPEG,57,1.000000
2908,sketch/n02106662/sketch_23.JPEG,57,1.000000
2909,sketch/n02106662/sketch_24.JPEG,57,1.000000
2910,sketch/n02106662/sketch_25.JPEG,57,1.000000
2911,sketch/n02106662/sketch_26.JPEG,57,1.000000
2912,sketch/n02106662/sketch_27.JPEG,57,1.000000
2913,sketch/n02106662/sketch_28.JPEG,57,1.000000
2914,sketch/n02106662/sketch_29.JPEG,57,1.000000
2915,sketch/n02106662/sketch_3.JPEG,57,1.000000
2916,sketch/n02106662/sketch_30.JPEG,57,1.000000
2917,sketch/n02106662/sketch_31.JPEG,57,1.000000
2918,sketch/n02106662/sketch_32.JPEG,57,1.000000
2919,sketch/n02106662/sketch_33.JPEG,57,1.000000
2920,sketch/n02106662/sketch_34.JPEG,57,1.000000
2921,sketch/n02106662/sketch_35.JPEG,57,1.000000
2922,sketch/n02106662/sketch_36.JPEG,57,1.000000
2923,sketch/n02106662/sketch_37.JPEG,57,1.000000
2924,sketch/n02106662/sketch_38.JPEG,57,1.000000
2925,sketch/n02106662/sketch_39.JPEG,57,1.000000
2926,sketch/n02106662/sketch_4.JPEG,57,1.000000
2927,sketch/n02106662/sketch_40.JPEG,57,1.000000
2928,sketch/n02106662/sketch_41.JPEG,57,1.000000
2929,sketch/n02106662/sketch_42.JPEG,57,1.000000
2930,sketch/n02106662/sketch_43.JPEG,57,1.000000
2931,sketch/n02106662/sketch_44.JPEG,57,1.000000
2932,sketch/n02106662/sketch_45.JPEG,57,1.000000
2933,sketch/n02106662/sketch_46.JPEG,57,1.000000
2934,sketch/n02106662/sketch_47.JPEG,57,1.000000
2935,sketch/n02106662/sketch_48.JPEG,57,1.000000
2936,sketch/n02106662/sketch_49.JPEG,57,1.000000
2937,sketch/n02106662/sketch_5.JPEG,57,1.000000
2938,sketch/n02106662/sketch_6.JPEG,57,1.000000
2939,sketch/n02106662/sketch_7.JPEG,57,1.000000
2940,sketch/n02106662/sketch_8.JPEG,57,1.000000
2941,sketch/n02106662/sketch_9.JPEG,57,1.000000
2942,sketch/n02108089/sketch_0.JPEG,58,1.000000
2943,sketch/n02108089/sketch_1.JPEG,58,1.000000
2944,sketch/n02108089/sketch_10.JPEG,58,1.000000
2945,sketch/n02108089/sketch_11.JPEG,58,1.000000
2946,sketch/n02108089/sketch_12.JPEG,58,1.000000
2947,sketch/n02108089/sketch_13.JPEG,58,1.000000
2948,sketch/n02108089/sketch_14.JPEG,58,1.000000
2949,sketch/n02108089/sketch_15.JPEG,58,1.000000
2950,sketch/n02108089/sketch_16.JPEG,58,1.000000
2951,sketch/n02108089/sketch_17.JPEG,58,1.000000
2952,sketch/n02108089/sketch_18.JPEG,58,1.000000
2953,sketch/n02108089/sketch_19.JPEG,58,1.000000
2954,sketch/n02108089/sketch_2.JPEG,58,1.000000
2955,sketch/n02108089/sketch_20.JPEG,58,1.000000
2956,sketch/n02108089/sketch_21.JPEG,58,1.000000
2957,sketch/n02108089/sketch_22.JPEG,58,1.000000
2958,sketch/n02108089/sketch_23.JPEG,58,1.000000
2959,sketch/n02108089/sketch_24.JPEG,58,1.000000
2960,sketch/n02108089/sketch_25.JPEG,58,1.000000
2961,sketch/n02108089/sketch_26.JPEG,58,1.000000
2962,sketch/n02108089/sketch_27.JPEG,58,1.000000
2963,sketch/n02108089/sketch_28.JPEG,58,1.000000
2964,sketch/n02108089/sketch_29.JPEG,58,1.000000
2965,sketch/n02108089/sketch_3.JPEG,58,1.000000
2966,sketch/n02108089/sketch_30.JPEG,58,1.000000
2967,sketch/n02108089/sketch_31.JPEG,58,1.000000
2968,sketch/n02108089/sketch_32.JPEG,58,1.000000
2969,sketch/n02108089/sketch_33.JPEG,58,1.000000
2970,sketch/n02108089/sketch_34.JPEG,58,1.000000
2971,sketch/n02108089/sketch_35.JPEG,58,1.000000
2972,sketch/n02108089/sketch_36.JPEG,58,1.000000
2973,sketch/n02108089/sketch_37.JPEG,58,1.000000
2974,sketch/n02108089/sketch_38.JPEG,58,1.000000
2975,sketch/n02108089/sketch_39.JPEG,58,1.000000
2976,sketch/n02108089/sketch_4.JPEG,58,1.000000
2977,sketch/n02108089/sketch_40.JPEG,58,1.000000
2978,sketch/n02108089/sketch_41.JPEG,58,1.000000
2979,sketch/n02108089/sketch_42.JPEG,58,1.000000
2980,sketch/n02108089/sketch_43.JPEG,58,1.000000
2981,sketch/n02108089/sketch_44.JPEG,58,1.000000
2982,sketch/n02108089/sketch_45.JPEG,58,1.000000
2983,sketch/n02108089/sketch_46.JPEG,58,1.000000
2984,sketch/n02108089/sketch_47.JPEG,58,1.000000
2985,sketch/n02108089/sketch_48.JPEG,58,1.000000
2986,sketch/n02108089/sketch_49.JPEG,58,1.000000
2987,sketch/n02108089/sketch_5.JPEG,58,1.000000
2988,sketch/n02108089/sketch_50.JPEG,58,1.000000
2989,sketch/n02108089/sketch_6.JPEG,58,1.000000
2990,sketch/n02108089/sketch_7.JPEG,58,1.000000
2991,sketch/n02108089/sketch_8.JPEG,58,1.000000
2992,sketch/n02108089/sketch_9.JPEG,58,1.000000
2993,sketch/n02108915/sketch_0.JPEG,59,1.000000
2994,sketch/n02108915/sketch_1.JPEG,59,1.000000
2995,sketch/n02108915/sketch_10.JPEG,59,1.000000
2996,sketch/n02108915/sketch_11.JPEG,59,1.000000
2997,sketch/n02108915/sketch_12.JPEG,59,1.000000
2998,sketch/n02108915/sketch_13.JPEG,59,1.000000
2999,sketch/n02108915/sketch_14.JPEG,59,1.000000
3000,sketch/n02108915/sketch_15.JPEG,59,1.000000
3001,sketch/n02108915/sketch_16.JPEG,59,1.000000
3002,sketch/n02108915/sketch_17.JPEG,59,1.000000
3003,sketch/n02108915/sketch_18.JPEG,59,1.000000
3004,sketch/n02108915/sketch_19.JPEG,59,1.000000
3005,sketch/n02108915/sketch_2.JPEG,59,1.000000
3006,sketch/n02108915/sketch_20.JPEG,59,1.000000
3007,sketch/n02108915/sketch_21.JPEG,59,1.000000
3008,sketch/n02108915/sketch_22.JPEG,59,1.000000
3009,sketch/n02108915/sketch_23.JPEG,59,1.000000
3010,sketch/n02108915/sketch_24.JPEG,59,1.000000
3011,sketch/n02108915/sketch_25.JPEG,59,1.000000
3012,sketch/n02108915/sketch_26.JPEG,59,1.000000
3013,sketch/n02108915/sketch_27.JPEG,59,1.000000
3014,sketch/n02108915/sketch_28.JPEG,59,1.000000
3015,sketch/n02108915/sketch_29.JPEG,59,1.000000
3016,sketch/n02108915/sketch_3.JPEG,59,1.000000
3017,sketch/n02108915/sketch_30.JPEG,59,1.000000
3018,sketch/n02108915/sketch_31.JPEG,59,1.000000
3019,sketch/n02108915/sketch_32.JPEG,59,1.000000
3020,sketch/n02108915/sketch_33.JPEG,59,1.000000
3021,sketch/n02108915/sketch_34.JPEG,59,1.000000
3022,sketch/n02108915/sketch_35.JPEG,59,1.000000
3023,sketch/n02108915/sketch_36.JPEG,59,1.000000
3024,sketch/n02108915/sketch_37.JPEG,59,1.000000
3025,sketch/n02108915/sketch_38.JPEG,59,1.000000
3026,sketch/n02108915/sketch_39.JPEG,59,1.000000
3027,sketch/n02108915/sketch_4.JPEG,59,1.000000
3028,sketch/n02108915/sketch_40.JPEG,59,1.000000
3029,sketch/n02108915/sketch_41.JPEG,59,1.000000
3030,sketch/n02108915/sketch_42.JPEG,59,1.000000
3031,sketch/n02108915/sketch_43.JPEG,59,1.000000
3032,sketch/n02108915/sketch_44.JPEG,59,1.000000
3033,sketch/n02108915/sketch_45.JPEG,59,1.000000
3034,sketch/n02108915/sketch_46.JPEG,59,1.000000
3035,sketch/n02108915/sketch_47.JPEG,59,1.000000
3036,sketch/n02108915/sketch_48.JPEG,59,1.000000
3037,sketch/n02108915/sketch_49.JPEG,59,1.000000
3038,sketch/n02108915/sketch_5.JPEG,59,1.000000
3039,sketch/n02108915/sketch_6.JPEG,59,1.000000
3040,sketch/n02108915/sketch_7.JPEG,59,1.000000
3041,sketch/n02108915/sketch_8.JPEG,59,1.000000
3042,sketch/n02108915/sketch_9.JPEG,59,1.000000
3043,sketch/n02109525/sketch_0.JPEG,60,1.000000
3044,sketch/n02109525/sketch_1.JPEG,60,1.000000
3045,sketch/n02109525/sketch_10.JPEG,60,1.000000
3046,sketch/n02109525/sketch_11.JPEG,60,1.000000
3047,sketch/n02109525/sketch_12.JPEG,60,1.000000
3048,sketch/n02109525/sketch_13.JPEG,60,1.000000
3049,sketch/n02109525/sketch_14.JPEG,60,1.000000
3050,sketch/n02109525/sketch_15.JPEG,60,1.000000
3051,sketch/n02109525/sketch_16.JPEG,60,1.000000
3052,sketch/n02109525/sketch_17.JPEG,60,1.000000
3053,sketch/n02109525/sketch_18.JPEG,60,0.999999
3054,sketch/n02109525/sketch_19.JPEG,60,1.000000
3055,sketch/n02109525/sketch_2.JPEG,60,1.000000
3056,sketch/n02109525/sketch_20.JPEG,60,1.000000
3057,sketch/n02109525/sketch_21.JPEG,60,1.000000
3058,sketch/n02109525/sketch_22.JPEG,60,1.000000
3059,sketch/n02109525/sketch_23.JPEG,60,1.000000
3060,sketch/n02109525/sketch_24.JPEG,60,1.000000
3061,sketch/n02109525/sketch_25.JPEG,60,1.000000
3062,sketch/n02109525/sketch_26.JPEG,60,1.000000
3063,sketch/n02109525/sketch_27.JPEG,60,1.000000
3064,sketch/n02109525/sketch_28.JPEG,60,1.000001
3065,sketch/n02109525/sketch_29.JPEG,60,1.000000
3066,sketch/n02109525/sketch_3.JPEG,60,1.000000
3067,sketch/n02109525/sketch_30.JPEG,60,1.000000
3068,sketch/n02109525/sketch_31.JPEG,60,1.000000
3069,sketch/n02109525/sketch_32.JPEG,60,1.000000
3070,sketch/n02109525/sketch_33.JPEG,60,1.000000
3071,sketch/n02109525/sketch_34.JPEG,60,1.000000
3072,sketch/n02109525/sketch_35.JPEG,60,1.000000
3073,sketch/n02109525/sketch_36.JPEG,60,1.000000
3074,sketch/n02109525/sketch_37.JPEG,60,1.000000
3075,sketch/n02109525/sketch_38.JPEG,60,1.000000
3076,sketch/n02109525/sketch_39.JPEG,60,1.000000
3077,sketch/n02109525/sketch_4.JPEG,60,1.000000
3078,sketch/n02109525/sketch_40.JPEG,60,1.000000
3079,sketch/n02109525/sketch_41.JPEG,60,1.000000
3080,sketch/n02109525/sketch_42.JPEG,60,1.000000
3081,sketch/n02109525/sketch_43.JPEG,60,1.000000
3082,sketch/n02109525/sketch_44.JPEG,60,1.000000
3083,sketch/n02109525/sketch_45.JPEG,60,1.000000
3084,sketch/n02109525/sketch_46.JPEG,60,1.000000
3085,sketch/n02109525/sketch_47.JPEG,60,1.000000
3086,sketch/n02109525/sketch_48.JPEG,60,1.000000
3087,sketch/n02109525/sketch_49.JPEG,60,1.000000
3088,sketch/n02109525/sketch_5.JPEG,60,1.000000
3089,sketch/n02109525/sketch_50.JPEG,60,1.000000
3090,sketch/n02109525/sketch_6.JPEG,60,1.000000
3091,sketch/n02109525/sketch_7.JPEG,60,1.000000
3092,sketch/n02109525/sketch_8.JPEG,60,1.000000
3093,sketch/n02109525/sketch_9.JPEG,60,1.000000
3094,sketch/n02110185/sketch_0.JPEG,61,1.000000
3095,sketch/n02110185/sketch_1.JPEG,61,1.000000
3096,sketch/n02110185/sketch_10.JPEG,61,1.000000
3097,sketch/n02110185/sketch_11.JPEG,61,1.000000
3098,sketch/n02110185/sketch_12.JPEG,61,1.000000
3099,sketch/n02110185/sketch_13.JPEG,61,1.000000
3100,sketch/n02110185/sketch_14.JPEG,61,1.000000
3101,sketch/n02110185/sketch_15.JPEG,61,1.000000
3102,sketch/n02110185/sketch_16.JPEG,61,1.000000
3103,sketch/n02110185/sketch_17.JPEG,61,1.000000
3104,sketch/n02110185/sketch_18.JPEG,61,1.000000
3105,sketch/n02110185/sketch_19.JPEG,61,1.000000
3106,sketch/n02110185/sketch_2.JPEG,61,1.000000
3107,sketch/n02110185/sketch_20.JPEG,61,1.000000
3108,sketch/n02110185/sketch_21.JPEG,61,1.000000
3109,sketch/n02110185/sketch_22.JPEG,61,1.000000
3110,sketch/n02110185/sketch_23.JPEG,61,1.000000
3111,sketch/n02110185/sketch_24.JPEG,61,1.000000
3112,sketch/n02110185/sketch_25.JPEG,61,1.000000
3113,sketch/n02110185/sketch_26.JPEG,61,1.000000
3114,sketch/n02110185/sketch_27.JPEG,61,1.000000
3115,sketch/n02110185/sketch_28.JPEG,61,1.000000
3116,sketch/n02110185/sketch_29.JPEG,61,1.000000
3117,sketch/n02110185/sketch_3.JPEG,61,1.000000
3118,sketch/n02110185/sketch_30.JPEG,61,1.000000
3119,sketch/n02110185/sketch_31.JPEG,61,1.000000
3120,sketch/n02110185/sketch_32.JPEG,61,1.000000
3121,sketch/n02110185/sketch_33.JPEG,61,1.000000
3122,sketch/n02110185/sketch_34.JPEG,61,1.000000
3123,sketch/n02110185/sketch_35.JPEG,61,0.999999
3124,sketch/n02110185/sketch_36.JPEG,61,1.000000
3125,sketch/n02110185/sketch_37.JPEG,61,1.000000
3126,sketch/n02110185/sketch_38.JPEG,61,1.000000
3127,sketch/n02110185/sketch_39.JPEG,61,1.000000
3128,sketch/n02110185/sketch_4.JPEG,61,1.000000
3129,sketch/n02110185/sketch_40.JPEG,61,1.000000
3130,sketch/n02110185/sketch_41.JPEG,61,1.000000
3131,sketch/n02110185/sketch_42.JPEG,61,1.000000
3132,sketch/n02110185/sketch_43.JPEG,61,1.000000
3133,sketch/n02110185/sketch_44.JPEG,61,1.000000
3134,sketch/n02110185/sketch_45.JPEG,61,1.000000
3135,sketch/n02110185/sketch_46.JPEG,61,1.000000
3136,sketch/n02110185/sketch_47.JPEG,61,1.000000
3137,sketch/n02110185/sketch_48.JPEG,61,1.000000
3138,sketch/n02110185/sketch_49.JPEG,61,1.000000
3139,sketch/n02110185/sketch_5.JPEG,61,1.000000
3140,sketch/n02110185/sketch_50.JPEG,61,1.000000
3141,sketch/n02110185/sketch_6.JPEG,61,1.000000
3142,sketch/n02110185/sketch_7.JPEG,61,1.000000
3143,sketch/n02110185/sketch_8.JPEG,61,1.000000
3144,sketch/n02110185/sketch_9.JPEG,61,1.000000
3145,sketch/n02110341/sketch_0.JPEG,62,1.000000
3146,sketch/n02110341/sketch_1.JPEG,62,1.000000
3147,sketch/n02110341/sketch_10.JPEG,62,1.000000
3148,sketch/n02110341/sketch_11.JPEG,62,1.000000
3149,sketch/n02110341/sketch_12.JPEG,62,1.000000
3150,sketch/n02110341/sketch_13.JPEG,62,1.000000
3151,sketch/n02110341/sketch_14.JPEG,62,1.000000
3152,sketch/n02110341/sketch_15.JPEG,62,1.000000
3153,sketch/n02110341/sketch_16.JPEG,62,1.000000
3154,sketch/n02110341/sketch_17.JPEG,62,1.000000
3155,sketch/n02110341/sketch_18.JPEG,62,1.000000
3156,sketch/n02110341/sketch_19.JPEG,62,1.000000
3157,sketch/n02110341/sketch_2.JPEG,62,1.000000
3158,sketch/n02110341/sketch_20.JPEG,62,1.000000
3159,sketch/n02110341/sketch_21.JPEG,62,1.000000
3160,sketch/n02110341/sketch_22.JPEG,62,1.000000
3161,sketch/n02110341/sketch_23.JPEG,62,1.000000
3162,sketch/n02110341/sketch_24.JPEG,62,1.000000
3163,sketch/n02110341/sketch_25.JPEG,62,1.000000
3164,sketch/n02110341/sketch_26.JPEG,62,1.000000
3165,sketch/n02110341/sketch_27.JPEG,62,1.000000
3166,sketch/n02110341/sketch_28.JPEG,62,1.000000
3167,sketch/n02110341/sketch_29.JPEG,62,1.000000
3168,sketch/n02110341/sketch_3.JPEG,62,1.000000
3169,sketch/n02110341/sketch_30.JPEG,62,1.000000
3170,sketch/n02110341/sketch_31.JPEG,62,1.000000
3171,sketch/n02110341/sketch_32.JPEG,62,1.000000
3172,sketch/n02110341/sketch_33.JPEG,62,1.000000
3173,sketch/n02110341/sketch_34.JPEG,62,1.000000
3174,sketch/n02110341/sketch_35.JPEG,62,1.000000
3175,sketch/n02110341/sketch_36.JPEG,62,1.000000
3176,sketch/n02110341/sketch_37.JPEG,62,1.000000
3177,sketch/n02110341/sketch_38.JPEG,62,1.000000
3178,sketch/n02110341/sketch_39.JPEG,62,1.000000
3179,sketch/n02110341/sketch_4.JPEG,62,1.000000
3180,sketch/n02110341/sketch_40.JPEG,62,1.000000
3181,sketch/n02110341/sketch_41.JPEG,62,1.000000
3182,sketch/n02110341/sketch_42.JPEG,62,1.000000
3183,sketch/n02110341/sketch_43.JPEG,62,1.000000
3184,sketch/n02110341/sketch_44.JPEG,62,1.000000
3185,sketch/n02110341/sketch_45.JPEG,62,1.000000
3186,sketch/n02110341/sketch_46.JPEG,62,1.000000
3187,sketch/n02110341/sketch_47.JPEG,62,1.000000
3188,sketch/n02110341/sketch_48.JPEG,62,1.000000
3189,sketch/n02110341/sketch_49.JPEG,62,1.000000
3190,sketch/n02110341/sketch_5.JPEG,62,1.000000
3191,sketch/n02110341/sketch_6.JPEG,62,1.000000
3192,sketch/n02110341/sketch_7.JPEG,62,1.000000
3193,sketch/n02110341/sketch_8.JPEG,62,1.000000
3194,sketch/n02110341/sketch_9.JPEG,62,1.000000
3195,sketch/n02110958/sketch_0.JPEG,63,1.000000
3196,sketch/n02110958/sketch_1.JPEG,63,1.000000
3197,sketch/n02110958/sketch_10.JPEG,63,1.000000
3198,sketch/n02110958/sketch_11.JPEG,63,1.000000
3199,sketch/n02110958/sketch_12.JPEG,63,1.000000
3200,sketch/n02110958/sketch_13.JPEG,63,1.000000
3201,sketch/n02110958/sketch_14.JPEG,63,1.000000
3202,sketch/n02110958/sketch_15.JPEG,63,1.000000
3203,sketch/n02110958/sketch_16.JPEG,63,1.000000
3204,sketch/n02110958/sketch_17.JPEG,63,1.000000
3205,sketch/n02110958/sketch_18.JPEG,63,1.000000
3206,sketch/n02110958/sketch_19.JPEG,63,1.000000
3207,sketch/n02110958/sketch_2.JPEG,63,1.000000
3208,sketch/n02110958/sketch_20.JPEG,63,1.000000
3209,sketch/n02110958/sketch_21.JPEG,63,1.000000
3210,sketch/n02110958/sketch_22.JPEG,63,1.000000
3211,sketch/n02110958/sketch_23.JPEG,63,1.000000
3212,sketch/n02110958/sketch_24.JPEG,63,1.000000
3213,sketch/n02110958/sketch_25.JPEG,63,1.000000
3214,sketch/n02110958/sketch_26.JPEG,63,1.000000
3215,sketch/n02110958/sketch_27.JPEG,63,1.000000
3216,sketch/n02110958/sketch_28.JPEG,63,1.000000
3217,sketch/n02110958/sketch_29.JPEG,63,1.000000
3218,sketch/n02110958/sketch_3.JPEG,63,1.000000
3219,sketch/n02110958/sketch_30.JPEG,63,1.000000
3220,sketch/n02110958/sketch_31.JPEG,63,1.000000
3221,sketch/n02110958/sketch_32.JPEG,63,1.000000
3222,sketch/n02110958/sketch_33.JPEG,63,1.000000
3223,sketch/n02110958/sketch_34.JPEG,63,1.000000
3224,sketch/n02110958/sketch_35.JPEG,63,1.000000
3225,sketch/n02110958/sketch_36.JPEG,63,1.000000
3226,sketch/n02110958/sketch_37.JPEG,63,1.000000
3227,sketch/n02110958/sketch_38.JPEG,63,1.000000
3228,sketch/n02110958/sketch_39.JPEG,63,1.000000
3229,sketch/n02110958/sketch_4.JPEG,63,1.000000
3230,sketch/n02110958/sketch_40.JPEG,63,1.000000
3231,sketch/n02110958/sketch_41.JPEG,63,1.000000
3232,sketch/n02110958/sketch_42.JPEG,63,1.000000
3233,sketch/n02110958/sketch_43.JPEG,63,1.000000
3234,sketch/n02110958/sketch_44.JPEG,63,1.000000
3235,sketch/n02110958/sketch_45.JPEG,63,1.000000
3236,sketch/n02110958/sketch_46.JPEG,63,1.000000
3237,sketch/n02110958/sketch_47.JPEG,63,1.000000
3238,sketch/n02110958/sketch_48.JPEG,63,1.000000
3239,sketch/n02110958/sketch_49.JPEG,63,1.000000
3240,sketch/n02110958/sketch_5.JPEG,63,1.000000
3241,sketch/n02110958/sketch_6.JPEG,63,1.000000
3242,sketch/n02110958/sketch_7.JPEG,63,1.000000
3243,sketch/n02110958/sketch_8.JPEG,63,1.000000
3244,sketch/n02110958/sketch_9.JPEG,63,1.000000
3245,sketch/n02112018/sketch_0.JPEG,64,1.000000
3246,sketch/n02112018/sketch_1.JPEG,64,0.999999
3247,sketch/n02112018/sketch_10.JPEG,64,1.000000
3248,sketch/n02112018/sketch_11.JPEG,64,1.000000
3249,sketch/n02112018/sketch_12.JPEG,64,1.000001
3250,sketch/n02112018/sketch_13.JPEG,64,1.000000
3251,sketch/n02112018/sketch_14.JPEG,64,1.000000
3252,sketch/n02112018/sketch_15.JPEG,64,1.000000
3253,sketch/n02112018/sketch_16.JPEG,64,1.000000
3254,sketch/n02112018/sketch_17.JPEG,64,1.000000
3255,sketch/n02112018/sketch_18.JPEG,64,1.000000
3256,sketch/n02112018/sketch_19.JPEG,64,1.000000
3257,sketch/n02112018/sketch_2.JPEG,64,1.000000
3258,sketch/n02112018/sketch_20.JPEG,64,1.000000
3259,sketch/n02112018/sketch_21.JPEG,64,1.000000
3260,sketch/n02112018/sketch_22.JPEG,64,1.000000
3261,sketch/n02112018/sketch_23.JPEG,64,1.000000
3262,sketch/n02112018/sketch_24.JPEG,64,1.000000
3263,sketch/n02112018/sketch_25.JPEG,64,1.000000
3264,sketch/n02112018/sketch_26.JPEG,64,1.000000
3265,sketch/n02112018/sketch_27.JPEG,64,1.000000
3266,sketch/n02112018/sketch_28.JPEG,64,1.000000
3267,sketch/n02112018/sketch_29.JPEG,64,1.000000
3268,sketch/n02112018/sketch_3.JPEG,64,1.000000
3269,sketch/n02112018/sketch_30.JPEG,64,1.000000
3270,sketch/n02112018/sketch_31.JPEG,64,1.000000
3271,sketch/n02112018/sketch_32.JPEG,64,1.000000
3272,sketch/n02112018/sketch_33.JPEG,64,1.000000
3273,sketch/n02112018/sketch_34.JPEG,64,1.000000
3274,sketch/n02112018/sketch_35.JPEG,64,1.000000
3275,sketch/n02112018/sketch_36.JPEG,64,1.000000
3276,sketch/n02112018/sketch_37.JPEG,64,1.000000
3277,sketch/n02112018/sketch_38.JPEG,64,1.000000
3278,sketch/n02112018/sketch_39.JPEG,64,1.000000
3279,sketch/n02112018/sketch_4.JPEG,64,1.000000
3280,sketch/n02112018/sketch_40.JPEG,64,1.000000
3281,sketch/n02112018/sketch_41.JPEG,64,1.000000
3282,sketch/n02112018/sketch_42.JPEG,64,1.000000
3283,sketch/n02112018/sketch_43.JPEG,64,1.000000
3284,sketch/n02112018/sketch_44.JPEG,64,1.000000
3285,sketch/n02112018/sketch_45.JPEG,64,1.000000
3286,sketch/n02112018/sketch_46.JPEG,64,1.000000
3287,sketch/n02112018/sketch_47.JPEG,64,1.000000
3288,sketch/n02112018/sketch_48.JPEG,64,1.000000
3289,sketch/n02112018/sketch_49.JPEG,64,1.000000
3290,sketch/n02112018/sketch_5.JPEG,64,1.000000
3291,sketch/n02112018/sketch_50.JPEG,64,1.000000
3292,sketch/n02112018/sketch_6.JPEG,64,1.000000
3293,sketch/n02112018/sketch_7.JPEG,64,1.000000
3294,sketch/n02112018/sketch_8.JPEG,64,1.000000
3295,sketch/n02112018/sketch_9.JPEG,64,1.000000
3296,sketch/n02112137/sketch_0.JPEG,65,1.000000
3297,sketch/n02112137/sketch_1.JPEG,65,1.000000
3298,sketch/n02112137/sketch_10.JPEG,65,1.000000
3299,sketch/n02112137/sketch_11.JPEG,65,1.000000
3300,sketch/n02112137/sketch_12.JPEG,65,1.000000
3301,sketch/n02112137/sketch_13.JPEG,65,1.000000
3302,sketch/n02112137/sketch_14.JPEG,65,1.000000
3303,sketch/n02112137/sketch_15.JPEG,65,1.000000
3304,sketch/n02112137/sketch_16.JPEG,65,1.000000
3305,sketch/n02112137/sketch_17.JPEG,65,1.000000
3306,sketch/n02112137/sketch_18.JPEG,65,1.000000
3307,sketch/n02112137/sketch_19.JPEG,65,1.000000
3308,sketch/n02112137/sketch_2.JPEG,65,1.000000
3309,sketch/n02112137/sketch_20.JPEG,65,1.000000
3310,sketch/n02112137/sketch_21.JPEG,65,1.000000
3311,sketch/n02112137/sketch_22.JPEG,65,1.000000
3312,sketch/n02112137/sketch_23.JPEG,65,1.000000
3313,sketch/n02112137/sketch_24.JPEG,65,1.000000
3314,sketch/n02112137/sketch_25.JPEG,65,1.000000
3315,sketch/n02112137/sketch_26.JPEG,65,1.000000
3316,sketch/n02112137/sketch_27.JPEG,65,1.000000
3317,sketch/n02112137/sketch_28.JPEG,65,1.000000
3318,sketch/n02112137/sketch_29.JPEG,65,1.000000
3319,sketch/n02112137/sketch_3.JPEG,65,1.000000
3320,sketch/n02112137/sketch_30.JPEG,65,1.000000
3321,sketch/n02112137/sketch_31.JPEG,65,1.000000
3322,sketch/n02112137/sketch_32.JPEG,65,1.000000
3323,sketch/n02112137/sketch_33.JPEG,65,1.000000
3324,sketch/n02112137/sketch_34.JPEG,65,1.000000
3325,sketch/n02112137/sketch_35.JPEG,65,1.000000
3326,sketch/n02112137/sketch_36.JPEG,65,1.000000
3327,sketch/n02112137/sketch_37.JPEG,65,1.000000
3328,sketch/n02112137/sketch_38.JPEG,65,1.000000
3329,sketch/n02112137/sketch_39.JPEG,65,1.000000
3330,sketch/n02112137/sketch_4.JPEG,65,1.000000
3331,sketch/n02112137/sketch_40.JPEG,65,1.000000
3332,sketch/n02112137/sketch_41.JPEG,65,1.000000
3333,sketch/n02112137/sketch_42.JPEG,65,1.000000
3334,sketch/n02112137/sketch_43.JPEG,65,1.000000
3335,sketch/n02112137/sketch_44.JPEG,65,1.000000
3336,sketch/n02112137/sketch_45.JPEG,65,1.000000
3337,sketch/n02112137/sketch_46.JPEG,65,1.000000
3338,sketch/n02112137/sketch_47.JPEG,65,1.000000
3339,sketch/n02112137/sketch_48.JPEG,65,1.000000
3340,sketch/n02112137/sketch_49.JPEG,65,1.000000
3341,sketch/n02112137/sketch_5.JPEG,65,1.000000
3342,sketch/n02112137/sketch_50.JPEG,65,1.000000
3343,sketch/n02112137/sketch_6.JPEG,65,1.000000
3344,sketch/n02112137/sketch_7.JPEG,65,1.000000
3345,sketch/n02112137/sketch_8.JPEG,65,1.000000
3346,sketch/n02112137/sketch_9.JPEG,65,1.000000
3347,sketch/n02113023/sketch_0.JPEG,66,1.000000
3348,sketch/n02113023/sketch_1.JPEG,66,1.000000
3349,sketch/n02113023/sketch_10.JPEG,66,1.000000
3350,sketch/n02113023/sketch_11.JPEG,66,1.000000
3351,sketch/n02113023/sketch_12.JPEG,66,1.000000
3352,sketch/n02113023/sketch_13.JPEG,66,1.000000
3353,sketch/n02113023/sketch_14.JPEG,66,1.000000
3354,sketch/n02113023/sketch_15.JPEG,66,1.000000
3355,sketch/n02113023/sketch_16.JPEG,66,1.000000
3356,sketch/n02113023/sketch_17.JPEG,66,1.000000
3357,sketch/n02113023/sketch_18.JPEG,66,1.000000
3358,sketch/n02113023/sketch_19.JPEG,66,1.000000
3359,sketch/n02113023/sketch_2.JPEG,66,1.000000
3360,sketch/n02113023/sketch_20.JPEG,66,1.000000
3361,sketch/n02113023/sketch_21.JPEG,66,1.000000
3362,sketch/n02113023/sketch_22.JPEG,66,1.000000
3363,sketch/n02113023/sketch_23.JPEG,66,1.000000
3364,sketch/n02113023/sketch_24.JPEG,66,1.000000
3365,sketch/n02113023/sketch_25.JPEG,66,1.000000
3366,sketch/n02113023/sketch_26.JPEG,66,1.000000
3367,sketch/n02113023/sketch_27.JPEG,66,1.000000
3368,sketch/n02113023/sketch_28.JPEG,66,1.000000
3369,sketch/n02113023/sketch_29.JPEG,66,1.000000
3370,sketch/n02113023/sketch_3.JPEG,66,1.000000
3371,sketch/n02113023/sketch_30.JPEG,66,1.000000
3372,sketch/n02113023/sketch_31.JPEG,66,1.000000
3373,sketch/n02113023/sketch_32.JPEG,66,1.000000
3374,sketch/n02113023/sketch_33.JPEG,66,1.000000
3375,sketch/n02113023/sketch_34.JPEG,66,1.000000
3376,sketch/n02113023/sketch_35.JPEG,66,1.000000
3377,sketch/n02113023/sketch_36.JPEG,66,1.000000
3378,sketch/n02113023/sketch_37.JPEG,66,1.000000
3379,sketch/n02113023/sketch_38.JPEG,66,1.000000
3380,sketch/n02113023/sketch_39.JPEG,66,1.000000
3381,sketch/n02113023/sketch_4.JPEG,66,1.000000
3382,sketch/n02113023/sketch_40.JPEG,66,1.000000
3383,sketch/n02113023/sketch_41.JPEG,66,1.000000
3384,sketch/n02113023/sketch_42.JPEG,66,1.000000
3385,sketch/n02113023/sketch_43.JPEG,66,1.000000
3386,sketch/n02113023/sketch_44.JPEG,66,1.000000
3387,sketch/n02113023/sketch_45.JPEG,66,1.000000
3388,sketch/n02113023/sketch_46.JPEG,66,1.000000
3389,sketch/n02113023/sketch_47.JPEG,66,1.000000
3390,sketch/n02113023/sketch_48.JPEG,66,1.000000
3391,sketch/n02113023/sketch_49.JPEG,66,1.000000
3392,sketch/n02113023/sketch_5.JPEG,66,1.000000
3393,sketch/n02113023/sketch_50.JPEG,66,1.000000
3394,sketch/n02113023/sketch_6.JPEG,66,1.000000
3395,sketch/n02113023/sketch_7.JPEG,66,1.000000
3396,sketch/n02113023/sketch_8.JPEG,66,1.000000
3397,sketch/n02113023/sketch_9.JPEG,66,1.000000
3398,sketch/n02113624/sketch_0.JPEG,67,1.000000
3399,sketch/n02113624/sketch_1.JPEG,67,1.000000
3400,sketch/n02113624/sketch_10.JPEG,67,1.000000
3401,sketch/n02113624/sketch_11.JPEG,67,1.000000
3402,sketch/n02113624/sketch_12.JPEG,67,1.000000
3403,sketch/n02113624/sketch_13.JPEG,67,1.000000
3404,sketch/n02113624/sketch_14.JPEG,67,1.000000
3405,sketch/n02113624/sketch_15.JPEG,67,1.000000
3406,sketch/n02113624/sketch_16.JPEG,67,1.000000
3407,sketch/n02113624/sketch_17.JPEG,67,1.000000
3408,sketch/n02113624/sketch_18.JPEG,67,1.000000
3409,sketch/n02113624/sketch_19.JPEG,67,1.000000
3410,sketch/n02113624/sketch_2.JPEG,67,1.000000
3411,sketch/n02113624/sketch_20.JPEG,67,1.000000
3412,sketch/n02113624/sketch_21.JPEG,67,1.000000
3413,sketch/n02113624/sketch_22.JPEG,67,1.000000
3414,sketch/n02113624/sketch_23.JPEG,67,1.000001
3415,sketch/n02113624/sketch_24.JPEG,67,1.000000
3416,sketch/n02113624/sketch_25.JPEG,67,1.000000
3417,sketch/n02113624/sketch_26.JPEG,67,1.000000
3418,sketch/n02113624/sketch_27.JPEG,67,1.000000
3419,sketch/n02113624/sketch_28.JPEG,67,1.000000
3420,sketch/n02113624/sketch_29.JPEG,67,1.000000
3421,sketch/n02113624/sketch_3.JPEG,67,1.000000
3422,sketch/n02113624/sketch_30.JPEG,67,1.000000
3423,sketch/n02113624/sketch_31.JPEG,67,1.000000
3424,sketch/n02113624/sketch_32.JPEG,67,1.000000
3425,sketch/n02113624/sketch_33.JPEG,67,1.000000
3426,sketch/n02113624/sketch_34.JPEG,67,1.000000
3427,sketch/n02113624/sketch_35.JPEG,67,1.000000
3428,sketch/n02113624/sketch_36.JPEG,67,1.000000
3429,sketch/n02113624/sketch_37.JPEG,67,1.000000
3430,sketch/n02113624/sketch_38.JPEG,67,1.000000
3431,sketch/n02113624/sketch_39.JPEG,67,1.000000
3432,sketch/n02113624/sketch_4.JPEG,67,1.000000
3433,sketch/n02113624/sketch_40.JPEG,67,1.000000
3434,sketch/n02113624/sketch_41.JPEG,67,1.000000
3435,sketch/n02113624/sketch_42.JPEG,67,1.000000
3436,sketch/n02113624/sketch_43.JPEG,67,1.000000
3437,sketch/n02113624/sketch_44.JPEG,67,1.000000
3438,sketch/n02113624/sketch_45.JPEG,67,1.000000
3439,sketch/n02113624/sketch_46.JPEG,67,1.000000
3440,sketch/n02113624/sketch_47.JPEG,67,1.000000
3441,sketch/n02113624/sketch_48.JPEG,67,1.000000
3442,sketch/n02113624/sketch_49.JPEG,67,1.000000
3443,sketch/n02113624/sketch_5.JPEG,67,1.000000
3444,sketch/n02113624/sketch_50.JPEG,67,1.000000
3445,sketch/n02113624/sketch_6.JPEG,67,1.000000
3446,sketch/n02113624/sketch_7.JPEG,67,1.000000
3447,sketch/n02113624/sketch_8.JPEG,67,1.000000
3448,sketch/n02113624/sketch_9.JPEG,67,1.000000
3449,sketch/n02113799/sketch_0.JPEG,68,1.000000
3450,sketch/n02113799/sketch_1.JPEG,68,1.000000
3451,sketch/n02113799/sketch_10.JPEG,68,1.000000
3452,sketch/n02113799/sketch_11.JPEG,68,1.000000
3453,sketch/n02113799/sketch_12.JPEG,68,1.000000
3454,sketch/n02113799/sketch_13.JPEG,68,1.000000
3455,sketch/n02113799/sketch_14.JPEG,68,1.000000
3456,sketch/n02113799/sketch_15.JPEG,68,1.000000
3457,sketch/n02113799/sketch_16.JPEG,68,1.000000
3458,sketch/n02113799/sketch_17.JPEG,68,1.000000
3459,sketch/n02113799/sketch_18.JPEG,68,1.000000
3460,sketch/n02113799/sketch_19.JPEG,68,1.000000
3461,sketch/n02113799/sketch_2.JPEG,68,1.000000
3462,sketch/n02113799/sketch_20.JPEG,68,1.000000
3463,sketch/n02113799/sketch_21.JPEG,68,1.000000
3464,sketch/n02113799/sketch_22.JPEG,68,1.000000
3465,sketch/n02113799/sketch_23.JPEG,68,1.000000
3466,sketch/n02113799/sketch_24.JPEG,68,1.000000
3467,sketch/n02113799/sketch_25.JPEG,68,1.000000
3468,sketch/n02113799/sketch_26.JPEG,68,1.000000
3469,sketch/n02113799/sketch_27.JPEG,68,1.000000
3470,sketch/n02113799/sketch_28.JPEG,68,1.000000
3471,sketch/n02113799/sketch_29.JPEG,68,1.000000
3472,sketch/n02113799/sketch_3.JPEG,68,1.000000
3473,sketch/n02113799/sketch_30.JPEG,68,1.000000
3474,sketch/n02113799/sketch_31.JPEG,68,1.000000
3475,sketch/n02113799/sketch_32.JPEG,68,1.000000
3476,sketch/n02113799/sketch_33.JPEG,68,1.000000
3477,sketch/n02113799/sketch_34.JPEG,68,1.000000
3478,sketch/n02113799/sketch_35.JPEG,68,1.000000
3479,sketch/n02113799/sketch_36.JPEG,68,1.000000
3480,sketch/n02113799/sketch_37.JPEG,68,1.000000
3481,sketch/n02113799/sketch_38.JPEG,68,1.000000
3482,sketch/n02113799/sketch_39.JPEG,68,1.000000
3483,sketch/n02113799/sketch_4.JPEG,68,1.000000
3484,sketch/n02113799/sketch_40.JPEG,68,1.000000
3485,sketch/n02113799/sketch_41.JPEG,68,1.000000
3486,sketch/n02113799/sketch_42.JPEG,68,1.000000
3487,sketch/n02113799/sketch_43.JPEG,68,1.000000
3488,sketch/n02113799/sketch_44.JPEG,68,1.000000
3489,sketch/n02113799/sketch_45.JPEG,68,1.000000
3490,sketch/n02113799/sketch_46.JPEG,68,1.000000
3491,sketch/n02113799/sketch_47.JPEG,68,1.000000
3492,sketch/n02113799/sketch_48.JPEG,68,1.000000
3493,sketch/n02113799/sketch_49.JPEG,68,1.000000
3494,sketch/n02113799/sketch_5.JPEG,68,1.000000
3495,sketch/n02113799/sketch_50.JPEG,68,1.000000
3496,sketch/n02113799/sketch_6.JPEG,68,1.000000
3497,sketch/n02113799/sketch_7.JPEG,68,1.000000
3498,sketch/n02113799/sketch_8.JPEG,68,1.000000
3499,sketch/n02113799/sketch_9.JPEG,68,1.000000
3500,sketch/n02114367/sketch_0.JPEG,69,1.000000
3501,sketch/n02114367/sketch_1.JPEG,69,1.000000
3502,sketch/n02114367/sketch_10.JPEG,69,1.000000
3503,sketch/n02114367/sketch_11.JPEG,69,1.000000
3504,sketch/n02114367/sketch_12.JPEG,69,1.000000
3505,sketch/n02114367/sketch_13.JPEG,69,1.000000
3506,sketch/n02114367/sketch_14.JPEG,69,1.000000
3507,sketch/n02114367/sketch_15.JPEG,69,1.000000
3508,sketch/n02114367/sketch_16.JPEG,69,1.000000
3509,sketch/n02114367/sketch_17.JPEG,69,1.000000
3510,sketch/n02114367/sketch_18.JPEG,69,1.000000
3511,sketch/n02114367/sketch_19.JPEG,69,1.000000
3512,sketch/n02114367/sketch_2.JPEG,69,1.000000
3513,sketch/n02114367/sketch_20.JPEG,69,1.000000
3514,sketch/n02114367/sketch_21.JPEG,69,1.000000
3515,sketch/n02114367/sketch_22.JPEG,69,1.000000
3516,sketch/n02114367/sketch_23.JPEG,69,1.000000
3517,sketch/n02114367/sketch_24.JPEG,69,1.000000
3518,sketch/n02114367/sketch_25.JPEG,69,1.000000
3519,sketch/n02114367/sketch_26.JPEG,69,1.000000
3520,sketch/n02114367/sketch_27.JPEG,69,1.000000
3521,sketch/n02114367/sketch_28.JPEG,69,1.000000
3522,sketch/n02114367/sketch_29.JPEG,69,1.000000
3523,sketch/n02114367/sketch_3.JPEG,69,1.000000
3524,sketch/n02114367/sketch_30.JPEG,69,1.000000
3525,sketch/n02114367/sketch_31.JPEG,69,1.000000
3526,sketch/n02114367/sketch_32.JPEG,69,1.000000
3527,sketch/n02114367/sketch_33.JPEG,69,1.000000
3528,sketch/n02114367/sketch_34.JPEG,69,1.000000
3529,sketch/n02114367/sketch_35.JPEG,69,1.000000
3530,sketch/n02114367/sketch_36.JPEG,69,1.000000
3531,sketch/n02114367/sketch_37.JPEG,69,1.000000
3532,sketch/n02114367/sketch_38.JPEG,69,1.000000
3533,sketch/n02114367/sketch_39.JPEG,69,1.000000
3534,sketch/n02114367/sketch_4.JPEG,69,1.000000
3535,sketch/n02114367/sketch_40.JPEG,69,1.000000
3536,sketch/n02114367/sketch_41.JPEG,69,1.000000
3537,sketch/n02114367/sketch_42.JPEG,69,1.000000
3538,sketch/n02114367/sketch_43.JPEG,69,1.000000
3539,sketch/n02114367/sketch_44.JPEG,69,1.000000
3540,sketch/n02114367/sketch_45.JPEG,69,1.000000
3541,sketch/n02114367/sketch_46.JPEG,69,1.000000
3542,sketch/n02114367/sketch_47.JPEG,69,1.000000
3543,sketch/n02114367/sketch_48.JPEG,69,1.000000
3544,sketch/n02114367/sketch_49.JPEG,69,1.000000
3545,sketch/n02114367/sketch_5.JPEG,69,1.000000
3546,sketch/n02114367/sketch_50.JPEG,69,1.000000
3547,sketch/n02114367/sketch_6.JPEG,69,1.000000
3548,sketch/n02114367/sketch_7.JPEG,69,1.000000
3549,sketch/n02114367/sketch_8.JPEG,69,1.000000
3550,sketch/n02114367/sketch_9.JPEG,69,1.000000
3551,sketch/n02117135/sketch_0.JPEG,70,1.000000
3552,sketch/n02117135/sketch_1.JPEG,70,1.000000
3553,sketch/n02117135/sketch_10.JPEG,70,1.000000
3554,sketch/n02117135/sketch_11.JPEG,70,1.000000
3555,sketch/n02117135/sketch_12.JPEG,70,1.000000
3556,sketch/n02117135/sketch_13.JPEG,70,1.000000
3557,sketch/n02117135/sketch_14.JPEG,70,1.000000
3558,sketch/n02117135/sketch_15.JPEG,70,1.000000
3559,sketch/n02117135/sketch_16.JPEG,70,1.000000
3560,sketch/n02117135/sketch_17.JPEG,70,1.000000
3561,sketch/n02117135/sketch_18.JPEG,70,1.000000
3562,sketch/n02117135/sketch_19.JPEG,70,1.000000
3563,sketch/n02117135/sketch_2.JPEG,70,1.000000
3564,sketch/n02117135/sketch_20.JPEG,70,1.000000
3565,sketch/n02117135/sketch_21.JPEG,70,1.000000
3566,sketch/n02117135/sketch_22.JPEG,70,1.000000
3567,sketch/n02117135/sketch_23.JPEG,70,1.000000
3568,sketch/n02117135/sketch_24.JPEG,70,1.000000
3569,sketch/n02117135/sketch_25.JPEG,70,1.000000
3570,sketch/n02117135/sketch_26.JPEG,70,1.000000
3571,sketch/n02117135/sketch_27.JPEG,70,1.000000
3572,sketch/n02117135/sketch_28.JPEG,70,1.000000
3573,sketch/n02117135/sketch_29.JPEG,70,1.000000
3574,sketch/n02117135/sketch_3.JPEG,70,1.000000
3575,sketch/n02117135/sketch_30.JPEG,70,1.000000
3576,sketch/n02117135/sketch_31.JPEG,70,1.000000
3577,sketch/n02117135/sketch_32.JPEG,70,1.000000
3578,sketch/n02117135/sketch_33.JPEG,70,1.000000
3579,sketch/n02117135/sketch_34.JPEG,70,1.000000
3580,sketch/n02117135/sketch_35.JPEG,70,1.000000
3581,sketch/n02117135/sketch_36.JPEG,70,1.000000
3582,sketch/n02117135/sketch_37.JPEG,70,1.000000
3583,sketch/n02117135/sketch_38.JPEG,70,1.000000
3584,sketch/n02117135/sketch_39.JPEG,70,0.999999
3585,sketch/n02117135/sketch_4.JPEG,70,1.000000
3586,sketch/n02117135/sketch_40.JPEG,70,1.000000
3587,sketch/n02117135/sketch_41.JPEG,70,1.000000
3588,sketch/n02117135/sketch_42.JPEG,70,1.000000
3589,sketch/n02117135/sketch_43.JPEG,70,1.000000
3590,sketch/n02117135/sketch_44.JPEG,70,1.000000
3591,sketch/n02117135/sketch_45.JPEG,70,1.000000
3592,sketch/n02117135/sketch_46.JPEG,70,1.000000
3593,sketch/n02117135/sketch_47.JPEG,70,1.000000
3594,sketch/n02117135/sketch_48.JPEG,70,1.000000
3595,sketch/n02117135/sketch_49.JPEG,70,1.000000
3596,sketch/n02117135/sketch_5.JPEG,70,1.000000
3597,sketch/n02117135/sketch_6.JPEG,70,1.000000
3598,sketch/n02117135/sketch_7.JPEG,70,1.000000
3599,sketch/n02117135/sketch_8.JPEG,70,1.000000
3600,sketch/n02117135/sketch_9.JPEG,70,1.000000
3601,sketch/n02119022/sketch_0.JPEG,71,1.000000
3602,sketch/n02119022/sketch_1.JPEG,71,1.000000
3603,sketch/n02119022/sketch_10.JPEG,71,1.000000
3604,sketch/n02119022/sketch_11.JPEG,71,1.000000
3605,sketch/n02119022/sketch_12.JPEG,71,1.000000
3606,sketch/n02119022/sketch_13.JPEG,71,1.000000
3607,sketch/n02119022/sketch_14.JPEG,71,1.000000
3608,sketch/n02119022/sketch_15.JPEG,71,1.000000
3609,sketch/n02119022/sketch_16.JPEG,71,1.000000
3610,sketch/n02119022/sketch_17.JPEG,71,1.000000
3611,sketch/n02119022/sketch_18.JPEG,71,1.000000
3612,sketch/n02119022/sketch_19.JPEG,71,1.000000
3613,sketch/n02119022/sketch_2.JPEG,71,1.000000
3614,sketch/n02119022/sketch_20.JPEG,71,1.000000
3615,sketch/n02119022/sketch_21.JPEG,71,1.000000
3616,sketch/n02119022/sketch_22.JPEG,71,1.000000
3617,sketch/n02119022/sketch_23.JPEG,71,1.000000
3618,sketch/n02119022/sketch_24.JPEG,71,1.000000
3619,sketch/n02119022/sketch_25.JPEG,71,1.000000
3620,sketch/n02119022/sketch_26.JPEG,71,1.000000
3621,sketch/n02119022/sketch_27.JPEG,71,1.000000
3622,sketch/n02119022/sketch_28.JPEG,71,1.000000
3623,sketch/n02119022/sketch_29.JPEG,71,1.000000
3624,sketch/n02119022/sketch_3.JPEG,71,1.000000
3625,sketch/n02119022/sketch_30.JPEG,71,1.000000
3626,sketch/n02119022/sketch_31.JPEG,71,1.000000
3627,sketch/n02119022/sketch_32.JPEG,71,1.000000
3628,sketch/n02119022/sketch_33.JPEG,71,1.000000
3629,sketch/n02119022/sketch_34.JPEG,71,1.000000
3630,sketch/n02119022/sketch_35.JPEG,71,1.000000
3631,sketch/n02119022/sketch_36.JPEG,71,1.000000
3632,sketch/n02119022/sketch_37.JPEG,71,1.000000
3633,sketch/n02119022/sketch_38.JPEG,71,1.000000
3634,sketch/n02119022/sketch_39.JPEG,71,1.000000
3635,sketch/n02119022/sketch_4.JPEG,71,1.000000
3636,sketch/n02119022/sketch_40.JPEG,71,1.000000
3637,sketch/n02119022/sketch_41.JPEG,71,1.000000
3638,sketch/n02119022/sketch_42.JPEG,71,1.000000
3639,sketch/n02119022/sketch_43.JPEG,71,1.000000
3640,sketch/n02119022/sketch_44.JPEG,71,1.000000
3641,sketch/n02119022/sketch_45.JPEG,71,1.000000
3642,sketch/n02119022/sketch_46.JPEG,71,1.000000
3643,sketch/n02119022/sketch_47.JPEG,71,1.000000
3644,sketch/n02119022/sketch_48.JPEG,71,1.000000
3645,sketch/n02119022/sketch_49.JPEG,71,1.000000
3646,sketch/n02119022/sketch_5.JPEG,71,1.000000
3647,sketch/n02119022/sketch_50.JPEG,71,1.000000
3648,sketch/n02119022/sketch_6.JPEG,71,1.000000
3649,sketch/n02119022/sketch_7.JPEG,71,1.000000
3650,sketch/n02119022/sketch_8.JPEG,71,1.000000
3651,sketch/n02119022/sketch_9.JPEG,71,1.000000
3652,sketch/n02123045/sketch_0.JPEG,72,1.000000
3653,sketch/n02123045/sketch_1.JPEG,72,1.000000
3654,sketch/n02123045/sketch_10.JPEG,72,1.000000
3655,sketch/n02123045/sketch_11.JPEG,72,1.000000
3656,sketch/n02123045/sketch_12.JPEG,72,1.000000
3657,sketch/n02123045/sketch_13.JPEG,72,1.000000
3658,sketch/n02123045/sketch_14.JPEG,72,1.000000
3659,sketch/n02123045/sketch_15.JPEG,72,1.000000
3660,sketch/n02123045/sketch_16.JPEG,72,1.000000
3661,sketch/n02123045/sketch_17.JPEG,72,1.000000
3662,sketch/n02123045/sketch_18.JPEG,72,1.000000
3663,sketch/n02123045/sketch_19.JPEG,72,1.000000
3664,sketch/n02123045/sketch_2.JPEG,72,1.000000
3665,sketch/n02123045/sketch_20.JPEG,72,1.000000
3666,sketch/n02123045/sketch_21.JPEG,72,1.000000
3667,sketch/n02123045/sketch_22.JPEG,72,1.000000
3668,sketch/n02123045/sketch_23.JPEG,72,1.000000
3669,sketch/n02123045/sketch_24.JPEG,72,1.000000
3670,sketch/n02123045/sketch_25.JPEG,72,1.000000
3671,sketch/n02123045/sketch_26.JPEG,72,1.000000
3672,sketch/n02123045/sketch_27.JPEG,72,1.000000
3673,sketch/n02123045/sketch_28.JPEG,72,1.000000
3674,sketch/n02123045/sketch_29.JPEG,72,1.000000
3675,sketch/n02123045/sketch_3.JPEG,72,1.000000
3676,sketch/n02123045/sketch_30.JPEG,72,1.000000
3677,sketch/n02123045/sketch_31.JPEG,72,1.000000
3678,sketch/n02123045/sketch_32.JPEG,72,1.000000
3679,sketch/n02123045/sketch_33.JPEG,72,1.000000
3680,sketch/n02123045/sketch_34.JPEG,72,1.000000
3681,sketch/n02123045/sketch_35.JPEG,72,1.000000
3682,sketch/n02123045/sketch_36.JPEG,72,1.000000
3683,sketch/n02123045/sketch_37.JPEG,72,1.000000
3684,sketch/n02123045/sketch_38.JPEG,72,1.000000
3685,sketch/n02123045/sketch_39.JPEG,72,1.000000
3686,sketch/n02123045/sketch_4.JPEG,72,1.000000
3687,sketch/n02123045/sketch_40.JPEG,72,1.000000
3688,sketch/n02123045/sketch_41.JPEG,72,1.000000
3689,sketch/n02123045/sketch_42.JPEG,72,1.000000
3690,sketch/n02123045/sketch_43.JPEG,72,1.000000
3691,sketch/n02123045/sketch_44.JPEG,72,1.000000
3692,sketch/n02123045/sketch_45.JPEG,72,1.000000
3693,sketch/n02123045/sketch_46.JPEG,72,1.000000
3694,sketch/n02123045/sketch_47.JPEG,72,1.000000
3695,sketch/n02123045/sketch_48.JPEG,72,1.000000
3696,sketch/n02123045/sketch_49.JPEG,72,1.000000
3697,sketch/n02123045/sketch_5.JPEG,72,1.000000
3698,sketch/n02123045/sketch_6.JPEG,72,1.000000
3699,sketch/n02123045/sketch_7.JPEG,72,1.000000
3700,sketch/n02123045/sketch_8.JPEG,72,1.000000
3701,sketch/n02123045/sketch_9.JPEG,72,1.000000
3702,sketch/n02128385/sketch_0.JPEG,73,1.000000
3703,sketch/n02128385/sketch_1.JPEG,73,1.000000
3704,sketch/n02128385/sketch_10.JPEG,73,1.000000
3705,sketch/n02128385/sketch_11.JPEG,73,1.000000
3706,sketch/n02128385/sketch_12.JPEG,73,1.000000
3707,sketch/n02128385/sketch_13.JPEG,73,1.000000
3708,sketch/n02128385/sketch_14.JPEG,73,1.000000
3709,sketch/n02128385/sketch_15.JPEG,73,1.000000
3710,sketch/n02128385/sketch_16.JPEG,73,1.000000
3711,sketch/n02128385/sketch_17.JPEG,73,1.000000
3712,sketch/n02128385/sketch_18.JPEG,73,1.000000
3713,sketch/n02128385/sketch_19.JPEG,73,1.000000
3714,sketch/n02128385/sketch_2.JPEG,73,1.000000
3715,sketch/n02128385/sketch_20.JPEG,73,1.000000
3716,sketch/n02128385/sketch_21.JPEG,73,1.000000
3717,sketch/n02128385/sketch_22.JPEG,73,1.000000
3718,sketch/n02128385/sketch_23.JPEG,73,1.000000
3719,sketch/n02128385/sketch_24.JPEG,73,1.000000
3720,sketch/n02128385/sketch_25.JPEG,73,1.000000
3721,sketch/n02128385/sketch_26.JPEG,73,1.000000
3722,sketch/n02128385/sketch_27.JPEG,73,1.000000
3723,sketch/n02128385/sketch_28.JPEG,73,1.000000
3724,sketch/n02128385/sketch_29.JPEG,73,1.000000
3725,sketch/n02128385/sketch_3.JPEG,73,1.000000
3726,sketch/n02128385/sketch_30.JPEG,73,1.000000
3727,sketch/n02128385/sketch_31.JPEG,73,1.000000
3728,sketch/n02128385/sketch_32.JPEG,73,1.000000
3729,sketch/n02128385/sketch_33.JPEG,73,1.000000
3730,sketch/n02128385/sketch_34.JPEG,73,1.000000
3731,sketch/n02128385/sketch_35.JPEG,73,1.000000
3732,sketch/n02128385/sketch_36.JPEG,73,1.000000
3733,sketch/n02128385/sketch_37.JPEG,73,1.000000
3734,sketch/n02128385/sketch_38.JPEG,73,1.000000
3735,sketch/n02128385/sketch_39.JPEG,73,1.000000
3736,sketch/n02128385/sketch_4.JPEG,73,1.000000
3737,sketch/n02128385/sketch_40.JPEG,73,1.000000
3738,sketch/n02128385/sketch_41.JPEG,73,1.000000
3739,sketch/n02128385/sketch_42.JPEG,73,1.000000
3740,sketch/n02128385/sketch_43.JPEG,73,1.000000
3741,sketch/n02128385/sketch_44.JPEG,73,1.000000
3742,sketch/n02128385/sketch_45.JPEG,73,1.000000
3743,sketch/n02128385/sketch_46.JPEG,73,1.000000
3744,sketch/n02128385/sketch_47.JPEG,73,1.000000
3745,sketch/n02128385/sketch_48.JPEG,73,1.000000
3746,sketch/n02128385/sketch_49.JPEG,73,1.000000
3747,sketch/n02128385/sketch_5.JPEG,73,1.000000
3748,sketch/n02128385/sketch_6.JPEG,73,1.000000
3749,sketch/n02128385/sketch_7.JPEG,73,1.000000
3750,sketch/n02128385/sketch_8.JPEG,73,1.000000
3751,sketch/n02128385/sketch_9.JPEG,73,1.000000
3752,sketch/n02128757/sketch_0.JPEG,74,1.000000
3753,sketch/n02128757/sketch_1.JPEG,74,1.000000
3754,sketch/n02128757/sketch_10.JPEG,74,1.000000
3755,sketch/n02128757/sketch_11.JPEG,74,1.000000
3756,sketch/n02128757/sketch_12.JPEG,74,1.000000
3757,sketch/n02128757/sketch_13.JPEG,74,1.000000
3758,sketch/n02128757/sketch_14.JPEG,74,1.000000
3759,sketch/n02128757/sketch_15.JPEG,74,1.000000
3760,sketch/n02128757/sketch_16.JPEG,74,1.000000
3761,sketch/n02128757/sketch_17.JPEG,74,1.000000
3762,sketch/n02128757/sketch_18.JPEG,74,1.000000
3763,sketch/n02128757/sketch_19.JPEG,74,1.000000
3764,sketch/n02128757/sketch_2.JPEG,74,1.000000
3765,sketch/n02128757/sketch_20.JPEG,74,1.000000
3766,sketch/n02128757/sketch_21.JPEG,74,1.000000
3767,sketch/n02128757/sketch_22.JPEG,74,1.000000
3768,sketch/n02128757/sketch_23.JPEG,74,1.000000
3769,sketch/n02128757/sketch_24.JPEG,74,1.000000
3770,sketch/n02128757/sketch_25.JPEG,74,1.000000
3771,sketch/n02128757/sketch_26.JPEG,74,1.000000
3772,sketch/n02128757/sketch_27.JPEG,74,1.000000
3773,sketch/n02128757/sketch_28.JPEG,74,1.000000
3774,sketch/n02128757/sketch_29.JPEG,74,1.000000
3775,sketch/n02128757/sketch_3.JPEG,74,1.000000
3776,sketch/n02128757/sketch_30.JPEG,74,1.000000
3777,sketch/n02128757/sketch_31.JPEG,74,1.000000
3778,sketch/n02128757/sketch_32.JPEG,74,1.000000
3779,sketch/n02128757/sketch_33.JPEG,74,1.000000
3780,sketch/n02128757/sketch_34.JPEG,74,1.000000
3781,sketch/n02128757/sketch_35.JPEG,74,1.000000
3782,sketch/n02128757/sketch_36.JPEG,74,1.000000
3783,sketch/n02128757/sketch_37.JPEG,74,1.000000
3784,sketch/n02128757/sketch_38.JPEG,74,1.000000
3785,sketch/n02128757/sketch_39.JPEG,74,1.000000
3786,sketch/n02128757/sketch_4.JPEG,74,1.000000
3787,sketch/n02128757/sketch_40.JPEG,74,1.000000
3788,sketch/n02128757/sketch_41.JPEG,74,1.000000
3789,sketch/n02128757/sketch_42.JPEG,74,1.000000
3790,sketch/n02128757/sketch_43.JPEG,74,1.000000
3791,sketch/n02128757/sketch_44.JPEG,74,1.000000
3792,sketch/n02128757/sketch_45.JPEG,74,1.000000
3793,sketch/n02128757/sketch_46.JPEG,74,1.000000
3794,sketch/n02128757/sketch_47.JPEG,74,1.000000
3795,sketch/n02128757/sketch_48.JPEG,74,1.000000
3796,sketch/n02128757/sketch_49.JPEG,74,1.000000
3797,sketch/n02128757/sketch_5.JPEG,74,1.000000
3798,sketch/n02128757/sketch_6.JPEG,74,1.000000
3799,sketch/n02128757/sketch_7.JPEG,74,1.000000
3800,sketch/n02128757/sketch_8.JPEG,74,1.000000
3801,sketch/n02128757/sketch_9.JPEG,74,1.000000
3802,sketch/n02129165/sketch_0.JPEG,75,1.000000
3803,sketch/n02129165/sketch_1.JPEG,75,1.000000
3804,sketch/n02129165/sketch_10.JPEG,75,1.000000
3805,sketch/n02129165/sketch_11.JPEG,75,1.000000
3806,sketch/n02129165/sketch_12.JPEG,75,1.000000
3807,sketch/n02129165/sketch_13.JPEG,75,1.000000
3808,sketch/n02129165/sketch_14.JPEG,75,1.000001
3809,sketch/n02129165/sketch_15.JPEG,75,1.000000
3810,sketch/n02129165/sketch_16.JPEG,75,1.000000
3811,sketch/n02129165/sketch_17.JPEG,75,1.000000
3812,sketch/n02129165/sketch_18.JPEG,75,1.000000
3813,sketch/n02129165/sketch_19.JPEG,75,1.000000
3814,sketch/n02129165/sketch_2.JPEG,75,1.000000
3815,sketch/n02129165/sketch_20.JPEG,75,1.000000
3816,sketch/n02129165/sketch_21.JPEG,75,1.000000
3817,sketch/n02129165/sketch_22.JPEG,75,1.000000
3818,sketch/n02129165/sketch_23.JPEG,75,1.000000
3819,sketch/n02129165/sketch_24.JPEG,75,1.000000
3820,sketch/n02129165/sketch_25.JPEG,75,1.000000
3821,sketch/n02129165/sketch_26.JPEG,75,1.000000
3822,sketch/n02129165/sketch_27.JPEG,75,1.000000
3823,sketch/n02129165/sketch_28.JPEG,75,1.000000
3824,sketch/n02129165/sketch_29.JPEG,75,1.000000
3825,sketch/n02129165/sketch_3.JPEG,75,1.000000
3826,sketch/n02129165/sketch_30.JPEG,75,1.000000
3827,sketch/n02129165/sketch_31.JPEG,75,1.000000
3828,sketch/n02129165/sketch_32.JPEG,75,1.000000
3829,sketch/n02129165/sketch_33.JPEG,75,1.000000
3830,sketch/n02129165/sketch_34.JPEG,75,1.000000
3831,sketch/n02129165/sketch_35.JPEG,75,1.000000
3832,sketch/n02129165/sketch_36.JPEG,75,1.000000
3833,sketch/n02129165/sketch_37.JPEG,75,1.000000
3834,sketch/n02129165/sketch_38.JPEG,75,1.000000
3835,sketch/n02129165/sketch_39.JPEG,75,1.000000
3836,sketch/n02129165/sketch_4.JPEG,75,1.000000
3837,sketch/n02129165/sketch_40.JPEG,75,1.000000
3838,sketch/n02129165/sketch_41.JPEG,75,1.000000
3839,sketch/n02129165/sketch_42.JPEG,75,1.000000
3840,sketch/n02129165/sketch_43.JPEG,75,1.000000
3841,sketch/n02129165/sketch_44.JPEG,75,1.000000
3842,sketch/n02129165/sketch_45.JPEG,75,1.000000
3843,sketch/n02129165/sketch_46.JPEG,75,1.000000
3844,sketch/n02129165/sketch_47.JPEG,75,1.000000
3845,sketch/n02129165/sketch_48.JPEG,75,1.000000
3846,sketch/n02129165/sketch_49.JPEG,75,1.000000
3847,sketch/n02129165/sketch_5.JPEG,75,1.000000
3848,sketch/n02129165/sketch_50.JPEG,75,1.000000
3849,sketch/n02129165/sketch_6.JPEG,75,1.000000
3850,sketch/n02129165/sketch_7.JPEG,75,1.000000
3851,sketch/n02129165/sketch_8.JPEG,75,1.000000
3852,sketch/n02129165/sketch_9.JPEG,75,1.000000
3853,sketch/n02129604/sketch_0.JPEG,76,1.000000
3854,sketch/n02129604/sketch_1.JPEG,76,1.000000
3855,sketch/n02129604/sketch_10.JPEG,76,1.000000
3856,sketch/n02129604/sketch_11.JPEG,76,1.000000
3857,sketch/n02129604/sketch_12.JPEG,76,1.000000
3858,sketch/n02129604/sketch_13.JPEG,76,1.000000
3859,sketch/n02129604/sketch_14.JPEG,76,1.000000
3860,sketch/n02129604/sketch_15.JPEG,76,1.000000
3861,sketch/n02129604/sketch_16.JPEG,76,1.000000
3862,sketch/n02129604/sketch_17.JPEG,76,1.000000
3863,sketch/n02129604/sketch_18.JPEG,76,1.000001
3864,sketch/n02129604/sketch_19.JPEG,76,1.000000
3865,sketch/n02129604/sketch_2.JPEG,76,1.000000
3866,sketch/n02129604/sketch_20.JPEG,76,1.000000
3867,sketch/n02129604/sketch_21.JPEG,76,1.000000
3868,sketch/n02129604/sketch_22.JPEG,76,1.000000
3869,sketch/n02129604/sketch_23.JPEG,76,1.000000
3870,sketch/n02129604/sketch_24.JPEG,76,1.000000
3871,sketch/n02129604/sketch_25.JPEG,76,1.000000
3872,sketch/n02129604/sketch_26.JPEG,76,1.000000
3873,sketch/n02129604/sketch_27.JPEG,76,1.000000
3874,sketch/n02129604/sketch_28.JPEG,76,1.000000
3875,sketch/n02129604/sketch_29.JPEG,76,1.000000
3876,sketch/n02129604/sketch_3.JPEG,76,1.000000
3877,sketch/n02129604/sketch_30.JPEG,76,1.000000
3878,sketch/n02129604/sketch_31.JPEG,76,1.000000
3879,sketch/n02129604/sketch_32.JPEG,76,1.000000
3880,sketch/n02129604/sketch_33.JPEG,76,1.000000
3881,sketch/n02129604/sketch_34.JPEG,76,1.000000
3882,sketch/n02129604/sketch_35.JPEG,76,1.000000
3883,sketch/n02129604/sketch_36.JPEG,76,1.000000
3884,sketch/n02129604/sketch_37.JPEG,76,1.000000
3885,sketch/n02129604/sketch_38.JPEG,76,1.000000
3886,sketch/n02129604/sketch_39.JPEG,76,1.000000
3887,sketch/n02129604/sketch_4.JPEG,76,1.000000
3888,sketch/n02129604/sketch_40.JPEG,76,1.000000
3889,sketch/n02129604/sketch_41.JPEG,76,1.000000
3890,sketch/n02129604/sketch_42.JPEG,76,1.000000
3891,sketch/n02129604/sketch_43.JPEG,76,1.000000
3892,sketch/n02129604/sketch_44.JPEG,76,1.000000
3893,sketch/n02129604/sketch_45.JPEG,76,1.000000
3894,sketch/n02129604/sketch_46.JPEG,76,1.000000
3895,sketch/n02129604/sketch_47.JPEG,76,1.000000
3896,sketch/n02129604/sketch_48.JPEG,76,1.000000
3897,sketch/n02129604/sketch_49.JPEG,76,1.000000
3898,sketch/n02129604/sketch_5.JPEG,76,1.000000
3899,sketch/n02129604/sketch_6.JPEG,76,1.000000
3900,sketch/n02129604/sketch_7.JPEG,76,1.000000
3901,sketch/n02129604/sketch_8.JPEG,76,1.000000
3902,sketch/n02129604/sketch_9.JPEG,76,1.000000
3903,sketch/n02130308/sketch_0.JPEG,77,1.000000
3904,sketch/n02130308/sketch_1.JPEG,77,1.000000
3905,sketch/n02130308/sketch_10.JPEG,77,1.000000
3906,sketch/n02130308/sketch_11.JPEG,77,1.000000
3907,sketch/n02130308/sketch_12.JPEG,77,1.000000
3908,sketch/n02130308/sketch_13.JPEG,77,1.000000
3909,sketch/n02130308/sketch_14.JPEG,77,1.000000
3910,sketch/n02130308/sketch_15.JPEG,77,1.000000
3911,sketch/n02130308/sketch_16.JPEG,77,1.000000
3912,sketch/n02130308/sketch_17.JPEG,77,1.000000
3913,sketch/n02130308/sketch_18.JPEG,77,1.000000
3914,sketch/n02130308/sketch_19.JPEG,77,1.000000
3915,sketch/n02130308/sketch_2.JPEG,77,1.000000
3916,sketch/n02130308/sketch_20.JPEG,77,1.000000
3917,sketch/n02130308/sketch_21.JPEG,77,1.000001
3918,sketch/n02130308/sketch_22.JPEG,77,1.000000
3919,sketch/n02130308/sketch_23.JPEG,77,1.000000
3920,sketch/n02130308/sketch_24.JPEG,77,1.000000
3921,sketch/n02130308/sketch_25.JPEG,77,1.000000
3922,sketch/n02130308/sketch_26.JPEG,77,1.000000
3923,sketch/n02130308/sketch_27.JPEG,77,1.000000
3924,sketch/n02130308/sketch_28.JPEG,77,1.000000
3925,sketch/n02130308/sketch_29.JPEG,77,1.000000
3926,sketch/n02130308/sketch_3.JPEG,77,1.000000
3927,sketch/n02130308/sketch_30.JPEG,77,1.000000
3928,sketch/n02130308/sketch_31.JPEG,77,1.000000
3929,sketch/n02130308/sketch_32.JPEG,77,1.000000
3930,sketch/n02130308/sketch_33.JPEG,77,1.000000
3931,sketch/n02130308/sketch_34.JPEG,77,1.000000
3932,sketch/n02130308/sketch_35.JPEG,77,1.000000
3933,sketch/n02130308/sketch_36.JPEG,77,1.000000
3934,sketch/n02130308/sketch_37.JPEG,77,1.000000
3935,sketch/n02130308/sketch_38.JPEG,77,1.000000
3936,sketch/n02130308/sketch_39.JPEG,77,1.000000
3937,sketch/n02130308/sketch_4.JPEG,77,1.000000
3938,sketch/n02130308/sketch_40.JPEG,77,1.000000
3939,sketch/n02130308/sketch_41.JPEG,77,1.000000
3940,sketch/n02130308/sketch_42.JPEG,77,1.000000
3941,sketch/n02130308/sketch_43.JPEG,77,1.000000
3942,sketch/n02130308/sketch_44.JPEG,77,1.000000
3943,sketch/n02130308/sketch_45.JPEG,77,1.000000
3944,sketch/n02130308/sketch_46.JPEG,77,1.000000
3945,sketch/n02130308/sketch_47.JPEG,77,1.000000
3946,sketch/n02130308/sketch_48.JPEG,77,1.000000
3947,sketch/n02130308/sketch_49.JPEG,77,1.000000
3948,sketch/n02130308/sketch_5.JPEG,77,1.000000
3949,sketch/n02130308/sketch_6.JPEG,77,1.000000
3950,sketch/n02130308/sketch_7.JPEG,77,1.000000
3951,sketch/n02130308/sketch_8.JPEG,77,1.000000
3952,sketch/n02130308/sketch_9.JPEG,77,1.000000
3953,sketch/n02134084/sketch_0.JPEG,78,1.000000
3954,sketch/n02134084/sketch_1.JPEG,78,1.000000
3955,sketch/n02134084/sketch_10.JPEG,78,1.000000
3956,sketch/n02134084/sketch_11.JPEG,78,1.000000
3957,sketch/n02134084/sketch_12.JPEG,78,1.000000
3958,sketch/n02134084/sketch_13.JPEG,78,1.000000
3959,sketch/n02134084/sketch_14.JPEG,78,1.000000
3960,sketch/n02134084/sketch_15.JPEG,78,1.000000
3961,sketch/n02134084/sketch_16.JPEG,78,1.000000
3962,sketch/n02134084/sketch_17.JPEG,78,1.000000
3963,sketch/n02134084/sketch_18.JPEG,78,1.000000
3964,sketch/n02134084/sketch_19.JPEG,78,1.000000
3965,sketch/n02134084/sketch_2.JPEG,78,1.000000
3966,sketch/n02134084/sketch_20.JPEG,78,1.000000
3967,sketch/n02134084/sketch_21.JPEG,78,1.000000
3968,sketch/n02134084/sketch_22.JPEG,78,1.000000
3969,sketch/n02134084/sketch_23.JPEG,78,1.000000
3970,sketch/n02134084/sketch_24.JPEG,78,1.000000
3971,sketch/n02134084/sketch_25.JPEG,78,1.000000
3972,sketch/n02134084/sketch_26.JPEG,78,1.000000
3973,sketch/n02134084/sketch_27.JPEG,78,1.000000
3974,sketch/n02134084/sketch_28.JPEG,78,1.000000
3975,sketch/n02134084/sketch_29.JPEG,78,1.000000
3976,sketch/n02134084/sketch_3.JPEG,78,1.000000
3977,sketch/n02134084/sketch_30.JPEG,78,1.000000
3978,sketch/n02134084/sketch_31.JPEG,78,1.000000
3979,sketch/n02134084/sketch_32.JPEG,78,1.000000
3980,sketch/n02134084/sketch_33.JPEG,78,1.000000
3981,sketch/n02134084/sketch_34.JPEG,78,1.000000
3982,sketch/n02134084/sketch_35.JPEG,78,1.000000
3983,sketch/n02134084/sketch_36.JPEG,78,1.000000
3984,sketch/n02134084/sketch_37.JPEG,78,1.000000
3985,sketch/n02134084/sketch_38.JPEG,78,1.000000
3986,sketch/n02134084/sketch_39.JPEG,78,1.000000
3987,sketch/n02134084/sketch_4.JPEG,78,1.000000
3988,sketch/n02134084/sketch_40.JPEG,78,1.000000
3989,sketch/n02134084/sketch_41.JPEG,78,1.000000
3990,sketch/n02134084/sketch_42.JPEG,78,1.000000
3991,sketch/n02134084/sketch_43.JPEG,78,1.000000
3992,sketch/n02134084/sketch_44.JPEG,78,1.000000
3993,sketch/n02134084/sketch_45.JPEG,78,1.000000
3994,sketch/n02134084/sketch_46.JPEG,78,1.000000
3995,sketch/n02134084/sketch_47.JPEG,78,1.000000
3996,sketch/n02134084/sketch_48.JPEG,78,1.000000
3997,sketch/n02134084/sketch_49.JPEG,78,1.000000
3998,sketch/n02134084/sketch_5.JPEG,78,1.000000
3999,sketch/n02134084/sketch_50.JPEG,78,1.000000
4000,sketch/n02134084/sketch_6.JPEG,78,1.000000
4001,sketch/n02134084/sketch_7.JPEG,78,1.000000
4002,sketch/n02134084/sketch_8.JPEG,78,1.000000
4003,sketch/n02134084/sketch_9.JPEG,78,1.000000
4004,sketch/n02138441/sketch_0.JPEG,79,1.000000
4005,sketch/n02138441/sketch_1.JPEG,79,1.000000
4006,sketch/n02138441/sketch_10.JPEG,79,1.000000
4007,sketch/n02138441/sketch_11.JPEG,79,1.000000
4008,sketch/n02138441/sketch_12.JPEG,79,1.000000
4009,sketch/n02138441/sketch_13.JPEG,79,0.999999
4010,sketch/n02138441/sketch_14.JPEG,79,1.000000
4011,sketch/n02138441/sketch_15.JPEG,79,1.000000
4012,sketch/n02138441/sketch_16.JPEG,79,1.000000
4013,sketch/n02138441/sketch_17.JPEG,79,1.000000
4014,sketch/n02138441/sketch_18.JPEG,79,1.000000
4015,sketch/n02138441/sketch_19.JPEG,79,1.000000
4016,sketch/n02138441/sketch_2.JPEG,79,1.000000
4017,sketch/n02138441/sketch_20.JPEG,79,1.000000
4018,sketch/n02138441/sketch_21.JPEG,79,1.000000
4019,sketch/n02138441/sketch_22.JPEG,79,1.000000
4020,sketch/n02138441/sketch_23.JPEG,79,1.000000
4021,sketch/n02138441/sketch_24.JPEG,79,1.000000
4022,sketch/n02138441/sketch_25.JPEG,79,1.000000
4023,sketch/n02138441/sketch_26.JPEG,79,1.000000
4024,sketch/n02138441/sketch_27.JPEG,79,1.000000
4025,sketch/n02138441/sketch_28.JPEG,79,1.000000
4026,sketch/n02138441/sketch_29.JPEG,79,1.000000
4027,sketch/n02138441/sketch_3.JPEG,79,1.000000
4028,sketch/n02138441/sketch_30.JPEG,79,1.000000
4029,sketch/n02138441/sketch_31.JPEG,79,1.000000
4030,sketch/n02138441/sketch_32.JPEG,79,1.000000
4031,sketch/n02138441/sketch_33.JPEG,79,1.000000
4032,sketch/n02138441/sketch_34.JPEG,79,1.000000
4033,sketch/n02138441/sketch_35.JPEG,79,1.000000
4034,sketch/n02138441/sketch_36.JPEG,79,1.000000
4035,sketch/n02138441/sketch_37.JPEG,79,1.000000
4036,sketch/n02138441/sketch_38.JPEG,79,1.000000
4037,sketch/n02138441/sketch_39.JPEG,79,1.000000
4038,sketch/n02138441/sketch_4.JPEG,79,1.000000
4039,sketch/n02138441/sketch_40.JPEG,79,1.000000
4040,sketch/n02138441/sketch_41.JPEG,79,1.000000
4041,sketch/n02138441/sketch_42.JPEG,79,1.000000
4042,sketch/n02138441/sketch_43.JPEG,79,1.000000
4043,sketch/n02138441/sketch_44.JPEG,79,1.000000
4044,sketch/n02138441/sketch_45.JPEG,79,1.000000
4045,sketch/n02138441/sketch_46.JPEG,79,1.000000
4046,sketch/n02138441/sketch_47.JPEG,79,1.000000
4047,sketch/n02138441/sketch_48.JPEG,79,1.000000
4048,sketch/n02138441/sketch_49.JPEG,79,1.000000
4049,sketch/n02138441/sketch_5.JPEG,79,1.000000
4050,sketch/n02138441/sketch_6.JPEG,79,1.000001
4051,sketch/n02138441/sketch_7.JPEG,79,1.000000
4052,sketch/n02138441/sketch_8.JPEG,79,1.000000
4053,sketch/n02138441/sketch_9.JPEG,79,1.000000
4054,sketch/n02165456/sketch_0.JPEG,80,1.000000
4055,sketch/n02165456/sketch_1.JPEG,80,1.000000
4056,sketch/n02165456/sketch_10.JPEG,80,1.000000
4057,sketch/n02165456/sketch_11.JPEG,80,1.000000
4058,sketch/n02165456/sketch_12.JPEG,80,1.000000
4059,sketch/n02165456/sketch_13.JPEG,80,1.000000
4060,sketch/n02165456/sketch_14.JPEG,80,1.000000
4061,sketch/n02165456/sketch_15.JPEG,80,1.000000
4062,sketch/n02165456/sketch_16.JPEG,80,1.000000
4063,sketch/n02165456/sketch_17.JPEG,80,1.000000
4064,sketch/n02165456/sketch_18.JPEG,80,1.000000
4065,sketch/n02165456/sketch_19.JPEG,80,1.000000
4066,sketch/n02165456/sketch_2.JPEG,80,1.000000
4067,sketch/n02165456/sketch_20.JPEG,80,1.000000
4068,sketch/n02165456/sketch_21.JPEG,80,1.000000
4069,sketch/n02165456/sketch_22.JPEG,80,1.000000
4070,sketch/n02165456/sketch_23.JPEG,80,1.000000
4071,sketch/n02165456/sketch_24.JPEG,80,1.000000
4072,sketch/n02165456/sketch_25.JPEG,80,1.000000
4073,sketch/n02165456/sketch_26.JPEG,80,1.000000
4074,sketch/n02165456/sketch_27.JPEG,80,1.000000
4075,sketch/n02165456/sketch_28.JPEG,80,1.000000
4076,sketch/n02165456/sketch_29.JPEG,80,1.000000
4077,sketch/n02165456/sketch_3.JPEG,80,1.000000
4078,sketch/n02165456/sketch_30.JPEG,80,1.000000
4079,sketch/n02165456/sketch_31.JPEG,80,1.000000
4080,sketch/n02165456/sketch_32.JPEG,80,1.000000
4081,sketch/n02165456/sketch_33.JPEG,80,1.000000
4082,sketch/n02165456/sketch_34.JPEG,80,1.000000
4083,sketch/n02165456/sketch_35.JPEG,80,1.000000
4084,sketch/n02165456/sketch_36.JPEG,80,1.000000
4085,sketch/n02165456/sketch_37.JPEG,80,1.000000
4086,sketch/n02165456/sketch_38.JPEG,80,1.000000
4087,sketch/n02165456/sketch_39.JPEG,80,1.000000
4088,sketch/n02165456/sketch_4.JPEG,80,1.000000
4089,sketch/n02165456/sketch_40.JPEG,80,1.000000
4090,sketch/n02165456/sketch_41.JPEG,80,1.000000
4091,sketch/n02165456/sketch_42.JPEG,80,1.000000
4092,sketch/n02165456/sketch_43.JPEG,80,1.000000
4093,sketch/n02165456/sketch_44.JPEG,80,1.000000
4094,sketch/n02165456/sketch_45.JPEG,80,1.000000
4095,sketch/n02165456/sketch_46.JPEG,80,1.000000
4096,sketch/n02165456/sketch_47.JPEG,80,1.000000
4097,sketch/n02165456/sketch_48.JPEG,80,1.000000
4098,sketch/n02165456/sketch_49.JPEG,80,1.000000
4099,sketch/n02165456/sketch_5.JPEG,80,1.000000
4100,sketch/n02165456/sketch_50.JPEG,80,1.000000
4101,sketch/n02165456/sketch_6.JPEG,80,1.000000
4102,sketch/n02165456/sketch_7.JPEG,80,1.000000
4103,sketch/n02165456/sketch_8.JPEG,80,1.000000
4104,sketch/n02165456/sketch_9.JPEG,80,1.000000
4105,sketch/n02190166/sketch_0.JPEG,81,1.000000
4106,sketch/n02190166/sketch_1.JPEG,81,1.000000
4107,sketch/n02190166/sketch_10.JPEG,81,1.000000
4108,sketch/n02190166/sketch_11.JPEG,81,1.000000
4109,sketch/n02190166/sketch_12.JPEG,81,1.000000
4110,sketch/n02190166/sketch_13.JPEG,81,1.000000
4111,sketch/n02190166/sketch_14.JPEG,81,1.000000
4112,sketch/n02190166/sketch_15.JPEG,81,1.000000
4113,sketch/n02190166/sketch_16.JPEG,81,1.000000
4114,sketch/n02190166/sketch_17.JPEG,81,1.000000
4115,sketch/n02190166/sketch_18.JPEG,81,1.000000
4116,sketch/n02190166/sketch_19.JPEG,81,1.000000
4117,sketch/n02190166/sketch_2.JPEG,81,1.000000
4118,sketch/n02190166/sketch_20.JPEG,81,1.000000
4119,sketch/n02190166/sketch_21.JPEG,81,1.000000
4120,sketch/n02190166/sketch_22.JPEG,81,1.000000
4121,sketch/n02190166/sketch_23.JPEG,81,1.000000
4122,sketch/n02190166/sketch_24.JPEG,81,1.000000
4123,sketch/n02190166/sketch_25.JPEG,81,1.000000
4124,sketch/n02190166/sketch_26.JPEG,81,1.000000
4125,sketch/n02190166/sketch_27.JPEG,81,1.000000
4126,sketch/n02190166/sketch_28.JPEG,81,1.000000
4127,sketch/n02190166/sketch_29.JPEG,81,1.000000
4128,sketch/n02190166/sketch_3.JPEG,81,1.000000
4129,sketch/n02190166/sketch_30.JPEG,81,1.000000
4130,sketch/n02190166/sketch_31.JPEG,81,1.000000
4131,sketch/n02190166/sketch_32.JPEG,81,1.000000
4132,sketch/n02190166/sketch_33.JPEG,81,1.000000
4133,sketch/n02190166/sketch_34.JPEG,81,1.000000
4134,sketch/n02190166/sketch_35.JPEG,81,1.000000
4135,sketch/n02190166/sketch_36.JPEG,81,1.000000
4136,sketch/n02190166/sketch_37.JPEG,81,1.000000
4137,sketch/n02190166/sketch_38.JPEG,81,1.000000
4138,sketch/n02190166/sketch_39.JPEG,81,1.000000
4139,sketch/n02190166/sketch_4.JPEG,81,1.000000
4140,sketch/n02190166/sketch_40.JPEG,81,1.000000
4141,sketch/n02190166/sketch_41.JPEG,81,1.000000
4142,sketch/n02190166/sketch_42.JPEG,81,1.000000
4143,sketch/n02190166/sketch_43.JPEG,81,1.000000
4144,sketch/n02190166/sketch_44.JPEG,81,1.000000
4145,sketch/n02190166/sketch_45.JPEG,81,1.000000
4146,sketch/n02190166/sketch_46.JPEG,81,1.000000
4147,sketch/n02190166/sketch_47.JPEG,81,1.000000
4148,sketch/n02190166/sketch_48.JPEG,81,1.000000
4149,sketch/n02190166/sketch_49.JPEG,81,1.000000
4150,sketch/n02190166/sketch_5.JPEG,81,1.000000
4151,sketch/n02190166/sketch_50.JPEG,81,1.000000
4152,sketch/n02190166/sketch_6.JPEG,81,1.000000
4153,sketch/n02190166/sketch_7.JPEG,81,1.000000
4154,sketch/n02190166/sketch_8.JPEG,81,1.000000
4155,sketch/n02190166/sketch_9.JPEG,81,1.000000
4156,sketch/n02206856/sketch_0.JPEG,82,1.000000
4157,sketch/n02206856/sketch_1.JPEG,82,1.000000
4158,sketch/n02206856/sketch_10.JPEG,82,1.000000
4159,sketch/n02206856/sketch_11.JPEG,82,1.000000
4160,sketch/n02206856/sketch_12.JPEG,82,1.000000
4161,sketch/n02206856/sketch_13.JPEG,82,1.000000
4162,sketch/n02206856/sketch_14.JPEG,82,1.000000
4163,sketch/n02206856/sketch_15.JPEG,82,1.000000
4164,sketch/n02206856/sketch_16.JPEG,82,1.000000
4165,sketch/n02206856/sketch_17.JPEG,82,1.000000
4166,sketch/n02206856/sketch_18.JPEG,82,1.000000
4167,sketch/n02206856/sketch_19.JPEG,82,1.000000
4168,sketch/n02206856/sketch_2.JPEG,82,1.000000
4169,sketch/n02206856/sketch_20.JPEG,82,1.000000
4170,sketch/n02206856/sketch_21.JPEG,82,1.000000
4171,sketch/n02206856/sketch_22.JPEG,82,1.000000
4172,sketch/n02206856/sketch_23.JPEG,82,1.000000
4173,sketch/n02206856/sketch_24.JPEG,82,1.000000
4174,sketch/n02206856/sketch_25.JPEG,82,1.000000
4175,sketch/n02206856/sketch_26.JPEG,82,1.000000
4176,sketch/n02206856/sketch_27.JPEG,82,1.000000
4177,sketch/n02206856/sketch_28.JPEG,82,1.000000
4178,sketch/n02206856/sketch_29.JPEG,82,1.000000
4179,sketch/n02206856/sketch_3.JPEG,82,1.000000
4180,sketch/n02206856/sketch_30.JPEG,82,1.000000
4181,sketch/n02206856/sketch_31.JPEG,82,1.000000
4182,sketch/n02206856/sketch_32.JPEG,82,1.000000
4183,sketch/n02206856/sketch_33.JPEG,82,1.000000
4184,sketch/n02206856/sketch_34.JPEG,82,1.000000
4185,sketch/n02206856/sketch_35.JPEG,82,1.000000
4186,sketch/n02206856/sketch_36.JPEG,82,1.000000
4187,sketch/n02206856/sketch_37.JPEG,82,1.000000
4188,sketch/n02206856/sketch_38.JPEG,82,1.000000
4189,sketch/n02206856/sketch_39.JPEG,82,1.000000
4190,sketch/n02206856/sketch_4.JPEG,82,1.000000
4191,sketch/n02206856/sketch_40.JPEG,82,1.000000
4192,sketch/n02206856/sketch_41.JPEG,82,1.000000
4193,sketch/n02206856/sketch_42.JPEG,82,1.000000
4194,sketch/n02206856/sketch_43.JPEG,82,1.000000
4195,sketch/n02206856/sketch_44.JPEG,82,1.000000
4196,sketch/n02206856/sketch_45.JPEG,82,1.000000
4197,sketch/n02206856/sketch_46.JPEG,82,1.000000
4198,sketch/n02206856/sketch_47.JPEG,82,1.000000
4199,sketch/n02206856/sketch_48.JPEG,82,1.000000
4200,sketch/n02206856/sketch_49.JPEG,82,1.000000
4201,sketch/n02206856/sketch_5.JPEG,82,1.000000
4202,sketch/n02206856/sketch_50.JPEG,82,1.000000
4203,sketch/n02206856/sketch_6.JPEG,82,1.000000
4204,sketch/n02206856/sketch_7.JPEG,82,1.000000
4205,sketch/n02206856/sketch_8.JPEG,82,1.000000
4206,sketch/n02206856/sketch_9.JPEG,82,1.000000
4207,sketch/n02219486/sketch_0.JPEG,83,1.000000
4208,sketch/n02219486/sketch_1.JPEG,83,1.000000
4209,sketch/n02219486/sketch_10.JPEG,83,1.000000
4210,sketch/n02219486/sketch_11.JPEG,83,1.000000
4211,sketch/n02219486/sketch_12.JPEG,83,1.000000
4212,sketch/n02219486/sketch_13.JPEG,83,1.000000
4213,sketch/n02219486/sketch_14.JPEG,83,1.000000
4214,sketch/n02219486/sketch_15.JPEG,83,1.000000
4215,sketch/n02219486/sketch_16.JPEG,83,1.000000
4216,sketch/n02219486/sketch_17.JPEG,83,1.000000
4217,sketch/n02219486/sketch_18.JPEG,83,1.000000
4218,sketch/n02219486/sketch_19.JPEG,83,1.000000
4219,sketch/n02219486/sketch_2.JPEG,83,1.000000
4220,sketch/n02219486/sketch_20.JPEG,83,1.000000
4221,sketch/n02219486/sketch_21.JPEG,83,1.000000
4222,sketch/n02219486/sketch_22.JPEG,83,1.000000
4223,sketch/n02219486/sketch_23.JPEG,83,1.000000
4224,sketch/n02219486/sketch_24.JPEG,83,1.000000
4225,sketch/n02219486/sketch_25.JPEG,83,1.000000
4226,sketch/n02219486/sketch_26.JPEG,83,1.000000
4227,sketch/n02219486/sketch_27.JPEG,83,1.000000
4228,sketch/n02219486/sketch_28.JPEG,83,1.000000
4229,sketch/n02219486/sketch_29.JPEG,83,1.000000
4230,sketch/n02219486/sketch_3.JPEG,83,1.000000
4231,sketch/n02219486/sketch_30.JPEG,83,1.000000
4232,sketch/n02219486/sketch_31.JPEG,83,1.000000
4233,sketch/n02219486/sketch_32.JPEG,83,1.000000
4234,sketch/n02219486/sketch_33.JPEG,83,1.000000
4235,sketch/n02219486/sketch_34.JPEG,83,1.000000
4236,sketch/n02219486/sketch_35.JPEG,83,1.000000
4237,sketch/n02219486/sketch_36.JPEG,83,1.000000
4238,sketch/n02219486/sketch_37.JPEG,83,1.000000
4239,sketch/n02219486/sketch_38.JPEG,83,1.000000
4240,sketch/n02219486/sketch_39.JPEG,83,1.000000
4241,sketch/n02219486/sketch_4.JPEG,83,1.000000
4242,sketch/n02219486/sketch_40.JPEG,83,1.000000
4243,sketch/n02219486/sketch_41.JPEG,83,1.000000
4244,sketch/n02219486/sketch_42.JPEG,83,1.000000
4245,sketch/n02219486/sketch_43.JPEG,83,1.000000
4246,sketch/n02219486/sketch_44.JPEG,83,1.000000
4247,sketch/n02219486/sketch_45.JPEG,83,1.000000
4248,sketch/n02219486/sketch_46.JPEG,83,1.000000
4249,sketch/n02219486/sketch_47.JPEG,83,1.000000
4250,sketch/n02219486/sketch_48.JPEG,83,1.000000
4251,sketch/n02219486/sketch_49.JPEG,83,1.000000
4252,sketch/n02219486/sketch_5.JPEG,83,1.000000
4253,sketch/n02219486/sketch_6.JPEG,83,1.000000
4254,sketch/n02219486/sketch_7.JPEG,83,1.000000
4255,sketch/n02219486/sketch_8.JPEG,83,1.000000
4256,sketch/n02219486/sketch_9.JPEG,83,1.000000
4257,sketch/n02226429/sketch_0.JPEG,84,1.000000
4258,sketch/n02226429/sketch_1.JPEG,84,1.000000
4259,sketch/n02226429/sketch_10.JPEG,84,1.000000
4260,sketch/n02226429/sketch_11.JPEG,84,1.000000
4261,sketch/n02226429/sketch_12.JPEG,84,1.000000
4262,sketch/n02226429/sketch_13.JPEG,84,1.000000
4263,sketch/n02226429/sketch_14.JPEG,84,1.000000
4264,sketch/n02226429/sketch_15.JPEG,84,1.000001
4265,sketch/n02226429/sketch_16.JPEG,84,1.000000
4266,sketch/n02226429/sketch_17.JPEG,84,1.000000
4267,sketch/n02226429/sketch_18.JPEG,84,1.000000
4268,sketch/n02226429/sketch_19.JPEG,84,1.000000
4269,sketch/n02226429/sketch_2.JPEG,84,1.000000
4270,sketch/n02226429/sketch_20.JPEG,84,1.000000
4271,sketch/n02226429/sketch_21.JPEG,84,1.000000
4272,sketch/n02226429/sketch_22.JPEG,84,1.000000
4273,sketch/n02226429/sketch_23.JPEG,84,1.000000
4274,sketch/n02226429/sketch_24.JPEG,84,1.000000
4275,sketch/n02226429/sketch_25.JPEG,84,1.000000
4276,sketch/n02226429/sketch_26.JPEG,84,1.000000
4277,sketch/n02226429/sketch_27.JPEG,84,1.000000
4278,sketch/n02226429/sketch_28.JPEG,84,1.000000
4279,sketch/n02226429/sketch_29.JPEG,84,1.000000
4280,sketch/n02226429/sketch_3.JPEG,84,1.000000
4281,sketch/n02226429/sketch_30.JPEG,84,1.000000
4282,sketch/n02226429/sketch_31.JPEG,84,1.000000
4283,sketch/n02226429/sketch_32.JPEG,84,1.000000
4284,sketch/n02226429/sketch_33.JPEG,84,1.000000
4285,sketch/n02226429/sketch_34.JPEG,84,1.000000
4286,sketch/n02226429/sketch_35.JPEG,84,1.000000
4287,sketch/n02226429/sketch_36.JPEG,84,1.000000
4288,sketch/n02226429/sketch_37.JPEG,84,1.000000
4289,sketch/n02226429/sketch_38.JPEG,84,1.000000
4290,sketch/n02226429/sketch_39.JPEG,84,1.000000
4291,sketch/n02226429/sketch_4.JPEG,84,1.000000
4292,sketch/n02226429/sketch_40.JPEG,84,1.000000
4293,sketch/n02226429/sketch_41.JPEG,84,1.000000
4294,sketch/n02226429/sketch_42.JPEG,84,1.000000
4295,sketch/n02226429/sketch_43.JPEG,84,1.000000
4296,sketch/n02226429/sketch_22.JPEG,84,1.000000
4297,sketch/n02226429/sketch_45.JPEG,84,1.000000
4298,sketch/n02226429/sketch_46.JPEG,84,1.000000
4299,sketch/n02226429/sketch_47.JPEG,84,1.000000
4300,sketch/n02226429/sketch_48.JPEG,84,1.000000
4301,sketch/n02226429/sketch_49.JPEG,84,1.000000
4302,sketch/n02226429/sketch_5.JPEG,84,1.000000
4303,sketch/n02226429/sketch_50.JPEG,84,1.000000
4304,sketch/n02226429/sketch_6.JPEG,84,1.000000
4305,sketch/n02226429/sketch_7.JPEG,84,1.000000
4306,sketch/n02226429/sketch_8.JPEG,84,1.000000
4307,sketch/n02226429/sketch_9.JPEG,84,1.000000
4308,sketch/n02233338/sketch_0.JPEG,85,1.000000
4309,sketch/n02233338/sketch_1.JPEG,85,1.000000
4310,sketch/n02233338/sketch_10.JPEG,85,1.000000
4311,sketch/n02233338/sketch_11.JPEG,85,1.000000
4312,sketch/n02233338/sketch_12.JPEG,85,1.000000
4313,sketch/n02233338/sketch_13.JPEG,85,1.000000
4314,sketch/n02233338/sketch_14.JPEG,85,1.000000
4315,sketch/n02233338/sketch_15.JPEG,85,1.000000
4316,sketch/n02233338/sketch_16.JPEG,85,1.000000
4317,sketch/n02233338/sketch_17.JPEG,85,1.000000
4318,sketch/n02233338/sketch_18.JPEG,85,1.000000
4319,sketch/n02233338/sketch_19.JPEG,85,1.000000
4320,sketch/n02233338/sketch_2.JPEG,85,1.000000
4321,sketch/n02233338/sketch_20.JPEG,85,1.000000
4322,sketch/n02233338/sketch_21.JPEG,85,1.000000
4323,sketch/n02233338/sketch_22.JPEG,85,1.000000
4324,sketch/n02233338/sketch_23.JPEG,85,1.000000
4325,sketch/n02233338/sketch_24.JPEG,85,1.000000
4326,sketch/n02233338/sketch_25.JPEG,85,1.000000
4327,sketch/n02233338/sketch_26.JPEG,85,1.000000
4328,sketch/n02233338/sketch_27.JPEG,85,1.000000
4329,sketch/n02233338/sketch_28.JPEG,85,1.000000
4330,sketch/n02233338/sketch_29.JPEG,85,1.000000
4331,sketch/n02233338/sketch_3.JPEG,85,1.000000
4332,sketch/n02233338/sketch_30.JPEG,85,1.000000
4333,sketch/n02233338/sketch_31.JPEG,85,1.000000
4334,sketch/n02233338/sketch_32.JPEG,85,1.000000
4335,sketch/n02233338/sketch_33.JPEG,85,1.000000
4336,sketch/n02233338/sketch_34.JPEG,85,1.000000
4337,sketch/n02233338/sketch_35.JPEG,85,1.000000
4338,sketch/n02233338/sketch_36.JPEG,85,0.999999
4339,sketch/n02233338/sketch_37.JPEG,85,1.000000
4340,sketch/n02233338/sketch_38.JPEG,85,1.000000
4341,sketch/n02233338/sketch_39.JPEG,85,1.000000
4342,sketch/n02233338/sketch_4.JPEG,85,1.000000
4343,sketch/n02233338/sketch_40.JPEG,85,1.000000
4344,sketch/n02233338/sketch_41.JPEG,85,1.000000
4345,sketch/n02233338/sketch_42.JPEG,85,0.999999
4346,sketch/n02233338/sketch_43.JPEG,85,1.000000
4347,sketch/n02233338/sketch_44.JPEG,85,1.000000
4348,sketch/n02233338/sketch_45.JPEG,85,0.999999
4349,sketch/n02233338/sketch_46.JPEG,85,1.000000
4350,sketch/n02233338/sketch_47.JPEG,85,1.000000
4351,sketch/n02233338/sketch_48.JPEG,85,1.000000
4352,sketch/n02233338/sketch_49.JPEG,85,1.000000
4353,sketch/n02233338/sketch_5.JPEG,85,1.000000
4354,sketch/n02233338/sketch_50.JPEG,85,1.000000
4355,sketch/n02233338/sketch_6.JPEG,85,1.000000
4356,sketch/n02233338/sketch_7.JPEG,85,1.000000
4357,sketch/n02233338/sketch_8.JPEG,85,1.000000
4358,sketch/n02233338/sketch_9.JPEG,85,1.000000
4359,sketch/n02236044/sketch_0.JPEG,86,1.000000
4360,sketch/n02236044/sketch_1.JPEG,86,1.000001
4361,sketch/n02236044/sketch_10.JPEG,86,1.000000
4362,sketch/n02236044/sketch_11.JPEG,86,1.000000
4363,sketch/n02236044/sketch_12.JPEG,86,1.000000
4364,sketch/n02236044/sketch_13.JPEG,86,0.999999
4365,sketch/n02236044/sketch_14.JPEG,86,1.000000
4366,sketch/n02236044/sketch_15.JPEG,86,1.000000
4367,sketch/n02236044/sketch_16.JPEG,86,1.000000
4368,sketch/n02236044/sketch_17.JPEG,86,1.000000
4369,sketch/n02236044/sketch_18.JPEG,86,1.000000
4370,sketch/n02236044/sketch_19.JPEG,86,1.000000
4371,sketch/n02236044/sketch_2.JPEG,86,1.000000
4372,sketch/n02236044/sketch_20.JPEG,86,1.000000
4373,sketch/n02236044/sketch_21.JPEG,86,1.000000
4374,sketch/n02236044/sketch_22.JPEG,86,1.000000
4375,sketch/n02236044/sketch_23.JPEG,86,1.000000
4376,sketch/n02236044/sketch_24.JPEG,86,1.000000
4377,sketch/n02236044/sketch_25.JPEG,86,1.000000
4378,sketch/n02236044/sketch_26.JPEG,86,1.000000
4379,sketch/n02236044/sketch_27.JPEG,86,1.000000
4380,sketch/n02236044/sketch_28.JPEG,86,1.000000
4381,sketch/n02236044/sketch_29.JPEG,86,1.000000
4382,sketch/n02236044/sketch_3.JPEG,86,1.000000
4383,sketch/n02236044/sketch_30.JPEG,86,1.000000
4384,sketch/n02236044/sketch_31.JPEG,86,1.000000
4385,sketch/n02236044/sketch_32.JPEG,86,1.000000
4386,sketch/n02236044/sketch_33.JPEG,86,1.000000
4387,sketch/n02236044/sketch_34.JPEG,86,1.000000
4388,sketch/n02236044/sketch_35.JPEG,86,1.000000
4389,sketch/n02236044/sketch_36.JPEG,86,1.000000
4390,sketch/n02236044/sketch_37.JPEG,86,1.000000
4391,sketch/n02236044/sketch_38.JPEG,86,1.000000
4392,sketch/n02236044/sketch_39.JPEG,86,1.000000
4393,sketch/n02236044/sketch_4.JPEG,86,1.000000
4394,sketch/n02236044/sketch_40.JPEG,86,1.000000
4395,sketch/n02236044/sketch_41.JPEG,86,1.000000
4396,sketch/n02236044/sketch_42.JPEG,86,1.000000
4397,sketch/n02236044/sketch_43.JPEG,86,1.000000
4398,sketch/n02236044/sketch_44.JPEG,86,1.000000
4399,sketch/n02236044/sketch_45.JPEG,86,1.000000
4400,sketch/n02236044/sketch_46.JPEG,86,1.000000
4401,sketch/n02236044/sketch_47.JPEG,86,0.999999
4402,sketch/n02236044/sketch_48.JPEG,86,1.000000
4403,sketch/n02236044/sketch_49.JPEG,86,1.000000
4404,sketch/n02236044/sketch_5.JPEG,86,1.000000
4405,sketch/n02236044/sketch_50.JPEG,86,1.000000
4406,sketch/n02236044/sketch_6.JPEG,86,1.000000
4407,sketch/n02236044/sketch_7.JPEG,86,1.000000
4408,sketch/n02236044/sketch_8.JPEG,86,1.000000
4409,sketch/n02236044/sketch_9.JPEG,86,1.000000
4410,sketch/n02268443/sketch_0.JPEG,87,1.000000
4411,sketch/n02268443/sketch_1.JPEG,87,1.000000
4412,sketch/n02268443/sketch_10.JPEG,87,1.000000
4413,sketch/n02268443/sketch_11.JPEG,87,1.000000
4414,sketch/n02268443/sketch_12.JPEG,87,1.000000
4415,sketch/n02268443/sketch_13.JPEG,87,1.000000
4416,sketch/n02268443/sketch_14.JPEG,87,1.000000
4417,sketch/n02268443/sketch_15.JPEG,87,1.000000
4418,sketch/n02268443/sketch_16.JPEG,87,1.000000
4419,sketch/n02268443/sketch_17.JPEG,87,1.000000
4420,sketch/n02268443/sketch_18.JPEG,87,1.000000
4421,sketch/n02268443/sketch_19.JPEG,87,1.000000
4422,sketch/n02268443/sketch_2.JPEG,87,1.000000
4423,sketch/n02268443/sketch_20.JPEG,87,1.000000
4424,sketch/n02268443/sketch_21.JPEG,87,1.000000
4425,sketch/n02268443/sketch_22.JPEG,87,1.000000
4426,sketch/n02268443/sketch_23.JPEG,87,1.000000
4427,sketch/n02268443/sketch_24.JPEG,87,1.000000
4428,sketch/n02268443/sketch_25.JPEG,87,1.000000
4429,sketch/n02268443/sketch_26.JPEG,87,1.000000
4430,sketch/n02268443/sketch_27.JPEG,87,1.000000
4431,sketch/n02268443/sketch_28.JPEG,87,1.000000
4432,sketch/n02268443/sketch_29.JPEG,87,1.000000
4433,sketch/n02268443/sketch_3.JPEG,87,1.000000
4434,sketch/n02268443/sketch_30.JPEG,87,1.000000
4435,sketch/n02268443/sketch_31.JPEG,87,1.000000
4436,sketch/n02268443/sketch_32.JPEG,87,1.000000
4437,sketch/n02268443/sketch_33.JPEG,87,1.000000
4438,sketch/n02268443/sketch_34.JPEG,87,1.000000
4439,sketch/n02268443/sketch_35.JPEG,87,1.000000
4440,sketch/n02268443/sketch_36.JPEG,87,1.000000
4441,sketch/n02268443/sketch_37.JPEG,87,1.000000
4442,sketch/n02268443/sketch_38.JPEG,87,1.000000
4443,sketch/n02268443/sketch_39.JPEG,87,1.000000
4444,sketch/n02268443/sketch_4.JPEG,87,1.000000
4445,sketch/n02268443/sketch_40.JPEG,87,1.000000
4446,sketch/n02268443/sketch_41.JPEG,87,1.000000
4447,sketch/n02268443/sketch_42.JPEG,87,1.000000
4448,sketch/n02268443/sketch_43.JPEG,87,1.000000
4449,sketch/n02268443/sketch_44.JPEG,87,1.000000
4450,sketch/n02268443/sketch_45.JPEG,87,1.000000
4451,sketch/n02268443/sketch_46.JPEG,87,1.000000
4452,sketch/n02268443/sketch_47.JPEG,87,1.000000
4453,sketch/n02268443/sketch_48.JPEG,87,1.000000
4454,sketch/n02268443/sketch_49.JPEG,87,1.000000
4455,sketch/n02268443/sketch_5.JPEG,87,1.000000
4456,sketch/n02268443/sketch_50.JPEG,87,1.000000
4457,sketch/n02268443/sketch_6.JPEG,87,1.000000
4458,sketch/n02268443/sketch_7.JPEG,87,1.000000
4459,sketch/n02268443/sketch_8.JPEG,87,1.000000
4460,sketch/n02268443/sketch_9.JPEG,87,1.000000
4461,sketch/n02279972/sketch_0.JPEG,88,1.000000
4462,sketch/n02279972/sketch_1.JPEG,88,1.000000
4463,sketch/n02279972/sketch_10.JPEG,88,1.000000
4464,sketch/n02279972/sketch_11.JPEG,88,1.000000
4465,sketch/n02279972/sketch_12.JPEG,88,1.000000
4466,sketch/n02279972/sketch_13.JPEG,88,1.000000
4467,sketch/n02279972/sketch_14.JPEG,88,1.000000
4468,sketch/n02279972/sketch_15.JPEG,88,1.000000
4469,sketch/n02279972/sketch_16.JPEG,88,1.000000
4470,sketch/n02279972/sketch_17.JPEG,88,1.000000
4471,sketch/n02279972/sketch_18.JPEG,88,1.000000
4472,sketch/n02279972/sketch_19.JPEG,88,1.000000
4473,sketch/n02279972/sketch_2.JPEG,88,1.000000
4474,sketch/n02279972/sketch_20.JPEG,88,1.000000
4475,sketch/n02279972/sketch_21.JPEG,88,1.000000
4476,sketch/n02279972/sketch_22.JPEG,88,1.000000
4477,sketch/n02279972/sketch_23.JPEG,88,1.000000
4478,sketch/n02279972/sketch_24.JPEG,88,1.000000
4479,sketch/n02279972/sketch_25.JPEG,88,1.000000
4480,sketch/n02279972/sketch_26.JPEG,88,1.000000
4481,sketch/n02279972/sketch_27.JPEG,88,1.000000
4482,sketch/n02279972/sketch_28.JPEG,88,1.000000
4483,sketch/n02279972/sketch_29.JPEG,88,1.000000
4484,sketch/n02279972/sketch_3.JPEG,88,1.000000
4485,sketch/n02279972/sketch_30.JPEG,88,1.000000
4486,sketch/n02279972/sketch_31.JPEG,88,1.000000
4487,sketch/n02279972/sketch_32.JPEG,88,1.000000
4488,sketch/n02279972/sketch_33.JPEG,88,1.000000
4489,sketch/n02279972/sketch_34.JPEG,88,1.000000
4490,sketch/n02279972/sketch_35.JPEG,88,1.000000
4491,sketch/n02279972/sketch_36.JPEG,88,1.000000
4492,sketch/n02279972/sketch_37.JPEG,88,1.000000
4493,sketch/n02279972/sketch_38.JPEG,88,1.000000
4494,sketch/n02279972/sketch_39.JPEG,88,1.000000
4495,sketch/n02279972/sketch_4.JPEG,88,1.000000
4496,sketch/n02279972/sketch_40.JPEG,88,1.000001
4497,sketch/n02279972/sketch_41.JPEG,88,1.000000
4498,sketch/n02279972/sketch_42.JPEG,88,1.000000
4499,sketch/n02279972/sketch_43.JPEG,88,1.000000
4500,sketch/n02279972/sketch_44.JPEG,88,1.000000
4501,sketch/n02279972/sketch_45.JPEG,88,1.000000
4502,sketch/n02279972/sketch_46.JPEG,88,1.000000
4503,sketch/n02279972/sketch_47.JPEG,88,1.000000
4504,sketch/n02279972/sketch_48.JPEG,88,1.000000
4505,sketch/n02279972/sketch_49.JPEG,88,1.000000
4506,sketch/n02279972/sketch_5.JPEG,88,1.000000
4507,sketch/n02279972/sketch_50.JPEG,88,1.000000
4508,sketch/n02279972/sketch_6.JPEG,88,1.000000
4509,sketch/n02279972/sketch_7.JPEG,88,1.000000
4510,sketch/n02279972/sketch_8.JPEG,88,1.000000
4511,sketch/n02279972/sketch_9.JPEG,88,1.000000
4512,sketch/n02317335/sketch_0.JPEG,89,1.000000
4513,sketch/n02317335/sketch_1.JPEG,89,1.000000
4514,sketch/n02317335/sketch_10.JPEG,89,1.000000
4515,sketch/n02317335/sketch_11.JPEG,89,1.000000
4516,sketch/n02317335/sketch_12.JPEG,89,1.000000
4517,sketch/n02317335/sketch_13.JPEG,89,1.000000
4518,sketch/n02317335/sketch_14.JPEG,89,1.000000
4519,sketch/n02317335/sketch_15.JPEG,89,1.000000
4520,sketch/n02317335/sketch_16.JPEG,89,1.000000
4521,sketch/n02317335/sketch_17.JPEG,89,1.000000
4522,sketch/n02317335/sketch_18.JPEG,89,1.000000
4523,sketch/n02317335/sketch_19.JPEG,89,1.000000
4524,sketch/n02317335/sketch_2.JPEG,89,1.000000
4525,sketch/n02317335/sketch_20.JPEG,89,1.000000
4526,sketch/n02317335/sketch_21.JPEG,89,1.000000
4527,sketch/n02317335/sketch_22.JPEG,89,1.000000
4528,sketch/n02317335/sketch_23.JPEG,89,1.000000
4529,sketch/n02317335/sketch_24.JPEG,89,1.000000
4530,sketch/n02317335/sketch_25.JPEG,89,1.000000
4531,sketch/n02317335/sketch_26.JPEG,89,1.000000
4532,sketch/n02317335/sketch_27.JPEG,89,1.000000
4533,sketch/n02317335/sketch_28.JPEG,89,1.000000
4534,sketch/n02317335/sketch_29.JPEG,89,1.000000
4535,sketch/n02317335/sketch_3.JPEG,89,1.000000
4536,sketch/n02317335/sketch_30.JPEG,89,1.000000
4537,sketch/n02317335/sketch_31.JPEG,89,1.000000
4538,sketch/n02317335/sketch_32.JPEG,89,1.000000
4539,sketch/n02317335/sketch_33.JPEG,89,1.000000
4540,sketch/n02317335/sketch_34.JPEG,89,1.000000
4541,sketch/n02317335/sketch_35.JPEG,89,1.000000
4542,sketch/n02317335/sketch_36.JPEG,89,1.000000
4543,sketch/n02317335/sketch_37.JPEG,89,1.000000
4544,sketch/n02317335/sketch_38.JPEG,89,1.000000
4545,sketch/n02317335/sketch_39.JPEG,89,1.000000
4546,sketch/n02317335/sketch_4.JPEG,89,1.000000
4547,sketch/n02317335/sketch_40.JPEG,89,1.000000
4548,sketch/n02317335/sketch_41.JPEG,89,1.000000
4549,sketch/n02317335/sketch_42.JPEG,89,1.000000
4550,sketch/n02317335/sketch_43.JPEG,89,1.000000
4551,sketch/n02317335/sketch_44.JPEG,89,1.000000
4552,sketch/n02317335/sketch_45.JPEG,89,1.000000
4553,sketch/n02317335/sketch_46.JPEG,89,1.000000
4554,sketch/n02317335/sketch_47.JPEG,89,1.000000
4555,sketch/n02317335/sketch_48.JPEG,89,1.000000
4556,sketch/n02317335/sketch_49.JPEG,89,1.000000
4557,sketch/n02317335/sketch_5.JPEG,89,1.000000
4558,sketch/n02317335/sketch_50.JPEG,89,1.000000
4559,sketch/n02317335/sketch_6.JPEG,89,1.000000
4560,sketch/n02317335/sketch_7.JPEG,89,1.000000
4561,sketch/n02317335/sketch_8.JPEG,89,1.000000
4562,sketch/n02317335/sketch_9.JPEG,89,1.000000
4563,sketch/n02325366/sketch_0.JPEG,90,1.000000
4564,sketch/n02325366/sketch_1.JPEG,90,1.000000
4565,sketch/n02325366/sketch_10.JPEG,90,1.000000
4566,sketch/n02325366/sketch_11.JPEG,90,1.000000
4567,sketch/n02325366/sketch_12.JPEG,90,1.000000
4568,sketch/n02325366/sketch_13.JPEG,90,1.000000
4569,sketch/n02325366/sketch_14.JPEG,90,1.000000
4570,sketch/n02325366/sketch_15.JPEG,90,1.000000
4571,sketch/n02325366/sketch_16.JPEG,90,1.000000
4572,sketch/n02325366/sketch_17.JPEG,90,1.000000
4573,sketch/n02325366/sketch_18.JPEG,90,1.000001
4574,sketch/n02325366/sketch_19.JPEG,90,1.000000
4575,sketch/n02325366/sketch_2.JPEG,90,1.000000
4576,sketch/n02325366/sketch_20.JPEG,90,1.000000
4577,sketch/n02325366/sketch_21.JPEG,90,1.000000
4578,sketch/n02325366/sketch_22.JPEG,90,1.000000
4579,sketch/n02325366/sketch_23.JPEG,90,1.000000
4580,sketch/n02325366/sketch_24.JPEG,90,1.000000
4581,sketch/n02325366/sketch_25.JPEG,90,1.000000
4582,sketch/n02325366/sketch_26.JPEG,90,1.000000
4583,sketch/n02325366/sketch_27.JPEG,90,1.000000
4584,sketch/n02325366/sketch_28.JPEG,90,1.000000
4585,sketch/n02325366/sketch_29.JPEG,90,1.000000
4586,sketch/n02325366/sketch_3.JPEG,90,1.000000
4587,sketch/n02325366/sketch_30.JPEG,90,1.000000
4588,sketch/n02325366/sketch_31.JPEG,90,1.000000
4589,sketch/n02325366/sketch_32.JPEG,90,1.000000
4590,sketch/n02325366/sketch_33.JPEG,90,1.000000
4591,sketch/n02325366/sketch_34.JPEG,90,1.000000
4592,sketch/n02325366/sketch_35.JPEG,90,1.000000
4593,sketch/n02325366/sketch_36.JPEG,90,1.000000
4594,sketch/n02325366/sketch_37.JPEG,90,1.000000
4595,sketch/n02325366/sketch_38.JPEG,90,1.000000
4596,sketch/n02325366/sketch_39.JPEG,90,1.000001
4597,sketch/n02325366/sketch_4.JPEG,90,1.000000
4598,sketch/n02325366/sketch_40.JPEG,90,1.000000
4599,sketch/n02325366/sketch_41.JPEG,90,1.000000
4600,sketch/n02325366/sketch_42.JPEG,90,1.000000
4601,sketch/n02325366/sketch_43.JPEG,90,1.000000
4602,sketch/n02325366/sketch_44.JPEG,90,1.000000
4603,sketch/n02325366/sketch_45.JPEG,90,1.000000
4604,sketch/n02325366/sketch_46.JPEG,90,1.000000
4605,sketch/n02325366/sketch_47.JPEG,90,1.000000
4606,sketch/n02325366/sketch_48.JPEG,90,1.000000
4607,sketch/n02325366/sketch_49.JPEG,90,1.000000
4608,sketch/n02325366/sketch_5.JPEG,90,1.000000
4609,sketch/n02325366/sketch_50.JPEG,90,1.000000
4610,sketch/n02325366/sketch_6.JPEG,90,1.000000
4611,sketch/n02325366/sketch_7.JPEG,90,1.000000
4612,sketch/n02325366/sketch_8.JPEG,90,1.000000
4613,sketch/n02325366/sketch_9.JPEG,90,1.000000
4614,sketch/n02346627/sketch_0.JPEG,91,1.000000
4615,sketch/n02346627/sketch_1.JPEG,91,1.000000
4616,sketch/n02346627/sketch_10.JPEG,91,1.000000
4617,sketch/n02346627/sketch_11.JPEG,91,1.000000
4618,sketch/n02346627/sketch_12.JPEG,91,1.000001
4619,sketch/n02346627/sketch_13.JPEG,91,1.000001
4620,sketch/n02346627/sketch_14.JPEG,91,1.000000
4621,sketch/n02346627/sketch_15.JPEG,91,1.000001
4622,sketch/n02346627/sketch_16.JPEG,91,1.000000
4623,sketch/n02346627/sketch_17.JPEG,91,1.000000
4624,sketch/n02346627/sketch_18.JPEG,91,1.000000
4625,sketch/n02346627/sketch_19.JPEG,91,1.000000
4626,sketch/n02346627/sketch_2.JPEG,91,1.000000
4627,sketch/n02346627/sketch_20.JPEG,91,1.000000
4628,sketch/n02346627/sketch_21.JPEG,91,1.000000
4629,sketch/n02346627/sketch_22.JPEG,91,1.000000
4630,sketch/n02346627/sketch_23.JPEG,91,1.000000
4631,sketch/n02346627/sketch_24.JPEG,91,1.000000
4632,sketch/n02346627/sketch_25.JPEG,91,1.000000
4633,sketch/n02346627/sketch_26.JPEG,91,1.000000
4634,sketch/n02346627/sketch_27.JPEG,91,1.000000
4635,sketch/n02346627/sketch_28.JPEG,91,1.000000
4636,sketch/n02346627/sketch_29.JPEG,91,1.000000
4637,sketch/n02346627/sketch_25.JPEG,91,1.000000
4638,sketch/n02346627/sketch_30.JPEG,91,1.000000
4639,sketch/n02346627/sketch_31.JPEG,91,1.000000
4640,sketch/n02346627/sketch_32.JPEG,91,1.000000
4641,sketch/n02346627/sketch_33.JPEG,91,1.000000
4642,sketch/n02346627/sketch_34.JPEG,91,1.000000
4643,sketch/n02346627/sketch_35.JPEG,91,1.000000
4644,sketch/n02346627/sketch_36.JPEG,91,1.000000
4645,sketch/n02346627/sketch_37.JPEG,91,1.000000
4646,sketch/n02346627/sketch_38.JPEG,91,1.000000
4647,sketch/n02346627/sketch_39.JPEG,91,1.000000
4648,sketch/n02346627/sketch_4.JPEG,91,1.000000
4649,sketch/n02346627/sketch_40.JPEG,91,1.000000
4650,sketch/n02346627/sketch_41.JPEG,91,1.000000
4651,sketch/n02346627/sketch_42.JPEG,91,1.000000
4652,sketch/n02346627/sketch_43.JPEG,91,1.000000
4653,sketch/n02346627/sketch_44.JPEG,91,1.000000
4654,sketch/n02346627/sketch_45.JPEG,91,1.000000
4655,sketch/n02346627/sketch_25.JPEG,91,1.000000
4656,sketch/n02346627/sketch_47.JPEG,91,1.000000
4657,sketch/n02346627/sketch_48.JPEG,91,1.000000
4658,sketch/n02346627/sketch_49.JPEG,91,1.000000
4659,sketch/n02346627/sketch_5.JPEG,91,1.000000
4660,sketch/n02346627/sketch_50.JPEG,91,1.000000
4661,sketch/n02346627/sketch_6.JPEG,91,1.000000
4662,sketch/n02346627/sketch_7.JPEG,91,1.000000
4663,sketch/n02346627/sketch_8.JPEG,91,1.000000
4664,sketch/n02346627/sketch_9.JPEG,91,1.000000
4665,sketch/n02356798/sketch_0.JPEG,92,1.000000
4666,sketch/n02356798/sketch_1.JPEG,92,1.000000
4667,sketch/n02356798/sketch_10.JPEG,92,1.000000
4668,sketch/n02356798/sketch_11.JPEG,92,1.000000
4669,sketch/n02356798/sketch_12.JPEG,92,1.000000
4670,sketch/n02356798/sketch_13.JPEG,92,1.000000
4671,sketch/n02356798/sketch_14.JPEG,92,1.000000
4672,sketch/n02356798/sketch_15.JPEG,92,1.000000
4673,sketch/n02356798/sketch_16.JPEG,92,1.000000
4674,sketch/n02356798/sketch_17.JPEG,92,1.000000
4675,sketch/n02356798/sketch_18.JPEG,92,1.000000
4676,sketch/n02356798/sketch_19.JPEG,92,1.000000
4677,sketch/n02356798/sketch_2.JPEG,92,1.000000
4678,sketch/n02356798/sketch_20.JPEG,92,1.000000
4679,sketch/n02356798/sketch_21.JPEG,92,1.000000
4680,sketch/n02356798/sketch_22.JPEG,92,1.000000
4681,sketch/n02356798/sketch_23.JPEG,92,1.000000
4682,sketch/n02356798/sketch_24.JPEG,92,1.000000
4683,sketch/n02356798/sketch_25.JPEG,92,1.000000
4684,sketch/n02356798/sketch_26.JPEG,92,1.000000
4685,sketch/n02356798/sketch_27.JPEG,92,1.000000
4686,sketch/n02356798/sketch_28.JPEG,92,1.000000
4687,sketch/n02356798/sketch_29.JPEG,92,1.000000
4688,sketch/n02356798/sketch_3.JPEG,92,1.000000
4689,sketch/n02356798/sketch_30.JPEG,92,1.000000
4690,sketch/n02356798/sketch_31.JPEG,92,1.000000
4691,sketch/n02356798/sketch_32.JPEG,92,1.000000
4692,sketch/n02356798/sketch_33.JPEG,92,1.000000
4693,sketch/n02356798/sketch_34.JPEG,92,1.000000
4694,sketch/n02356798/sketch_35.JPEG,92,1.000000
4695,sketch/n02356798/sketch_36.JPEG,92,1.000000
4696,sketch/n02356798/sketch_37.JPEG,92,1.000000
4697,sketch/n02356798/sketch_38.JPEG,92,1.000000
4698,sketch/n02356798/sketch_39.JPEG,92,1.000000
4699,sketch/n02356798/sketch_4.JPEG,92,1.000000
4700,sketch/n02356798/sketch_40.JPEG,92,1.000000
4701,sketch/n02356798/sketch_41.JPEG,92,1.000000
4702,sketch/n02356798/sketch_42.JPEG,92,1.000000
4703,sketch/n02356798/sketch_43.JPEG,92,1.000000
4704,sketch/n02356798/sketch_44.JPEG,92,1.000000
4705,sketch/n02356798/sketch_45.JPEG,92,1.000000
4706,sketch/n02356798/sketch_46.JPEG,92,1.000000
4707,sketch/n02356798/sketch_47.JPEG,92,1.000000
4708,sketch/n02356798/sketch_48.JPEG,92,1.000000
4709,sketch/n02356798/sketch_49.JPEG,92,1.000000
4710,sketch/n02356798/sketch_5.JPEG,92,1.000000
4711,sketch/n02356798/sketch_50.JPEG,92,1.000000
4712,sketch/n02356798/sketch_6.JPEG,92,1.000000
4713,sketch/n02356798/sketch_7.JPEG,92,1.000000
4714,sketch/n02356798/sketch_8.JPEG,92,1.000000
4715,sketch/n02356798/sketch_9.JPEG,92,1.000000
4716,sketch/n02363005/sketch_0.JPEG,93,1.000000
4717,sketch/n02363005/sketch_1.JPEG,93,1.000000
4718,sketch/n02363005/sketch_10.JPEG,93,1.000000
4719,sketch/n02363005/sketch_11.JPEG,93,1.000000
4720,sketch/n02363005/sketch_12.JPEG,93,1.000000
4721,sketch/n02363005/sketch_13.JPEG,93,1.000000
4722,sketch/n02363005/sketch_14.JPEG,93,1.000000
4723,sketch/n02363005/sketch_15.JPEG,93,1.000000
4724,sketch/n02363005/sketch_16.JPEG,93,1.000000
4725,sketch/n02363005/sketch_17.JPEG,93,1.000000
4726,sketch/n02363005/sketch_18.JPEG,93,1.000000
4727,sketch/n02363005/sketch_19.JPEG,93,1.000000
4728,sketch/n02363005/sketch_2.JPEG,93,1.000000
4729,sketch/n02363005/sketch_20.JPEG,93,1.000000
4730,sketch/n02363005/sketch_21.JPEG,93,1.000000
4731,sketch/n02363005/sketch_22.JPEG,93,1.000000
4732,sketch/n02363005/sketch_23.JPEG,93,1.000000
4733,sketch/n02363005/sketch_24.JPEG,93,1.000000
4734,sketch/n02363005/sketch_25.JPEG,93,1.000000
4735,sketch/n02363005/sketch_26.JPEG,93,1.000000
4736,sketch/n02363005/sketch_27.JPEG,93,1.000000
4737,sketch/n02363005/sketch_28.JPEG,93,1.000000
4738,sketch/n02363005/sketch_29.JPEG,93,1.000000
4739,sketch/n02363005/sketch_3.JPEG,93,1.000000
4740,sketch/n02363005/sketch_30.JPEG,93,1.000000
4741,sketch/n02363005/sketch_31.JPEG,93,1.000000
4742,sketch/n02363005/sketch_32.JPEG,93,1.000000
4743,sketch/n02363005/sketch_33.JPEG,93,1.000000
4744,sketch/n02363005/sketch_34.JPEG,93,1.000000
4745,sketch/n02363005/sketch_35.JPEG,93,1.000000
4746,sketch/n02363005/sketch_36.JPEG,93,1.000000
4747,sketch/n02363005/sketch_37.JPEG,93,1.000000
4748,sketch/n02363005/sketch_38.JPEG,93,1.000000
4749,sketch/n02363005/sketch_39.JPEG,93,1.000000
4750,sketch/n02363005/sketch_4.JPEG,93,1.000000
4751,sketch/n02363005/sketch_40.JPEG,93,1.000000
4752,sketch/n02363005/sketch_41.JPEG,93,1.000000
4753,sketch/n02363005/sketch_42.JPEG,93,1.000000
4754,sketch/n02363005/sketch_43.JPEG,93,1.000000
4755,sketch/n02363005/sketch_44.JPEG,93,1.000000
4756,sketch/n02363005/sketch_45.JPEG,93,1.000000
4757,sketch/n02363005/sketch_46.JPEG,93,1.000000
4758,sketch/n02363005/sketch_47.JPEG,93,1.000000
4759,sketch/n02363005/sketch_48.JPEG,93,1.000000
4760,sketch/n02363005/sketch_49.JPEG,93,1.000000
4761,sketch/n02363005/sketch_5.JPEG,93,1.000001
4762,sketch/n02363005/sketch_50.JPEG,93,1.000000
4763,sketch/n02363005/sketch_6.JPEG,93,1.000000
4764,sketch/n02363005/sketch_7.JPEG,93,1.000000
4765,sketch/n02363005/sketch_8.JPEG,93,1.000000
4766,sketch/n02363005/sketch_9.JPEG,93,1.000000
4767,sketch/n02364673/sketch_0.JPEG,94,1.000000
4768,sketch/n02364673/sketch_1.JPEG,94,1.000000
4769,sketch/n02364673/sketch_10.JPEG,94,1.000000
4770,sketch/n02364673/sketch_11.JPEG,94,1.000000
4771,sketch/n02364673/sketch_12.JPEG,94,1.000000
4772,sketch/n02364673/sketch_13.JPEG,94,1.000000
4773,sketch/n02364673/sketch_14.JPEG,94,1.000000
4774,sketch/n02364673/sketch_15.JPEG,94,1.000000
4775,sketch/n02364673/sketch_16.JPEG,94,1.000000
4776,sketch/n02364673/sketch_17.JPEG,94,1.000000
4777,sketch/n02364673/sketch_18.JPEG,94,1.000000
4778,sketch/n02364673/sketch_19.JPEG,94,1.000000
4779,sketch/n02364673/sketch_2.JPEG,94,1.000000
4780,sketch/n02364673/sketch_20.JPEG,94,1.000000
4781,sketch/n02364673/sketch_21.JPEG,94,1.000000
4782,sketch/n02364673/sketch_22.JPEG,94,1.000000
4783,sketch/n02364673/sketch_23.JPEG,94,1.000000
4784,sketch/n02364673/sketch_24.JPEG,94,1.000000
4785,sketch/n02364673/sketch_25.JPEG,94,1.000000
4786,sketch/n02364673/sketch_26.JPEG,94,1.000000
4787,sketch/n02364673/sketch_27.JPEG,94,1.000000
4788,sketch/n02364673/sketch_28.JPEG,94,1.000000
4789,sketch/n02364673/sketch_29.JPEG,94,1.000000
4790,sketch/n02364673/sketch_3.JPEG,94,1.000000
4791,sketch/n02364673/sketch_30.JPEG,94,1.000000
4792,sketch/n02364673/sketch_31.JPEG,94,1.000000
4793,sketch/n02364673/sketch_32.JPEG,94,1.000000
4794,sketch/n02364673/sketch_33.JPEG,94,1.000000
4795,sketch/n02364673/sketch_34.JPEG,94,1.000000
4796,sketch/n02364673/sketch_35.JPEG,94,1.000000
4797,sketch/n02364673/sketch_36.JPEG,94,1.000000
4798,sketch/n02364673/sketch_37.JPEG,94,1.000000
4799,sketch/n02364673/sketch_38.JPEG,94,1.000000
4800,sketch/n02364673/sketch_39.JPEG,94,1.000000
4801,sketch/n02364673/sketch_4.JPEG,94,1.000000
4802,sketch/n02364673/sketch_40.JPEG,94,1.000000
4803,sketch/n02364673/sketch_41.JPEG,94,1.000000
4804,sketch/n02364673/sketch_42.JPEG,94,1.000000
4805,sketch/n02364673/sketch_43.JPEG,94,1.000000
4806,sketch/n02364673/sketch_44.JPEG,94,1.000000
4807,sketch/n02364673/sketch_45.JPEG,94,1.000000
4808,sketch/n02364673/sketch_46.JPEG,94,1.000000
4809,sketch/n02364673/sketch_47.JPEG,94,1.000000
4810,sketch/n02364673/sketch_48.JPEG,94,0.999999
4811,sketch/n02364673/sketch_49.JPEG,94,1.000000
4812,sketch/n02364673/sketch_5.JPEG,94,1.000000
4813,sketch/n02364673/sketch_6.JPEG,94,1.000000
4814,sketch/n02364673/sketch_7.JPEG,94,1.000000
4815,sketch/n02364673/sketch_8.JPEG,94,1.000000
4816,sketch/n02364673/sketch_9.JPEG,94,1.000000
4817,sketch/n02391049/sketch_0.JPEG,95,1.000000
4818,sketch/n02391049/sketch_1.JPEG,95,1.000000
4819,sketch/n02391049/sketch_10.JPEG,95,1.000000
4820,sketch/n02391049/sketch_11.JPEG,95,1.000000
4821,sketch/n02391049/sketch_12.JPEG,95,1.000000
4822,sketch/n02391049/sketch_13.JPEG,95,1.000000
4823,sketch/n02391049/sketch_14.JPEG,95,1.000000
4824,sketch/n02391049/sketch_15.JPEG,95,1.000000
4825,sketch/n02391049/sketch_16.JPEG,95,1.000000
4826,sketch/n02391049/sketch_17.JPEG,95,1.000000
4827,sketch/n02391049/sketch_18.JPEG,95,1.000000
4828,sketch/n02391049/sketch_19.JPEG,95,1.000000
4829,sketch/n02391049/sketch_2.JPEG,95,1.000000
4830,sketch/n02391049/sketch_20.JPEG,95,1.000000
4831,sketch/n02391049/sketch_21.JPEG,95,1.000000
4832,sketch/n02391049/sketch_22.JPEG,95,1.000000
4833,sketch/n02391049/sketch_23.JPEG,95,1.000000
4834,sketch/n02391049/sketch_24.JPEG,95,1.000000
4835,sketch/n02391049/sketch_25.JPEG,95,1.000000
4836,sketch/n02391049/sketch_26.JPEG,95,1.000000
4837,sketch/n02391049/sketch_27.JPEG,95,1.000000
4838,sketch/n02391049/sketch_28.JPEG,95,1.000000
4839,sketch/n02391049/sketch_29.JPEG,95,1.000000
4840,sketch/n02391049/sketch_3.JPEG,95,0.999999
4841,sketch/n02391049/sketch_30.JPEG,95,1.000000
4842,sketch/n02391049/sketch_31.JPEG,95,1.000000
4843,sketch/n02391049/sketch_32.JPEG,95,1.000000
4844,sketch/n02391049/sketch_33.JPEG,95,1.000000
4845,sketch/n02391049/sketch_34.JPEG,95,1.000000
4846,sketch/n02391049/sketch_35.JPEG,95,1.000000
4847,sketch/n02391049/sketch_36.JPEG,95,1.000000
4848,sketch/n02391049/sketch_37.JPEG,95,1.000000
4849,sketch/n02391049/sketch_38.JPEG,95,1.000000
4850,sketch/n02391049/sketch_39.JPEG,95,1.000000
4851,sketch/n02391049/sketch_4.JPEG,95,1.000000
4852,sketch/n02391049/sketch_40.JPEG,95,1.000000
4853,sketch/n02391049/sketch_41.JPEG,95,1.000000
4854,sketch/n02391049/sketch_42.JPEG,95,1.000000
4855,sketch/n02391049/sketch_43.JPEG,95,1.000000
4856,sketch/n02391049/sketch_44.JPEG,95,1.000000
4857,sketch/n02391049/sketch_45.JPEG,95,1.000000
4858,sketch/n02391049/sketch_46.JPEG,95,1.000000
4859,sketch/n02391049/sketch_47.JPEG,95,1.000000
4860,sketch/n02391049/sketch_48.JPEG,95,1.000000
4861,sketch/n02391049/sketch_49.JPEG,95,1.000000
4862,sketch/n02391049/sketch_5.JPEG,95,1.000000
4863,sketch/n02391049/sketch_50.JPEG,95,1.000000
4864,sketch/n02391049/sketch_6.JPEG,95,1.000000
4865,sketch/n02391049/sketch_7.JPEG,95,1.000000
4866,sketch/n02391049/sketch_8.JPEG,95,1.000000
4867,sketch/n02391049/sketch_9.JPEG,95,1.000000
4868,sketch/n02395406/sketch_0.JPEG,96,1.000000
4869,sketch/n02395406/sketch_1.JPEG,96,1.000000
4870,sketch/n02395406/sketch_10.JPEG,96,1.000000
4871,sketch/n02395406/sketch_11.JPEG,96,1.000000
4872,sketch/n02395406/sketch_12.JPEG,96,1.000000
4873,sketch/n02395406/sketch_13.JPEG,96,1.000000
4874,sketch/n02395406/sketch_14.JPEG,96,1.000000
4875,sketch/n02395406/sketch_15.JPEG,96,1.000000
4876,sketch/n02395406/sketch_16.JPEG,96,1.000000
4877,sketch/n02395406/sketch_17.JPEG,96,1.000000
4878,sketch/n02395406/sketch_18.JPEG,96,1.000000
4879,sketch/n02395406/sketch_19.JPEG,96,1.000000
4880,sketch/n02395406/sketch_2.JPEG,96,1.000000
4881,sketch/n02395406/sketch_20.JPEG,96,1.000000
4882,sketch/n02395406/sketch_21.JPEG,96,1.000000
4883,sketch/n02395406/sketch_22.JPEG,96,1.000000
4884,sketch/n02395406/sketch_23.JPEG,96,1.000000
4885,sketch/n02395406/sketch_24.JPEG,96,1.000000
4886,sketch/n02395406/sketch_25.JPEG,96,1.000001
4887,sketch/n02395406/sketch_26.JPEG,96,1.000000
4888,sketch/n02395406/sketch_27.JPEG,96,0.999999
4889,sketch/n02395406/sketch_28.JPEG,96,1.000000
4890,sketch/n02395406/sketch_29.JPEG,96,1.000000
4891,sketch/n02395406/sketch_3.JPEG,96,1.000000
4892,sketch/n02395406/sketch_1.JPEG,96,1.000000
4893,sketch/n02395406/sketch_31.JPEG,96,1.000000
4894,sketch/n02395406/sketch_32.JPEG,96,1.000000
4895,sketch/n02395406/sketch_33.JPEG,96,1.000000
4896,sketch/n02395406/sketch_34.JPEG,96,1.000000
4897,sketch/n02395406/sketch_35.JPEG,96,1.000000
4898,sketch/n02395406/sketch_36.JPEG,96,1.000000
4899,sketch/n02395406/sketch_37.JPEG,96,1.000000
4900,sketch/n02395406/sketch_38.JPEG,96,1.000000
4901,sketch/n02395406/sketch_39.JPEG,96,1.000000
4902,sketch/n02395406/sketch_4.JPEG,96,1.000000
4903,sketch/n02395406/sketch_40.JPEG,96,1.000000
4904,sketch/n02395406/sketch_41.JPEG,96,1.000000
4905,sketch/n02395406/sketch_42.JPEG,96,1.000000
4906,sketch/n02395406/sketch_43.JPEG,96,1.000000
4907,sketch/n02395406/sketch_44.JPEG,96,1.000000
4908,sketch/n02395406/sketch_1.JPEG,96,1.000000
4909,sketch/n02395406/sketch_46.JPEG,96,1.000000
4910,sketch/n02395406/sketch_47.JPEG,96,1.000000
4911,sketch/n02395406/sketch_48.JPEG,96,1.000000
4912,sketch/n02395406/sketch_49.JPEG,96,1.000000
4913,sketch/n02395406/sketch_5.JPEG,96,1.000000
4914,sketch/n02395406/sketch_50.JPEG,96,1.000000
4915,sketch/n02395406/sketch_6.JPEG,96,1.000000
4916,sketch/n02395406/sketch_7.JPEG,96,1.000000
4917,sketch/n02395406/sketch_8.JPEG,96,1.000000
4918,sketch/n02395406/sketch_9.JPEG,96,1.000000
4919,sketch/n02398521/sketch_0.JPEG,97,1.000000
4920,sketch/n02398521/sketch_1.JPEG,97,1.000000
4921,sketch/n02398521/sketch_10.JPEG,97,1.000000
4922,sketch/n02398521/sketch_11.JPEG,97,1.000000
4923,sketch/n02398521/sketch_12.JPEG,97,1.000000
4924,sketch/n02398521/sketch_13.JPEG,97,1.000000
4925,sketch/n02398521/sketch_14.JPEG,97,1.000000
4926,sketch/n02398521/sketch_15.JPEG,97,1.000000
4927,sketch/n02398521/sketch_16.JPEG,97,1.000000
4928,sketch/n02398521/sketch_17.JPEG,97,1.000000
4929,sketch/n02398521/sketch_18.JPEG,97,1.000000
4930,sketch/n02398521/sketch_19.JPEG,97,1.000000
4931,sketch/n02398521/sketch_2.JPEG,97,1.000000
4932,sketch/n02398521/sketch_20.JPEG,97,1.000000
4933,sketch/n02398521/sketch_21.JPEG,97,1.000000
4934,sketch/n02398521/sketch_22.JPEG,97,1.000000
4935,sketch/n02398521/sketch_23.JPEG,97,0.999999
4936,sketch/n02398521/sketch_24.JPEG,97,1.000000
4937,sketch/n02398521/sketch_25.JPEG,97,1.000000
4938,sketch/n02398521/sketch_26.JPEG,97,1.000000
4939,sketch/n02398521/sketch_27.JPEG,97,1.000000
4940,sketch/n02398521/sketch_28.JPEG,97,1.000000
4941,sketch/n02398521/sketch_29.JPEG,97,1.000000
4942,sketch/n02398521/sketch_3.JPEG,97,1.000000
4943,sketch/n02398521/sketch_30.JPEG,97,1.000000
4944,sketch/n02398521/sketch_31.JPEG,97,1.000000
4945,sketch/n02398521/sketch_32.JPEG,97,1.000000
4946,sketch/n02398521/sketch_33.JPEG,97,1.000000
4947,sketch/n02398521/sketch_34.JPEG,97,1.000000
4948,sketch/n02398521/sketch_35.JPEG,97,1.000000
4949,sketch/n02398521/sketch_36.JPEG,97,1.000000
4950,sketch/n02398521/sketch_37.JPEG,97,1.000000
4951,sketch/n02398521/sketch_38.JPEG,97,1.000000
4952,sketch/n02398521/sketch_39.JPEG,97,1.000000
4953,sketch/n02398521/sketch_4.JPEG,97,1.000000
4954,sketch/n02398521/sketch_40.JPEG,97,1.000000
4955,sketch/n02398521/sketch_41.JPEG,97,1.000000
4956,sketch/n02398521/sketch_42.JPEG,97,1.000000
4957,sketch/n02398521/sketch_43.JPEG,97,1.000000
4958,sketch/n02398521/sketch_44.JPEG,97,1.000000
4959,sketch/n02398521/sketch_45.JPEG,97,1.000000
4960,sketch/n02398521/sketch_46.JPEG,97,1.000000
4961,sketch/n02398521/sketch_47.JPEG,97,1.000000
4962,sketch/n02398521/sketch_48.JPEG,97,1.000000
4963,sketch/n02398521/sketch_49.JPEG,97,1.000000
4964,sketch/n02398521/sketch_5.JPEG,97,1.000000
4965,sketch/n02398521/sketch_50.JPEG,97,1.000000
4966,sketch/n02398521/sketch_6.JPEG,97,1.000000
4967,sketch/n02398521/sketch_7.JPEG,97,1.000000
4968,sketch/n02398521/sketch_8.JPEG,97,1.000000
4969,sketch/n02398521/sketch_9.JPEG,97,1.000000
4970,sketch/n02410509/sketch_0.JPEG,98,1.000000
4971,sketch/n02410509/sketch_1.JPEG,98,1.000000
4972,sketch/n02410509/sketch_10.JPEG,98,1.000000
4973,sketch/n02410509/sketch_11.JPEG,98,1.000000
4974,sketch/n02410509/sketch_12.JPEG,98,1.000000
4975,sketch/n02410509/sketch_13.JPEG,98,1.000000
4976,sketch/n02410509/sketch_14.JPEG,98,1.000000
4977,sketch/n02410509/sketch_15.JPEG,98,1.000000
4978,sketch/n02410509/sketch_16.JPEG,98,1.000000
4979,sketch/n02410509/sketch_17.JPEG,98,1.000000
4980,sketch/n02410509/sketch_18.JPEG,98,1.000000
4981,sketch/n02410509/sketch_19.JPEG,98,0.999999
4982,sketch/n02410509/sketch_2.JPEG,98,1.000000
4983,sketch/n02410509/sketch_20.JPEG,98,1.000000
4984,sketch/n02410509/sketch_21.JPEG,98,1.000000
4985,sketch/n02410509/sketch_22.JPEG,98,1.000000
4986,sketch/n02410509/sketch_23.JPEG,98,1.000000
4987,sketch/n02410509/sketch_24.JPEG,98,1.000000
4988,sketch/n02410509/sketch_25.JPEG,98,1.000000
4989,sketch/n02410509/sketch_26.JPEG,98,1.000000
4990,sketch/n02410509/sketch_27.JPEG,98,1.000000
4991,sketch/n02410509/sketch_28.JPEG,98,1.000000
4992,sketch/n02410509/sketch_29.JPEG,98,1.000001
4993,sketch/n02410509/sketch_3.JPEG,98,1.000000
4994,sketch/n02410509/sketch_30.JPEG,98,1.000000
4995,sketch/n02410509/sketch_31.JPEG,98,1.000000
4996,sketch/n02410509/sketch_32.JPEG,98,1.000000
4997,sketch/n02410509/sketch_33.JPEG,98,1.000000
4998,sketch/n02410509/sketch_34.JPEG,98,1.000000
4999,sketch/n02410509/sketch_35.JPEG,98,1.000000
5000,sketch/n02410509/sketch_36.JPEG,98,1.000000
5001,sketch/n02410509/sketch_37.JPEG,98,1.000000
5002,sketch/n02410509/sketch_38.JPEG,98,1.000000
5003,sketch/n02410509/sketch_39.JPEG,98,1.000000
5004,sketch/n02410509/sketch_4.JPEG,98,1.000000
5005,sketch/n02410509/sketch_40.JPEG,98,1.000000
5006,sketch/n02410509/sketch_41.JPEG,98,1.000000
5007,sketch/n02410509/sketch_42.JPEG,98,1.000000
5008,sketch/n02410509/sketch_43.JPEG,98,1.000000
5009,sketch/n02410509/sketch_44.JPEG,98,1.000000
5010,sketch/n02410509/sketch_45.JPEG,98,1.000000
5011,sketch/n02410509/sketch_46.JPEG,98,1.000000
5012,sketch/n02410509/sketch_47.JPEG,98,1.000000
5013,sketch/n02410509/sketch_48.JPEG,98,1.000000
5014,sketch/n02410509/sketch_49.JPEG,98,1.000000
5015,sketch/n02410509/sketch_5.JPEG,98,1.000000
5016,sketch/n02410509/sketch_50.JPEG,98,1.000000
5017,sketch/n02410509/sketch_6.JPEG,98,1.000000
5018,sketch/n02410509/sketch_7.JPEG,98,1.000000
5019,sketch/n02410509/sketch_8.JPEG,98,1.000000
5020,sketch/n02410509/sketch_9.JPEG,98,1.000000
5021,sketch/n02423022/sketch_0.JPEG,99,1.000000
5022,sketch/n02423022/sketch_1.JPEG,99,1.000000
5023,sketch/n02423022/sketch_10.JPEG,99,1.000000
5024,sketch/n02423022/sketch_11.JPEG,99,1.000000
5025,sketch/n02423022/sketch_12.JPEG,99,1.000000
5026,sketch/n02423022/sketch_13.JPEG,99,1.000000
5027,sketch/n02423022/sketch_14.JPEG,99,1.000000
5028,sketch/n02423022/sketch_15.JPEG,99,1.000000
5029,sketch/n02423022/sketch_16.JPEG,99,1.000000
5030,sketch/n02423022/sketch_17.JPEG,99,1.000000
5031,sketch/n02423022/sketch_18.JPEG,99,1.000000
5032,sketch/n02423022/sketch_19.JPEG,99,1.000000
5033,sketch/n02423022/sketch_2.JPEG,99,1.000000
5034,sketch/n02423022/sketch_20.JPEG,99,1.000000
5035,sketch/n02423022/sketch_21.JPEG,99,1.000000
5036,sketch/n02423022/sketch_22.JPEG,99,1.000000
5037,sketch/n02423022/sketch_23.JPEG,99,1.000000
5038,sketch/n02423022/sketch_24.JPEG,99,1.000000
5039,sketch/n02423022/sketch_25.JPEG,99,1.000000
5040,sketch/n02423022/sketch_26.JPEG,99,1.000000
5041,sketch/n02423022/sketch_27.JPEG,99,1.000000
5042,sketch/n02423022/sketch_28.JPEG,99,1.000000
5043,sketch/n02423022/sketch_29.JPEG,99,1.000000
5044,sketch/n02423022/sketch_3.JPEG,99,1.000000
5045,sketch/n02423022/sketch_30.JPEG,99,1.000000
5046,sketch/n02423022/sketch_31.JPEG,99,1.000000
5047,sketch/n02423022/sketch_32.JPEG,99,1.000000
5048,sketch/n02423022/sketch_33.JPEG,99,1.000000
5049,sketch/n02423022/sketch_34.JPEG,99,1.000000
5050,sketch/n02423022/sketch_35.JPEG,99,1.000000
5051,sketch/n02423022/sketch_36.JPEG,99,1.000000
5052,sketch/n02423022/sketch_33.JPEG,99,1.000000
5053,sketch/n02423022/sketch_38.JPEG,99,1.000000
5054,sketch/n02423022/sketch_39.JPEG,99,1.000000
5055,sketch/n02423022/sketch_4.JPEG,99,1.000000
5056,sketch/n02423022/sketch_40.JPEG,99,1.000000
5057,sketch/n02423022/sketch_41.JPEG,99,1.000000
5058,sketch/n02423022/sketch_42.JPEG,99,1.000000
5059,sketch/n02423022/sketch_43.JPEG,99,1.000000
5060,sketch/n02423022/sketch_44.JPEG,99,1.000000
5061,sketch/n02423022/sketch_45.JPEG,99,1.000000
5062,sketch/n02423022/sketch_46.JPEG,99,1.000000
5063,sketch/n02423022/sketch_47.JPEG,99,1.000000
5064,sketch/n02423022/sketch_48.JPEG,99,1.000000
5065,sketch/n02423022/sketch_49.JPEG,99,1.000000
5066,sketch/n02423022/sketch_5.JPEG,99,1.000000
5067,sketch/n02423022/sketch_6.JPEG,99,1.000000
5068,sketch/n02423022/sketch_7.JPEG,99,1.000000
5069,sketch/n02423022/sketch_8.JPEG,99,1.000000
5070,sketch/n02423022/sketch_9.JPEG,99,1.000000
5071,sketch/n02437616/sketch_0.JPEG,100,1.000000
5072,sketch/n02437616/sketch_1.JPEG,100,1.000000
5073,sketch/n02437616/sketch_10.JPEG,100,1.000000
5074,sketch/n02437616/sketch_11.JPEG,100,1.000000
5075,sketch/n02437616/sketch_12.JPEG,100,1.000000
5076,sketch/n02437616/sketch_13.JPEG,100,1.000000
5077,sketch/n02437616/sketch_14.JPEG,100,1.000000
5078,sketch/n02437616/sketch_15.JPEG,100,1.000000
5079,sketch/n02437616/sketch_16.JPEG,100,1.000000
5080,sketch/n02437616/sketch_17.JPEG,100,1.000000
5081,sketch/n02437616/sketch_18.JPEG,100,1.000000
5082,sketch/n02437616/sketch_19.JPEG,100,1.000000
5083,sketch/n02437616/sketch_2.JPEG,100,1.000000
5084,sketch/n02437616/sketch_20.JPEG,100,1.000000
5085,sketch/n02437616/sketch_21.JPEG,100,1.000000
5086,sketch/n02437616/sketch_22.JPEG,100,1.000000
5087,sketch/n02437616/sketch_23.JPEG,100,1.000000
5088,sketch/n02437616/sketch_24.JPEG,100,1.000000
5089,sketch/n02437616/sketch_25.JPEG,100,1.000000
5090,sketch/n02437616/sketch_26.JPEG,100,1.000000
5091,sketch/n02437616/sketch_27.JPEG,100,1.000000
5092,sketch/n02437616/sketch_28.JPEG,100,1.000000
5093,sketch/n02437616/sketch_29.JPEG,100,1.000000
5094,sketch/n02437616/sketch_3.JPEG,100,1.000000
5095,sketch/n02437616/sketch_30.JPEG,100,1.000000
5096,sketch/n02437616/sketch_31.JPEG,100,1.000000
5097,sketch/n02437616/sketch_32.JPEG,100,1.000000
5098,sketch/n02437616/sketch_33.JPEG,100,1.000000
5099,sketch/n02437616/sketch_34.JPEG,100,1.000000
5100,sketch/n02437616/sketch_35.JPEG,100,1.000000
5101,sketch/n02437616/sketch_36.JPEG,100,1.000000
5102,sketch/n02437616/sketch_37.JPEG,100,1.000000
5103,sketch/n02437616/sketch_38.JPEG,100,1.000000
5104,sketch/n02437616/sketch_39.JPEG,100,1.000000
5105,sketch/n02437616/sketch_4.JPEG,100,1.000000
5106,sketch/n02437616/sketch_40.JPEG,100,1.000000
5107,sketch/n02437616/sketch_41.JPEG,100,1.000000
5108,sketch/n02437616/sketch_42.JPEG,100,1.000000
5109,sketch/n02437616/sketch_43.JPEG,100,1.000000
5110,sketch/n02437616/sketch_44.JPEG,100,1.000000
5111,sketch/n02437616/sketch_45.JPEG,100,1.000000
5112,sketch/n02437616/sketch_46.JPEG,100,1.000000
5113,sketch/n02437616/sketch_47.JPEG,100,1.000000
5114,sketch/n02437616/sketch_48.JPEG,100,1.000000
5115,sketch/n02437616/sketch_49.JPEG,100,1.000000
5116,sketch/n02437616/sketch_5.JPEG,100,1.000000
5117,sketch/n02437616/sketch_50.JPEG,100,1.000000
5118,sketch/n02437616/sketch_6.JPEG,100,1.000000
5119,sketch/n02437616/sketch_7.JPEG,100,1.000000
5120,sketch/n02437616/sketch_8.JPEG,100,1.000000
5121,sketch/n02437616/sketch_9.JPEG,100,1.000000
5122,sketch/n02445715/sketch_0.JPEG,101,1.000000
5123,sketch/n02445715/sketch_1.JPEG,101,1.000000
5124,sketch/n02445715/sketch_10.JPEG,101,1.000000
5125,sketch/n02445715/sketch_11.JPEG,101,1.000000
5126,sketch/n02445715/sketch_12.JPEG,101,1.000000
5127,sketch/n02445715/sketch_13.JPEG,101,0.999999
5128,sketch/n02445715/sketch_14.JPEG,101,1.000000
5129,sketch/n02445715/sketch_15.JPEG,101,1.000000
5130,sketch/n02445715/sketch_16.JPEG,101,1.000000
5131,sketch/n02445715/sketch_17.JPEG,101,1.000000
5132,sketch/n02445715/sketch_18.JPEG,101,1.000000
5133,sketch/n02445715/sketch_19.JPEG,101,1.000000
5134,sketch/n02445715/sketch_2.JPEG,101,1.000000
5135,sketch/n02445715/sketch_20.JPEG,101,1.000000
5136,sketch/n02445715/sketch_21.JPEG,101,1.000000
5137,sketch/n02445715/sketch_22.JPEG,101,1.000000
5138,sketch/n02445715/sketch_23.JPEG,101,1.000000
5139,sketch/n02445715/sketch_24.JPEG,101,1.000000
5140,sketch/n02445715/sketch_25.JPEG,101,1.000000
5141,sketch/n02445715/sketch_26.JPEG,101,1.000000
5142,sketch/n02445715/sketch_27.JPEG,101,1.000000
5143,sketch/n02445715/sketch_28.JPEG,101,0.999999
5144,sketch/n02445715/sketch_29.JPEG,101,1.000000
5145,sketch/n02445715/sketch_3.JPEG,101,1.000000
5146,sketch/n02445715/sketch_30.JPEG,101,1.000000
5147,sketch/n02445715/sketch_31.JPEG,101,1.000000
5148,sketch/n02445715/sketch_32.JPEG,101,1.000000
5149,sketch/n02445715/sketch_33.JPEG,101,1.000000
5150,sketch/n02445715/sketch_34.JPEG,101,1.000000
5151,sketch/n02445715/sketch_35.JPEG,101,1.000000
5152,sketch/n02445715/sketch_36.JPEG,101,1.000000
5153,sketch/n02445715/sketch_37.JPEG,101,1.000000
5154,sketch/n02445715/sketch_38.JPEG,101,1.000000
5155,sketch/n02445715/sketch_39.JPEG,101,1.000000
5156,sketch/n02445715/sketch_4.JPEG,101,1.000000
5157,sketch/n02445715/sketch_40.JPEG,101,1.000000
5158,sketch/n02445715/sketch_41.JPEG,101,1.000000
5159,sketch/n02445715/sketch_42.JPEG,101,1.000000
5160,sketch/n02445715/sketch_43.JPEG,101,1.000000
5161,sketch/n02445715/sketch_44.JPEG,101,1.000000
5162,sketch/n02445715/sketch_45.JPEG,101,1.000000
5163,sketch/n02445715/sketch_46.JPEG,101,1.000000
5164,sketch/n02445715/sketch_47.JPEG,101,1.000000
5165,sketch/n02445715/sketch_48.JPEG,101,1.000000
5166,sketch/n02445715/sketch_49.JPEG,101,1.000000
5167,sketch/n02445715/sketch_5.JPEG,101,1.000000
5168,sketch/n02445715/sketch_50.JPEG,101,1.000000
5169,sketch/n02445715/sketch_6.JPEG,101,1.000000
5170,sketch/n02445715/sketch_7.JPEG,101,1.000000
5171,sketch/n02445715/sketch_8.JPEG,101,1.000000
5172,sketch/n02445715/sketch_9.JPEG,101,1.000000
5173,sketch/n02447366/sketch_0.JPEG,102,1.000000
5174,sketch/n02447366/sketch_1.JPEG,102,1.000000
5175,sketch/n02447366/sketch_10.JPEG,102,1.000000
5176,sketch/n02447366/sketch_11.JPEG,102,1.000000
5177,sketch/n02447366/sketch_12.JPEG,102,1.000000
5178,sketch/n02447366/sketch_13.JPEG,102,1.000000
5179,sketch/n02447366/sketch_14.JPEG,102,1.000000
5180,sketch/n02447366/sketch_15.JPEG,102,1.000000
5181,sketch/n02447366/sketch_16.JPEG,102,1.000000
5182,sketch/n02447366/sketch_17.JPEG,102,1.000000
5183,sketch/n02447366/sketch_18.JPEG,102,1.000000
5184,sketch/n02447366/sketch_19.JPEG,102,1.000000
5185,sketch/n02447366/sketch_2.JPEG,102,1.000000
5186,sketch/n02447366/sketch_20.JPEG,102,1.000000
5187,sketch/n02447366/sketch_21.JPEG,102,1.000000
5188,sketch/n02447366/sketch_22.JPEG,102,1.000000
5189,sketch/n02447366/sketch_23.JPEG,102,1.000000
5190,sketch/n02447366/sketch_24.JPEG,102,1.000000
5191,sketch/n02447366/sketch_25.JPEG,102,1.000000
5192,sketch/n02447366/sketch_26.JPEG,102,1.000000
5193,sketch/n02447366/sketch_27.JPEG,102,1.000000
5194,sketch/n02447366/sketch_28.JPEG,102,1.000000
5195,sketch/n02447366/sketch_29.JPEG,102,1.000000
5196,sketch/n02447366/sketch_3.JPEG,102,1.000000
5197,sketch/n02447366/sketch_30.JPEG,102,1.000000
5198,sketch/n02447366/sketch_31.JPEG,102,1.000000
5199,sketch/n02447366/sketch_32.JPEG,102,1.000000
5200,sketch/n02447366/sketch_33.JPEG,102,1.000000
5201,sketch/n02447366/sketch_34.JPEG,102,1.000000
5202,sketch/n02447366/sketch_35.JPEG,102,1.000000
5203,sketch/n02447366/sketch_36.JPEG,102,1.000000
5204,sketch/n02447366/sketch_37.JPEG,102,1.000000
5205,sketch/n02447366/sketch_38.JPEG,102,1.000000
5206,sketch/n02447366/sketch_39.JPEG,102,1.000000
5207,sketch/n02447366/sketch_4.JPEG,102,1.000000
5208,sketch/n02447366/sketch_40.JPEG,102,1.000000
5209,sketch/n02447366/sketch_41.JPEG,102,1.000000
5210,sketch/n02447366/sketch_42.JPEG,102,1.000000
5211,sketch/n02447366/sketch_43.JPEG,102,1.000000
5212,sketch/n02447366/sketch_44.JPEG,102,1.000000
5213,sketch/n02447366/sketch_45.JPEG,102,1.000000
5214,sketch/n02447366/sketch_46.JPEG,102,1.000000
5215,sketch/n02447366/sketch_47.JPEG,102,1.000000
5216,sketch/n02447366/sketch_48.JPEG,102,1.000000
5217,sketch/n02447366/sketch_49.JPEG,102,1.000000
5218,sketch/n02447366/sketch_5.JPEG,102,1.000000
5219,sketch/n02447366/sketch_6.JPEG,102,1.000000
5220,sketch/n02447366/sketch_7.JPEG,102,1.000000
5221,sketch/n02447366/sketch_8.JPEG,102,1.000000
5222,sketch/n02447366/sketch_9.JPEG,102,1.000000
5223,sketch/n02480495/sketch_0.JPEG,103,1.000000
5224,sketch/n02480495/sketch_1.JPEG,103,1.000000
5225,sketch/n02480495/sketch_10.JPEG,103,1.000000
5226,sketch/n02480495/sketch_11.JPEG,103,1.000000
5227,sketch/n02480495/sketch_12.JPEG,103,1.000000
5228,sketch/n02480495/sketch_13.JPEG,103,1.000000
5229,sketch/n02480495/sketch_14.JPEG,103,1.000000
5230,sketch/n02480495/sketch_15.JPEG,103,1.000000
5231,sketch/n02480495/sketch_16.JPEG,103,1.000000
5232,sketch/n02480495/sketch_17.JPEG,103,1.000000
5233,sketch/n02480495/sketch_18.JPEG,103,1.000000
5234,sketch/n02480495/sketch_19.JPEG,103,1.000000
5235,sketch/n02480495/sketch_2.JPEG,103,1.000000
5236,sketch/n02480495/sketch_20.JPEG,103,1.000000
5237,sketch/n02480495/sketch_21.JPEG,103,1.000000
5238,sketch/n02480495/sketch_22.JPEG,103,1.000000
5239,sketch/n02480495/sketch_23.JPEG,103,1.000000
5240,sketch/n02480495/sketch_24.JPEG,103,1.000000
5241,sketch/n02480495/sketch_25.JPEG,103,1.000000
5242,sketch/n02480495/sketch_26.JPEG,103,1.000000
5243,sketch/n02480495/sketch_27.JPEG,103,1.000000
5244,sketch/n02480495/sketch_28.JPEG,103,1.000000
5245,sketch/n02480495/sketch_29.JPEG,103,1.000000
5246,sketch/n02480495/sketch_3.JPEG,103,1.000000
5247,sketch/n02480495/sketch_30.JPEG,103,1.000000
5248,sketch/n02480495/sketch_31.JPEG,103,1.000000
5249,sketch/n02480495/sketch_32.JPEG,103,1.000000
5250,sketch/n02480495/sketch_33.JPEG,103,1.000000
5251,sketch/n02480495/sketch_34.JPEG,103,1.000000
5252,sketch/n02480495/sketch_35.JPEG,103,1.000000
5253,sketch/n02480495/sketch_36.JPEG,103,1.000000
5254,sketch/n02480495/sketch_37.JPEG,103,1.000000
5255,sketch/n02480495/sketch_38.JPEG,103,1.000000
5256,sketch/n02480495/sketch_39.JPEG,103,1.000000
5257,sketch/n02480495/sketch_4.JPEG,103,1.000000
5258,sketch/n02480495/sketch_40.JPEG,103,1.000000
5259,sketch/n02480495/sketch_41.JPEG,103,1.000000
5260,sketch/n02480495/sketch_42.JPEG,103,1.000000
5261,sketch/n02480495/sketch_43.JPEG,103,1.000000
5262,sketch/n02480495/sketch_44.JPEG,103,1.000000
5263,sketch/n02480495/sketch_45.JPEG,103,1.000000
5264,sketch/n02480495/sketch_46.JPEG,103,1.000000
5265,sketch/n02480495/sketch_47.JPEG,103,1.000000
5266,sketch/n02480495/sketch_48.JPEG,103,1.000000
5267,sketch/n02480495/sketch_49.JPEG,103,1.000000
5268,sketch/n02480495/sketch_5.JPEG,103,1.000000
5269,sketch/n02480495/sketch_50.JPEG,103,1.000000
5270,sketch/n02480495/sketch_6.JPEG,103,1.000000
5271,sketch/n02480495/sketch_7.JPEG,103,1.000000
5272,sketch/n02480495/sketch_8.JPEG,103,1.000000
5273,sketch/n02480495/sketch_9.JPEG,103,1.000000
5274,sketch/n02480855/sketch_0.JPEG,104,1.000000
5275,sketch/n02480855/sketch_1.JPEG,104,1.000000
5276,sketch/n02480855/sketch_10.JPEG,104,1.000000
5277,sketch/n02480855/sketch_11.JPEG,104,1.000000
5278,sketch/n02480855/sketch_12.JPEG,104,1.000000
5279,sketch/n02480855/sketch_13.JPEG,104,1.000000
5280,sketch/n02480855/sketch_14.JPEG,104,1.000000
5281,sketch/n02480855/sketch_15.JPEG,104,1.000000
5282,sketch/n02480855/sketch_16.JPEG,104,1.000000
5283,sketch/n02480855/sketch_17.JPEG,104,1.000000
5284,sketch/n02480855/sketch_18.JPEG,104,1.000000
5285,sketch/n02480855/sketch_19.JPEG,104,1.000000
5286,sketch/n02480855/sketch_2.JPEG,104,1.000000
5287,sketch/n02480855/sketch_20.JPEG,104,1.000000
5288,sketch/n02480855/sketch_21.JPEG,104,1.000000
5289,sketch/n02480855/sketch_22.JPEG,104,1.000000
5290,sketch/n02480855/sketch_23.JPEG,104,1.000000
5291,sketch/n02480855/sketch_24.JPEG,104,1.000000
5292,sketch/n02480855/sketch_25.JPEG,104,1.000000
5293,sketch/n02480855/sketch_26.JPEG,104,1.000000
5294,sketch/n02480855/sketch_27.JPEG,104,1.000000
5295,sketch/n02480855/sketch_28.JPEG,104,1.000000
5296,sketch/n02480855/sketch_29.JPEG,104,1.000000
5297,sketch/n02480855/sketch_3.JPEG,104,1.000000
5298,sketch/n02480855/sketch_30.JPEG,104,1.000000
5299,sketch/n02480855/sketch_31.JPEG,104,1.000000
5300,sketch/n02480855/sketch_32.JPEG,104,1.000000
5301,sketch/n02480855/sketch_33.JPEG,104,1.000000
5302,sketch/n02480855/sketch_34.JPEG,104,1.000000
5303,sketch/n02480855/sketch_35.JPEG,104,1.000000
5304,sketch/n02480855/sketch_36.JPEG,104,0.999999
5305,sketch/n02480855/sketch_37.JPEG,104,1.000000
5306,sketch/n02480855/sketch_38.JPEG,104,1.000000
5307,sketch/n02480855/sketch_39.JPEG,104,1.000000
5308,sketch/n02480855/sketch_4.JPEG,104,1.000000
5309,sketch/n02480855/sketch_40.JPEG,104,1.000000
5310,sketch/n02480855/sketch_41.JPEG,104,1.000000
5311,sketch/n02480855/sketch_42.JPEG,104,1.000000
5312,sketch/n02480855/sketch_43.JPEG,104,1.000000
5313,sketch/n02480855/sketch_44.JPEG,104,1.000000
5314,sketch/n02480855/sketch_45.JPEG,104,1.000000
5315,sketch/n02480855/sketch_46.JPEG,104,1.000000
5316,sketch/n02480855/sketch_47.JPEG,104,1.000000
5317,sketch/n02480855/sketch_48.JPEG,104,1.000000
5318,sketch/n02480855/sketch_49.JPEG,104,1.000000
5319,sketch/n02480855/sketch_5.JPEG,104,1.000000
5320,sketch/n02480855/sketch_6.JPEG,104,1.000000
5321,sketch/n02480855/sketch_7.JPEG,104,1.000000
5322,sketch/n02480855/sketch_8.JPEG,104,1.000000
5323,sketch/n02480855/sketch_9.JPEG,104,1.000000
5324,sketch/n02481823/sketch_0.JPEG,105,1.000000
5325,sketch/n02481823/sketch_1.JPEG,105,1.000000
5326,sketch/n02481823/sketch_10.JPEG,105,1.000000
5327,sketch/n02481823/sketch_11.JPEG,105,1.000000
5328,sketch/n02481823/sketch_12.JPEG,105,1.000000
5329,sketch/n02481823/sketch_13.JPEG,105,1.000000
5330,sketch/n02481823/sketch_14.JPEG,105,1.000000
5331,sketch/n02481823/sketch_15.JPEG,105,1.000000
5332,sketch/n02481823/sketch_16.JPEG,105,1.000000
5333,sketch/n02481823/sketch_17.JPEG,105,1.000000
5334,sketch/n02481823/sketch_18.JPEG,105,1.000000
5335,sketch/n02481823/sketch_19.JPEG,105,1.000000
5336,sketch/n02481823/sketch_2.JPEG,105,1.000000
5337,sketch/n02481823/sketch_20.JPEG,105,1.000000
5338,sketch/n02481823/sketch_21.JPEG,105,1.000000
5339,sketch/n02481823/sketch_22.JPEG,105,1.000000
5340,sketch/n02481823/sketch_23.JPEG,105,1.000000
5341,sketch/n02481823/sketch_24.JPEG,105,1.000000
5342,sketch/n02481823/sketch_25.JPEG,105,1.000000
5343,sketch/n02481823/sketch_26.JPEG,105,1.000000
5344,sketch/n02481823/sketch_27.JPEG,105,1.000000
5345,sketch/n02481823/sketch_28.JPEG,105,1.000000
5346,sketch/n02481823/sketch_29.JPEG,105,1.000000
5347,sketch/n02481823/sketch_3.JPEG,105,1.000000
5348,sketch/n02481823/sketch_30.JPEG,105,1.000000
5349,sketch/n02481823/sketch_31.JPEG,105,1.000000
5350,sketch/n02481823/sketch_32.JPEG,105,1.000000
5351,sketch/n02481823/sketch_33.JPEG,105,1.000000
5352,sketch/n02481823/sketch_34.JPEG,105,1.000000
5353,sketch/n02481823/sketch_35.JPEG,105,1.000000
5354,sketch/n02481823/sketch_36.JPEG,105,1.000000
5355,sketch/n02481823/sketch_37.JPEG,105,1.000000
5356,sketch/n02481823/sketch_38.JPEG,105,1.000000
5357,sketch/n02481823/sketch_39.JPEG,105,1.000000
5358,sketch/n02481823/sketch_4.JPEG,105,1.000000
5359,sketch/n02481823/sketch_40.JPEG,105,1.000000
5360,sketch/n02481823/sketch_41.JPEG,105,1.000000
5361,sketch/n02481823/sketch_42.JPEG,105,1.000000
5362,sketch/n02481823/sketch_43.JPEG,105,1.000000
5363,sketch/n02481823/sketch_44.JPEG,105,1.000000
5364,sketch/n02481823/sketch_45.JPEG,105,1.000000
5365,sketch/n02481823/sketch_46.JPEG,105,1.000000
5366,sketch/n02481823/sketch_47.JPEG,105,1.000000
5367,sketch/n02481823/sketch_48.JPEG,105,1.000000
5368,sketch/n02481823/sketch_49.JPEG,105,1.000000
5369,sketch/n02481823/sketch_5.JPEG,105,1.000000
5370,sketch/n02481823/sketch_6.JPEG,105,0.999999
5371,sketch/n02481823/sketch_7.JPEG,105,1.000000
5372,sketch/n02481823/sketch_8.JPEG,105,1.000000
5373,sketch/n02481823/sketch_9.JPEG,105,1.000000
5374,sketch/n02483362/sketch_0.JPEG,106,1.000000
5375,sketch/n02483362/sketch_1.JPEG,106,1.000000
5376,sketch/n02483362/sketch_10.JPEG,106,1.000000
5377,sketch/n02483362/sketch_11.JPEG,106,1.000000
5378,sketch/n02483362/sketch_12.JPEG,106,1.000000
5379,sketch/n02483362/sketch_13.JPEG,106,1.000000
5380,sketch/n02483362/sketch_14.JPEG,106,1.000000
5381,sketch/n02483362/sketch_15.JPEG,106,1.000000
5382,sketch/n02483362/sketch_16.JPEG,106,1.000000
5383,sketch/n02483362/sketch_17.JPEG,106,1.000000
5384,sketch/n02483362/sketch_18.JPEG,106,1.000000
5385,sketch/n02483362/sketch_19.JPEG,106,1.000000
5386,sketch/n02483362/sketch_2.JPEG,106,1.000000
5387,sketch/n02483362/sketch_20.JPEG,106,1.000000
5388,sketch/n02483362/sketch_21.JPEG,106,1.000000
5389,sketch/n02483362/sketch_22.JPEG,106,1.000000
5390,sketch/n02483362/sketch_23.JPEG,106,1.000000
5391,sketch/n02483362/sketch_24.JPEG,106,1.000000
5392,sketch/n02483362/sketch_25.JPEG,106,1.000000
5393,sketch/n02483362/sketch_26.JPEG,106,1.000000
5394,sketch/n02483362/sketch_27.JPEG,106,1.000000
5395,sketch/n02483362/sketch_28.JPEG,106,1.000000
5396,sketch/n02483362/sketch_29.JPEG,106,1.000000
5397,sketch/n02483362/sketch_3.JPEG,106,1.000000
5398,sketch/n02483362/sketch_30.JPEG,106,1.000000
5399,sketch/n02483362/sketch_31.JPEG,106,1.000000
5400,sketch/n02483362/sketch_32.JPEG,106,1.000000
5401,sketch/n02483362/sketch_33.JPEG,106,1.000000
5402,sketch/n02483362/sketch_34.JPEG,106,1.000000
5403,sketch/n02483362/sketch_35.JPEG,106,1.000000
5404,sketch/n02483362/sketch_36.JPEG,106,1.000000
5405,sketch/n02483362/sketch_37.JPEG,106,1.000000
5406,sketch/n02483362/sketch_38.JPEG,106,1.000000
5407,sketch/n02483362/sketch_39.JPEG,106,1.000000
5408,sketch/n02483362/sketch_4.JPEG,106,1.000000
5409,sketch/n02483362/sketch_40.JPEG,106,1.000000
5410,sketch/n02483362/sketch_41.JPEG,106,1.000000
5411,sketch/n02483362/sketch_42.JPEG,106,1.000000
5412,sketch/n02483362/sketch_43.JPEG,106,1.000000
5413,sketch/n02483362/sketch_44.JPEG,106,1.000000
5414,sketch/n02483362/sketch_45.JPEG,106,1.000000
5415,sketch/n02483362/sketch_46.JPEG,106,1.000000
5416,sketch/n02483362/sketch_47.JPEG,106,1.000000
5417,sketch/n02483362/sketch_48.JPEG,106,1.000000
5418,sketch/n02483362/sketch_49.JPEG,106,1.000000
5419,sketch/n02483362/sketch_5.JPEG,106,1.000000
5420,sketch/n02483362/sketch_50.JPEG,106,1.000000
5421,sketch/n02483362/sketch_6.JPEG,106,1.000000
5422,sketch/n02483362/sketch_7.JPEG,106,1.000000
5423,sketch/n02483362/sketch_8.JPEG,106,1.000000
5424,sketch/n02483362/sketch_9.JPEG,106,1.000000
5425,sketch/n02486410/sketch_0.JPEG,107,1.000000
5426,sketch/n02486410/sketch_1.JPEG,107,1.000000
5427,sketch/n02486410/sketch_10.JPEG,107,1.000000
5428,sketch/n02486410/sketch_11.JPEG,107,1.000000
5429,sketch/n02486410/sketch_12.JPEG,107,0.999999
5430,sketch/n02486410/sketch_13.JPEG,107,1.000000
5431,sketch/n02486410/sketch_14.JPEG,107,1.000000
5432,sketch/n02486410/sketch_15.JPEG,107,1.000000
5433,sketch/n02486410/sketch_16.JPEG,107,1.000000
5434,sketch/n02486410/sketch_17.JPEG,107,1.000000
5435,sketch/n02486410/sketch_18.JPEG,107,1.000000
5436,sketch/n02486410/sketch_19.JPEG,107,0.999999
5437,sketch/n02486410/sketch_2.JPEG,107,1.000000
5438,sketch/n02486410/sketch_20.JPEG,107,1.000000
5439,sketch/n02486410/sketch_21.JPEG,107,1.000000
5440,sketch/n02486410/sketch_22.JPEG,107,1.000000
5441,sketch/n02486410/sketch_23.JPEG,107,1.000000
5442,sketch/n02486410/sketch_24.JPEG,107,1.000000
5443,sketch/n02486410/sketch_25.JPEG,107,1.000000
5444,sketch/n02486410/sketch_26.JPEG,107,1.000000
5445,sketch/n02486410/sketch_27.JPEG,107,1.000000
5446,sketch/n02486410/sketch_28.JPEG,107,1.000000
5447,sketch/n02486410/sketch_29.JPEG,107,1.000000
5448,sketch/n02486410/sketch_3.JPEG,107,1.000000
5449,sketch/n02486410/sketch_30.JPEG,107,1.000000
5450,sketch/n02486410/sketch_31.JPEG,107,1.000000
5451,sketch/n02486410/sketch_32.JPEG,107,1.000000
5452,sketch/n02486410/sketch_33.JPEG,107,1.000000
5453,sketch/n02486410/sketch_34.JPEG,107,1.000000
5454,sketch/n02486410/sketch_35.JPEG,107,1.000000
5455,sketch/n02486410/sketch_36.JPEG,107,1.000000
5456,sketch/n02486410/sketch_37.JPEG,107,1.000000
5457,sketch/n02486410/sketch_38.JPEG,107,1.000000
5458,sketch/n02486410/sketch_39.JPEG,107,1.000000
5459,sketch/n02486410/sketch_4.JPEG,107,1.000000
5460,sketch/n02486410/sketch_40.JPEG,107,1.000000
5461,sketch/n02486410/sketch_41.JPEG,107,1.000000
5462,sketch/n02486410/sketch_42.JPEG,107,1.000000
5463,sketch/n02486410/sketch_43.JPEG,107,1.000000
5464,sketch/n02486410/sketch_44.JPEG,107,1.000000
5465,sketch/n02486410/sketch_45.JPEG,107,1.000000
5466,sketch/n02486410/sketch_46.JPEG,107,1.000000
5467,sketch/n02486410/sketch_47.JPEG,107,1.000000
5468,sketch/n02486410/sketch_48.JPEG,107,1.000000
5469,sketch/n02486410/sketch_49.JPEG,107,1.000000
5470,sketch/n02486410/sketch_5.JPEG,107,1.000000
5471,sketch/n02486410/sketch_50.JPEG,107,1.000000
5472,sketch/n02486410/sketch_6.JPEG,107,1.000000
5473,sketch/n02486410/sketch_7.JPEG,107,1.000000
5474,sketch/n02486410/sketch_8.JPEG,107,1.000000
5475,sketch/n02486410/sketch_9.JPEG,107,1.000000
5476,sketch/n02510455/sketch_0.JPEG,108,1.000000
5477,sketch/n02510455/sketch_1.JPEG,108,1.000000
5478,sketch/n02510455/sketch_10.JPEG,108,1.000000
5479,sketch/n02510455/sketch_11.JPEG,108,1.000000
5480,sketch/n02510455/sketch_12.JPEG,108,1.000000
5481,sketch/n02510455/sketch_13.JPEG,108,1.000000
5482,sketch/n02510455/sketch_14.JPEG,108,1.000000
5483,sketch/n02510455/sketch_15.JPEG,108,1.000000
5484,sketch/n02510455/sketch_16.JPEG,108,1.000000
5485,sketch/n02510455/sketch_17.JPEG,108,1.000000
5486,sketch/n02510455/sketch_18.JPEG,108,1.000000
5487,sketch/n02510455/sketch_19.JPEG,108,1.000000
5488,sketch/n02510455/sketch_2.JPEG,108,1.000000
5489,sketch/n02510455/sketch_20.JPEG,108,1.000000
5490,sketch/n02510455/sketch_21.JPEG,108,1.000000
5491,sketch/n02510455/sketch_22.JPEG,108,1.000000
5492,sketch/n02510455/sketch_23.JPEG,108,1.000000
5493,sketch/n02510455/sketch_24.JPEG,108,1.000000
5494,sketch/n02510455/sketch_25.JPEG,108,1.000000
5495,sketch/n02510455/sketch_26.JPEG,108,1.000000
5496,sketch/n02510455/sketch_27.JPEG,108,1.000001
5497,sketch/n02510455/sketch_28.JPEG,108,1.000000
5498,sketch/n02510455/sketch_29.JPEG,108,1.000000
5499,sketch/n02510455/sketch_3.JPEG,108,1.000000
5500,sketch/n02510455/sketch_30.JPEG,108,1.000000
5501,sketch/n02510455/sketch_31.JPEG,108,1.000000
5502,sketch/n02510455/sketch_32.JPEG,108,1.000000
5503,sketch/n02510455/sketch_33.JPEG,108,1.000000
5504,sketch/n02510455/sketch_34.JPEG,108,1.000000
5505,sketch/n02510455/sketch_35.JPEG,108,1.000000
5506,sketch/n02510455/sketch_36.JPEG,108,1.000000
5507,sketch/n02510455/sketch_37.JPEG,108,1.000000
5508,sketch/n02510455/sketch_38.JPEG,108,1.000000
5509,sketch/n02510455/sketch_39.JPEG,108,1.000000
5510,sketch/n02510455/sketch_4.JPEG,108,1.000000
5511,sketch/n02510455/sketch_40.JPEG,108,1.000000
5512,sketch/n02510455/sketch_41.JPEG,108,1.000000
5513,sketch/n02510455/sketch_42.JPEG,108,1.000000
5514,sketch/n02510455/sketch_43.JPEG,108,1.000000
5515,sketch/n02510455/sketch_44.JPEG,108,1.000000
5516,sketch/n02510455/sketch_45.JPEG,108,1.000000
5517,sketch/n02510455/sketch_46.JPEG,108,1.000000
5518,sketch/n02510455/sketch_47.JPEG,108,1.000000
5519,sketch/n02510455/sketch_48.JPEG,108,1.000000
5520,sketch/n02510455/sketch_49.JPEG,108,1.000000
5521,sketch/n02510455/sketch_5.JPEG,108,1.000000
5522,sketch/n02510455/sketch_50.JPEG,108,1.000000
5523,sketch/n02510455/sketch_6.JPEG,108,1.000000
5524,sketch/n02510455/sketch_7.JPEG,108,1.000000
5525,sketch/n02510455/sketch_8.JPEG,108,1.000000
5526,sketch/n02510455/sketch_9.JPEG,108,1.000000
5527,sketch/n02526121/sketch_0.JPEG,109,1.000000
5528,sketch/n02526121/sketch_1.JPEG,109,1.000000
5529,sketch/n02526121/sketch_10.JPEG,109,1.000000
5530,sketch/n02526121/sketch_11.JPEG,109,1.000000
5531,sketch/n02526121/sketch_12.JPEG,109,1.000000
5532,sketch/n02526121/sketch_13.JPEG,109,1.000000
5533,sketch/n02526121/sketch_14.JPEG,109,1.000000
5534,sketch/n02526121/sketch_15.JPEG,109,1.000000
5535,sketch/n02526121/sketch_16.JPEG,109,1.000000
5536,sketch/n02526121/sketch_17.JPEG,109,1.000000
5537,sketch/n02526121/sketch_18.JPEG,109,1.000000
5538,sketch/n02526121/sketch_19.JPEG,109,1.000000
5539,sketch/n02526121/sketch_2.JPEG,109,1.000000
5540,sketch/n02526121/sketch_20.JPEG,109,1.000000
5541,sketch/n02526121/sketch_21.JPEG,109,1.000000
5542,sketch/n02526121/sketch_22.JPEG,109,1.000000
5543,sketch/n02526121/sketch_23.JPEG,109,1.000000
5544,sketch/n02526121/sketch_24.JPEG,109,1.000000
5545,sketch/n02526121/sketch_25.JPEG,109,1.000000
5546,sketch/n02526121/sketch_26.JPEG,109,1.000000
5547,sketch/n02526121/sketch_27.JPEG,109,1.000000
5548,sketch/n02526121/sketch_28.JPEG,109,1.000000
5549,sketch/n02526121/sketch_29.JPEG,109,1.000000
5550,sketch/n02526121/sketch_3.JPEG,109,1.000000
5551,sketch/n02526121/sketch_30.JPEG,109,1.000001
5552,sketch/n02526121/sketch_31.JPEG,109,1.000000
5553,sketch/n02526121/sketch_32.JPEG,109,1.000000
5554,sketch/n02526121/sketch_33.JPEG,109,1.000000
5555,sketch/n02526121/sketch_34.JPEG,109,1.000000
5556,sketch/n02526121/sketch_35.JPEG,109,1.000000
5557,sketch/n02526121/sketch_36.JPEG,109,1.000000
5558,sketch/n02526121/sketch_37.JPEG,109,1.000000
5559,sketch/n02526121/sketch_38.JPEG,109,1.000000
5560,sketch/n02526121/sketch_39.JPEG,109,1.000000
5561,sketch/n02526121/sketch_4.JPEG,109,1.000000
5562,sketch/n02526121/sketch_40.JPEG,109,1.000000
5563,sketch/n02526121/sketch_41.JPEG,109,1.000000
5564,sketch/n02526121/sketch_42.JPEG,109,1.000000
5565,sketch/n02526121/sketch_43.JPEG,109,1.000000
5566,sketch/n02526121/sketch_44.JPEG,109,1.000000
5567,sketch/n02526121/sketch_45.JPEG,109,1.000000
5568,sketch/n02526121/sketch_46.JPEG,109,1.000000
5569,sketch/n02526121/sketch_47.JPEG,109,1.000000
5570,sketch/n02526121/sketch_48.JPEG,109,1.000000
5571,sketch/n02526121/sketch_49.JPEG,109,1.000000
5572,sketch/n02526121/sketch_5.JPEG,109,1.000000
5573,sketch/n02526121/sketch_50.JPEG,109,1.000000
5574,sketch/n02526121/sketch_6.JPEG,109,1.000000
5575,sketch/n02526121/sketch_7.JPEG,109,1.000000
5576,sketch/n02526121/sketch_8.JPEG,109,1.000000
5577,sketch/n02526121/sketch_9.JPEG,109,1.000000
5578,sketch/n02607072/sketch_0.JPEG,110,1.000000
5579,sketch/n02607072/sketch_1.JPEG,110,1.000000
5580,sketch/n02607072/sketch_10.JPEG,110,1.000000
5581,sketch/n02607072/sketch_11.JPEG,110,0.999999
5582,sketch/n02607072/sketch_12.JPEG,110,1.000000
5583,sketch/n02607072/sketch_13.JPEG,110,1.000000
5584,sketch/n02607072/sketch_14.JPEG,110,1.000000
5585,sketch/n02607072/sketch_15.JPEG,110,1.000000
5586,sketch/n02607072/sketch_16.JPEG,110,1.000000
5587,sketch/n02607072/sketch_17.JPEG,110,1.000000
5588,sketch/n02607072/sketch_18.JPEG,110,1.000000
5589,sketch/n02607072/sketch_19.JPEG,110,1.000000
5590,sketch/n02607072/sketch_2.JPEG,110,1.000000
5591,sketch/n02607072/sketch_20.JPEG,110,1.000000
5592,sketch/n02607072/sketch_21.JPEG,110,1.000000
5593,sketch/n02607072/sketch_22.JPEG,110,1.000000
5594,sketch/n02607072/sketch_23.JPEG,110,1.000000
5595,sketch/n02607072/sketch_24.JPEG,110,1.000000
5596,sketch/n02607072/sketch_25.JPEG,110,1.000000
5597,sketch/n02607072/sketch_26.JPEG,110,1.000000
5598,sketch/n02607072/sketch_27.JPEG,110,1.000000
5599,sketch/n02607072/sketch_28.JPEG,110,1.000000
5600,sketch/n02607072/sketch_29.JPEG,110,1.000000
5601,sketch/n02607072/sketch_3.JPEG,110,1.000000
5602,sketch/n02607072/sketch_30.JPEG,110,1.000000
5603,sketch/n02607072/sketch_31.JPEG,110,1.000000
5604,sketch/n02607072/sketch_32.JPEG,110,1.000000
5605,sketch/n02607072/sketch_33.JPEG,110,1.000000
5606,sketch/n02607072/sketch_34.JPEG,110,1.000000
5607,sketch/n02607072/sketch_35.JPEG,110,1.000000
5608,sketch/n02607072/sketch_36.JPEG,110,1.000000
5609,sketch/n02607072/sketch_37.JPEG,110,1.000000
5610,sketch/n02607072/sketch_38.JPEG,110,1.000000
5611,sketch/n02607072/sketch_39.JPEG,110,1.000000
5612,sketch/n02607072/sketch_4.JPEG,110,1.000000
5613,sketch/n02607072/sketch_40.JPEG,110,1.000000
5614,sketch/n02607072/sketch_41.JPEG,110,1.000001
5615,sketch/n02607072/sketch_42.JPEG,110,1.000000
5616,sketch/n02607072/sketch_43.JPEG,110,1.000000
5617,sketch/n02607072/sketch_44.JPEG,110,1.000000
5618,sketch/n02607072/sketch_45.JPEG,110,1.000000
5619,sketch/n02607072/sketch_46.JPEG,110,1.000000
5620,sketch/n02607072/sketch_47.JPEG,110,1.000000
5621,sketch/n02607072/sketch_48.JPEG,110,1.000000
5622,sketch/n02607072/sketch_49.JPEG,110,1.000000
5623,sketch/n02607072/sketch_5.JPEG,110,1.000000
5624,sketch/n02607072/sketch_50.JPEG,110,1.000000
5625,sketch/n02607072/sketch_6.JPEG,110,1.000000
5626,sketch/n02607072/sketch_7.JPEG,110,1.000000
5627,sketch/n02607072/sketch_8.JPEG,110,1.000000
5628,sketch/n02607072/sketch_9.JPEG,110,1.000000
5629,sketch/n02655020/sketch_0.JPEG,111,1.000000
5630,sketch/n02655020/sketch_1.JPEG,111,1.000000
5631,sketch/n02655020/sketch_10.JPEG,111,1.000000
5632,sketch/n02655020/sketch_11.JPEG,111,1.000000
5633,sketch/n02655020/sketch_12.JPEG,111,1.000000
5634,sketch/n02655020/sketch_13.JPEG,111,1.000000
5635,sketch/n02655020/sketch_14.JPEG,111,1.000000
5636,sketch/n02655020/sketch_15.JPEG,111,1.000000
5637,sketch/n02655020/sketch_16.JPEG,111,1.000000
5638,sketch/n02655020/sketch_17.JPEG,111,1.000000
5639,sketch/n02655020/sketch_18.JPEG,111,1.000001
5640,sketch/n02655020/sketch_19.JPEG,111,1.000000
5641,sketch/n02655020/sketch_2.JPEG,111,1.000000
5642,sketch/n02655020/sketch_20.JPEG,111,1.000000
5643,sketch/n02655020/sketch_21.JPEG,111,1.000000
5644,sketch/n02655020/sketch_22.JPEG,111,1.000000
5645,sketch/n02655020/sketch_23.JPEG,111,1.000000
5646,sketch/n02655020/sketch_24.JPEG,111,1.000000
5647,sketch/n02655020/sketch_25.JPEG,111,1.000000
5648,sketch/n02655020/sketch_26.JPEG,111,1.000000
5649,sketch/n02655020/sketch_27.JPEG,111,1.000000
5650,sketch/n02655020/sketch_28.JPEG,111,1.000000
5651,sketch/n02655020/sketch_29.JPEG,111,1.000000
5652,sketch/n02655020/sketch_3.JPEG,111,1.000000
5653,sketch/n02655020/sketch_30.JPEG,111,1.000000
5654,sketch/n02655020/sketch_31.JPEG,111,1.000000
5655,sketch/n02655020/sketch_32.JPEG,111,1.000000
5656,sketch/n02655020/sketch_33.JPEG,111,1.000000
5657,sketch/n02655020/sketch_34.JPEG,111,1.000000
5658,sketch/n02655020/sketch_35.JPEG,111,1.000000
5659,sketch/n02655020/sketch_36.JPEG,111,1.000000
5660,sketch/n02655020/sketch_37.JPEG,111,1.000000
5661,sketch/n02655020/sketch_38.JPEG,111,1.000000
5662,sketch/n02655020/sketch_39.JPEG,111,1.000000
5663,sketch/n02655020/sketch_4.JPEG,111,1.000000
5664,sketch/n02655020/sketch_40.JPEG,111,1.000000
5665,sketch/n02655020/sketch_41.JPEG,111,1.000000
5666,sketch/n02655020/sketch_42.JPEG,111,1.000000
5667,sketch/n02655020/sketch_43.JPEG,111,1.000000
5668,sketch/n02655020/sketch_44.JPEG,111,1.000000
5669,sketch/n02655020/sketch_45.JPEG,111,1.000000
5670,sketch/n02655020/sketch_46.JPEG,111,1.000000
5671,sketch/n02655020/sketch_47.JPEG,111,1.000000
5672,sketch/n02655020/sketch_48.JPEG,111,1.000000
5673,sketch/n02655020/sketch_49.JPEG,111,1.000000
5674,sketch/n02655020/sketch_5.JPEG,111,1.000000
5675,sketch/n02655020/sketch_50.JPEG,111,1.000000
5676,sketch/n02655020/sketch_6.JPEG,111,1.000000
5677,sketch/n02655020/sketch_7.JPEG,111,1.000000
5678,sketch/n02655020/sketch_8.JPEG,111,1.000000
5679,sketch/n02655020/sketch_9.JPEG,111,1.000000
5680,sketch/n02672831/sketch_0.JPEG,112,1.000000
5681,sketch/n02672831/sketch_1.JPEG,112,1.000000
5682,sketch/n02672831/sketch_10.JPEG,112,1.000000
5683,sketch/n02672831/sketch_11.JPEG,112,1.000000
5684,sketch/n02672831/sketch_12.JPEG,112,1.000000
5685,sketch/n02672831/sketch_13.JPEG,112,1.000000
5686,sketch/n02672831/sketch_14.JPEG,112,1.000000
5687,sketch/n02672831/sketch_15.JPEG,112,1.000000
5688,sketch/n02672831/sketch_16.JPEG,112,1.000000
5689,sketch/n02672831/sketch_17.JPEG,112,1.000000
5690,sketch/n02672831/sketch_18.JPEG,112,1.000000
5691,sketch/n02672831/sketch_19.JPEG,112,1.000000
5692,sketch/n02672831/sketch_2.JPEG,112,1.000000
5693,sketch/n02672831/sketch_20.JPEG,112,1.000000
5694,sketch/n02672831/sketch_21.JPEG,112,1.000000
5695,sketch/n02672831/sketch_22.JPEG,112,1.000000
5696,sketch/n02672831/sketch_23.JPEG,112,1.000000
5697,sketch/n02672831/sketch_24.JPEG,112,1.000000
5698,sketch/n02672831/sketch_25.JPEG,112,1.000000
5699,sketch/n02672831/sketch_26.JPEG,112,1.000000
5700,sketch/n02672831/sketch_27.JPEG,112,1.000000
5701,sketch/n02672831/sketch_28.JPEG,112,1.000000
5702,sketch/n02672831/sketch_29.JPEG,112,1.000000
5703,sketch/n02672831/sketch_3.JPEG,112,1.000000
5704,sketch/n02672831/sketch_30.JPEG,112,1.000000
5705,sketch/n02672831/sketch_31.JPEG,112,1.000000
5706,sketch/n02672831/sketch_32.JPEG,112,1.000000
5707,sketch/n02672831/sketch_33.JPEG,112,1.000000
5708,sketch/n02672831/sketch_34.JPEG,112,1.000000
5709,sketch/n02672831/sketch_35.JPEG,112,1.000000
5710,sketch/n02672831/sketch_36.JPEG,112,1.000000
5711,sketch/n02672831/sketch_37.JPEG,112,1.000000
5712,sketch/n02672831/sketch_38.JPEG,112,1.000000
5713,sketch/n02672831/sketch_39.JPEG,112,1.000000
5714,sketch/n02672831/sketch_4.JPEG,112,1.000000
5715,sketch/n02672831/sketch_40.JPEG,112,1.000000
5716,sketch/n02672831/sketch_41.JPEG,112,1.000000
5717,sketch/n02672831/sketch_42.JPEG,112,1.000000
5718,sketch/n02672831/sketch_43.JPEG,112,1.000000
5719,sketch/n02672831/sketch_44.JPEG,112,1.000000
5720,sketch/n02672831/sketch_45.JPEG,112,1.000000
5721,sketch/n02672831/sketch_46.JPEG,112,1.000000
5722,sketch/n02672831/sketch_47.JPEG,112,1.000000
5723,sketch/n02672831/sketch_48.JPEG,112,1.000000
5724,sketch/n02672831/sketch_49.JPEG,112,1.000000
5725,sketch/n02672831/sketch_5.JPEG,112,1.000000
5726,sketch/n02672831/sketch_50.JPEG,112,1.000000
5727,sketch/n02672831/sketch_6.JPEG,112,1.000000
5728,sketch/n02672831/sketch_7.JPEG,112,1.000000
5729,sketch/n02672831/sketch_8.JPEG,112,1.000000
5730,sketch/n02672831/sketch_9.JPEG,112,1.000000
5731,sketch/n02701002/sketch_0.JPEG,113,1.000000
5732,sketch/n02701002/sketch_1.JPEG,113,1.000000
5733,sketch/n02701002/sketch_10.JPEG,113,1.000000
5734,sketch/n02701002/sketch_11.JPEG,113,1.000000
5735,sketch/n02701002/sketch_12.JPEG,113,1.000000
5736,sketch/n02701002/sketch_13.JPEG,113,1.000000
5737,sketch/n02701002/sketch_14.JPEG,113,1.000000
5738,sketch/n02701002/sketch_15.JPEG,113,1.000000
5739,sketch/n02701002/sketch_16.JPEG,113,1.000000
5740,sketch/n02701002/sketch_17.JPEG,113,1.000000
5741,sketch/n02701002/sketch_18.JPEG,113,1.000000
5742,sketch/n02701002/sketch_19.JPEG,113,1.000000
5743,sketch/n02701002/sketch_2.JPEG,113,1.000000
5744,sketch/n02701002/sketch_20.JPEG,113,1.000000
5745,sketch/n02701002/sketch_21.JPEG,113,1.000000
5746,sketch/n02701002/sketch_22.JPEG,113,1.000000
5747,sketch/n02701002/sketch_23.JPEG,113,1.000000
5748,sketch/n02701002/sketch_24.JPEG,113,1.000000
5749,sketch/n02701002/sketch_25.JPEG,113,1.000000
5750,sketch/n02701002/sketch_26.JPEG,113,1.000000
5751,sketch/n02701002/sketch_27.JPEG,113,1.000000
5752,sketch/n02701002/sketch_28.JPEG,113,1.000000
5753,sketch/n02701002/sketch_29.JPEG,113,1.000000
5754,sketch/n02701002/sketch_3.JPEG,113,1.000000
5755,sketch/n02701002/sketch_30.JPEG,113,1.000000
5756,sketch/n02701002/sketch_31.JPEG,113,1.000000
5757,sketch/n02701002/sketch_32.JPEG,113,1.000000
5758,sketch/n02701002/sketch_33.JPEG,113,1.000000
5759,sketch/n02701002/sketch_34.JPEG,113,1.000000
5760,sketch/n02701002/sketch_35.JPEG,113,1.000000
5761,sketch/n02701002/sketch_36.JPEG,113,1.000000
5762,sketch/n02701002/sketch_37.JPEG,113,1.000000
5763,sketch/n02701002/sketch_38.JPEG,113,1.000000
5764,sketch/n02701002/sketch_39.JPEG,113,1.000000
5765,sketch/n02701002/sketch_4.JPEG,113,1.000000
5766,sketch/n02701002/sketch_40.JPEG,113,1.000000
5767,sketch/n02701002/sketch_41.JPEG,113,1.000000
5768,sketch/n02701002/sketch_42.JPEG,113,1.000000
5769,sketch/n02701002/sketch_43.JPEG,113,1.000000
5770,sketch/n02701002/sketch_44.JPEG,113,1.000000
5771,sketch/n02701002/sketch_45.JPEG,113,1.000000
5772,sketch/n02701002/sketch_46.JPEG,113,1.000000
5773,sketch/n02701002/sketch_47.JPEG,113,1.000000
5774,sketch/n02701002/sketch_48.JPEG,113,1.000000
5775,sketch/n02701002/sketch_49.JPEG,113,1.000000
5776,sketch/n02701002/sketch_5.JPEG,113,1.000000
5777,sketch/n02701002/sketch_50.JPEG,113,1.000000
5778,sketch/n02701002/sketch_6.JPEG,113,1.000000
5779,sketch/n02701002/sketch_7.JPEG,113,1.000000
5780,sketch/n02701002/sketch_8.JPEG,113,1.000000
5781,sketch/n02701002/sketch_9.JPEG,113,1.000000
5782,sketch/n02749479/sketch_0.JPEG,114,1.000000
5783,sketch/n02749479/sketch_1.JPEG,114,1.000000
5784,sketch/n02749479/sketch_10.JPEG,114,1.000000
5785,sketch/n02749479/sketch_11.JPEG,114,1.000000
5786,sketch/n02749479/sketch_12.JPEG,114,1.000000
5787,sketch/n02749479/sketch_13.JPEG,114,1.000000
5788,sketch/n02749479/sketch_14.JPEG,114,1.000000
5789,sketch/n02749479/sketch_15.JPEG,114,1.000000
5790,sketch/n02749479/sketch_16.JPEG,114,1.000000
5791,sketch/n02749479/sketch_17.JPEG,114,1.000000
5792,sketch/n02749479/sketch_18.JPEG,114,1.000000
5793,sketch/n02749479/sketch_19.JPEG,114,1.000000
5794,sketch/n02749479/sketch_2.JPEG,114,1.000000
5795,sketch/n02749479/sketch_20.JPEG,114,1.000000
5796,sketch/n02749479/sketch_21.JPEG,114,1.000000
5797,sketch/n02749479/sketch_22.JPEG,114,1.000000
5798,sketch/n02749479/sketch_23.JPEG,114,1.000000
5799,sketch/n02749479/sketch_24.JPEG,114,1.000000
5800,sketch/n02749479/sketch_25.JPEG,114,1.000000
5801,sketch/n02749479/sketch_26.JPEG,114,1.000000
5802,sketch/n02749479/sketch_27.JPEG,114,1.000000
5803,sketch/n02749479/sketch_28.JPEG,114,1.000000
5804,sketch/n02749479/sketch_29.JPEG,114,1.000000
5805,sketch/n02749479/sketch_3.JPEG,114,1.000000
5806,sketch/n02749479/sketch_30.JPEG,114,1.000000
5807,sketch/n02749479/sketch_31.JPEG,114,0.999999
5808,sketch/n02749479/sketch_32.JPEG,114,1.000000
5809,sketch/n02749479/sketch_33.JPEG,114,1.000000
5810,sketch/n02749479/sketch_34.JPEG,114,1.000000
5811,sketch/n02749479/sketch_35.JPEG,114,1.000000
5812,sketch/n02749479/sketch_36.JPEG,114,1.000000
5813,sketch/n02749479/sketch_37.JPEG,114,1.000000
5814,sketch/n02749479/sketch_38.JPEG,114,1.000000
5815,sketch/n02749479/sketch_39.JPEG,114,1.000000
5816,sketch/n02749479/sketch_4.JPEG,114,1.000000
5817,sketch/n02749479/sketch_40.JPEG,114,1.000000
5818,sketch/n02749479/sketch_41.JPEG,114,1.000000
5819,sketch/n02749479/sketch_42.JPEG,114,1.000000
5820,sketch/n02749479/sketch_43.JPEG,114,1.000000
5821,sketch/n02749479/sketch_44.JPEG,114,1.000000
5822,sketch/n02749479/sketch_45.JPEG,114,1.000000
5823,sketch/n02749479/sketch_46.JPEG,114,1.000000
5824,sketch/n02749479/sketch_47.JPEG,114,1.000000
5825,sketch/n02749479/sketch_48.JPEG,114,1.000000
5826,sketch/n02749479/sketch_49.JPEG,114,1.000000
5827,sketch/n02749479/sketch_5.JPEG,114,1.000000
5828,sketch/n02749479/sketch_50.JPEG,114,1.000000
5829,sketch/n02749479/sketch_6.JPEG,114,1.000000
5830,sketch/n02749479/sketch_7.JPEG,114,1.000000
5831,sketch/n02749479/sketch_8.JPEG,114,1.000000
5832,sketch/n02749479/sketch_9.JPEG,114,1.000000
5833,sketch/n02769748/sketch_0.JPEG,115,1.000000
5834,sketch/n02769748/sketch_1.JPEG,115,1.000000
5835,sketch/n02769748/sketch_10.JPEG,115,1.000000
5836,sketch/n02769748/sketch_11.JPEG,115,1.000000
5837,sketch/n02769748/sketch_12.JPEG,115,1.000000
5838,sketch/n02769748/sketch_13.JPEG,115,1.000000
5839,sketch/n02769748/sketch_14.JPEG,115,1.000000
5840,sketch/n02769748/sketch_15.JPEG,115,1.000000
5841,sketch/n02769748/sketch_16.JPEG,115,1.000000
5842,sketch/n02769748/sketch_17.JPEG,115,1.000000
5843,sketch/n02769748/sketch_18.JPEG,115,1.000000
5844,sketch/n02769748/sketch_19.JPEG,115,1.000000
5845,sketch/n02769748/sketch_2.JPEG,115,1.000000
5846,sketch/n02769748/sketch_20.JPEG,115,1.000000
5847,sketch/n02769748/sketch_21.JPEG,115,1.000000
5848,sketch/n02769748/sketch_22.JPEG,115,1.000000
5849,sketch/n02769748/sketch_23.JPEG,115,1.000000
5850,sketch/n02769748/sketch_24.JPEG,115,1.000000
5851,sketch/n02769748/sketch_25.JPEG,115,1.000000
5852,sketch/n02769748/sketch_26.JPEG,115,1.000000
5853,sketch/n02769748/sketch_27.JPEG,115,1.000000
5854,sketch/n02769748/sketch_28.JPEG,115,1.000000
5855,sketch/n02769748/sketch_29.JPEG,115,1.000000
5856,sketch/n02769748/sketch_3.JPEG,115,1.000000
5857,sketch/n02769748/sketch_30.JPEG,115,1.000000
5858,sketch/n02769748/sketch_31.JPEG,115,1.000000
5859,sketch/n02769748/sketch_32.JPEG,115,1.000000
5860,sketch/n02769748/sketch_33.JPEG,115,1.000000
5861,sketch/n02769748/sketch_34.JPEG,115,1.000000
5862,sketch/n02769748/sketch_35.JPEG,115,1.000000
5863,sketch/n02769748/sketch_36.JPEG,115,1.000000
5864,sketch/n02769748/sketch_37.JPEG,115,1.000000
5865,sketch/n02769748/sketch_38.JPEG,115,1.000000
5866,sketch/n02769748/sketch_39.JPEG,115,1.000000
5867,sketch/n02769748/sketch_4.JPEG,115,1.000000
5868,sketch/n02769748/sketch_40.JPEG,115,1.000000
5869,sketch/n02769748/sketch_41.JPEG,115,1.000000
5870,sketch/n02769748/sketch_42.JPEG,115,1.000000
5871,sketch/n02769748/sketch_43.JPEG,115,1.000000
5872,sketch/n02769748/sketch_44.JPEG,115,1.000000
5873,sketch/n02769748/sketch_45.JPEG,115,1.000000
5874,sketch/n02769748/sketch_46.JPEG,115,1.000000
5875,sketch/n02769748/sketch_47.JPEG,115,1.000000
5876,sketch/n02769748/sketch_48.JPEG,115,1.000000
5877,sketch/n02769748/sketch_49.JPEG,115,1.000000
5878,sketch/n02769748/sketch_5.JPEG,115,1.000000
5879,sketch/n02769748/sketch_50.JPEG,115,1.000000
5880,sketch/n02769748/sketch_6.JPEG,115,1.000000
5881,sketch/n02769748/sketch_7.JPEG,115,1.000000
5882,sketch/n02769748/sketch_8.JPEG,115,1.000000
5883,sketch/n02769748/sketch_9.JPEG,115,1.000000
5884,sketch/n02793495/sketch_0.JPEG,116,1.000000
5885,sketch/n02793495/sketch_1.JPEG,116,1.000000
5886,sketch/n02793495/sketch_10.JPEG,116,1.000000
5887,sketch/n02793495/sketch_11.JPEG,116,1.000000
5888,sketch/n02793495/sketch_12.JPEG,116,1.000001
5889,sketch/n02793495/sketch_13.JPEG,116,1.000000
5890,sketch/n02793495/sketch_14.JPEG,116,1.000000
5891,sketch/n02793495/sketch_15.JPEG,116,1.000000
5892,sketch/n02793495/sketch_16.JPEG,116,1.000000
5893,sketch/n02793495/sketch_17.JPEG,116,1.000000
5894,sketch/n02793495/sketch_18.JPEG,116,1.000000
5895,sketch/n02793495/sketch_19.JPEG,116,1.000000
5896,sketch/n02793495/sketch_2.JPEG,116,1.000000
5897,sketch/n02793495/sketch_20.JPEG,116,1.000000
5898,sketch/n02793495/sketch_21.JPEG,116,1.000000
5899,sketch/n02793495/sketch_22.JPEG,116,1.000000
5900,sketch/n02793495/sketch_23.JPEG,116,1.000000
5901,sketch/n02793495/sketch_24.JPEG,116,1.000000
5902,sketch/n02793495/sketch_25.JPEG,116,1.000000
5903,sketch/n02793495/sketch_26.JPEG,116,1.000000
5904,sketch/n02793495/sketch_27.JPEG,116,1.000000
5905,sketch/n02793495/sketch_28.JPEG,116,1.000000
5906,sketch/n02793495/sketch_29.JPEG,116,1.000000
5907,sketch/n02793495/sketch_3.JPEG,116,1.000000
5908,sketch/n02793495/sketch_30.JPEG,116,1.000000
5909,sketch/n02793495/sketch_31.JPEG,116,1.000000
5910,sketch/n02793495/sketch_32.JPEG,116,1.000000
5911,sketch/n02793495/sketch_33.JPEG,116,1.000000
5912,sketch/n02793495/sketch_34.JPEG,116,1.000000
5913,sketch/n02793495/sketch_35.JPEG,116,1.000000
5914,sketch/n02793495/sketch_36.JPEG,116,1.000000
5915,sketch/n02793495/sketch_37.JPEG,116,1.000000
5916,sketch/n02793495/sketch_38.JPEG,116,1.000000
5917,sketch/n02793495/sketch_39.JPEG,116,1.000000
5918,sketch/n02793495/sketch_4.JPEG,116,1.000000
5919,sketch/n02793495/sketch_40.JPEG,116,1.000000
5920,sketch/n02793495/sketch_41.JPEG,116,1.000000
5921,sketch/n02793495/sketch_42.JPEG,116,1.000000
5922,sketch/n02793495/sketch_43.JPEG,116,1.000000
5923,sketch/n02793495/sketch_44.JPEG,116,1.000000
5924,sketch/n02793495/sketch_45.JPEG,116,1.000000
5925,sketch/n02793495/sketch_46.JPEG,116,1.000000
5926,sketch/n02793495/sketch_47.JPEG,116,1.000000
5927,sketch/n02793495/sketch_48.JPEG,116,1.000000
5928,sketch/n02793495/sketch_49.JPEG,116,1.000000
5929,sketch/n02793495/sketch_5.JPEG,116,1.000000
5930,sketch/n02793495/sketch_50.JPEG,116,1.000000
5931,sketch/n02793495/sketch_6.JPEG,116,1.000000
5932,sketch/n02793495/sketch_7.JPEG,116,1.000000
5933,sketch/n02793495/sketch_8.JPEG,116,1.000000
5934,sketch/n02793495/sketch_9.JPEG,116,1.000000
5935,sketch/n02797295/sketch_0.JPEG,117,1.000000
5936,sketch/n02797295/sketch_1.JPEG,117,1.000000
5937,sketch/n02797295/sketch_10.JPEG,117,1.000000
5938,sketch/n02797295/sketch_11.JPEG,117,1.000000
5939,sketch/n02797295/sketch_12.JPEG,117,1.000000
5940,sketch/n02797295/sketch_13.JPEG,117,1.000000
5941,sketch/n02797295/sketch_14.JPEG,117,1.000000
5942,sketch/n02797295/sketch_15.JPEG,117,1.000000
5943,sketch/n02797295/sketch_16.JPEG,117,1.000000
5944,sketch/n02797295/sketch_17.JPEG,117,1.000000
5945,sketch/n02797295/sketch_18.JPEG,117,1.000000
5946,sketch/n02797295/sketch_19.JPEG,117,1.000000
5947,sketch/n02797295/sketch_2.JPEG,117,1.000000
5948,sketch/n02797295/sketch_20.JPEG,117,1.000000
5949,sketch/n02797295/sketch_21.JPEG,117,1.000000
5950,sketch/n02797295/sketch_22.JPEG,117,1.000000
5951,sketch/n02797295/sketch_23.JPEG,117,1.000000
5952,sketch/n02797295/sketch_24.JPEG,117,1.000000
5953,sketch/n02797295/sketch_25.JPEG,117,1.000000
5954,sketch/n02797295/sketch_26.JPEG,117,1.000000
5955,sketch/n02797295/sketch_27.JPEG,117,1.000000
5956,sketch/n02797295/sketch_28.JPEG,117,1.000000
5957,sketch/n02797295/sketch_29.JPEG,117,1.000000
5958,sketch/n02797295/sketch_3.JPEG,117,1.000000
5959,sketch/n02797295/sketch_30.JPEG,117,1.000000
5960,sketch/n02797295/sketch_31.JPEG,117,1.000000
5961,sketch/n02797295/sketch_32.JPEG,117,1.000000
5962,sketch/n02797295/sketch_33.JPEG,117,1.000000
5963,sketch/n02797295/sketch_34.JPEG,117,1.000000
5964,sketch/n02797295/sketch_35.JPEG,117,1.000000
5965,sketch/n02797295/sketch_36.JPEG,117,1.000000
5966,sketch/n02797295/sketch_37.JPEG,117,1.000000
5967,sketch/n02797295/sketch_38.JPEG,117,1.000000
5968,sketch/n02797295/sketch_39.JPEG,117,1.000000
5969,sketch/n02797295/sketch_4.JPEG,117,1.000000
5970,sketch/n02797295/sketch_40.JPEG,117,1.000000
5971,sketch/n02797295/sketch_41.JPEG,117,1.000000
5972,sketch/n02797295/sketch_42.JPEG,117,1.000000
5973,sketch/n02797295/sketch_43.JPEG,117,1.000000
5974,sketch/n02797295/sketch_44.JPEG,117,1.000000
5975,sketch/n02797295/sketch_45.JPEG,117,1.000000
5976,sketch/n02797295/sketch_46.JPEG,117,1.000000
5977,sketch/n02797295/sketch_47.JPEG,117,1.000000
5978,sketch/n02797295/sketch_48.JPEG,117,1.000000
5979,sketch/n02797295/sketch_49.JPEG,117,1.000000
5980,sketch/n02797295/sketch_5.JPEG,117,1.000000
5981,sketch/n02797295/sketch_50.JPEG,117,1.000000
5982,sketch/n02797295/sketch_6.JPEG,117,1.000000
5983,sketch/n02797295/sketch_7.JPEG,117,1.000000
5984,sketch/n02797295/sketch_8.JPEG,117,1.000000
5985,sketch/n02797295/sketch_9.JPEG,117,1.000000
5986,sketch/n02802426/sketch_0.JPEG,118,1.000000
5987,sketch/n02802426/sketch_1.JPEG,118,1.000000
5988,sketch/n02802426/sketch_10.JPEG,118,1.000000
5989,sketch/n02802426/sketch_11.JPEG,118,1.000000
5990,sketch/n02802426/sketch_12.JPEG,118,1.000000
5991,sketch/n02802426/sketch_13.JPEG,118,1.000000
5992,sketch/n02802426/sketch_14.JPEG,118,1.000000
5993,sketch/n02802426/sketch_15.JPEG,118,1.000000
5994,sketch/n02802426/sketch_16.JPEG,118,1.000000
5995,sketch/n02802426/sketch_17.JPEG,118,1.000000
5996,sketch/n02802426/sketch_18.JPEG,118,1.000000
5997,sketch/n02802426/sketch_19.JPEG,118,1.000000
5998,sketch/n02802426/sketch_2.JPEG,118,1.000000
5999,sketch/n02802426/sketch_20.JPEG,118,1.000000
6000,sketch/n02802426/sketch_21.JPEG,118,1.000000
6001,sketch/n02802426/sketch_22.JPEG,118,1.000000
6002,sketch/n02802426/sketch_23.JPEG,118,1.000000
6003,sketch/n02802426/sketch_24.JPEG,118,1.000000
6004,sketch/n02802426/sketch_25.JPEG,118,1.000000
6005,sketch/n02802426/sketch_26.JPEG,118,1.000000
6006,sketch/n02802426/sketch_27.JPEG,118,1.000000
6007,sketch/n02802426/sketch_28.JPEG,118,1.000000
6008,sketch/n02802426/sketch_29.JPEG,118,1.000000
6009,sketch/n02802426/sketch_3.JPEG,118,1.000000
6010,sketch/n02802426/sketch_30.JPEG,118,1.000000
6011,sketch/n02802426/sketch_31.JPEG,118,1.000000
6012,sketch/n02802426/sketch_32.JPEG,118,1.000000
6013,sketch/n02802426/sketch_33.JPEG,118,1.000000
6014,sketch/n02802426/sketch_34.JPEG,118,1.000000
6015,sketch/n02802426/sketch_35.JPEG,118,1.000000
6016,sketch/n02802426/sketch_36.JPEG,118,1.000000
6017,sketch/n02802426/sketch_37.JPEG,118,1.000000
6018,sketch/n02802426/sketch_38.JPEG,118,1.000000
6019,sketch/n02802426/sketch_39.JPEG,118,1.000000
6020,sketch/n02802426/sketch_4.JPEG,118,1.000000
6021,sketch/n02802426/sketch_40.JPEG,118,1.000000
6022,sketch/n02802426/sketch_41.JPEG,118,1.000000
6023,sketch/n02802426/sketch_42.JPEG,118,1.000000
6024,sketch/n02802426/sketch_43.JPEG,118,1.000000
6025,sketch/n02802426/sketch_44.JPEG,118,1.000000
6026,sketch/n02802426/sketch_45.JPEG,118,1.000000
6027,sketch/n02802426/sketch_46.JPEG,118,1.000000
6028,sketch/n02802426/sketch_47.JPEG,118,1.000000
6029,sketch/n02802426/sketch_48.JPEG,118,1.000000
6030,sketch/n02802426/sketch_49.JPEG,118,1.000000
6031,sketch/n02802426/sketch_5.JPEG,118,1.000000
6032,sketch/n02802426/sketch_50.JPEG,118,1.000000
6033,sketch/n02802426/sketch_6.JPEG,118,1.000000
6034,sketch/n02802426/sketch_7.JPEG,118,1.000000
6035,sketch/n02802426/sketch_8.JPEG,118,1.000000
6036,sketch/n02802426/sketch_9.JPEG,118,1.000000
6037,sketch/n02808440/sketch_0.JPEG,119,1.000000
6038,sketch/n02808440/sketch_1.JPEG,119,1.000000
6039,sketch/n02808440/sketch_10.JPEG,119,1.000000
6040,sketch/n02808440/sketch_11.JPEG,119,1.000000
6041,sketch/n02808440/sketch_12.JPEG,119,1.000000
6042,sketch/n02808440/sketch_13.JPEG,119,1.000000
6043,sketch/n02808440/sketch_14.JPEG,119,1.000000
6044,sketch/n02808440/sketch_15.JPEG,119,1.000000
6045,sketch/n02808440/sketch_16.JPEG,119,1.000000
6046,sketch/n02808440/sketch_17.JPEG,119,1.000000
6047,sketch/n02808440/sketch_18.JPEG,119,1.000000
6048,sketch/n02808440/sketch_19.JPEG,119,1.000000
6049,sketch/n02808440/sketch_2.JPEG,119,1.000000
6050,sketch/n02808440/sketch_20.JPEG,119,1.000000
6051,sketch/n02808440/sketch_21.JPEG,119,1.000000
6052,sketch/n02808440/sketch_22.JPEG,119,1.000000
6053,sketch/n02808440/sketch_23.JPEG,119,1.000000
6054,sketch/n02808440/sketch_24.JPEG,119,1.000000
6055,sketch/n02808440/sketch_25.JPEG,119,1.000000
6056,sketch/n02808440/sketch_26.JPEG,119,1.000000
6057,sketch/n02808440/sketch_27.JPEG,119,1.000000
6058,sketch/n02808440/sketch_28.JPEG,119,1.000000
6059,sketch/n02808440/sketch_29.JPEG,119,1.000000
6060,sketch/n02808440/sketch_3.JPEG,119,1.000000
6061,sketch/n02808440/sketch_30.JPEG,119,1.000000
6062,sketch/n02808440/sketch_31.JPEG,119,1.000000
6063,sketch/n02808440/sketch_32.JPEG,119,1.000000
6064,sketch/n02808440/sketch_33.JPEG,119,1.000000
6065,sketch/n02808440/sketch_34.JPEG,119,1.000000
6066,sketch/n02808440/sketch_35.JPEG,119,1.000000
6067,sketch/n02808440/sketch_36.JPEG,119,1.000000
6068,sketch/n02808440/sketch_37.JPEG,119,1.000000
6069,sketch/n02808440/sketch_38.JPEG,119,1.000000
6070,sketch/n02808440/sketch_39.JPEG,119,1.000000
6071,sketch/n02808440/sketch_4.JPEG,119,1.000000
6072,sketch/n02808440/sketch_40.JPEG,119,1.000000
6073,sketch/n02808440/sketch_41.JPEG,119,1.000000
6074,sketch/n02808440/sketch_42.JPEG,119,1.000000
6075,sketch/n02808440/sketch_43.JPEG,119,1.000000
6076,sketch/n02808440/sketch_44.JPEG,119,1.000000
6077,sketch/n02808440/sketch_45.JPEG,119,1.000000
6078,sketch/n02808440/sketch_46.JPEG,119,1.000000
6079,sketch/n02808440/sketch_47.JPEG,119,1.000000
6080,sketch/n02808440/sketch_48.JPEG,119,1.000000
6081,sketch/n02808440/sketch_49.JPEG,119,1.000000
6082,sketch/n02808440/sketch_5.JPEG,119,1.000000
6083,sketch/n02808440/sketch_50.JPEG,119,1.000000
6084,sketch/n02808440/sketch_6.JPEG,119,1.000000
6085,sketch/n02808440/sketch_7.JPEG,119,1.000000
6086,sketch/n02808440/sketch_8.JPEG,119,1.000000
6087,sketch/n02808440/sketch_9.JPEG,119,1.000000
6088,sketch/n02814860/sketch_0.JPEG,120,1.000000
6089,sketch/n02814860/sketch_1.JPEG,120,1.000000
6090,sketch/n02814860/sketch_10.JPEG,120,1.000000
6091,sketch/n02814860/sketch_11.JPEG,120,1.000000
6092,sketch/n02814860/sketch_12.JPEG,120,1.000000
6093,sketch/n02814860/sketch_13.JPEG,120,1.000000
6094,sketch/n02814860/sketch_14.JPEG,120,1.000001
6095,sketch/n02814860/sketch_15.JPEG,120,1.000000
6096,sketch/n02814860/sketch_16.JPEG,120,1.000000
6097,sketch/n02814860/sketch_17.JPEG,120,1.000000
6098,sketch/n02814860/sketch_18.JPEG,120,1.000000
6099,sketch/n02814860/sketch_19.JPEG,120,1.000000
6100,sketch/n02814860/sketch_2.JPEG,120,1.000000
6101,sketch/n02814860/sketch_20.JPEG,120,1.000000
6102,sketch/n02814860/sketch_21.JPEG,120,1.000000
6103,sketch/n02814860/sketch_22.JPEG,120,1.000000
6104,sketch/n02814860/sketch_23.JPEG,120,1.000000
6105,sketch/n02814860/sketch_24.JPEG,120,1.000000
6106,sketch/n02814860/sketch_25.JPEG,120,1.000000
6107,sketch/n02814860/sketch_26.JPEG,120,1.000000
6108,sketch/n02814860/sketch_27.JPEG,120,1.000000
6109,sketch/n02814860/sketch_28.JPEG,120,1.000000
6110,sketch/n02814860/sketch_29.JPEG,120,1.000000
6111,sketch/n02814860/sketch_3.JPEG,120,1.000000
6112,sketch/n02814860/sketch_30.JPEG,120,1.000000
6113,sketch/n02814860/sketch_31.JPEG,120,1.000000
6114,sketch/n02814860/sketch_32.JPEG,120,1.000000
6115,sketch/n02814860/sketch_33.JPEG,120,1.000000
6116,sketch/n02814860/sketch_34.JPEG,120,1.000000
6117,sketch/n02814860/sketch_35.JPEG,120,1.000000
6118,sketch/n02814860/sketch_36.JPEG,120,1.000001
6119,sketch/n02814860/sketch_37.JPEG,120,1.000000
6120,sketch/n02814860/sketch_38.JPEG,120,1.000000
6121,sketch/n02814860/sketch_39.JPEG,120,1.000000
6122,sketch/n02814860/sketch_4.JPEG,120,1.000000
6123,sketch/n02814860/sketch_40.JPEG,120,1.000000
6124,sketch/n02814860/sketch_41.JPEG,120,1.000000
6125,sketch/n02814860/sketch_42.JPEG,120,1.000000
6126,sketch/n02814860/sketch_43.JPEG,120,1.000000
6127,sketch/n02814860/sketch_44.JPEG,120,1.000000
6128,sketch/n02814860/sketch_45.JPEG,120,1.000000
6129,sketch/n02814860/sketch_46.JPEG,120,1.000000
6130,sketch/n02814860/sketch_47.JPEG,120,1.000000
6131,sketch/n02814860/sketch_48.JPEG,120,1.000000
6132,sketch/n02814860/sketch_49.JPEG,120,1.000000
6133,sketch/n02814860/sketch_5.JPEG,120,1.000000
6134,sketch/n02814860/sketch_50.JPEG,120,1.000000
6135,sketch/n02814860/sketch_6.JPEG,120,1.000000
6136,sketch/n02814860/sketch_7.JPEG,120,1.000000
6137,sketch/n02814860/sketch_8.JPEG,120,1.000000
6138,sketch/n02814860/sketch_9.JPEG,120,1.000000
6139,sketch/n02823750/sketch_0.JPEG,121,1.000000
6140,sketch/n02823750/sketch_1.JPEG,121,1.000000
6141,sketch/n02823750/sketch_10.JPEG,121,1.000000
6142,sketch/n02823750/sketch_11.JPEG,121,1.000000
6143,sketch/n02823750/sketch_12.JPEG,121,1.000000
6144,sketch/n02823750/sketch_13.JPEG,121,1.000000
6145,sketch/n02823750/sketch_14.JPEG,121,0.999999
6146,sketch/n02823750/sketch_15.JPEG,121,1.000000
6147,sketch/n02823750/sketch_16.JPEG,121,1.000000
6148,sketch/n02823750/sketch_17.JPEG,121,1.000000
6149,sketch/n02823750/sketch_18.JPEG,121,1.000000
6150,sketch/n02823750/sketch_19.JPEG,121,1.000000
6151,sketch/n02823750/sketch_2.JPEG,121,1.000000
6152,sketch/n02823750/sketch_20.JPEG,121,1.000000
6153,sketch/n02823750/sketch_21.JPEG,121,1.000000
6154,sketch/n02823750/sketch_22.JPEG,121,1.000000
6155,sketch/n02823750/sketch_23.JPEG,121,1.000000
6156,sketch/n02823750/sketch_24.JPEG,121,1.000000
6157,sketch/n02823750/sketch_25.JPEG,121,1.000000
6158,sketch/n02823750/sketch_26.JPEG,121,1.000000
6159,sketch/n02823750/sketch_27.JPEG,121,1.000000
6160,sketch/n02823750/sketch_28.JPEG,121,1.000000
6161,sketch/n02823750/sketch_29.JPEG,121,1.000000
6162,sketch/n02823750/sketch_3.JPEG,121,1.000000
6163,sketch/n02823750/sketch_30.JPEG,121,1.000000
6164,sketch/n02823750/sketch_31.JPEG,121,1.000000
6165,sketch/n02823750/sketch_32.JPEG,121,1.000000
6166,sketch/n02823750/sketch_33.JPEG,121,1.000000
6167,sketch/n02823750/sketch_34.JPEG,121,1.000000
6168,sketch/n02823750/sketch_35.JPEG,121,1.000000
6169,sketch/n02823750/sketch_36.JPEG,121,1.000000
6170,sketch/n02823750/sketch_37.JPEG,121,1.000000
6171,sketch/n02823750/sketch_38.JPEG,121,1.000000
6172,sketch/n02823750/sketch_39.JPEG,121,1.000000
6173,sketch/n02823750/sketch_4.JPEG,121,1.000000
6174,sketch/n02823750/sketch_1.JPEG,121,1.000000
6175,sketch/n02823750/sketch_41.JPEG,121,1.000000
6176,sketch/n02823750/sketch_42.JPEG,121,1.000000
6177,sketch/n02823750/sketch_43.JPEG,121,1.000000
6178,sketch/n02823750/sketch_44.JPEG,121,1.000000
6179,sketch/n02823750/sketch_45.JPEG,121,1.000000
6180,sketch/n02823750/sketch_46.JPEG,121,1.000000
6181,sketch/n02823750/sketch_47.JPEG,121,1.000000
6182,sketch/n02823750/sketch_48.JPEG,121,1.000000
6183,sketch/n02823750/sketch_49.JPEG,121,1.000000
6184,sketch/n02823750/sketch_5.JPEG,121,1.000000
6185,sketch/n02823750/sketch_1.JPEG,121,1.000000
6186,sketch/n02823750/sketch_7.JPEG,121,1.000000
6187,sketch/n02823750/sketch_8.JPEG,121,1.000000
6188,sketch/n02823750/sketch_9.JPEG,121,1.000000
6189,sketch/n02841315/sketch_0.JPEG,122,1.000000
6190,sketch/n02841315/sketch_1.JPEG,122,1.000000
6191,sketch/n02841315/sketch_10.JPEG,122,1.000000
6192,sketch/n02841315/sketch_11.JPEG,122,1.000000
6193,sketch/n02841315/sketch_12.JPEG,122,1.000000
6194,sketch/n02841315/sketch_13.JPEG,122,1.000000
6195,sketch/n02841315/sketch_14.JPEG,122,1.000000
6196,sketch/n02841315/sketch_15.JPEG,122,1.000000
6197,sketch/n02841315/sketch_16.JPEG,122,1.000000
6198,sketch/n02841315/sketch_17.JPEG,122,1.000000
6199,sketch/n02841315/sketch_18.JPEG,122,1.000000
6200,sketch/n02841315/sketch_19.JPEG,122,1.000000
6201,sketch/n02841315/sketch_2.JPEG,122,1.000000
6202,sketch/n02841315/sketch_20.JPEG,122,1.000000
6203,sketch/n02841315/sketch_21.JPEG,122,1.000000
6204,sketch/n02841315/sketch_22.JPEG,122,1.000000
6205,sketch/n02841315/sketch_23.JPEG,122,1.000000
6206,sketch/n02841315/sketch_24.JPEG,122,1.000001
6207,sketch/n02841315/sketch_25.JPEG,122,1.000000
6208,sketch/n02841315/sketch_26.JPEG,122,1.000000
6209,sketch/n02841315/sketch_27.JPEG,122,1.000000
6210,sketch/n02841315/sketch_28.JPEG,122,1.000000
6211,sketch/n02841315/sketch_29.JPEG,122,1.000000
6212,sketch/n02841315/sketch_3.JPEG,122,1.000000
6213,sketch/n02841315/sketch_30.JPEG,122,1.000000
6214,sketch/n02841315/sketch_31.JPEG,122,1.000000
6215,sketch/n02841315/sketch_32.JPEG,122,0.999999
6216,sketch/n02841315/sketch_33.JPEG,122,1.000000
6217,sketch/n02841315/sketch_34.JPEG,122,1.000000
6218,sketch/n02841315/sketch_35.JPEG,122,1.000000
6219,sketch/n02841315/sketch_36.JPEG,122,1.000000
6220,sketch/n02841315/sketch_37.JPEG,122,1.000000
6221,sketch/n02841315/sketch_38.JPEG,122,1.000000
6222,sketch/n02841315/sketch_39.JPEG,122,1.000000
6223,sketch/n02841315/sketch_4.JPEG,122,1.000000
6224,sketch/n02841315/sketch_40.JPEG,122,1.000000
6225,sketch/n02841315/sketch_41.JPEG,122,1.000000
6226,sketch/n02841315/sketch_42.JPEG,122,1.000000
6227,sketch/n02841315/sketch_43.JPEG,122,1.000000
6228,sketch/n02841315/sketch_44.JPEG,122,1.000000
6229,sketch/n02841315/sketch_45.JPEG,122,1.000000
6230,sketch/n02841315/sketch_46.JPEG,122,1.000000
6231,sketch/n02841315/sketch_47.JPEG,122,1.000000
6232,sketch/n02841315/sketch_48.JPEG,122,1.000000
6233,sketch/n02841315/sketch_49.JPEG,122,1.000000
6234,sketch/n02841315/sketch_5.JPEG,122,1.000000
6235,sketch/n02841315/sketch_50.JPEG,122,1.000000
6236,sketch/n02841315/sketch_6.JPEG,122,1.000000
6237,sketch/n02841315/sketch_7.JPEG,122,1.000000
6238,sketch/n02841315/sketch_8.JPEG,122,1.000000
6239,sketch/n02841315/sketch_9.JPEG,122,1.000000
6240,sketch/n02843684/sketch_0.JPEG,123,1.000000
6241,sketch/n02843684/sketch_1.JPEG,123,1.000000
6242,sketch/n02843684/sketch_10.JPEG,123,1.000000
6243,sketch/n02843684/sketch_11.JPEG,123,1.000000
6244,sketch/n02843684/sketch_12.JPEG,123,1.000000
6245,sketch/n02843684/sketch_13.JPEG,123,1.000000
6246,sketch/n02843684/sketch_14.JPEG,123,1.000000
6247,sketch/n02843684/sketch_15.JPEG,123,1.000000
6248,sketch/n02843684/sketch_16.JPEG,123,1.000000
6249,sketch/n02843684/sketch_17.JPEG,123,1.000000
6250,sketch/n02843684/sketch_18.JPEG,123,1.000000
6251,sketch/n02843684/sketch_19.JPEG,123,1.000000
6252,sketch/n02843684/sketch_2.JPEG,123,1.000000
6253,sketch/n02843684/sketch_20.JPEG,123,1.000000
6254,sketch/n02843684/sketch_21.JPEG,123,1.000000
6255,sketch/n02843684/sketch_22.JPEG,123,1.000000
6256,sketch/n02843684/sketch_23.JPEG,123,1.000000
6257,sketch/n02843684/sketch_24.JPEG,123,1.000000
6258,sketch/n02843684/sketch_25.JPEG,123,1.000000
6259,sketch/n02843684/sketch_26.JPEG,123,1.000000
6260,sketch/n02843684/sketch_27.JPEG,123,1.000000
6261,sketch/n02843684/sketch_28.JPEG,123,1.000000
6262,sketch/n02843684/sketch_29.JPEG,123,1.000000
6263,sketch/n02843684/sketch_3.JPEG,123,1.000000
6264,sketch/n02843684/sketch_30.JPEG,123,1.000000
6265,sketch/n02843684/sketch_31.JPEG,123,1.000000
6266,sketch/n02843684/sketch_32.JPEG,123,1.000000
6267,sketch/n02843684/sketch_33.JPEG,123,1.000000
6268,sketch/n02843684/sketch_34.JPEG,123,1.000000
6269,sketch/n02843684/sketch_35.JPEG,123,1.000000
6270,sketch/n02843684/sketch_36.JPEG,123,1.000000
6271,sketch/n02843684/sketch_37.JPEG,123,1.000000
6272,sketch/n02843684/sketch_38.JPEG,123,1.000000
6273,sketch/n02843684/sketch_39.JPEG,123,1.000000
6274,sketch/n02843684/sketch_4.JPEG,123,1.000000
6275,sketch/n02843684/sketch_40.JPEG,123,1.000000
6276,sketch/n02843684/sketch_41.JPEG,123,1.000000
6277,sketch/n02843684/sketch_42.JPEG,123,1.000000
6278,sketch/n02843684/sketch_43.JPEG,123,1.000000
6279,sketch/n02843684/sketch_44.JPEG,123,1.000000
6280,sketch/n02843684/sketch_45.JPEG,123,1.000000
6281,sketch/n02843684/sketch_46.JPEG,123,1.000000
6282,sketch/n02843684/sketch_47.JPEG,123,1.000000
6283,sketch/n02843684/sketch_48.JPEG,123,1.000000
6284,sketch/n02843684/sketch_49.JPEG,123,1.000000
6285,sketch/n02843684/sketch_5.JPEG,123,1.000000
6286,sketch/n02843684/sketch_50.JPEG,123,1.000000
6287,sketch/n02843684/sketch_6.JPEG,123,1.000000
6288,sketch/n02843684/sketch_7.JPEG,123,1.000000
6289,sketch/n02843684/sketch_8.JPEG,123,1.000000
6290,sketch/n02843684/sketch_9.JPEG,123,1.000000
6291,sketch/n02883205/sketch_0.JPEG,124,1.000000
6292,sketch/n02883205/sketch_1.JPEG,124,1.000000
6293,sketch/n02883205/sketch_10.JPEG,124,1.000000
6294,sketch/n02883205/sketch_11.JPEG,124,1.000000
6295,sketch/n02883205/sketch_12.JPEG,124,1.000000
6296,sketch/n02883205/sketch_13.JPEG,124,1.000000
6297,sketch/n02883205/sketch_14.JPEG,124,1.000000
6298,sketch/n02883205/sketch_15.JPEG,124,1.000000
6299,sketch/n02883205/sketch_16.JPEG,124,1.000000
6300,sketch/n02883205/sketch_17.JPEG,124,1.000000
6301,sketch/n02883205/sketch_18.JPEG,124,1.000000
6302,sketch/n02883205/sketch_19.JPEG,124,1.000000
6303,sketch/n02883205/sketch_2.JPEG,124,1.000000
6304,sketch/n02883205/sketch_20.JPEG,124,1.000000
6305,sketch/n02883205/sketch_21.JPEG,124,1.000000
6306,sketch/n02883205/sketch_22.JPEG,124,1.000000
6307,sketch/n02883205/sketch_23.JPEG,124,1.000000
6308,sketch/n02883205/sketch_24.JPEG,124,1.000000
6309,sketch/n02883205/sketch_25.JPEG,124,1.000000
6310,sketch/n02883205/sketch_26.JPEG,124,1.000000
6311,sketch/n02883205/sketch_27.JPEG,124,1.000000
6312,sketch/n02883205/sketch_28.JPEG,124,1.000000
6313,sketch/n02883205/sketch_29.JPEG,124,1.000000
6314,sketch/n02883205/sketch_3.JPEG,124,1.000000
6315,sketch/n02883205/sketch_30.JPEG,124,1.000000
6316,sketch/n02883205/sketch_31.JPEG,124,1.000000
6317,sketch/n02883205/sketch_32.JPEG,124,1.000000
6318,sketch/n02883205/sketch_33.JPEG,124,1.000000
6319,sketch/n02883205/sketch_34.JPEG,124,1.000000
6320,sketch/n02883205/sketch_35.JPEG,124,1.000000
6321,sketch/n02883205/sketch_36.JPEG,124,1.000000
6322,sketch/n02883205/sketch_37.JPEG,124,1.000000
6323,sketch/n02883205/sketch_38.JPEG,124,1.000000
6324,sketch/n02883205/sketch_39.JPEG,124,1.000000
6325,sketch/n02883205/sketch_4.JPEG,124,1.000000
6326,sketch/n02883205/sketch_40.JPEG,124,1.000000
6327,sketch/n02883205/sketch_41.JPEG,124,1.000000
6328,sketch/n02883205/sketch_42.JPEG,124,1.000000
6329,sketch/n02883205/sketch_43.JPEG,124,1.000000
6330,sketch/n02883205/sketch_44.JPEG,124,1.000000
6331,sketch/n02883205/sketch_45.JPEG,124,1.000000
6332,sketch/n02883205/sketch_46.JPEG,124,1.000000
6333,sketch/n02883205/sketch_47.JPEG,124,1.000000
6334,sketch/n02883205/sketch_48.JPEG,124,1.000000
6335,sketch/n02883205/sketch_49.JPEG,124,1.000000
6336,sketch/n02883205/sketch_5.JPEG,124,1.000000
6337,sketch/n02883205/sketch_50.JPEG,124,1.000000
6338,sketch/n02883205/sketch_6.JPEG,124,1.000000
6339,sketch/n02883205/sketch_7.JPEG,124,1.000000
6340,sketch/n02883205/sketch_8.JPEG,124,1.000000
6341,sketch/n02883205/sketch_9.JPEG,124,1.000000
6342,sketch/n02906734/sketch_0.JPEG,125,1.000000
6343,sketch/n02906734/sketch_1.JPEG,125,1.000000
6344,sketch/n02906734/sketch_10.JPEG,125,1.000000
6345,sketch/n02906734/sketch_11.JPEG,125,1.000000
6346,sketch/n02906734/sketch_12.JPEG,125,1.000000
6347,sketch/n02906734/sketch_13.JPEG,125,1.000000
6348,sketch/n02906734/sketch_14.JPEG,125,1.000000
6349,sketch/n02906734/sketch_15.JPEG,125,1.000000
6350,sketch/n02906734/sketch_16.JPEG,125,1.000000
6351,sketch/n02906734/sketch_17.JPEG,125,1.000000
6352,sketch/n02906734/sketch_18.JPEG,125,0.999999
6353,sketch/n02906734/sketch_19.JPEG,125,1.000000
6354,sketch/n02906734/sketch_2.JPEG,125,1.000000
6355,sketch/n02906734/sketch_20.JPEG,125,1.000000
6356,sketch/n02906734/sketch_21.JPEG,125,1.000000
6357,sketch/n02906734/sketch_22.JPEG,125,1.000000
6358,sketch/n02906734/sketch_23.JPEG,125,1.000000
6359,sketch/n02906734/sketch_24.JPEG,125,1.000000
6360,sketch/n02906734/sketch_25.JPEG,125,1.000000
6361,sketch/n02906734/sketch_26.JPEG,125,1.000000
6362,sketch/n02906734/sketch_27.JPEG,125,1.000000
6363,sketch/n02906734/sketch_28.JPEG,125,1.000000
6364,sketch/n02906734/sketch_29.JPEG,125,1.000000
6365,sketch/n02906734/sketch_3.JPEG,125,1.000000
6366,sketch/n02906734/sketch_30.JPEG,125,1.000000
6367,sketch/n02906734/sketch_31.JPEG,125,1.000000
6368,sketch/n02906734/sketch_32.JPEG,125,1.000000
6369,sketch/n02906734/sketch_33.JPEG,125,1.000000
6370,sketch/n02906734/sketch_34.JPEG,125,1.000000
6371,sketch/n02906734/sketch_35.JPEG,125,1.000000
6372,sketch/n02906734/sketch_36.JPEG,125,1.000000
6373,sketch/n02906734/sketch_37.JPEG,125,1.000000
6374,sketch/n02906734/sketch_38.JPEG,125,1.000000
6375,sketch/n02906734/sketch_39.JPEG,125,1.000000
6376,sketch/n02906734/sketch_4.JPEG,125,1.000000
6377,sketch/n02906734/sketch_40.JPEG,125,1.000001
6378,sketch/n02906734/sketch_41.JPEG,125,1.000000
6379,sketch/n02906734/sketch_42.JPEG,125,1.000000
6380,sketch/n02906734/sketch_43.JPEG,125,1.000000
6381,sketch/n02906734/sketch_44.JPEG,125,1.000000
6382,sketch/n02906734/sketch_45.JPEG,125,1.000000
6383,sketch/n02906734/sketch_46.JPEG,125,1.000000
6384,sketch/n02906734/sketch_47.JPEG,125,1.000000
6385,sketch/n02906734/sketch_48.JPEG,125,1.000000
6386,sketch/n02906734/sketch_49.JPEG,125,1.000000
6387,sketch/n02906734/sketch_5.JPEG,125,1.000000
6388,sketch/n02906734/sketch_50.JPEG,125,1.000000
6389,sketch/n02906734/sketch_6.JPEG,125,1.000000
6390,sketch/n02906734/sketch_7.JPEG,125,1.000000
6391,sketch/n02906734/sketch_8.JPEG,125,1.000000
6392,sketch/n02906734/sketch_9.JPEG,125,1.000000
6393,sketch/n02909870/sketch_0.JPEG,126,1.000000
6394,sketch/n02909870/sketch_1.JPEG,126,1.000000
6395,sketch/n02909870/sketch_10.JPEG,126,1.000000
6396,sketch/n02909870/sketch_11.JPEG,126,1.000000
6397,sketch/n02909870/sketch_12.JPEG,126,1.000000
6398,sketch/n02909870/sketch_13.JPEG,126,1.000000
6399,sketch/n02909870/sketch_14.JPEG,126,1.000000
6400,sketch/n02909870/sketch_15.JPEG,126,1.000000
6401,sketch/n02909870/sketch_16.JPEG,126,1.000000
6402,sketch/n02909870/sketch_17.JPEG,126,1.000000
6403,sketch/n02909870/sketch_18.JPEG,126,1.000000
6404,sketch/n02909870/sketch_19.JPEG,126,1.000000
6405,sketch/n02909870/sketch_2.JPEG,126,1.000000
6406,sketch/n02909870/sketch_20.JPEG,126,1.000000
6407,sketch/n02909870/sketch_21.JPEG,126,1.000000
6408,sketch/n02909870/sketch_22.JPEG,126,1.000000
6409,sketch/n02909870/sketch_23.JPEG,126,1.000000
6410,sketch/n02909870/sketch_24.JPEG,126,1.000000
6411,sketch/n02909870/sketch_25.JPEG,126,1.000000
6412,sketch/n02909870/sketch_26.JPEG,126,1.000000
6413,sketch/n02909870/sketch_27.JPEG,126,1.000000
6414,sketch/n02909870/sketch_28.JPEG,126,1.000000
6415,sketch/n02909870/sketch_29.JPEG,126,1.000000
6416,sketch/n02909870/sketch_3.JPEG,126,1.000000
6417,sketch/n02909870/sketch_30.JPEG,126,1.000000
6418,sketch/n02909870/sketch_31.JPEG,126,1.000000
6419,sketch/n02909870/sketch_32.JPEG,126,1.000000
6420,sketch/n02909870/sketch_33.JPEG,126,1.000000
6421,sketch/n02909870/sketch_34.JPEG,126,1.000000
6422,sketch/n02909870/sketch_35.JPEG,126,1.000000
6423,sketch/n02909870/sketch_36.JPEG,126,1.000000
6424,sketch/n02909870/sketch_37.JPEG,126,1.000000
6425,sketch/n02909870/sketch_38.JPEG,126,1.000000
6426,sketch/n02909870/sketch_39.JPEG,126,1.000000
6427,sketch/n02909870/sketch_4.JPEG,126,1.000000
6428,sketch/n02909870/sketch_40.JPEG,126,1.000000
6429,sketch/n02909870/sketch_41.JPEG,126,1.000000
6430,sketch/n02909870/sketch_42.JPEG,126,1.000000
6431,sketch/n02909870/sketch_43.JPEG,126,1.000000
6432,sketch/n02909870/sketch_44.JPEG,126,1.000000
6433,sketch/n02909870/sketch_45.JPEG,126,1.000000
6434,sketch/n02909870/sketch_46.JPEG,126,1.000000
6435,sketch/n02909870/sketch_47.JPEG,126,1.000000
6436,sketch/n02909870/sketch_48.JPEG,126,1.000000
6437,sketch/n02909870/sketch_49.JPEG,126,1.000000
6438,sketch/n02909870/sketch_5.JPEG,126,1.000000
6439,sketch/n02909870/sketch_50.JPEG,126,1.000000
6440,sketch/n02909870/sketch_6.JPEG,126,1.000000
6441,sketch/n02909870/sketch_7.JPEG,126,1.000001
6442,sketch/n02909870/sketch_8.JPEG,126,1.000000
6443,sketch/n02909870/sketch_9.JPEG,126,1.000000
6444,sketch/n02939185/sketch_0.JPEG,127,1.000000
6445,sketch/n02939185/sketch_1.JPEG,127,1.000000
6446,sketch/n02939185/sketch_10.JPEG,127,1.000000
6447,sketch/n02939185/sketch_11.JPEG,127,1.000000
6448,sketch/n02939185/sketch_12.JPEG,127,1.000000
6449,sketch/n02939185/sketch_13.JPEG,127,1.000000
6450,sketch/n02939185/sketch_14.JPEG,127,1.000000
6451,sketch/n02939185/sketch_15.JPEG,127,1.000000
6452,sketch/n02939185/sketch_16.JPEG,127,1.000000
6453,sketch/n02939185/sketch_17.JPEG,127,1.000000
6454,sketch/n02939185/sketch_18.JPEG,127,1.000000
6455,sketch/n02939185/sketch_19.JPEG,127,1.000000
6456,sketch/n02939185/sketch_2.JPEG,127,1.000000
6457,sketch/n02939185/sketch_20.JPEG,127,1.000000
6458,sketch/n02939185/sketch_21.JPEG,127,1.000000
6459,sketch/n02939185/sketch_22.JPEG,127,1.000000
6460,sketch/n02939185/sketch_23.JPEG,127,1.000000
6461,sketch/n02939185/sketch_24.JPEG,127,1.000000
6462,sketch/n02939185/sketch_25.JPEG,127,1.000000
6463,sketch/n02939185/sketch_26.JPEG,127,1.000000
6464,sketch/n02939185/sketch_27.JPEG,127,1.000000
6465,sketch/n02939185/sketch_28.JPEG,127,1.000000
6466,sketch/n02939185/sketch_29.JPEG,127,1.000000
6467,sketch/n02939185/sketch_3.JPEG,127,1.000000
6468,sketch/n02939185/sketch_30.JPEG,127,1.000000
6469,sketch/n02939185/sketch_31.JPEG,127,1.000000
6470,sketch/n02939185/sketch_32.JPEG,127,1.000000
6471,sketch/n02939185/sketch_33.JPEG,127,0.999999
6472,sketch/n02939185/sketch_34.JPEG,127,1.000000
6473,sketch/n02939185/sketch_35.JPEG,127,1.000000
6474,sketch/n02939185/sketch_36.JPEG,127,1.000000
6475,sketch/n02939185/sketch_37.JPEG,127,1.000000
6476,sketch/n02939185/sketch_38.JPEG,127,1.000000
6477,sketch/n02939185/sketch_39.JPEG,127,1.000000
6478,sketch/n02939185/sketch_4.JPEG,127,1.000000
6479,sketch/n02939185/sketch_40.JPEG,127,1.000000
6480,sketch/n02939185/sketch_41.JPEG,127,1.000000
6481,sketch/n02939185/sketch_42.JPEG,127,1.000000
6482,sketch/n02939185/sketch_43.JPEG,127,1.000000
6483,sketch/n02939185/sketch_44.JPEG,127,1.000000
6484,sketch/n02939185/sketch_45.JPEG,127,1.000000
6485,sketch/n02939185/sketch_46.JPEG,127,1.000000
6486,sketch/n02939185/sketch_47.JPEG,127,0.999999
6487,sketch/n02939185/sketch_48.JPEG,127,1.000000
6488,sketch/n02939185/sketch_49.JPEG,127,1.000000
6489,sketch/n02939185/sketch_5.JPEG,127,1.000000
6490,sketch/n02939185/sketch_50.JPEG,127,1.000000
6491,sketch/n02939185/sketch_6.JPEG,127,1.000000
6492,sketch/n02939185/sketch_7.JPEG,127,1.000000
6493,sketch/n02939185/sketch_8.JPEG,127,1.000000
6494,sketch/n02939185/sketch_9.JPEG,127,1.000000
6495,sketch/n02948072/sketch_0.JPEG,128,1.000000
6496,sketch/n02948072/sketch_1.JPEG,128,1.000000
6497,sketch/n02948072/sketch_10.JPEG,128,1.000000
6498,sketch/n02948072/sketch_11.JPEG,128,1.000000
6499,sketch/n02948072/sketch_12.JPEG,128,1.000000
6500,sketch/n02948072/sketch_13.JPEG,128,1.000000
6501,sketch/n02948072/sketch_14.JPEG,128,1.000000
6502,sketch/n02948072/sketch_15.JPEG,128,1.000000
6503,sketch/n02948072/sketch_16.JPEG,128,1.000000
6504,sketch/n02948072/sketch_17.JPEG,128,1.000000
6505,sketch/n02948072/sketch_18.JPEG,128,1.000000
6506,sketch/n02948072/sketch_19.JPEG,128,1.000000
6507,sketch/n02948072/sketch_2.JPEG,128,1.000000
6508,sketch/n02948072/sketch_20.JPEG,128,1.000000
6509,sketch/n02948072/sketch_21.JPEG,128,1.000000
6510,sketch/n02948072/sketch_22.JPEG,128,1.000000
6511,sketch/n02948072/sketch_23.JPEG,128,1.000000
6512,sketch/n02948072/sketch_24.JPEG,128,1.000000
6513,sketch/n02948072/sketch_25.JPEG,128,1.000000
6514,sketch/n02948072/sketch_26.JPEG,128,1.000000
6515,sketch/n02948072/sketch_27.JPEG,128,1.000000
6516,sketch/n02948072/sketch_28.JPEG,128,1.000000
6517,sketch/n02948072/sketch_29.JPEG,128,1.000000
6518,sketch/n02948072/sketch_3.JPEG,128,1.000000
6519,sketch/n02948072/sketch_30.JPEG,128,1.000000
6520,sketch/n02948072/sketch_31.JPEG,128,1.000000
6521,sketch/n02948072/sketch_32.JPEG,128,1.000000
6522,sketch/n02948072/sketch_33.JPEG,128,1.000000
6523,sketch/n02948072/sketch_34.JPEG,128,1.000000
6524,sketch/n02948072/sketch_35.JPEG,128,1.000000
6525,sketch/n02948072/sketch_36.JPEG,128,1.000000
6526,sketch/n02948072/sketch_37.JPEG,128,1.000000
6527,sketch/n02948072/sketch_38.JPEG,128,1.000000
6528,sketch/n02948072/sketch_39.JPEG,128,1.000000
6529,sketch/n02948072/sketch_4.JPEG,128,1.000000
6530,sketch/n02948072/sketch_40.JPEG,128,1.000000
6531,sketch/n02948072/sketch_41.JPEG,128,1.000000
6532,sketch/n02948072/sketch_42.JPEG,128,1.000000
6533,sketch/n02948072/sketch_43.JPEG,128,1.000000
6534,sketch/n02948072/sketch_44.JPEG,128,1.000000
6535,sketch/n02948072/sketch_45.JPEG,128,1.000000
6536,sketch/n02948072/sketch_46.JPEG,128,1.000000
6537,sketch/n02948072/sketch_47.JPEG,128,1.000000
6538,sketch/n02948072/sketch_48.JPEG,128,1.000000
6539,sketch/n02948072/sketch_49.JPEG,128,1.000000
6540,sketch/n02948072/sketch_5.JPEG,128,1.000000
6541,sketch/n02948072/sketch_6.JPEG,128,1.000000
6542,sketch/n02948072/sketch_7.JPEG,128,1.000000
6543,sketch/n02948072/sketch_8.JPEG,128,1.000000
6544,sketch/n02948072/sketch_9.JPEG,128,1.000000
6545,sketch/n02950826/sketch_0.JPEG,129,1.000000
6546,sketch/n02950826/sketch_1.JPEG,129,1.000000
6547,sketch/n02950826/sketch_10.JPEG,129,1.000000
6548,sketch/n02950826/sketch_11.JPEG,129,1.000000
6549,sketch/n02950826/sketch_12.JPEG,129,1.000000
6550,sketch/n02950826/sketch_13.JPEG,129,1.000000
6551,sketch/n02950826/sketch_14.JPEG,129,1.000000
6552,sketch/n02950826/sketch_15.JPEG,129,1.000000
6553,sketch/n02950826/sketch_16.JPEG,129,1.000000
6554,sketch/n02950826/sketch_17.JPEG,129,1.000000
6555,sketch/n02950826/sketch_18.JPEG,129,1.000000
6556,sketch/n02950826/sketch_19.JPEG,129,1.000000
6557,sketch/n02950826/sketch_2.JPEG,129,1.000000
6558,sketch/n02950826/sketch_20.JPEG,129,1.000000
6559,sketch/n02950826/sketch_21.JPEG,129,1.000000
6560,sketch/n02950826/sketch_22.JPEG,129,1.000000
6561,sketch/n02950826/sketch_23.JPEG,129,1.000000
6562,sketch/n02950826/sketch_24.JPEG,129,1.000000
6563,sketch/n02950826/sketch_25.JPEG,129,1.000000
6564,sketch/n02950826/sketch_26.JPEG,129,1.000000
6565,sketch/n02950826/sketch_27.JPEG,129,1.000000
6566,sketch/n02950826/sketch_28.JPEG,129,1.000000
6567,sketch/n02950826/sketch_29.JPEG,129,1.000000
6568,sketch/n02950826/sketch_3.JPEG,129,1.000000
6569,sketch/n02950826/sketch_30.JPEG,129,1.000000
6570,sketch/n02950826/sketch_31.JPEG,129,1.000000
6571,sketch/n02950826/sketch_32.JPEG,129,1.000000
6572,sketch/n02950826/sketch_33.JPEG,129,1.000000
6573,sketch/n02950826/sketch_34.JPEG,129,1.000000
6574,sketch/n02950826/sketch_35.JPEG,129,1.000000
6575,sketch/n02950826/sketch_36.JPEG,129,1.000000
6576,sketch/n02950826/sketch_37.JPEG,129,1.000000
6577,sketch/n02950826/sketch_38.JPEG,129,1.000000
6578,sketch/n02950826/sketch_39.JPEG,129,1.000000
6579,sketch/n02950826/sketch_4.JPEG,129,1.000000
6580,sketch/n02950826/sketch_40.JPEG,129,1.000000
6581,sketch/n02950826/sketch_41.JPEG,129,1.000000
6582,sketch/n02950826/sketch_42.JPEG,129,1.000000
6583,sketch/n02950826/sketch_43.JPEG,129,1.000000
6584,sketch/n02950826/sketch_44.JPEG,129,1.000000
6585,sketch/n02950826/sketch_45.JPEG,129,1.000000
6586,sketch/n02950826/sketch_46.JPEG,129,1.000000
6587,sketch/n02950826/sketch_47.JPEG,129,1.000000
6588,sketch/n02950826/sketch_48.JPEG,129,1.000000
6589,sketch/n02950826/sketch_49.JPEG,129,1.000000
6590,sketch/n02950826/sketch_5.JPEG,129,1.000000
6591,sketch/n02950826/sketch_50.JPEG,129,1.000000
6592,sketch/n02950826/sketch_6.JPEG,129,1.000000
6593,sketch/n02950826/sketch_7.JPEG,129,1.000000
6594,sketch/n02950826/sketch_8.JPEG,129,1.000000
6595,sketch/n02950826/sketch_9.JPEG,129,1.000000
6596,sketch/n02951358/sketch_0.JPEG,130,1.000000
6597,sketch/n02951358/sketch_1.JPEG,130,1.000000
6598,sketch/n02951358/sketch_10.JPEG,130,1.000000
6599,sketch/n02951358/sketch_11.JPEG,130,1.000000
6600,sketch/n02951358/sketch_12.JPEG,130,1.000000
6601,sketch/n02951358/sketch_13.JPEG,130,1.000000
6602,sketch/n02951358/sketch_14.JPEG,130,1.000000
6603,sketch/n02951358/sketch_15.JPEG,130,1.000000
6604,sketch/n02951358/sketch_16.JPEG,130,1.000000
6605,sketch/n02951358/sketch_17.JPEG,130,1.000000
6606,sketch/n02951358/sketch_18.JPEG,130,1.000000
6607,sketch/n02951358/sketch_19.JPEG,130,1.000000
6608,sketch/n02951358/sketch_2.JPEG,130,1.000000
6609,sketch/n02951358/sketch_20.JPEG,130,1.000000
6610,sketch/n02951358/sketch_21.JPEG,130,1.000000
6611,sketch/n02951358/sketch_22.JPEG,130,1.000000
6612,sketch/n02951358/sketch_23.JPEG,130,1.000000
6613,sketch/n02951358/sketch_24.JPEG,130,1.000000
6614,sketch/n02951358/sketch_25.JPEG,130,1.000000
6615,sketch/n02951358/sketch_26.JPEG,130,1.000000
6616,sketch/n02951358/sketch_27.JPEG,130,1.000000
6617,sketch/n02951358/sketch_28.JPEG,130,1.000000
6618,sketch/n02951358/sketch_29.JPEG,130,1.000000
6619,sketch/n02951358/sketch_3.JPEG,130,1.000000
6620,sketch/n02951358/sketch_30.JPEG,130,1.000000
6621,sketch/n02951358/sketch_31.JPEG,130,1.000000
6622,sketch/n02951358/sketch_32.JPEG,130,1.000000
6623,sketch/n02951358/sketch_33.JPEG,130,1.000000
6624,sketch/n02951358/sketch_34.JPEG,130,1.000000
6625,sketch/n02951358/sketch_35.JPEG,130,1.000000
6626,sketch/n02951358/sketch_36.JPEG,130,1.000000
6627,sketch/n02951358/sketch_37.JPEG,130,1.000000
6628,sketch/n02951358/sketch_38.JPEG,130,1.000000
6629,sketch/n02951358/sketch_39.JPEG,130,1.000000
6630,sketch/n02951358/sketch_4.JPEG,130,1.000000
6631,sketch/n02951358/sketch_40.JPEG,130,1.000000
6632,sketch/n02951358/sketch_41.JPEG,130,1.000000
6633,sketch/n02951358/sketch_42.JPEG,130,1.000000
6634,sketch/n02951358/sketch_43.JPEG,130,1.000000
6635,sketch/n02951358/sketch_44.JPEG,130,1.000000
6636,sketch/n02951358/sketch_45.JPEG,130,1.000000
6637,sketch/n02951358/sketch_46.JPEG,130,1.000000
6638,sketch/n02951358/sketch_47.JPEG,130,1.000000
6639,sketch/n02951358/sketch_48.JPEG,130,1.000000
6640,sketch/n02951358/sketch_49.JPEG,130,1.000000
6641,sketch/n02951358/sketch_5.JPEG,130,1.000001
6642,sketch/n02951358/sketch_50.JPEG,130,1.000000
6643,sketch/n02951358/sketch_6.JPEG,130,1.000000
6644,sketch/n02951358/sketch_7.JPEG,130,1.000000
6645,sketch/n02951358/sketch_8.JPEG,130,1.000000
6646,sketch/n02951358/sketch_9.JPEG,130,1.000000
6647,sketch/n02966193/sketch_0.JPEG,131,1.000000
6648,sketch/n02966193/sketch_1.JPEG,131,1.000000
6649,sketch/n02966193/sketch_10.JPEG,131,1.000000
6650,sketch/n02966193/sketch_11.JPEG,131,1.000000
6651,sketch/n02966193/sketch_12.JPEG,131,1.000000
6652,sketch/n02966193/sketch_13.JPEG,131,1.000000
6653,sketch/n02966193/sketch_14.JPEG,131,1.000000
6654,sketch/n02966193/sketch_15.JPEG,131,1.000000
6655,sketch/n02966193/sketch_16.JPEG,131,1.000000
6656,sketch/n02966193/sketch_17.JPEG,131,1.000000
6657,sketch/n02966193/sketch_18.JPEG,131,0.999999
6658,sketch/n02966193/sketch_19.JPEG,131,1.000000
6659,sketch/n02966193/sketch_2.JPEG,131,1.000000
6660,sketch/n02966193/sketch_20.JPEG,131,0.999999
6661,sketch/n02966193/sketch_21.JPEG,131,1.000000
6662,sketch/n02966193/sketch_22.JPEG,131,1.000000
6663,sketch/n02966193/sketch_23.JPEG,131,1.000000
6664,sketch/n02966193/sketch_24.JPEG,131,1.000000
6665,sketch/n02966193/sketch_25.JPEG,131,1.000000
6666,sketch/n02966193/sketch_26.JPEG,131,1.000000
6667,sketch/n02966193/sketch_27.JPEG,131,1.000000
6668,sketch/n02966193/sketch_28.JPEG,131,1.000000
6669,sketch/n02966193/sketch_29.JPEG,131,1.000000
6670,sketch/n02966193/sketch_3.JPEG,131,1.000000
6671,sketch/n02966193/sketch_30.JPEG,131,1.000000
6672,sketch/n02966193/sketch_31.JPEG,131,1.000000
6673,sketch/n02966193/sketch_32.JPEG,131,1.000000
6674,sketch/n02966193/sketch_33.JPEG,131,1.000000
6675,sketch/n02966193/sketch_34.JPEG,131,1.000000
6676,sketch/n02966193/sketch_35.JPEG,131,1.000000
6677,sketch/n02966193/sketch_36.JPEG,131,1.000000
6678,sketch/n02966193/sketch_37.JPEG,131,1.000000
6679,sketch/n02966193/sketch_38.JPEG,131,1.000000
6680,sketch/n02966193/sketch_39.JPEG,131,1.000000
6681,sketch/n02966193/sketch_4.JPEG,131,1.000000
6682,sketch/n02966193/sketch_40.JPEG,131,1.000000
6683,sketch/n02966193/sketch_41.JPEG,131,1.000000
6684,sketch/n02966193/sketch_42.JPEG,131,1.000000
6685,sketch/n02966193/sketch_43.JPEG,131,1.000000
6686,sketch/n02966193/sketch_44.JPEG,131,1.000000
6687,sketch/n02966193/sketch_45.JPEG,131,1.000000
6688,sketch/n02966193/sketch_46.JPEG,131,1.000000
6689,sketch/n02966193/sketch_47.JPEG,131,1.000000
6690,sketch/n02966193/sketch_48.JPEG,131,1.000000
6691,sketch/n02966193/sketch_49.JPEG,131,1.000000
6692,sketch/n02966193/sketch_5.JPEG,131,1.000000
6693,sketch/n02966193/sketch_50.JPEG,131,1.000000
6694,sketch/n02966193/sketch_6.JPEG,131,1.000000
6695,sketch/n02966193/sketch_7.JPEG,131,1.000000
6696,sketch/n02966193/sketch_8.JPEG,131,1.000000
6697,sketch/n02966193/sketch_9.JPEG,131,1.000000
6698,sketch/n02980441/sketch_0.JPEG,132,1.000000
6699,sketch/n02980441/sketch_1.JPEG,132,1.000000
6700,sketch/n02980441/sketch_10.JPEG,132,1.000000
6701,sketch/n02980441/sketch_11.JPEG,132,1.000000
6702,sketch/n02980441/sketch_12.JPEG,132,1.000000
6703,sketch/n02980441/sketch_13.JPEG,132,1.000000
6704,sketch/n02980441/sketch_14.JPEG,132,1.000000
6705,sketch/n02980441/sketch_15.JPEG,132,1.000000
6706,sketch/n02980441/sketch_16.JPEG,132,1.000000
6707,sketch/n02980441/sketch_17.JPEG,132,1.000000
6708,sketch/n02980441/sketch_18.JPEG,132,1.000000
6709,sketch/n02980441/sketch_19.JPEG,132,1.000000
6710,sketch/n02980441/sketch_2.JPEG,132,1.000000
6711,sketch/n02980441/sketch_20.JPEG,132,1.000000
6712,sketch/n02980441/sketch_21.JPEG,132,1.000000
6713,sketch/n02980441/sketch_22.JPEG,132,1.000000
6714,sketch/n02980441/sketch_23.JPEG,132,1.000000
6715,sketch/n02980441/sketch_24.JPEG,132,1.000000
6716,sketch/n02980441/sketch_25.JPEG,132,1.000000
6717,sketch/n02980441/sketch_26.JPEG,132,1.000000
6718,sketch/n02980441/sketch_27.JPEG,132,1.000000
6719,sketch/n02980441/sketch_28.JPEG,132,1.000000
6720,sketch/n02980441/sketch_29.JPEG,132,1.000000
6721,sketch/n02980441/sketch_3.JPEG,132,1.000000
6722,sketch/n02980441/sketch_30.JPEG,132,1.000000
6723,sketch/n02980441/sketch_31.JPEG,132,1.000000
6724,sketch/n02980441/sketch_32.JPEG,132,1.000000
6725,sketch/n02980441/sketch_33.JPEG,132,1.000000
6726,sketch/n02980441/sketch_34.JPEG,132,1.000000
6727,sketch/n02980441/sketch_35.JPEG,132,1.000000
6728,sketch/n02980441/sketch_36.JPEG,132,1.000000
6729,sketch/n02980441/sketch_37.JPEG,132,1.000000
6730,sketch/n02980441/sketch_38.JPEG,132,1.000000
6731,sketch/n02980441/sketch_39.JPEG,132,1.000000
6732,sketch/n02980441/sketch_4.JPEG,132,1.000000
6733,sketch/n02980441/sketch_40.JPEG,132,1.000000
6734,sketch/n02980441/sketch_41.JPEG,132,1.000000
6735,sketch/n02980441/sketch_42.JPEG,132,1.000000
6736,sketch/n02980441/sketch_43.JPEG,132,1.000000
6737,sketch/n02980441/sketch_44.JPEG,132,1.000000
6738,sketch/n02980441/sketch_45.JPEG,132,1.000000
6739,sketch/n02980441/sketch_46.JPEG,132,1.000000
6740,sketch/n02980441/sketch_47.JPEG,132,1.000000
6741,sketch/n02980441/sketch_48.JPEG,132,1.000000
6742,sketch/n02980441/sketch_49.JPEG,132,1.000000
6743,sketch/n02980441/sketch_5.JPEG,132,1.000000
6744,sketch/n02980441/sketch_6.JPEG,132,1.000000
6745,sketch/n02980441/sketch_7.JPEG,132,1.000000
6746,sketch/n02980441/sketch_8.JPEG,132,1.000000
6747,sketch/n02980441/sketch_9.JPEG,132,1.000000
6748,sketch/n02992529/sketch_0.JPEG,133,1.000000
6749,sketch/n02992529/sketch_1.JPEG,133,1.000000
6750,sketch/n02992529/sketch_10.JPEG,133,1.000000
6751,sketch/n02992529/sketch_11.JPEG,133,1.000000
6752,sketch/n02992529/sketch_12.JPEG,133,1.000000
6753,sketch/n02992529/sketch_13.JPEG,133,1.000000
6754,sketch/n02992529/sketch_14.JPEG,133,1.000000
6755,sketch/n02992529/sketch_15.JPEG,133,1.000000
6756,sketch/n02992529/sketch_16.JPEG,133,1.000000
6757,sketch/n02992529/sketch_17.JPEG,133,1.000000
6758,sketch/n02992529/sketch_18.JPEG,133,1.000000
6759,sketch/n02992529/sketch_19.JPEG,133,1.000000
6760,sketch/n02992529/sketch_2.JPEG,133,1.000000
6761,sketch/n02992529/sketch_20.JPEG,133,1.000000
6762,sketch/n02992529/sketch_21.JPEG,133,1.000000
6763,sketch/n02992529/sketch_22.JPEG,133,1.000000
6764,sketch/n02992529/sketch_23.JPEG,133,1.000000
6765,sketch/n02992529/sketch_24.JPEG,133,1.000000
6766,sketch/n02992529/sketch_25.JPEG,133,1.000000
6767,sketch/n02992529/sketch_26.JPEG,133,1.000000
6768,sketch/n02992529/sketch_27.JPEG,133,1.000000
6769,sketch/n02992529/sketch_28.JPEG,133,1.000000
6770,sketch/n02992529/sketch_29.JPEG,133,1.000000
6771,sketch/n02992529/sketch_3.JPEG,133,1.000000
6772,sketch/n02992529/sketch_30.JPEG,133,1.000000
6773,sketch/n02992529/sketch_31.JPEG,133,1.000000
6774,sketch/n02992529/sketch_32.JPEG,133,1.000000
6775,sketch/n02992529/sketch_33.JPEG,133,1.000000
6776,sketch/n02992529/sketch_34.JPEG,133,1.000000
6777,sketch/n02992529/sketch_35.JPEG,133,1.000000
6778,sketch/n02992529/sketch_36.JPEG,133,1.000000
6779,sketch/n02992529/sketch_37.JPEG,133,1.000000
6780,sketch/n02992529/sketch_38.JPEG,133,1.000000
6781,sketch/n02992529/sketch_39.JPEG,133,1.000000
6782,sketch/n02992529/sketch_4.JPEG,133,1.000000
6783,sketch/n02992529/sketch_40.JPEG,133,1.000000
6784,sketch/n02992529/sketch_41.JPEG,133,1.000000
6785,sketch/n02992529/sketch_42.JPEG,133,1.000000
6786,sketch/n02992529/sketch_43.JPEG,133,1.000000
6787,sketch/n02992529/sketch_44.JPEG,133,1.000000
6788,sketch/n02992529/sketch_45.JPEG,133,1.000001
6789,sketch/n02992529/sketch_46.JPEG,133,1.000000
6790,sketch/n02992529/sketch_47.JPEG,133,1.000000
6791,sketch/n02992529/sketch_48.JPEG,133,1.000000
6792,sketch/n02992529/sketch_49.JPEG,133,1.000000
6793,sketch/n02992529/sketch_5.JPEG,133,1.000000
6794,sketch/n02992529/sketch_50.JPEG,133,1.000000
6795,sketch/n02992529/sketch_6.JPEG,133,1.000000
6796,sketch/n02992529/sketch_7.JPEG,133,1.000000
6797,sketch/n02992529/sketch_8.JPEG,133,1.000000
6798,sketch/n02992529/sketch_9.JPEG,133,1.000000
6799,sketch/n03124170/sketch_0.JPEG,134,1.000000
6800,sketch/n03124170/sketch_1.JPEG,134,1.000000
6801,sketch/n03124170/sketch_10.JPEG,134,1.000000
6802,sketch/n03124170/sketch_11.JPEG,134,1.000000
6803,sketch/n03124170/sketch_12.JPEG,134,1.000000
6804,sketch/n03124170/sketch_13.JPEG,134,1.000000
6805,sketch/n03124170/sketch_14.JPEG,134,1.000000
6806,sketch/n03124170/sketch_15.JPEG,134,1.000000
6807,sketch/n03124170/sketch_16.JPEG,134,1.000000
6808,sketch/n03124170/sketch_17.JPEG,134,1.000000
6809,sketch/n03124170/sketch_18.JPEG,134,1.000000
6810,sketch/n03124170/sketch_19.JPEG,134,1.000000
6811,sketch/n03124170/sketch_2.JPEG,134,1.000000
6812,sketch/n03124170/sketch_20.JPEG,134,1.000000
6813,sketch/n03124170/sketch_21.JPEG,134,1.000000
6814,sketch/n03124170/sketch_22.JPEG,134,1.000000
6815,sketch/n03124170/sketch_23.JPEG,134,1.000000
6816,sketch/n03124170/sketch_24.JPEG,134,1.000000
6817,sketch/n03124170/sketch_25.JPEG,134,1.000000
6818,sketch/n03124170/sketch_26.JPEG,134,1.000000
6819,sketch/n03124170/sketch_27.JPEG,134,1.000000
6820,sketch/n03124170/sketch_28.JPEG,134,1.000000
6821,sketch/n03124170/sketch_29.JPEG,134,1.000000
6822,sketch/n03124170/sketch_3.JPEG,134,1.000000
6823,sketch/n03124170/sketch_30.JPEG,134,1.000000
6824,sketch/n03124170/sketch_31.JPEG,134,1.000000
6825,sketch/n03124170/sketch_32.JPEG,134,1.000000
6826,sketch/n03124170/sketch_33.JPEG,134,1.000000
6827,sketch/n03124170/sketch_34.JPEG,134,1.000000
6828,sketch/n03124170/sketch_35.JPEG,134,1.000000
6829,sketch/n03124170/sketch_36.JPEG,134,1.000000
6830,sketch/n03124170/sketch_37.JPEG,134,1.000000
6831,sketch/n03124170/sketch_38.JPEG,134,1.000000
6832,sketch/n03124170/sketch_39.JPEG,134,1.000000
6833,sketch/n03124170/sketch_4.JPEG,134,1.000000
6834,sketch/n03124170/sketch_40.JPEG,134,1.000000
6835,sketch/n03124170/sketch_41.JPEG,134,1.000000
6836,sketch/n03124170/sketch_42.JPEG,134,1.000000
6837,sketch/n03124170/sketch_43.JPEG,134,1.000000
6838,sketch/n03124170/sketch_44.JPEG,134,1.000000
6839,sketch/n03124170/sketch_45.JPEG,134,1.000000
6840,sketch/n03124170/sketch_46.JPEG,134,1.000000
6841,sketch/n03124170/sketch_47.JPEG,134,1.000000
6842,sketch/n03124170/sketch_48.JPEG,134,1.000000
6843,sketch/n03124170/sketch_49.JPEG,134,1.000000
6844,sketch/n03124170/sketch_5.JPEG,134,1.000000
6845,sketch/n03124170/sketch_50.JPEG,134,1.000000
6846,sketch/n03124170/sketch_6.JPEG,134,1.000000
6847,sketch/n03124170/sketch_7.JPEG,134,1.000000
6848,sketch/n03124170/sketch_8.JPEG,134,1.000000
6849,sketch/n03124170/sketch_9.JPEG,134,1.000001
6850,sketch/n03272010/sketch_0.JPEG,135,1.000000
6851,sketch/n03272010/sketch_1.JPEG,135,1.000000
6852,sketch/n03272010/sketch_10.JPEG,135,1.000000
6853,sketch/n03272010/sketch_11.JPEG,135,1.000000
6854,sketch/n03272010/sketch_12.JPEG,135,1.000000
6855,sketch/n03272010/sketch_13.JPEG,135,1.000000
6856,sketch/n03272010/sketch_14.JPEG,135,1.000000
6857,sketch/n03272010/sketch_15.JPEG,135,1.000000
6858,sketch/n03272010/sketch_16.JPEG,135,1.000000
6859,sketch/n03272010/sketch_17.JPEG,135,1.000000
6860,sketch/n03272010/sketch_18.JPEG,135,1.000000
6861,sketch/n03272010/sketch_19.JPEG,135,1.000000
6862,sketch/n03272010/sketch_2.JPEG,135,1.000000
6863,sketch/n03272010/sketch_20.JPEG,135,1.000000
6864,sketch/n03272010/sketch_21.JPEG,135,1.000000
6865,sketch/n03272010/sketch_22.JPEG,135,1.000000
6866,sketch/n03272010/sketch_23.JPEG,135,1.000000
6867,sketch/n03272010/sketch_24.JPEG,135,1.000000
6868,sketch/n03272010/sketch_25.JPEG,135,1.000000
6869,sketch/n03272010/sketch_26.JPEG,135,1.000000
6870,sketch/n03272010/sketch_27.JPEG,135,1.000000
6871,sketch/n03272010/sketch_28.JPEG,135,1.000000
6872,sketch/n03272010/sketch_29.JPEG,135,1.000000
6873,sketch/n03272010/sketch_3.JPEG,135,1.000000
6874,sketch/n03272010/sketch_30.JPEG,135,1.000000
6875,sketch/n03272010/sketch_31.JPEG,135,1.000000
6876,sketch/n03272010/sketch_32.JPEG,135,1.000000
6877,sketch/n03272010/sketch_33.JPEG,135,1.000000
6878,sketch/n03272010/sketch_34.JPEG,135,1.000000
6879,sketch/n03272010/sketch_35.JPEG,135,1.000000
6880,sketch/n03272010/sketch_36.JPEG,135,1.000000
6881,sketch/n03272010/sketch_37.JPEG,135,1.000000
6882,sketch/n03272010/sketch_38.JPEG,135,1.000000
6883,sketch/n03272010/sketch_39.JPEG,135,1.000000
6884,sketch/n03272010/sketch_4.JPEG,135,1.000000
6885,sketch/n03272010/sketch_40.JPEG,135,1.000000
6886,sketch/n03272010/sketch_41.JPEG,135,1.000000
6887,sketch/n03272010/sketch_42.JPEG,135,1.000000
6888,sketch/n03272010/sketch_43.JPEG,135,1.000000
6889,sketch/n03272010/sketch_44.JPEG,135,1.000000
6890,sketch/n03272010/sketch_45.JPEG,135,1.000000
6891,sketch/n03272010/sketch_46.JPEG,135,1.000000
6892,sketch/n03272010/sketch_47.JPEG,135,1.000000
6893,sketch/n03272010/sketch_48.JPEG,135,1.000000
6894,sketch/n03272010/sketch_49.JPEG,135,1.000000
6895,sketch/n03272010/sketch_5.JPEG,135,1.000000
6896,sketch/n03272010/sketch_6.JPEG,135,1.000000
6897,sketch/n03272010/sketch_7.JPEG,135,1.000000
6898,sketch/n03272010/sketch_8.JPEG,135,1.000000
6899,sketch/n03272010/sketch_9.JPEG,135,1.000000
6900,sketch/n03345487/sketch_0.JPEG,136,1.000000
6901,sketch/n03345487/sketch_1.JPEG,136,1.000000
6902,sketch/n03345487/sketch_10.JPEG,136,1.000000
6903,sketch/n03345487/sketch_11.JPEG,136,1.000000
6904,sketch/n03345487/sketch_12.JPEG,136,1.000000
6905,sketch/n03345487/sketch_13.JPEG,136,1.000000
6906,sketch/n03345487/sketch_14.JPEG,136,1.000000
6907,sketch/n03345487/sketch_15.JPEG,136,1.000000
6908,sketch/n03345487/sketch_16.JPEG,136,1.000000
6909,sketch/n03345487/sketch_17.JPEG,136,1.000000
6910,sketch/n03345487/sketch_18.JPEG,136,1.000000
6911,sketch/n03345487/sketch_19.JPEG,136,1.000000
6912,sketch/n03345487/sketch_2.JPEG,136,1.000000
6913,sketch/n03345487/sketch_20.JPEG,136,1.000000
6914,sketch/n03345487/sketch_21.JPEG,136,1.000000
6915,sketch/n03345487/sketch_22.JPEG,136,1.000000
6916,sketch/n03345487/sketch_23.JPEG,136,1.000000
6917,sketch/n03345487/sketch_24.JPEG,136,1.000000
6918,sketch/n03345487/sketch_25.JPEG,136,1.000000
6919,sketch/n03345487/sketch_26.JPEG,136,1.000000
6920,sketch/n03345487/sketch_27.JPEG,136,1.000000
6921,sketch/n03345487/sketch_28.JPEG,136,1.000000
6922,sketch/n03345487/sketch_29.JPEG,136,1.000000
6923,sketch/n03345487/sketch_3.JPEG,136,1.000000
6924,sketch/n03345487/sketch_30.JPEG,136,1.000000
6925,sketch/n03345487/sketch_31.JPEG,136,1.000000
6926,sketch/n03345487/sketch_32.JPEG,136,1.000000
6927,sketch/n03345487/sketch_33.JPEG,136,1.000000
6928,sketch/n03345487/sketch_34.JPEG,136,1.000000
6929,sketch/n03345487/sketch_35.JPEG,136,1.000000
6930,sketch/n03345487/sketch_36.JPEG,136,1.000000
6931,sketch/n03345487/sketch_37.JPEG,136,1.000000
6932,sketch/n03345487/sketch_38.JPEG,136,1.000000
6933,sketch/n03345487/sketch_39.JPEG,136,1.000000
6934,sketch/n03345487/sketch_4.JPEG,136,1.000000
6935,sketch/n03345487/sketch_40.JPEG,136,1.000000
6936,sketch/n03345487/sketch_41.JPEG,136,1.000000
6937,sketch/n03345487/sketch_42.JPEG,136,1.000000
6938,sketch/n03345487/sketch_43.JPEG,136,1.000000
6939,sketch/n03345487/sketch_44.JPEG,136,1.000000
6940,sketch/n03345487/sketch_45.JPEG,136,1.000000
6941,sketch/n03345487/sketch_46.JPEG,136,1.000000
6942,sketch/n03345487/sketch_47.JPEG,136,1.000000
6943,sketch/n03345487/sketch_48.JPEG,136,1.000000
6944,sketch/n03345487/sketch_49.JPEG,136,1.000000
6945,sketch/n03345487/sketch_5.JPEG,136,1.000000
6946,sketch/n03345487/sketch_50.JPEG,136,1.000000
6947,sketch/n03345487/sketch_6.JPEG,136,1.000000
6948,sketch/n03345487/sketch_7.JPEG,136,1.000000
6949,sketch/n03345487/sketch_8.JPEG,136,1.000000
6950,sketch/n03345487/sketch_9.JPEG,136,1.000000
6951,sketch/n03372029/sketch_0.JPEG,137,1.000000
6952,sketch/n03372029/sketch_1.JPEG,137,1.000000
6953,sketch/n03372029/sketch_10.JPEG,137,1.000000
6954,sketch/n03372029/sketch_11.JPEG,137,1.000000
6955,sketch/n03372029/sketch_12.JPEG,137,1.000000
6956,sketch/n03372029/sketch_13.JPEG,137,1.000000
6957,sketch/n03372029/sketch_14.JPEG,137,1.000000
6958,sketch/n03372029/sketch_15.JPEG,137,1.000000
6959,sketch/n03372029/sketch_16.JPEG,137,1.000000
6960,sketch/n03372029/sketch_17.JPEG,137,1.000000
6961,sketch/n03372029/sketch_18.JPEG,137,1.000000
6962,sketch/n03372029/sketch_19.JPEG,137,1.000000
6963,sketch/n03372029/sketch_2.JPEG,137,1.000000
6964,sketch/n03372029/sketch_20.JPEG,137,1.000000
6965,sketch/n03372029/sketch_21.JPEG,137,1.000000
6966,sketch/n03372029/sketch_22.JPEG,137,1.000000
6967,sketch/n03372029/sketch_23.JPEG,137,1.000000
6968,sketch/n03372029/sketch_24.JPEG,137,1.000000
6969,sketch/n03372029/sketch_25.JPEG,137,1.000000
6970,sketch/n03372029/sketch_26.JPEG,137,1.000000
6971,sketch/n03372029/sketch_27.JPEG,137,1.000000
6972,sketch/n03372029/sketch_28.JPEG,137,1.000000
6973,sketch/n03372029/sketch_29.JPEG,137,1.000000
6974,sketch/n03372029/sketch_3.JPEG,137,1.000000
6975,sketch/n03372029/sketch_30.JPEG,137,1.000000
6976,sketch/n03372029/sketch_31.JPEG,137,1.000000
6977,sketch/n03372029/sketch_32.JPEG,137,1.000000
6978,sketch/n03372029/sketch_33.JPEG,137,1.000000
6979,sketch/n03372029/sketch_34.JPEG,137,1.000000
6980,sketch/n03372029/sketch_35.JPEG,137,1.000000
6981,sketch/n03372029/sketch_36.JPEG,137,1.000000
6982,sketch/n03372029/sketch_37.JPEG,137,1.000000
6983,sketch/n03372029/sketch_38.JPEG,137,1.000000
6984,sketch/n03372029/sketch_39.JPEG,137,1.000000
6985,sketch/n03372029/sketch_4.JPEG,137,1.000000
6986,sketch/n03372029/sketch_40.JPEG,137,1.000000
6987,sketch/n03372029/sketch_41.JPEG,137,1.000000
6988,sketch/n03372029/sketch_42.JPEG,137,1.000000
6989,sketch/n03372029/sketch_43.JPEG,137,1.000000
6990,sketch/n03372029/sketch_44.JPEG,137,1.000000
6991,sketch/n03372029/sketch_45.JPEG,137,1.000000
6992,sketch/n03372029/sketch_46.JPEG,137,1.000000
6993,sketch/n03372029/sketch_47.JPEG,137,1.000000
6994,sketch/n03372029/sketch_48.JPEG,137,1.000000
6995,sketch/n03372029/sketch_49.JPEG,137,1.000000
6996,sketch/n03372029/sketch_5.JPEG,137,1.000000
6997,sketch/n03372029/sketch_50.JPEG,137,1.000000
6998,sketch/n03372029/sketch_6.JPEG,137,1.000000
6999,sketch/n03372029/sketch_7.JPEG,137,1.000000
7000,sketch/n03372029/sketch_8.JPEG,137,1.000000
7001,sketch/n03372029/sketch_9.JPEG,137,1.000000
7002,sketch/n03424325/sketch_0.JPEG,138,1.000000
7003,sketch/n03424325/sketch_1.JPEG,138,1.000000
7004,sketch/n03424325/sketch_10.JPEG,138,1.000000
7005,sketch/n03424325/sketch_11.JPEG,138,1.000000
7006,sketch/n03424325/sketch_12.JPEG,138,1.000000
7007,sketch/n03424325/sketch_13.JPEG,138,1.000000
7008,sketch/n03424325/sketch_14.JPEG,138,1.000000
7009,sketch/n03424325/sketch_15.JPEG,138,1.000000
7010,sketch/n03424325/sketch_16.JPEG,138,1.000000
7011,sketch/n03424325/sketch_17.JPEG,138,1.000000
7012,sketch/n03424325/sketch_18.JPEG,138,1.000000
7013,sketch/n03424325/sketch_19.JPEG,138,0.999999
7014,sketch/n03424325/sketch_2.JPEG,138,1.000000
7015,sketch/n03424325/sketch_20.JPEG,138,1.000000
7016,sketch/n03424325/sketch_21.JPEG,138,1.000000
7017,sketch/n03424325/sketch_22.JPEG,138,1.000000
7018,sketch/n03424325/sketch_23.JPEG,138,1.000000
7019,sketch/n03424325/sketch_24.JPEG,138,1.000000
7020,sketch/n03424325/sketch_25.JPEG,138,1.000000
7021,sketch/n03424325/sketch_26.JPEG,138,1.000000
7022,sketch/n03424325/sketch_27.JPEG,138,1.000000
7023,sketch/n03424325/sketch_28.JPEG,138,1.000000
7024,sketch/n03424325/sketch_29.JPEG,138,1.000000
7025,sketch/n03424325/sketch_3.JPEG,138,1.000000
7026,sketch/n03424325/sketch_30.JPEG,138,1.000000
7027,sketch/n03424325/sketch_31.JPEG,138,1.000000
7028,sketch/n03424325/sketch_32.JPEG,138,1.000000
7029,sketch/n03424325/sketch_33.JPEG,138,1.000000
7030,sketch/n03424325/sketch_34.JPEG,138,1.000000
7031,sketch/n03424325/sketch_35.JPEG,138,1.000000
7032,sketch/n03424325/sketch_36.JPEG,138,1.000000
7033,sketch/n03424325/sketch_37.JPEG,138,1.000000
7034,sketch/n03424325/sketch_38.JPEG,138,1.000000
7035,sketch/n03424325/sketch_39.JPEG,138,1.000000
7036,sketch/n03424325/sketch_4.JPEG,138,1.000000
7037,sketch/n03424325/sketch_40.JPEG,138,1.000000
7038,sketch/n03424325/sketch_41.JPEG,138,1.000000
7039,sketch/n03424325/sketch_42.JPEG,138,1.000000
7040,sketch/n03424325/sketch_43.JPEG,138,1.000000
7041,sketch/n03424325/sketch_44.JPEG,138,1.000000
7042,sketch/n03424325/sketch_45.JPEG,138,1.000000
7043,sketch/n03424325/sketch_46.JPEG,138,1.000000
7044,sketch/n03424325/sketch_47.JPEG,138,1.000000
7045,sketch/n03424325/sketch_48.JPEG,138,1.000000
7046,sketch/n03424325/sketch_49.JPEG,138,1.000000
7047,sketch/n03424325/sketch_5.JPEG,138,1.000000
7048,sketch/n03424325/sketch_50.JPEG,138,1.000000
7049,sketch/n03424325/sketch_6.JPEG,138,1.000000
7050,sketch/n03424325/sketch_12.JPEG,138,1.000000
7051,sketch/n03424325/sketch_8.JPEG,138,1.000000
7052,sketch/n03424325/sketch_9.JPEG,138,1.000000
7053,sketch/n03452741/sketch_0.JPEG,139,1.000000
7054,sketch/n03452741/sketch_1.JPEG,139,1.000000
7055,sketch/n03452741/sketch_10.JPEG,139,1.000000
7056,sketch/n03452741/sketch_11.JPEG,139,1.000000
7057,sketch/n03452741/sketch_12.JPEG,139,1.000000
7058,sketch/n03452741/sketch_13.JPEG,139,1.000000
7059,sketch/n03452741/sketch_14.JPEG,139,1.000000
7060,sketch/n03452741/sketch_15.JPEG,139,1.000000
7061,sketch/n03452741/sketch_16.JPEG,139,1.000000
7062,sketch/n03452741/sketch_17.JPEG,139,1.000000
7063,sketch/n03452741/sketch_18.JPEG,139,1.000000
7064,sketch/n03452741/sketch_19.JPEG,139,1.000000
7065,sketch/n03452741/sketch_2.JPEG,139,1.000000
7066,sketch/n03452741/sketch_20.JPEG,139,1.000000
7067,sketch/n03452741/sketch_21.JPEG,139,1.000000
7068,sketch/n03452741/sketch_22.JPEG,139,1.000000
7069,sketch/n03452741/sketch_23.JPEG,139,1.000000
7070,sketch/n03452741/sketch_24.JPEG,139,1.000000
7071,sketch/n03452741/sketch_25.JPEG,139,1.000000
7072,sketch/n03452741/sketch_26.JPEG,139,1.000000
7073,sketch/n03452741/sketch_27.JPEG,139,1.000000
7074,sketch/n03452741/sketch_28.JPEG,139,1.000000
7075,sketch/n03452741/sketch_29.JPEG,139,1.000000
7076,sketch/n03452741/sketch_3.JPEG,139,1.000000
7077,sketch/n03452741/sketch_30.JPEG,139,1.000000
7078,sketch/n03452741/sketch_31.JPEG,139,1.000000
7079,sketch/n03452741/sketch_32.JPEG,139,1.000000
7080,sketch/n03452741/sketch_33.JPEG,139,1.000000
7081,sketch/n03452741/sketch_34.JPEG,139,1.000000
7082,sketch/n03452741/sketch_35.JPEG,139,1.000000
7083,sketch/n03452741/sketch_36.JPEG,139,1.000000
7084,sketch/n03452741/sketch_37.JPEG,139,1.000000
7085,sketch/n03452741/sketch_38.JPEG,139,1.000000
7086,sketch/n03452741/sketch_39.JPEG,139,1.000000
7087,sketch/n03452741/sketch_4.JPEG,139,1.000000
7088,sketch/n03452741/sketch_40.JPEG,139,1.000000
7089,sketch/n03452741/sketch_41.JPEG,139,1.000000
7090,sketch/n03452741/sketch_42.JPEG,139,1.000000
7091,sketch/n03452741/sketch_43.JPEG,139,1.000000
7092,sketch/n03452741/sketch_44.JPEG,139,1.000000
7093,sketch/n03452741/sketch_45.JPEG,139,1.000000
7094,sketch/n03452741/sketch_46.JPEG,139,1.000000
7095,sketch/n03452741/sketch_47.JPEG,139,1.000000
7096,sketch/n03452741/sketch_48.JPEG,139,1.000000
7097,sketch/n03452741/sketch_49.JPEG,139,1.000000
7098,sketch/n03452741/sketch_5.JPEG,139,1.000000
7099,sketch/n03452741/sketch_50.JPEG,139,1.000000
7100,sketch/n03452741/sketch_6.JPEG,139,1.000000
7101,sketch/n03452741/sketch_7.JPEG,139,1.000000
7102,sketch/n03452741/sketch_8.JPEG,139,1.000000
7103,sketch/n03452741/sketch_9.JPEG,139,1.000000
7104,sketch/n03467068/sketch_0.JPEG,140,1.000000
7105,sketch/n03467068/sketch_1.JPEG,140,1.000000
7106,sketch/n03467068/sketch_10.JPEG,140,1.000000
7107,sketch/n03467068/sketch_11.JPEG,140,1.000000
7108,sketch/n03467068/sketch_12.JPEG,140,1.000000
7109,sketch/n03467068/sketch_13.JPEG,140,1.000000
7110,sketch/n03467068/sketch_14.JPEG,140,1.000000
7111,sketch/n03467068/sketch_15.JPEG,140,1.000000
7112,sketch/n03467068/sketch_16.JPEG,140,1.000000
7113,sketch/n03467068/sketch_17.JPEG,140,1.000000
7114,sketch/n03467068/sketch_18.JPEG,140,1.000000
7115,sketch/n03467068/sketch_19.JPEG,140,1.000000
7116,sketch/n03467068/sketch_11.JPEG,140,1.000000
7117,sketch/n03467068/sketch_20.JPEG,140,1.000000
7118,sketch/n03467068/sketch_21.JPEG,140,1.000000
7119,sketch/n03467068/sketch_22.JPEG,140,1.000000
7120,sketch/n03467068/sketch_23.JPEG,140,1.000000
7121,sketch/n03467068/sketch_24.JPEG,140,1.000000
7122,sketch/n03467068/sketch_25.JPEG,140,1.000000
7123,sketch/n03467068/sketch_26.JPEG,140,1.000000
7124,sketch/n03467068/sketch_27.JPEG,140,1.000000
7125,sketch/n03467068/sketch_28.JPEG,140,1.000000
7126,sketch/n03467068/sketch_29.JPEG,140,1.000000
7127,sketch/n03467068/sketch_3.JPEG,140,1.000000
7128,sketch/n03467068/sketch_30.JPEG,140,1.000000
7129,sketch/n03467068/sketch_31.JPEG,140,1.000000
7130,sketch/n03467068/sketch_11.JPEG,140,1.000000
7131,sketch/n03467068/sketch_33.JPEG,140,1.000000
7132,sketch/n03467068/sketch_34.JPEG,140,1.000000
7133,sketch/n03467068/sketch_35.JPEG,140,1.000000
7134,sketch/n03467068/sketch_36.JPEG,140,1.000000
7135,sketch/n03467068/sketch_37.JPEG,140,1.000000
7136,sketch/n03467068/sketch_38.JPEG,140,1.000000
7137,sketch/n03467068/sketch_39.JPEG,140,1.000000
7138,sketch/n03467068/sketch_4.JPEG,140,1.000000
7139,sketch/n03467068/sketch_40.JPEG,140,1.000000
7140,sketch/n03467068/sketch_11.JPEG,140,1.000000
7141,sketch/n03467068/sketch_42.JPEG,140,1.000000
7142,sketch/n03467068/sketch_43.JPEG,140,1.000000
7143,sketch/n03467068/sketch_44.JPEG,140,1.000000
7144,sketch/n03467068/sketch_45.JPEG,140,1.000000
7145,sketch/n03467068/sketch_46.JPEG,140,1.000000
7146,sketch/n03467068/sketch_47.JPEG,140,1.000000
7147,sketch/n03467068/sketch_48.JPEG,140,1.000000
7148,sketch/n03467068/sketch_49.JPEG,140,1.000000
7149,sketch/n03467068/sketch_5.JPEG,140,1.000000
7150,sketch/n03467068/sketch_50.JPEG,140,1.000000
7151,sketch/n03467068/sketch_6.JPEG,140,1.000000
7152,sketch/n03467068/sketch_7.JPEG,140,1.000000
7153,sketch/n03467068/sketch_8.JPEG,140,1.000000
7154,sketch/n03467068/sketch_9.JPEG,140,1.000000
7155,sketch/n03481172/sketch_0.JPEG,141,0.999999
7156,sketch/n03481172/sketch_1.JPEG,141,1.000000
7157,sketch/n03481172/sketch_10.JPEG,141,1.000000
7158,sketch/n03481172/sketch_11.JPEG,141,1.000000
7159,sketch/n03481172/sketch_12.JPEG,141,1.000000
7160,sketch/n03481172/sketch_13.JPEG,141,1.000000
7161,sketch/n03481172/sketch_14.JPEG,141,1.000000
7162,sketch/n03481172/sketch_15.JPEG,141,1.000000
7163,sketch/n03481172/sketch_16.JPEG,141,1.000000
7164,sketch/n03481172/sketch_17.JPEG,141,1.000000
7165,sketch/n03481172/sketch_18.JPEG,141,1.000000
7166,sketch/n03481172/sketch_19.JPEG,141,1.000000
7167,sketch/n03481172/sketch_2.JPEG,141,1.000000
7168,sketch/n03481172/sketch_20.JPEG,141,1.000000
7169,sketch/n03481172/sketch_21.JPEG,141,1.000000
7170,sketch/n03481172/sketch_22.JPEG,141,1.000000
7171,sketch/n03481172/sketch_23.JPEG,141,1.000000
7172,sketch/n03481172/sketch_24.JPEG,141,1.000000
7173,sketch/n03481172/sketch_25.JPEG,141,1.000000
7174,sketch/n03481172/sketch_26.JPEG,141,1.000000
7175,sketch/n03481172/sketch_27.JPEG,141,1.000000
7176,sketch/n03481172/sketch_28.JPEG,141,1.000000
7177,sketch/n03481172/sketch_29.JPEG,141,1.000000
7178,sketch/n03481172/sketch_3.JPEG,141,1.000000
7179,sketch/n03481172/sketch_30.JPEG,141,1.000000
7180,sketch/n03481172/sketch_31.JPEG,141,1.000000
7181,sketch/n03481172/sketch_32.JPEG,141,1.000000
7182,sketch/n03481172/sketch_33.JPEG,141,1.000000
7183,sketch/n03481172/sketch_34.JPEG,141,1.000000
7184,sketch/n03481172/sketch_35.JPEG,141,1.000000
7185,sketch/n03481172/sketch_36.JPEG,141,1.000000
7186,sketch/n03481172/sketch_37.JPEG,141,1.000000
7187,sketch/n03481172/sketch_38.JPEG,141,1.000000
7188,sketch/n03481172/sketch_39.JPEG,141,1.000000
7189,sketch/n03481172/sketch_4.JPEG,141,1.000000
7190,sketch/n03481172/sketch_40.JPEG,141,1.000000
7191,sketch/n03481172/sketch_41.JPEG,141,1.000000
7192,sketch/n03481172/sketch_42.JPEG,141,1.000000
7193,sketch/n03481172/sketch_43.JPEG,141,1.000000
7194,sketch/n03481172/sketch_44.JPEG,141,1.000000
7195,sketch/n03481172/sketch_45.JPEG,141,1.000000
7196,sketch/n03481172/sketch_46.JPEG,141,1.000000
7197,sketch/n03481172/sketch_47.JPEG,141,1.000000
7198,sketch/n03481172/sketch_48.JPEG,141,1.000000
7199,sketch/n03481172/sketch_49.JPEG,141,1.000000
7200,sketch/n03481172/sketch_5.JPEG,141,1.000000
7201,sketch/n03481172/sketch_50.JPEG,141,1.000000
7202,sketch/n03481172/sketch_6.JPEG,141,1.000000
7203,sketch/n03481172/sketch_7.JPEG,141,1.000000
7204,sketch/n03481172/sketch_8.JPEG,141,1.000000
7205,sketch/n03481172/sketch_9.JPEG,141,1.000000
7206,sketch/n03494278/sketch_0.JPEG,142,1.000000
7207,sketch/n03494278/sketch_1.JPEG,142,1.000000
7208,sketch/n03494278/sketch_10.JPEG,142,1.000000
7209,sketch/n03494278/sketch_11.JPEG,142,1.000000
7210,sketch/n03494278/sketch_12.JPEG,142,1.000000
7211,sketch/n03494278/sketch_13.JPEG,142,1.000000
7212,sketch/n03494278/sketch_14.JPEG,142,1.000000
7213,sketch/n03494278/sketch_15.JPEG,142,1.000000
7214,sketch/n03494278/sketch_16.JPEG,142,1.000000
7215,sketch/n03494278/sketch_17.JPEG,142,1.000000
7216,sketch/n03494278/sketch_18.JPEG,142,1.000000
7217,sketch/n03494278/sketch_19.JPEG,142,1.000000
7218,sketch/n03494278/sketch_2.JPEG,142,1.000001
7219,sketch/n03494278/sketch_20.JPEG,142,1.000000
7220,sketch/n03494278/sketch_21.JPEG,142,1.000000
7221,sketch/n03494278/sketch_22.JPEG,142,1.000001
7222,sketch/n03494278/sketch_23.JPEG,142,1.000000
7223,sketch/n03494278/sketch_24.JPEG,142,1.000000
7224,sketch/n03494278/sketch_25.JPEG,142,1.000000
7225,sketch/n03494278/sketch_26.JPEG,142,1.000000
7226,sketch/n03494278/sketch_27.JPEG,142,1.000000
7227,sketch/n03494278/sketch_28.JPEG,142,1.000000
7228,sketch/n03494278/sketch_29.JPEG,142,1.000000
7229,sketch/n03494278/sketch_3.JPEG,142,1.000000
7230,sketch/n03494278/sketch_30.JPEG,142,1.000000
7231,sketch/n03494278/sketch_31.JPEG,142,1.000000
7232,sketch/n03494278/sketch_32.JPEG,142,1.000000
7233,sketch/n03494278/sketch_33.JPEG,142,1.000000
7234,sketch/n03494278/sketch_34.JPEG,142,1.000000
7235,sketch/n03494278/sketch_35.JPEG,142,1.000000
7236,sketch/n03494278/sketch_36.JPEG,142,1.000000
7237,sketch/n03494278/sketch_37.JPEG,142,1.000000
7238,sketch/n03494278/sketch_38.JPEG,142,1.000000
7239,sketch/n03494278/sketch_39.JPEG,142,1.000000
7240,sketch/n03494278/sketch_4.JPEG,142,1.000000
7241,sketch/n03494278/sketch_40.JPEG,142,1.000000
7242,sketch/n03494278/sketch_41.JPEG,142,1.000000
7243,sketch/n03494278/sketch_42.JPEG,142,1.000000
7244,sketch/n03494278/sketch_43.JPEG,142,1.000000
7245,sketch/n03494278/sketch_44.JPEG,142,1.000000
7246,sketch/n03494278/sketch_45.JPEG,142,1.000000
7247,sketch/n03494278/sketch_46.JPEG,142,1.000000
7248,sketch/n03494278/sketch_47.JPEG,142,1.000000
7249,sketch/n03494278/sketch_48.JPEG,142,1.000000
7250,sketch/n03494278/sketch_49.JPEG,142,1.000000
7251,sketch/n03494278/sketch_5.JPEG,142,1.000000
7252,sketch/n03494278/sketch_50.JPEG,142,1.000000
7253,sketch/n03494278/sketch_6.JPEG,142,1.000000
7254,sketch/n03494278/sketch_7.JPEG,142,1.000000
7255,sketch/n03494278/sketch_8.JPEG,142,1.000000
7256,sketch/n03494278/sketch_9.JPEG,142,1.000000
7257,sketch/n03495258/sketch_0.JPEG,143,1.000000
7258,sketch/n03495258/sketch_1.JPEG,143,1.000000
7259,sketch/n03495258/sketch_10.JPEG,143,1.000000
7260,sketch/n03495258/sketch_11.JPEG,143,1.000000
7261,sketch/n03495258/sketch_12.JPEG,143,1.000000
7262,sketch/n03495258/sketch_13.JPEG,143,1.000000
7263,sketch/n03495258/sketch_14.JPEG,143,1.000000
7264,sketch/n03495258/sketch_15.JPEG,143,1.000000
7265,sketch/n03495258/sketch_16.JPEG,143,1.000000
7266,sketch/n03495258/sketch_17.JPEG,143,1.000000
7267,sketch/n03495258/sketch_18.JPEG,143,1.000000
7268,sketch/n03495258/sketch_19.JPEG,143,1.000000
7269,sketch/n03495258/sketch_2.JPEG,143,1.000000
7270,sketch/n03495258/sketch_20.JPEG,143,1.000000
7271,sketch/n03495258/sketch_21.JPEG,143,1.000000
7272,sketch/n03495258/sketch_22.JPEG,143,1.000000
7273,sketch/n03495258/sketch_23.JPEG,143,1.000000
7274,sketch/n03495258/sketch_24.JPEG,143,1.000000
7275,sketch/n03495258/sketch_12.JPEG,143,1.000000
7276,sketch/n03495258/sketch_26.JPEG,143,1.000000
7277,sketch/n03495258/sketch_27.JPEG,143,1.000000
7278,sketch/n03495258/sketch_12.JPEG,143,1.000000
7279,sketch/n03495258/sketch_29.JPEG,143,1.000000
7280,sketch/n03495258/sketch_3.JPEG,143,1.000000
7281,sketch/n03495258/sketch_30.JPEG,143,1.000000
7282,sketch/n03495258/sketch_31.JPEG,143,1.000000
7283,sketch/n03495258/sketch_32.JPEG,143,1.000000
7284,sketch/n03495258/sketch_33.JPEG,143,1.000000
7285,sketch/n03495258/sketch_34.JPEG,143,1.000000
7286,sketch/n03495258/sketch_35.JPEG,143,1.000000
7287,sketch/n03495258/sketch_36.JPEG,143,1.000000
7288,sketch/n03495258/sketch_37.JPEG,143,1.000000
7289,sketch/n03495258/sketch_38.JPEG,143,1.000000
7290,sketch/n03495258/sketch_39.JPEG,143,1.000000
7291,sketch/n03495258/sketch_4.JPEG,143,1.000000
7292,sketch/n03495258/sketch_40.JPEG,143,1.000000
7293,sketch/n03495258/sketch_41.JPEG,143,1.000000
7294,sketch/n03495258/sketch_42.JPEG,143,1.000000
7295,sketch/n03495258/sketch_43.JPEG,143,1.000000
7296,sketch/n03495258/sketch_44.JPEG,143,1.000000
7297,sketch/n03495258/sketch_45.JPEG,143,1.000000
7298,sketch/n03495258/sketch_46.JPEG,143,1.000000
7299,sketch/n03495258/sketch_47.JPEG,143,1.000000
7300,sketch/n03495258/sketch_48.JPEG,143,1.000000
7301,sketch/n03495258/sketch_49.JPEG,143,1.000000
7302,sketch/n03495258/sketch_5.JPEG,143,1.000000
7303,sketch/n03495258/sketch_50.JPEG,143,1.000000
7304,sketch/n03495258/sketch_6.JPEG,143,1.000000
7305,sketch/n03495258/sketch_7.JPEG,143,1.000000
7306,sketch/n03495258/sketch_8.JPEG,143,1.000000
7307,sketch/n03495258/sketch_9.JPEG,143,1.000000
7308,sketch/n03498962/sketch_0.JPEG,144,1.000000
7309,sketch/n03498962/sketch_1.JPEG,144,1.000000
7310,sketch/n03498962/sketch_10.JPEG,144,1.000000
7311,sketch/n03498962/sketch_11.JPEG,144,1.000000
7312,sketch/n03498962/sketch_12.JPEG,144,1.000000
7313,sketch/n03498962/sketch_13.JPEG,144,1.000000
7314,sketch/n03498962/sketch_14.JPEG,144,1.000000
7315,sketch/n03498962/sketch_15.JPEG,144,1.000000
7316,sketch/n03498962/sketch_16.JPEG,144,1.000000
7317,sketch/n03498962/sketch_17.JPEG,144,1.000000
7318,sketch/n03498962/sketch_18.JPEG,144,1.000000
7319,sketch/n03498962/sketch_19.JPEG,144,1.000000
7320,sketch/n03498962/sketch_2.JPEG,144,1.000000
7321,sketch/n03498962/sketch_20.JPEG,144,1.000000
7322,sketch/n03498962/sketch_21.JPEG,144,1.000000
7323,sketch/n03498962/sketch_22.JPEG,144,1.000000
7324,sketch/n03498962/sketch_23.JPEG,144,1.000000
7325,sketch/n03498962/sketch_24.JPEG,144,1.000000
7326,sketch/n03498962/sketch_25.JPEG,144,1.000000
7327,sketch/n03498962/sketch_26.JPEG,144,1.000000
7328,sketch/n03498962/sketch_27.JPEG,144,1.000000
7329,sketch/n03498962/sketch_28.JPEG,144,1.000000
7330,sketch/n03498962/sketch_29.JPEG,144,1.000000
7331,sketch/n03498962/sketch_3.JPEG,144,1.000000
7332,sketch/n03498962/sketch_30.JPEG,144,1.000000
7333,sketch/n03498962/sketch_31.JPEG,144,1.000000
7334,sketch/n03498962/sketch_32.JPEG,144,1.000000
7335,sketch/n03498962/sketch_33.JPEG,144,1.000000
7336,sketch/n03498962/sketch_34.JPEG,144,1.000000
7337,sketch/n03498962/sketch_35.JPEG,144,1.000000
7338,sketch/n03498962/sketch_36.JPEG,144,1.000000
7339,sketch/n03498962/sketch_37.JPEG,144,1.000000
7340,sketch/n03498962/sketch_38.JPEG,144,1.000000
7341,sketch/n03498962/sketch_39.JPEG,144,1.000000
7342,sketch/n03498962/sketch_4.JPEG,144,1.000000
7343,sketch/n03498962/sketch_40.JPEG,144,1.000000
7344,sketch/n03498962/sketch_41.JPEG,144,1.000000
7345,sketch/n03498962/sketch_42.JPEG,144,1.000000
7346,sketch/n03498962/sketch_43.JPEG,144,1.000000
7347,sketch/n03498962/sketch_44.JPEG,144,1.000000
7348,sketch/n03498962/sketch_45.JPEG,144,1.000000
7349,sketch/n03498962/sketch_46.JPEG,144,1.000000
7350,sketch/n03498962/sketch_47.JPEG,144,1.000000
7351,sketch/n03498962/sketch_48.JPEG,144,1.000000
7352,sketch/n03498962/sketch_49.JPEG,144,1.000000
7353,sketch/n03498962/sketch_42.JPEG,144,1.000000
7354,sketch/n03498962/sketch_50.JPEG,144,1.000000
7355,sketch/n03498962/sketch_6.JPEG,144,1.000000
7356,sketch/n03498962/sketch_7.JPEG,144,1.000000
7357,sketch/n03498962/sketch_8.JPEG,144,1.000000
7358,sketch/n03498962/sketch_9.JPEG,144,1.000000
7359,sketch/n03594945/sketch_0.JPEG,145,1.000000
7360,sketch/n03594945/sketch_1.JPEG,145,1.000000
7361,sketch/n03594945/sketch_10.JPEG,145,1.000000
7362,sketch/n03594945/sketch_11.JPEG,145,1.000000
7363,sketch/n03594945/sketch_12.JPEG,145,1.000000
7364,sketch/n03594945/sketch_13.JPEG,145,1.000000
7365,sketch/n03594945/sketch_14.JPEG,145,1.000000
7366,sketch/n03594945/sketch_15.JPEG,145,1.000000
7367,sketch/n03594945/sketch_16.JPEG,145,1.000000
7368,sketch/n03594945/sketch_17.JPEG,145,1.000000
7369,sketch/n03594945/sketch_18.JPEG,145,1.000000
7370,sketch/n03594945/sketch_19.JPEG,145,1.000000
7371,sketch/n03594945/sketch_2.JPEG,145,1.000000
7372,sketch/n03594945/sketch_20.JPEG,145,1.000000
7373,sketch/n03594945/sketch_21.JPEG,145,1.000000
7374,sketch/n03594945/sketch_22.JPEG,145,1.000000
7375,sketch/n03594945/sketch_23.JPEG,145,1.000000
7376,sketch/n03594945/sketch_24.JPEG,145,1.000000
7377,sketch/n03594945/sketch_25.JPEG,145,1.000000
7378,sketch/n03594945/sketch_26.JPEG,145,1.000000
7379,sketch/n03594945/sketch_27.JPEG,145,1.000000
7380,sketch/n03594945/sketch_28.JPEG,145,1.000000
7381,sketch/n03594945/sketch_29.JPEG,145,1.000000
7382,sketch/n03594945/sketch_3.JPEG,145,1.000000
7383,sketch/n03594945/sketch_30.JPEG,145,1.000000
7384,sketch/n03594945/sketch_31.JPEG,145,1.000001
7385,sketch/n03594945/sketch_32.JPEG,145,1.000000
7386,sketch/n03594945/sketch_33.JPEG,145,1.000000
7387,sketch/n03594945/sketch_34.JPEG,145,1.000000
7388,sketch/n03594945/sketch_35.JPEG,145,1.000000
7389,sketch/n03594945/sketch_36.JPEG,145,1.000000
7390,sketch/n03594945/sketch_37.JPEG,145,1.000000
7391,sketch/n03594945/sketch_38.JPEG,145,1.000000
7392,sketch/n03594945/sketch_39.JPEG,145,1.000000
7393,sketch/n03594945/sketch_4.JPEG,145,1.000000
7394,sketch/n03594945/sketch_40.JPEG,145,1.000000
7395,sketch/n03594945/sketch_41.JPEG,145,1.000000
7396,sketch/n03594945/sketch_42.JPEG,145,1.000000
7397,sketch/n03594945/sketch_43.JPEG,145,1.000000
7398,sketch/n03594945/sketch_44.JPEG,145,1.000000
7399,sketch/n03594945/sketch_45.JPEG,145,1.000000
7400,sketch/n03594945/sketch_46.JPEG,145,1.000000
7401,sketch/n03594945/sketch_47.JPEG,145,1.000000
7402,sketch/n03594945/sketch_48.JPEG,145,1.000000
7403,sketch/n03594945/sketch_49.JPEG,145,1.000000
7404,sketch/n03594945/sketch_5.JPEG,145,1.000000
7405,sketch/n03594945/sketch_50.JPEG,145,1.000000
7406,sketch/n03594945/sketch_6.JPEG,145,1.000000
7407,sketch/n03594945/sketch_7.JPEG,145,1.000000
7408,sketch/n03594945/sketch_8.JPEG,145,1.000000
7409,sketch/n03594945/sketch_9.JPEG,145,1.000000
7410,sketch/n03602883/sketch_0.JPEG,146,1.000000
7411,sketch/n03602883/sketch_1.JPEG,146,1.000000
7412,sketch/n03602883/sketch_10.JPEG,146,1.000000
7413,sketch/n03602883/sketch_11.JPEG,146,1.000000
7414,sketch/n03602883/sketch_12.JPEG,146,1.000000
7415,sketch/n03602883/sketch_13.JPEG,146,1.000000
7416,sketch/n03602883/sketch_14.JPEG,146,1.000000
7417,sketch/n03602883/sketch_15.JPEG,146,1.000000
7418,sketch/n03602883/sketch_16.JPEG,146,1.000000
7419,sketch/n03602883/sketch_17.JPEG,146,1.000000
7420,sketch/n03602883/sketch_18.JPEG,146,1.000000
7421,sketch/n03602883/sketch_19.JPEG,146,1.000000
7422,sketch/n03602883/sketch_2.JPEG,146,1.000000
7423,sketch/n03602883/sketch_20.JPEG,146,1.000000
7424,sketch/n03602883/sketch_21.JPEG,146,1.000000
7425,sketch/n03602883/sketch_22.JPEG,146,1.000000
7426,sketch/n03602883/sketch_23.JPEG,146,1.000000
7427,sketch/n03602883/sketch_24.JPEG,146,1.000000
7428,sketch/n03602883/sketch_25.JPEG,146,1.000000
7429,sketch/n03602883/sketch_26.JPEG,146,1.000000
7430,sketch/n03602883/sketch_27.JPEG,146,1.000000
7431,sketch/n03602883/sketch_28.JPEG,146,1.000000
7432,sketch/n03602883/sketch_29.JPEG,146,1.000000
7433,sketch/n03602883/sketch_3.JPEG,146,1.000000
7434,sketch/n03602883/sketch_30.JPEG,146,1.000000
7435,sketch/n03602883/sketch_31.JPEG,146,1.000000
7436,sketch/n03602883/sketch_32.JPEG,146,1.000000
7437,sketch/n03602883/sketch_33.JPEG,146,1.000000
7438,sketch/n03602883/sketch_34.JPEG,146,1.000000
7439,sketch/n03602883/sketch_35.JPEG,146,1.000000
7440,sketch/n03602883/sketch_36.JPEG,146,1.000000
7441,sketch/n03602883/sketch_37.JPEG,146,1.000000
7442,sketch/n03602883/sketch_38.JPEG,146,1.000000
7443,sketch/n03602883/sketch_39.JPEG,146,1.000000
7444,sketch/n03602883/sketch_4.JPEG,146,1.000000
7445,sketch/n03602883/sketch_40.JPEG,146,1.000000
7446,sketch/n03602883/sketch_41.JPEG,146,1.000000
7447,sketch/n03602883/sketch_42.JPEG,146,1.000000
7448,sketch/n03602883/sketch_43.JPEG,146,1.000000
7449,sketch/n03602883/sketch_44.JPEG,146,1.000000
7450,sketch/n03602883/sketch_45.JPEG,146,1.000000
7451,sketch/n03602883/sketch_46.JPEG,146,1.000000
7452,sketch/n03602883/sketch_47.JPEG,146,1.000000
7453,sketch/n03602883/sketch_48.JPEG,146,1.000000
7454,sketch/n03602883/sketch_49.JPEG,146,1.000000
7455,sketch/n03602883/sketch_5.JPEG,146,1.000000
7456,sketch/n03602883/sketch_6.JPEG,146,1.000000
7457,sketch/n03602883/sketch_7.JPEG,146,1.000000
7458,sketch/n03602883/sketch_8.JPEG,146,1.000000
7459,sketch/n03602883/sketch_9.JPEG,146,1.000000
7460,sketch/n03630383/sketch_0.JPEG,147,1.000000
7461,sketch/n03630383/sketch_1.JPEG,147,1.000000
7462,sketch/n03630383/sketch_10.JPEG,147,1.000000
7463,sketch/n03630383/sketch_11.JPEG,147,1.000000
7464,sketch/n03630383/sketch_12.JPEG,147,1.000000
7465,sketch/n03630383/sketch_13.JPEG,147,1.000000
7466,sketch/n03630383/sketch_14.JPEG,147,1.000000
7467,sketch/n03630383/sketch_15.JPEG,147,1.000000
7468,sketch/n03630383/sketch_16.JPEG,147,1.000000
7469,sketch/n03630383/sketch_17.JPEG,147,1.000000
7470,sketch/n03630383/sketch_18.JPEG,147,1.000000
7471,sketch/n03630383/sketch_19.JPEG,147,1.000000
7472,sketch/n03630383/sketch_2.JPEG,147,1.000000
7473,sketch/n03630383/sketch_20.JPEG,147,1.000000
7474,sketch/n03630383/sketch_21.JPEG,147,1.000000
7475,sketch/n03630383/sketch_22.JPEG,147,1.000000
7476,sketch/n03630383/sketch_23.JPEG,147,1.000000
7477,sketch/n03630383/sketch_24.JPEG,147,1.000000
7478,sketch/n03630383/sketch_25.JPEG,147,1.000000
7479,sketch/n03630383/sketch_26.JPEG,147,1.000000
7480,sketch/n03630383/sketch_27.JPEG,147,1.000000
7481,sketch/n03630383/sketch_28.JPEG,147,1.000000
7482,sketch/n03630383/sketch_29.JPEG,147,1.000000
7483,sketch/n03630383/sketch_3.JPEG,147,1.000000
7484,sketch/n03630383/sketch_30.JPEG,147,1.000000
7485,sketch/n03630383/sketch_31.JPEG,147,1.000000
7486,sketch/n03630383/sketch_32.JPEG,147,1.000000
7487,sketch/n03630383/sketch_33.JPEG,147,1.000000
7488,sketch/n03630383/sketch_34.JPEG,147,1.000000
7489,sketch/n03630383/sketch_35.JPEG,147,1.000000
7490,sketch/n03630383/sketch_36.JPEG,147,1.000000
7491,sketch/n03630383/sketch_37.JPEG,147,1.000000
7492,sketch/n03630383/sketch_38.JPEG,147,1.000000
7493,sketch/n03630383/sketch_39.JPEG,147,1.000000
7494,sketch/n03630383/sketch_4.JPEG,147,1.000000
7495,sketch/n03630383/sketch_40.JPEG,147,1.000000
7496,sketch/n03630383/sketch_41.JPEG,147,1.000000
7497,sketch/n03630383/sketch_42.JPEG,147,1.000000
7498,sketch/n03630383/sketch_43.JPEG,147,1.000000
7499,sketch/n03630383/sketch_44.JPEG,147,1.000000
7500,sketch/n03630383/sketch_45.JPEG,147,1.000000
7501,sketch/n03630383/sketch_46.JPEG,147,1.000000
7502,sketch/n03630383/sketch_47.JPEG,147,1.000000
7503,sketch/n03630383/sketch_48.JPEG,147,1.000000
7504,sketch/n03630383/sketch_49.JPEG,147,1.000000
7505,sketch/n03630383/sketch_5.JPEG,147,1.000000
7506,sketch/n03630383/sketch_50.JPEG,147,1.000000
7507,sketch/n03630383/sketch_6.JPEG,147,1.000000
7508,sketch/n03630383/sketch_7.JPEG,147,1.000000
7509,sketch/n03630383/sketch_8.JPEG,147,1.000000
7510,sketch/n03630383/sketch_9.JPEG,147,1.000000
7511,sketch/n03649909/sketch_0.JPEG,148,1.000000
7512,sketch/n03649909/sketch_1.JPEG,148,1.000000
7513,sketch/n03649909/sketch_10.JPEG,148,1.000000
7514,sketch/n03649909/sketch_11.JPEG,148,1.000000
7515,sketch/n03649909/sketch_12.JPEG,148,1.000000
7516,sketch/n03649909/sketch_13.JPEG,148,1.000000
7517,sketch/n03649909/sketch_14.JPEG,148,1.000000
7518,sketch/n03649909/sketch_15.JPEG,148,1.000000
7519,sketch/n03649909/sketch_16.JPEG,148,1.000000
7520,sketch/n03649909/sketch_17.JPEG,148,1.000000
7521,sketch/n03649909/sketch_18.JPEG,148,1.000000
7522,sketch/n03649909/sketch_19.JPEG,148,1.000000
7523,sketch/n03649909/sketch_2.JPEG,148,1.000000
7524,sketch/n03649909/sketch_20.JPEG,148,1.000000
7525,sketch/n03649909/sketch_21.JPEG,148,1.000000
7526,sketch/n03649909/sketch_22.JPEG,148,1.000000
7527,sketch/n03649909/sketch_23.JPEG,148,1.000000
7528,sketch/n03649909/sketch_24.JPEG,148,1.000000
7529,sketch/n03649909/sketch_25.JPEG,148,1.000000
7530,sketch/n03649909/sketch_26.JPEG,148,1.000000
7531,sketch/n03649909/sketch_27.JPEG,148,1.000000
7532,sketch/n03649909/sketch_28.JPEG,148,1.000000
7533,sketch/n03649909/sketch_29.JPEG,148,1.000000
7534,sketch/n03649909/sketch_3.JPEG,148,1.000000
7535,sketch/n03649909/sketch_30.JPEG,148,1.000000
7536,sketch/n03649909/sketch_31.JPEG,148,1.000000
7537,sketch/n03649909/sketch_32.JPEG,148,1.000000
7538,sketch/n03649909/sketch_33.JPEG,148,1.000000
7539,sketch/n03649909/sketch_34.JPEG,148,1.000000
7540,sketch/n03649909/sketch_35.JPEG,148,1.000000
7541,sketch/n03649909/sketch_36.JPEG,148,1.000000
7542,sketch/n03649909/sketch_37.JPEG,148,1.000000
7543,sketch/n03649909/sketch_38.JPEG,148,1.000000
7544,sketch/n03649909/sketch_39.JPEG,148,1.000000
7545,sketch/n03649909/sketch_4.JPEG,148,1.000000
7546,sketch/n03649909/sketch_40.JPEG,148,1.000000
7547,sketch/n03649909/sketch_41.JPEG,148,1.000000
7548,sketch/n03649909/sketch_42.JPEG,148,1.000000
7549,sketch/n03649909/sketch_43.JPEG,148,1.000000
7550,sketch/n03649909/sketch_44.JPEG,148,1.000000
7551,sketch/n03649909/sketch_45.JPEG,148,1.000000
7552,sketch/n03649909/sketch_46.JPEG,148,1.000000
7553,sketch/n03649909/sketch_47.JPEG,148,1.000000
7554,sketch/n03649909/sketch_48.JPEG,148,1.000000
7555,sketch/n03649909/sketch_49.JPEG,148,1.000000
7556,sketch/n03649909/sketch_5.JPEG,148,1.000000
7557,sketch/n03649909/sketch_50.JPEG,148,1.000000
7558,sketch/n03649909/sketch_6.JPEG,148,1.000000
7559,sketch/n03649909/sketch_7.JPEG,148,1.000000
7560,sketch/n03649909/sketch_8.JPEG,148,1.000000
7561,sketch/n03649909/sketch_9.JPEG,148,1.000000
7562,sketch/n03676483/sketch_0.JPEG,149,1.000000
7563,sketch/n03676483/sketch_1.JPEG,149,1.000000
7564,sketch/n03676483/sketch_10.JPEG,149,1.000000
7565,sketch/n03676483/sketch_11.JPEG,149,1.000000
7566,sketch/n03676483/sketch_12.JPEG,149,1.000000
7567,sketch/n03676483/sketch_13.JPEG,149,1.000000
7568,sketch/n03676483/sketch_14.JPEG,149,1.000000
7569,sketch/n03676483/sketch_15.JPEG,149,1.000000
7570,sketch/n03676483/sketch_16.JPEG,149,1.000000
7571,sketch/n03676483/sketch_17.JPEG,149,1.000000
7572,sketch/n03676483/sketch_18.JPEG,149,1.000000
7573,sketch/n03676483/sketch_19.JPEG,149,1.000000
7574,sketch/n03676483/sketch_2.JPEG,149,1.000000
7575,sketch/n03676483/sketch_20.JPEG,149,1.000000
7576,sketch/n03676483/sketch_21.JPEG,149,1.000000
7577,sketch/n03676483/sketch_22.JPEG,149,1.000000
7578,sketch/n03676483/sketch_23.JPEG,149,1.000000
7579,sketch/n03676483/sketch_24.JPEG,149,1.000000
7580,sketch/n03676483/sketch_25.JPEG,149,1.000000
7581,sketch/n03676483/sketch_26.JPEG,149,1.000000
7582,sketch/n03676483/sketch_27.JPEG,149,1.000000
7583,sketch/n03676483/sketch_28.JPEG,149,1.000000
7584,sketch/n03676483/sketch_29.JPEG,149,1.000000
7585,sketch/n03676483/sketch_3.JPEG,149,1.000000
7586,sketch/n03676483/sketch_30.JPEG,149,1.000000
7587,sketch/n03676483/sketch_31.JPEG,149,1.000000
7588,sketch/n03676483/sketch_32.JPEG,149,1.000000
7589,sketch/n03676483/sketch_33.JPEG,149,1.000000
7590,sketch/n03676483/sketch_34.JPEG,149,1.000000
7591,sketch/n03676483/sketch_35.JPEG,149,1.000000
7592,sketch/n03676483/sketch_36.JPEG,149,1.000000
7593,sketch/n03676483/sketch_37.JPEG,149,1.000000
7594,sketch/n03676483/sketch_38.JPEG,149,1.000000
7595,sketch/n03676483/sketch_39.JPEG,149,1.000000
7596,sketch/n03676483/sketch_4.JPEG,149,1.000000
7597,sketch/n03676483/sketch_40.JPEG,149,1.000000
7598,sketch/n03676483/sketch_41.JPEG,149,1.000000
7599,sketch/n03676483/sketch_42.JPEG,149,1.000000
7600,sketch/n03676483/sketch_43.JPEG,149,1.000000
7601,sketch/n03676483/sketch_44.JPEG,149,1.000000
7602,sketch/n03676483/sketch_45.JPEG,149,1.000000
7603,sketch/n03676483/sketch_46.JPEG,149,1.000000
7604,sketch/n03676483/sketch_47.JPEG,149,1.000000
7605,sketch/n03676483/sketch_48.JPEG,149,1.000000
7606,sketch/n03676483/sketch_49.JPEG,149,1.000000
7607,sketch/n03676483/sketch_5.JPEG,149,1.000000
7608,sketch/n03676483/sketch_50.JPEG,149,1.000000
7609,sketch/n03676483/sketch_6.JPEG,149,1.000000
7610,sketch/n03676483/sketch_7.JPEG,149,1.000000
7611,sketch/n03676483/sketch_8.JPEG,149,1.000000
7612,sketch/n03676483/sketch_9.JPEG,149,1.000000
7613,sketch/n03710193/sketch_0.JPEG,150,1.000000
7614,sketch/n03710193/sketch_1.JPEG,150,1.000000
7615,sketch/n03710193/sketch_10.JPEG,150,1.000000
7616,sketch/n03710193/sketch_11.JPEG,150,1.000000
7617,sketch/n03710193/sketch_12.JPEG,150,1.000000
7618,sketch/n03710193/sketch_13.JPEG,150,1.000000
7619,sketch/n03710193/sketch_14.JPEG,150,1.000000
7620,sketch/n03710193/sketch_15.JPEG,150,1.000000
7621,sketch/n03710193/sketch_16.JPEG,150,1.000000
7622,sketch/n03710193/sketch_17.JPEG,150,1.000000
7623,sketch/n03710193/sketch_18.JPEG,150,1.000000
7624,sketch/n03710193/sketch_19.JPEG,150,1.000000
7625,sketch/n03710193/sketch_2.JPEG,150,1.000000
7626,sketch/n03710193/sketch_20.JPEG,150,1.000000
7627,sketch/n03710193/sketch_21.JPEG,150,1.000000
7628,sketch/n03710193/sketch_22.JPEG,150,1.000000
7629,sketch/n03710193/sketch_23.JPEG,150,1.000000
7630,sketch/n03710193/sketch_24.JPEG,150,1.000000
7631,sketch/n03710193/sketch_25.JPEG,150,1.000000
7632,sketch/n03710193/sketch_26.JPEG,150,1.000000
7633,sketch/n03710193/sketch_27.JPEG,150,1.000000
7634,sketch/n03710193/sketch_28.JPEG,150,1.000000
7635,sketch/n03710193/sketch_29.JPEG,150,1.000000
7636,sketch/n03710193/sketch_3.JPEG,150,1.000000
7637,sketch/n03710193/sketch_30.JPEG,150,1.000000
7638,sketch/n03710193/sketch_31.JPEG,150,1.000000
7639,sketch/n03710193/sketch_32.JPEG,150,1.000000
7640,sketch/n03710193/sketch_33.JPEG,150,1.000000
7641,sketch/n03710193/sketch_34.JPEG,150,1.000000
7642,sketch/n03710193/sketch_35.JPEG,150,1.000000
7643,sketch/n03710193/sketch_36.JPEG,150,1.000000
7644,sketch/n03710193/sketch_37.JPEG,150,1.000000
7645,sketch/n03710193/sketch_38.JPEG,150,1.000000
7646,sketch/n03710193/sketch_39.JPEG,150,1.000000
7647,sketch/n03710193/sketch_4.JPEG,150,1.000000
7648,sketch/n03710193/sketch_40.JPEG,150,1.000000
7649,sketch/n03710193/sketch_41.JPEG,150,1.000000
7650,sketch/n03710193/sketch_42.JPEG,150,1.000000
7651,sketch/n03710193/sketch_43.JPEG,150,1.000000
7652,sketch/n03710193/sketch_44.JPEG,150,1.000000
7653,sketch/n03710193/sketch_45.JPEG,150,1.000000
7654,sketch/n03710193/sketch_46.JPEG,150,1.000000
7655,sketch/n03710193/sketch_47.JPEG,150,1.000000
7656,sketch/n03710193/sketch_48.JPEG,150,1.000000
7657,sketch/n03710193/sketch_49.JPEG,150,1.000000
7658,sketch/n03710193/sketch_5.JPEG,150,1.000000
7659,sketch/n03710193/sketch_50.JPEG,150,1.000000
7660,sketch/n03710193/sketch_6.JPEG,150,1.000000
7661,sketch/n03710193/sketch_7.JPEG,150,1.000000
7662,sketch/n03710193/sketch_8.JPEG,150,1.000000
7663,sketch/n03710193/sketch_9.JPEG,150,1.000000
7664,sketch/n03773504/sketch_0.JPEG,151,1.000000
7665,sketch/n03773504/sketch_1.JPEG,151,1.000000
7666,sketch/n03773504/sketch_10.JPEG,151,1.000000
7667,sketch/n03773504/sketch_11.JPEG,151,1.000000
7668,sketch/n03773504/sketch_12.JPEG,151,1.000000
7669,sketch/n03773504/sketch_13.JPEG,151,1.000000
7670,sketch/n03773504/sketch_14.JPEG,151,1.000000
7671,sketch/n03773504/sketch_15.JPEG,151,1.000000
7672,sketch/n03773504/sketch_16.JPEG,151,1.000000
7673,sketch/n03773504/sketch_17.JPEG,151,0.999999
7674,sketch/n03773504/sketch_18.JPEG,151,1.000000
7675,sketch/n03773504/sketch_19.JPEG,151,1.000000
7676,sketch/n03773504/sketch_2.JPEG,151,1.000000
7677,sketch/n03773504/sketch_20.JPEG,151,1.000000
7678,sketch/n03773504/sketch_21.JPEG,151,1.000000
7679,sketch/n03773504/sketch_22.JPEG,151,1.000000
7680,sketch/n03773504/sketch_23.JPEG,151,1.000000
7681,sketch/n03773504/sketch_24.JPEG,151,1.000000
7682,sketch/n03773504/sketch_25.JPEG,151,1.000000
7683,sketch/n03773504/sketch_26.JPEG,151,1.000000
7684,sketch/n03773504/sketch_27.JPEG,151,1.000000
7685,sketch/n03773504/sketch_28.JPEG,151,1.000000
7686,sketch/n03773504/sketch_29.JPEG,151,1.000000
7687,sketch/n03773504/sketch_3.JPEG,151,1.000000
7688,sketch/n03773504/sketch_30.JPEG,151,1.000000
7689,sketch/n03773504/sketch_31.JPEG,151,1.000000
7690,sketch/n03773504/sketch_32.JPEG,151,1.000000
7691,sketch/n03773504/sketch_33.JPEG,151,1.000000
7692,sketch/n03773504/sketch_34.JPEG,151,1.000000
7693,sketch/n03773504/sketch_35.JPEG,151,1.000000
7694,sketch/n03773504/sketch_36.JPEG,151,1.000000
7695,sketch/n03773504/sketch_37.JPEG,151,1.000000
7696,sketch/n03773504/sketch_38.JPEG,151,1.000000
7697,sketch/n03773504/sketch_39.JPEG,151,1.000000
7698,sketch/n03773504/sketch_4.JPEG,151,1.000000
7699,sketch/n03773504/sketch_40.JPEG,151,1.000000
7700,sketch/n03773504/sketch_41.JPEG,151,1.000000
7701,sketch/n03773504/sketch_42.JPEG,151,1.000000
7702,sketch/n03773504/sketch_43.JPEG,151,1.000000
7703,sketch/n03773504/sketch_44.JPEG,151,1.000000
7704,sketch/n03773504/sketch_45.JPEG,151,1.000000
7705,sketch/n03773504/sketch_46.JPEG,151,1.000000
7706,sketch/n03773504/sketch_47.JPEG,151,1.000000
7707,sketch/n03773504/sketch_48.JPEG,151,1.000000
7708,sketch/n03773504/sketch_49.JPEG,151,1.000000
7709,sketch/n03773504/sketch_5.JPEG,151,1.000000
7710,sketch/n03773504/sketch_50.JPEG,151,1.000000
7711,sketch/n03773504/sketch_6.JPEG,151,1.000000
7712,sketch/n03773504/sketch_7.JPEG,151,1.000000
7713,sketch/n03773504/sketch_8.JPEG,151,1.000000
7714,sketch/n03773504/sketch_9.JPEG,151,1.000000
7715,sketch/n03775071/sketch_0.JPEG,152,1.000000
7716,sketch/n03775071/sketch_1.JPEG,152,1.000000
7717,sketch/n03775071/sketch_10.JPEG,152,1.000000
7718,sketch/n03775071/sketch_11.JPEG,152,1.000000
7719,sketch/n03775071/sketch_12.JPEG,152,1.000000
7720,sketch/n03775071/sketch_13.JPEG,152,1.000000
7721,sketch/n03775071/sketch_14.JPEG,152,1.000000
7722,sketch/n03775071/sketch_15.JPEG,152,1.000000
7723,sketch/n03775071/sketch_16.JPEG,152,1.000000
7724,sketch/n03775071/sketch_17.JPEG,152,1.000000
7725,sketch/n03775071/sketch_18.JPEG,152,1.000000
7726,sketch/n03775071/sketch_19.JPEG,152,1.000000
7727,sketch/n03775071/sketch_2.JPEG,152,1.000000
7728,sketch/n03775071/sketch_20.JPEG,152,1.000000
7729,sketch/n03775071/sketch_21.JPEG,152,1.000000
7730,sketch/n03775071/sketch_22.JPEG,152,1.000000
7731,sketch/n03775071/sketch_23.JPEG,152,1.000000
7732,sketch/n03775071/sketch_24.JPEG,152,1.000000
7733,sketch/n03775071/sketch_25.JPEG,152,1.000000
7734,sketch/n03775071/sketch_26.JPEG,152,1.000000
7735,sketch/n03775071/sketch_27.JPEG,152,1.000000
7736,sketch/n03775071/sketch_28.JPEG,152,1.000000
7737,sketch/n03775071/sketch_29.JPEG,152,1.000000
7738,sketch/n03775071/sketch_3.JPEG,152,1.000000
7739,sketch/n03775071/sketch_30.JPEG,152,1.000000
7740,sketch/n03775071/sketch_31.JPEG,152,1.000000
7741,sketch/n03775071/sketch_32.JPEG,152,1.000000
7742,sketch/n03775071/sketch_33.JPEG,152,1.000000
7743,sketch/n03775071/sketch_34.JPEG,152,1.000000
7744,sketch/n03775071/sketch_35.JPEG,152,1.000000
7745,sketch/n03775071/sketch_36.JPEG,152,1.000000
7746,sketch/n03775071/sketch_37.JPEG,152,1.000000
7747,sketch/n03775071/sketch_38.JPEG,152,1.000000
7748,sketch/n03775071/sketch_39.JPEG,152,1.000000
7749,sketch/n03775071/sketch_4.JPEG,152,1.000000
7750,sketch/n03775071/sketch_40.JPEG,152,1.000000
7751,sketch/n03775071/sketch_41.JPEG,152,1.000000
7752,sketch/n03775071/sketch_42.JPEG,152,1.000000
7753,sketch/n03775071/sketch_43.JPEG,152,1.000000
7754,sketch/n03775071/sketch_44.JPEG,152,1.000000
7755,sketch/n03775071/sketch_45.JPEG,152,1.000000
7756,sketch/n03775071/sketch_46.JPEG,152,1.000000
7757,sketch/n03775071/sketch_47.JPEG,152,1.000000
7758,sketch/n03775071/sketch_48.JPEG,152,1.000000
7759,sketch/n03775071/sketch_49.JPEG,152,1.000000
7760,sketch/n03775071/sketch_5.JPEG,152,1.000000
7761,sketch/n03775071/sketch_50.JPEG,152,1.000000
7762,sketch/n03775071/sketch_6.JPEG,152,1.000000
7763,sketch/n03775071/sketch_7.JPEG,152,1.000000
7764,sketch/n03775071/sketch_8.JPEG,152,1.000000
7765,sketch/n03775071/sketch_9.JPEG,152,1.000000
7766,sketch/n03888257/sketch_0.JPEG,153,1.000000
7767,sketch/n03888257/sketch_1.JPEG,153,1.000000
7768,sketch/n03888257/sketch_10.JPEG,153,1.000000
7769,sketch/n03888257/sketch_11.JPEG,153,1.000000
7770,sketch/n03888257/sketch_12.JPEG,153,1.000000
7771,sketch/n03888257/sketch_13.JPEG,153,1.000000
7772,sketch/n03888257/sketch_14.JPEG,153,1.000000
7773,sketch/n03888257/sketch_15.JPEG,153,1.000000
7774,sketch/n03888257/sketch_16.JPEG,153,1.000000
7775,sketch/n03888257/sketch_17.JPEG,153,1.000000
7776,sketch/n03888257/sketch_18.JPEG,153,1.000000
7777,sketch/n03888257/sketch_19.JPEG,153,1.000000
7778,sketch/n03888257/sketch_2.JPEG,153,1.000000
7779,sketch/n03888257/sketch_20.JPEG,153,1.000000
7780,sketch/n03888257/sketch_21.JPEG,153,1.000000
7781,sketch/n03888257/sketch_22.JPEG,153,1.000000
7782,sketch/n03888257/sketch_23.JPEG,153,1.000000
7783,sketch/n03888257/sketch_24.JPEG,153,1.000000
7784,sketch/n03888257/sketch_25.JPEG,153,1.000000
7785,sketch/n03888257/sketch_26.JPEG,153,1.000000
7786,sketch/n03888257/sketch_27.JPEG,153,1.000000
7787,sketch/n03888257/sketch_28.JPEG,153,1.000000
7788,sketch/n03888257/sketch_29.JPEG,153,1.000000
7789,sketch/n03888257/sketch_3.JPEG,153,1.000000
7790,sketch/n03888257/sketch_30.JPEG,153,1.000000
7791,sketch/n03888257/sketch_31.JPEG,153,1.000000
7792,sketch/n03888257/sketch_32.JPEG,153,1.000000
7793,sketch/n03888257/sketch_33.JPEG,153,1.000000
7794,sketch/n03888257/sketch_34.JPEG,153,1.000000
7795,sketch/n03888257/sketch_35.JPEG,153,1.000000
7796,sketch/n03888257/sketch_36.JPEG,153,1.000000
7797,sketch/n03888257/sketch_37.JPEG,153,1.000000
7798,sketch/n03888257/sketch_38.JPEG,153,1.000000
7799,sketch/n03888257/sketch_39.JPEG,153,1.000000
7800,sketch/n03888257/sketch_4.JPEG,153,1.000000
7801,sketch/n03888257/sketch_40.JPEG,153,1.000000
7802,sketch/n03888257/sketch_41.JPEG,153,1.000000
7803,sketch/n03888257/sketch_42.JPEG,153,1.000000
7804,sketch/n03888257/sketch_43.JPEG,153,1.000000
7805,sketch/n03888257/sketch_44.JPEG,153,1.000000
7806,sketch/n03888257/sketch_45.JPEG,153,1.000000
7807,sketch/n03888257/sketch_46.JPEG,153,1.000000
7808,sketch/n03888257/sketch_47.JPEG,153,1.000000
7809,sketch/n03888257/sketch_48.JPEG,153,1.000000
7810,sketch/n03888257/sketch_49.JPEG,153,1.000000
7811,sketch/n03888257/sketch_5.JPEG,153,1.000000
7812,sketch/n03888257/sketch_50.JPEG,153,1.000000
7813,sketch/n03888257/sketch_6.JPEG,153,1.000000
7814,sketch/n03888257/sketch_7.JPEG,153,1.000000
7815,sketch/n03888257/sketch_8.JPEG,153,1.000000
7816,sketch/n03888257/sketch_9.JPEG,153,1.000000
7817,sketch/n03930630/sketch_0.JPEG,154,1.000000
7818,sketch/n03930630/sketch_1.JPEG,154,1.000000
7819,sketch/n03930630/sketch_10.JPEG,154,1.000000
7820,sketch/n03930630/sketch_11.JPEG,154,1.000000
7821,sketch/n03930630/sketch_12.JPEG,154,1.000000
7822,sketch/n03930630/sketch_13.JPEG,154,1.000000
7823,sketch/n03930630/sketch_14.JPEG,154,1.000000
7824,sketch/n03930630/sketch_15.JPEG,154,1.000000
7825,sketch/n03930630/sketch_16.JPEG,154,1.000000
7826,sketch/n03930630/sketch_17.JPEG,154,1.000000
7827,sketch/n03930630/sketch_18.JPEG,154,1.000000
7828,sketch/n03930630/sketch_19.JPEG,154,1.000000
7829,sketch/n03930630/sketch_2.JPEG,154,1.000000
7830,sketch/n03930630/sketch_20.JPEG,154,1.000000
7831,sketch/n03930630/sketch_21.JPEG,154,1.000000
7832,sketch/n03930630/sketch_22.JPEG,154,1.000000
7833,sketch/n03930630/sketch_23.JPEG,154,1.000000
7834,sketch/n03930630/sketch_24.JPEG,154,1.000000
7835,sketch/n03930630/sketch_25.JPEG,154,1.000000
7836,sketch/n03930630/sketch_26.JPEG,154,1.000000
7837,sketch/n03930630/sketch_27.JPEG,154,1.000000
7838,sketch/n03930630/sketch_28.JPEG,154,1.000000
7839,sketch/n03930630/sketch_29.JPEG,154,1.000000
7840,sketch/n03930630/sketch_3.JPEG,154,1.000000
7841,sketch/n03930630/sketch_30.JPEG,154,1.000000
7842,sketch/n03930630/sketch_31.JPEG,154,1.000000
7843,sketch/n03930630/sketch_32.JPEG,154,1.000000
7844,sketch/n03930630/sketch_33.JPEG,154,1.000000
7845,sketch/n03930630/sketch_34.JPEG,154,1.000000
7846,sketch/n03930630/sketch_35.JPEG,154,1.000000
7847,sketch/n03930630/sketch_36.JPEG,154,1.000000
7848,sketch/n03930630/sketch_37.JPEG,154,1.000000
7849,sketch/n03930630/sketch_38.JPEG,154,1.000000
7850,sketch/n03930630/sketch_39.JPEG,154,1.000000
7851,sketch/n03930630/sketch_4.JPEG,154,1.000000
7852,sketch/n03930630/sketch_40.JPEG,154,1.000000
7853,sketch/n03930630/sketch_41.JPEG,154,1.000000
7854,sketch/n03930630/sketch_42.JPEG,154,1.000000
7855,sketch/n03930630/sketch_43.JPEG,154,1.000000
7856,sketch/n03930630/sketch_44.JPEG,154,1.000000
7857,sketch/n03930630/sketch_45.JPEG,154,1.000000
7858,sketch/n03930630/sketch_46.JPEG,154,1.000000
7859,sketch/n03930630/sketch_47.JPEG,154,1.000000
7860,sketch/n03930630/sketch_48.JPEG,154,1.000000
7861,sketch/n03930630/sketch_49.JPEG,154,1.000000
7862,sketch/n03930630/sketch_5.JPEG,154,1.000000
7863,sketch/n03930630/sketch_50.JPEG,154,1.000000
7864,sketch/n03930630/sketch_6.JPEG,154,1.000000
7865,sketch/n03930630/sketch_7.JPEG,154,1.000000
7866,sketch/n03930630/sketch_8.JPEG,154,1.000000
7867,sketch/n03930630/sketch_9.JPEG,154,1.000000
7868,sketch/n03947888/sketch_0.JPEG,155,1.000000
7869,sketch/n03947888/sketch_1.JPEG,155,1.000000
7870,sketch/n03947888/sketch_10.JPEG,155,1.000000
7871,sketch/n03947888/sketch_11.JPEG,155,1.000000
7872,sketch/n03947888/sketch_12.JPEG,155,1.000000
7873,sketch/n03947888/sketch_13.JPEG,155,1.000000
7874,sketch/n03947888/sketch_14.JPEG,155,1.000000
7875,sketch/n03947888/sketch_15.JPEG,155,1.000000
7876,sketch/n03947888/sketch_16.JPEG,155,1.000000
7877,sketch/n03947888/sketch_17.JPEG,155,1.000000
7878,sketch/n03947888/sketch_18.JPEG,155,1.000000
7879,sketch/n03947888/sketch_19.JPEG,155,1.000000
7880,sketch/n03947888/sketch_2.JPEG,155,1.000000
7881,sketch/n03947888/sketch_20.JPEG,155,1.000000
7882,sketch/n03947888/sketch_21.JPEG,155,1.000001
7883,sketch/n03947888/sketch_22.JPEG,155,1.000000
7884,sketch/n03947888/sketch_23.JPEG,155,1.000000
7885,sketch/n03947888/sketch_24.JPEG,155,1.000000
7886,sketch/n03947888/sketch_25.JPEG,155,1.000000
7887,sketch/n03947888/sketch_26.JPEG,155,1.000000
7888,sketch/n03947888/sketch_27.JPEG,155,1.000000
7889,sketch/n03947888/sketch_28.JPEG,155,1.000000
7890,sketch/n03947888/sketch_29.JPEG,155,1.000000
7891,sketch/n03947888/sketch_3.JPEG,155,1.000000
7892,sketch/n03947888/sketch_30.JPEG,155,1.000000
7893,sketch/n03947888/sketch_31.JPEG,155,1.000000
7894,sketch/n03947888/sketch_32.JPEG,155,1.000000
7895,sketch/n03947888/sketch_33.JPEG,155,1.000000
7896,sketch/n03947888/sketch_34.JPEG,155,1.000000
7897,sketch/n03947888/sketch_35.JPEG,155,1.000000
7898,sketch/n03947888/sketch_36.JPEG,155,1.000000
7899,sketch/n03947888/sketch_37.JPEG,155,1.000000
7900,sketch/n03947888/sketch_38.JPEG,155,1.000000
7901,sketch/n03947888/sketch_39.JPEG,155,1.000000
7902,sketch/n03947888/sketch_4.JPEG,155,1.000000
7903,sketch/n03947888/sketch_40.JPEG,155,1.000000
7904,sketch/n03947888/sketch_41.JPEG,155,1.000000
7905,sketch/n03947888/sketch_42.JPEG,155,1.000000
7906,sketch/n03947888/sketch_43.JPEG,155,1.000000
7907,sketch/n03947888/sketch_44.JPEG,155,1.000000
7908,sketch/n03947888/sketch_45.JPEG,155,1.000000
7909,sketch/n03947888/sketch_46.JPEG,155,1.000000
7910,sketch/n03947888/sketch_47.JPEG,155,1.000000
7911,sketch/n03947888/sketch_48.JPEG,155,1.000000
7912,sketch/n03947888/sketch_49.JPEG,155,1.000000
7913,sketch/n03947888/sketch_5.JPEG,155,1.000000
7914,sketch/n03947888/sketch_50.JPEG,155,1.000000
7915,sketch/n03947888/sketch_6.JPEG,155,1.000000
7916,sketch/n03947888/sketch_7.JPEG,155,1.000000
7917,sketch/n03947888/sketch_8.JPEG,155,1.000000
7918,sketch/n03947888/sketch_9.JPEG,155,1.000000
7919,sketch/n04086273/sketch_0.JPEG,156,1.000000
7920,sketch/n04086273/sketch_1.JPEG,156,1.000000
7921,sketch/n04086273/sketch_10.JPEG,156,0.999999
7922,sketch/n04086273/sketch_11.JPEG,156,1.000000
7923,sketch/n04086273/sketch_12.JPEG,156,1.000000
7924,sketch/n04086273/sketch_13.JPEG,156,1.000000
7925,sketch/n04086273/sketch_14.JPEG,156,1.000000
7926,sketch/n04086273/sketch_15.JPEG,156,1.000000
7927,sketch/n04086273/sketch_16.JPEG,156,1.000000
7928,sketch/n04086273/sketch_17.JPEG,156,1.000000
7929,sketch/n04086273/sketch_18.JPEG,156,1.000000
7930,sketch/n04086273/sketch_19.JPEG,156,1.000000
7931,sketch/n04086273/sketch_2.JPEG,156,1.000000
7932,sketch/n04086273/sketch_20.JPEG,156,1.000000
7933,sketch/n04086273/sketch_21.JPEG,156,1.000000
7934,sketch/n04086273/sketch_22.JPEG,156,1.000000
7935,sketch/n04086273/sketch_23.JPEG,156,1.000000
7936,sketch/n04086273/sketch_24.JPEG,156,1.000000
7937,sketch/n04086273/sketch_25.JPEG,156,1.000000
7938,sketch/n04086273/sketch_26.JPEG,156,1.000000
7939,sketch/n04086273/sketch_27.JPEG,156,1.000000
7940,sketch/n04086273/sketch_28.JPEG,156,1.000000
7941,sketch/n04086273/sketch_29.JPEG,156,1.000000
7942,sketch/n04086273/sketch_3.JPEG,156,1.000000
7943,sketch/n04086273/sketch_30.JPEG,156,1.000000
7944,sketch/n04086273/sketch_31.JPEG,156,1.000000
7945,sketch/n04086273/sketch_32.JPEG,156,1.000000
7946,sketch/n04086273/sketch_33.JPEG,156,1.000000
7947,sketch/n04086273/sketch_34.JPEG,156,1.000000
7948,sketch/n04086273/sketch_35.JPEG,156,1.000000
7949,sketch/n04086273/sketch_36.JPEG,156,1.000000
7950,sketch/n04086273/sketch_37.JPEG,156,1.000000
7951,sketch/n04086273/sketch_38.JPEG,156,1.000000
7952,sketch/n04086273/sketch_39.JPEG,156,1.000000
7953,sketch/n04086273/sketch_4.JPEG,156,1.000000
7954,sketch/n04086273/sketch_40.JPEG,156,1.000000
7955,sketch/n04086273/sketch_41.JPEG,156,1.000000
7956,sketch/n04086273/sketch_42.JPEG,156,1.000000
7957,sketch/n04086273/sketch_43.JPEG,156,1.000000
7958,sketch/n04086273/sketch_44.JPEG,156,1.000000
7959,sketch/n04086273/sketch_45.JPEG,156,1.000000
7960,sketch/n04086273/sketch_46.JPEG,156,1.000000
7961,sketch/n04086273/sketch_47.JPEG,156,1.000000
7962,sketch/n04086273/sketch_48.JPEG,156,1.000000
7963,sketch/n04086273/sketch_49.JPEG,156,1.000000
7964,sketch/n04086273/sketch_5.JPEG,156,1.000000
7965,sketch/n04086273/sketch_50.JPEG,156,1.000000
7966,sketch/n04086273/sketch_6.JPEG,156,1.000000
7967,sketch/n04086273/sketch_7.JPEG,156,1.000000
7968,sketch/n04086273/sketch_8.JPEG,156,1.000000
7969,sketch/n04086273/sketch_9.JPEG,156,1.000000
7970,sketch/n04118538/sketch_0.JPEG,157,1.000000
7971,sketch/n04118538/sketch_1.JPEG,157,1.000000
7972,sketch/n04118538/sketch_10.JPEG,157,1.000000
7973,sketch/n04118538/sketch_11.JPEG,157,1.000000
7974,sketch/n04118538/sketch_12.JPEG,157,1.000000
7975,sketch/n04118538/sketch_13.JPEG,157,1.000000
7976,sketch/n04118538/sketch_14.JPEG,157,1.000000
7977,sketch/n04118538/sketch_15.JPEG,157,1.000000
7978,sketch/n04118538/sketch_16.JPEG,157,1.000000
7979,sketch/n04118538/sketch_17.JPEG,157,1.000000
7980,sketch/n04118538/sketch_18.JPEG,157,1.000000
7981,sketch/n04118538/sketch_19.JPEG,157,1.000000
7982,sketch/n04118538/sketch_2.JPEG,157,1.000000
7983,sketch/n04118538/sketch_20.JPEG,157,1.000000
7984,sketch/n04118538/sketch_21.JPEG,157,1.000000
7985,sketch/n04118538/sketch_22.JPEG,157,1.000000
7986,sketch/n04118538/sketch_23.JPEG,157,1.000000
7987,sketch/n04118538/sketch_24.JPEG,157,1.000000
7988,sketch/n04118538/sketch_25.JPEG,157,1.000000
7989,sketch/n04118538/sketch_26.JPEG,157,1.000000
7990,sketch/n04118538/sketch_27.JPEG,157,1.000000
7991,sketch/n04118538/sketch_28.JPEG,157,1.000000
7992,sketch/n04118538/sketch_29.JPEG,157,1.000000
7993,sketch/n04118538/sketch_3.JPEG,157,1.000000
7994,sketch/n04118538/sketch_30.JPEG,157,1.000000
7995,sketch/n04118538/sketch_31.JPEG,157,1.000000
7996,sketch/n04118538/sketch_32.JPEG,157,1.000000
7997,sketch/n04118538/sketch_33.JPEG,157,1.000000
7998,sketch/n04118538/sketch_34.JPEG,157,1.000000
7999,sketch/n04118538/sketch_35.JPEG,157,1.000000
8000,sketch/n04118538/sketch_36.JPEG,157,1.000000
8001,sketch/n04118538/sketch_37.JPEG,157,1.000000
8002,sketch/n04118538/sketch_38.JPEG,157,1.000000
8003,sketch/n04118538/sketch_39.JPEG,157,1.000000
8004,sketch/n04118538/sketch_4.JPEG,157,1.000000
8005,sketch/n04118538/sketch_40.JPEG,157,1.000000
8006,sketch/n04118538/sketch_41.JPEG,157,1.000000
8007,sketch/n04118538/sketch_42.JPEG,157,1.000000
8008,sketch/n04118538/sketch_43.JPEG,157,1.000000
8009,sketch/n04118538/sketch_44.JPEG,157,1.000000
8010,sketch/n04118538/sketch_45.JPEG,157,1.000000
8011,sketch/n04118538/sketch_46.JPEG,157,1.000000
8012,sketch/n04118538/sketch_47.JPEG,157,1.000000
8013,sketch/n04118538/sketch_48.JPEG,157,1.000000
8014,sketch/n04118538/sketch_49.JPEG,157,1.000000
8015,sketch/n04118538/sketch_5.JPEG,157,1.000000
8016,sketch/n04118538/sketch_6.JPEG,157,1.000000
8017,sketch/n04118538/sketch_7.JPEG,157,1.000000
8018,sketch/n04118538/sketch_8.JPEG,157,1.000000
8019,sketch/n04118538/sketch_9.JPEG,157,1.000000
8020,sketch/n04133789/sketch_0.JPEG,158,1.000000
8021,sketch/n04133789/sketch_1.JPEG,158,1.000000
8022,sketch/n04133789/sketch_10.JPEG,158,1.000000
8023,sketch/n04133789/sketch_11.JPEG,158,1.000000
8024,sketch/n04133789/sketch_12.JPEG,158,1.000000
8025,sketch/n04133789/sketch_13.JPEG,158,1.000000
8026,sketch/n04133789/sketch_14.JPEG,158,1.000000
8027,sketch/n04133789/sketch_15.JPEG,158,1.000000
8028,sketch/n04133789/sketch_16.JPEG,158,1.000000
8029,sketch/n04133789/sketch_17.JPEG,158,1.000000
8030,sketch/n04133789/sketch_18.JPEG,158,1.000000
8031,sketch/n04133789/sketch_19.JPEG,158,1.000000
8032,sketch/n04133789/sketch_2.JPEG,158,1.000000
8033,sketch/n04133789/sketch_20.JPEG,158,1.000000
8034,sketch/n04133789/sketch_21.JPEG,158,1.000000
8035,sketch/n04133789/sketch_22.JPEG,158,1.000000
8036,sketch/n04133789/sketch_23.JPEG,158,1.000000
8037,sketch/n04133789/sketch_24.JPEG,158,1.000000
8038,sketch/n04133789/sketch_25.JPEG,158,1.000000
8039,sketch/n04133789/sketch_26.JPEG,158,1.000000
8040,sketch/n04133789/sketch_27.JPEG,158,1.000000
8041,sketch/n04133789/sketch_28.JPEG,158,1.000000
8042,sketch/n04133789/sketch_29.JPEG,158,1.000000
8043,sketch/n04133789/sketch_3.JPEG,158,1.000000
8044,sketch/n04133789/sketch_30.JPEG,158,1.000000
8045,sketch/n04133789/sketch_31.JPEG,158,1.000000
8046,sketch/n04133789/sketch_32.JPEG,158,1.000000
8047,sketch/n04133789/sketch_33.JPEG,158,1.000000
8048,sketch/n04133789/sketch_34.JPEG,158,1.000000
8049,sketch/n04133789/sketch_35.JPEG,158,1.000000
8050,sketch/n04133789/sketch_36.JPEG,158,1.000000
8051,sketch/n04133789/sketch_37.JPEG,158,1.000000
8052,sketch/n04133789/sketch_38.JPEG,158,1.000000
8053,sketch/n04133789/sketch_39.JPEG,158,1.000000
8054,sketch/n04133789/sketch_4.JPEG,158,1.000000
8055,sketch/n04133789/sketch_40.JPEG,158,1.000000
8056,sketch/n04133789/sketch_41.JPEG,158,1.000000
8057,sketch/n04133789/sketch_42.JPEG,158,1.000000
8058,sketch/n04133789/sketch_43.JPEG,158,1.000000
8059,sketch/n04133789/sketch_44.JPEG,158,1.000000
8060,sketch/n04133789/sketch_45.JPEG,158,1.000000
8061,sketch/n04133789/sketch_46.JPEG,158,1.000000
8062,sketch/n04133789/sketch_47.JPEG,158,1.000000
8063,sketch/n04133789/sketch_48.JPEG,158,1.000000
8064,sketch/n04133789/sketch_49.JPEG,158,1.000000
8065,sketch/n04133789/sketch_5.JPEG,158,1.000000
8066,sketch/n04133789/sketch_50.JPEG,158,1.000000
8067,sketch/n04133789/sketch_6.JPEG,158,1.000000
8068,sketch/n04133789/sketch_7.JPEG,158,1.000000
8069,sketch/n04133789/sketch_8.JPEG,158,1.000000
8070,sketch/n04133789/sketch_9.JPEG,158,1.000000
8071,sketch/n04141076/sketch_0.JPEG,159,1.000000
8072,sketch/n04141076/sketch_1.JPEG,159,1.000000
8073,sketch/n04141076/sketch_10.JPEG,159,1.000000
8074,sketch/n04141076/sketch_11.JPEG,159,1.000000
8075,sketch/n04141076/sketch_12.JPEG,159,1.000000
8076,sketch/n04141076/sketch_13.JPEG,159,1.000000
8077,sketch/n04141076/sketch_14.JPEG,159,1.000000
8078,sketch/n04141076/sketch_15.JPEG,159,1.000000
8079,sketch/n04141076/sketch_16.JPEG,159,1.000000
8080,sketch/n04141076/sketch_17.JPEG,159,1.000000
8081,sketch/n04141076/sketch_18.JPEG,159,1.000000
8082,sketch/n04141076/sketch_19.JPEG,159,1.000000
8083,sketch/n04141076/sketch_2.JPEG,159,1.000000
8084,sketch/n04141076/sketch_20.JPEG,159,1.000001
8085,sketch/n04141076/sketch_21.JPEG,159,1.000000
8086,sketch/n04141076/sketch_22.JPEG,159,1.000000
8087,sketch/n04141076/sketch_23.JPEG,159,1.000000
8088,sketch/n04141076/sketch_24.JPEG,159,1.000000
8089,sketch/n04141076/sketch_25.JPEG,159,1.000000
8090,sketch/n04141076/sketch_26.JPEG,159,1.000000
8091,sketch/n04141076/sketch_27.JPEG,159,1.000000
8092,sketch/n04141076/sketch_28.JPEG,159,1.000000
8093,sketch/n04141076/sketch_29.JPEG,159,1.000000
8094,sketch/n04141076/sketch_3.JPEG,159,1.000000
8095,sketch/n04141076/sketch_30.JPEG,159,1.000000
8096,sketch/n04141076/sketch_31.JPEG,159,1.000000
8097,sketch/n04141076/sketch_32.JPEG,159,1.000000
8098,sketch/n04141076/sketch_33.JPEG,159,1.000000
8099,sketch/n04141076/sketch_34.JPEG,159,1.000000
8100,sketch/n04141076/sketch_35.JPEG,159,0.999999
8101,sketch/n04141076/sketch_36.JPEG,159,1.000000
8102,sketch/n04141076/sketch_37.JPEG,159,1.000000
8103,sketch/n04141076/sketch_38.JPEG,159,1.000000
8104,sketch/n04141076/sketch_39.JPEG,159,1.000000
8105,sketch/n04141076/sketch_4.JPEG,159,1.000000
8106,sketch/n04141076/sketch_40.JPEG,159,1.000000
8107,sketch/n04141076/sketch_41.JPEG,159,1.000000
8108,sketch/n04141076/sketch_42.JPEG,159,1.000000
8109,sketch/n04141076/sketch_43.JPEG,159,1.000000
8110,sketch/n04141076/sketch_44.JPEG,159,1.000000
8111,sketch/n04141076/sketch_45.JPEG,159,1.000000
8112,sketch/n04141076/sketch_46.JPEG,159,1.000000
8113,sketch/n04141076/sketch_47.JPEG,159,1.000000
8114,sketch/n04141076/sketch_48.JPEG,159,1.000000
8115,sketch/n04141076/sketch_49.JPEG,159,1.000000
8116,sketch/n04141076/sketch_5.JPEG,159,1.000000
8117,sketch/n04141076/sketch_50.JPEG,159,1.000000
8118,sketch/n04141076/sketch_6.JPEG,159,1.000000
8119,sketch/n04141076/sketch_7.JPEG,159,1.000000
8120,sketch/n04141076/sketch_8.JPEG,159,1.000000
8121,sketch/n04141076/sketch_9.JPEG,159,1.000000
8122,sketch/n04146614/sketch_0.JPEG,160,1.000000
8123,sketch/n04146614/sketch_1.JPEG,160,1.000000
8124,sketch/n04146614/sketch_10.JPEG,160,1.000000
8125,sketch/n04146614/sketch_11.JPEG,160,1.000000
8126,sketch/n04146614/sketch_12.JPEG,160,1.000000
8127,sketch/n04146614/sketch_13.JPEG,160,1.000000
8128,sketch/n04146614/sketch_14.JPEG,160,1.000000
8129,sketch/n04146614/sketch_15.JPEG,160,1.000000
8130,sketch/n04146614/sketch_16.JPEG,160,1.000000
8131,sketch/n04146614/sketch_17.JPEG,160,1.000000
8132,sketch/n04146614/sketch_18.JPEG,160,1.000000
8133,sketch/n04146614/sketch_19.JPEG,160,1.000000
8134,sketch/n04146614/sketch_2.JPEG,160,1.000000
8135,sketch/n04146614/sketch_20.JPEG,160,1.000000
8136,sketch/n04146614/sketch_21.JPEG,160,1.000000
8137,sketch/n04146614/sketch_22.JPEG,160,1.000000
8138,sketch/n04146614/sketch_23.JPEG,160,1.000000
8139,sketch/n04146614/sketch_24.JPEG,160,1.000000
8140,sketch/n04146614/sketch_25.JPEG,160,1.000000
8141,sketch/n04146614/sketch_26.JPEG,160,1.000000
8142,sketch/n04146614/sketch_27.JPEG,160,1.000000
8143,sketch/n04146614/sketch_28.JPEG,160,1.000000
8144,sketch/n04146614/sketch_29.JPEG,160,1.000000
8145,sketch/n04146614/sketch_3.JPEG,160,1.000000
8146,sketch/n04146614/sketch_30.JPEG,160,1.000000
8147,sketch/n04146614/sketch_31.JPEG,160,1.000000
8148,sketch/n04146614/sketch_32.JPEG,160,1.000000
8149,sketch/n04146614/sketch_33.JPEG,160,1.000000
8150,sketch/n04146614/sketch_34.JPEG,160,1.000000
8151,sketch/n04146614/sketch_35.JPEG,160,1.000000
8152,sketch/n04146614/sketch_36.JPEG,160,1.000000
8153,sketch/n04146614/sketch_37.JPEG,160,1.000000
8154,sketch/n04146614/sketch_38.JPEG,160,1.000000
8155,sketch/n04146614/sketch_39.JPEG,160,1.000000
8156,sketch/n04146614/sketch_4.JPEG,160,1.000000
8157,sketch/n04146614/sketch_40.JPEG,160,1.000000
8158,sketch/n04146614/sketch_41.JPEG,160,1.000000
8159,sketch/n04146614/sketch_42.JPEG,160,1.000000
8160,sketch/n04146614/sketch_43.JPEG,160,1.000000
8161,sketch/n04146614/sketch_44.JPEG,160,1.000000
8162,sketch/n04146614/sketch_45.JPEG,160,1.000000
8163,sketch/n04146614/sketch_46.JPEG,160,1.000000
8164,sketch/n04146614/sketch_47.JPEG,160,1.000000
8165,sketch/n04146614/sketch_48.JPEG,160,1.000000
8166,sketch/n04146614/sketch_49.JPEG,160,1.000000
8167,sketch/n04146614/sketch_5.JPEG,160,1.000000
8168,sketch/n04146614/sketch_6.JPEG,160,1.000000
8169,sketch/n04146614/sketch_7.JPEG,160,1.000000
8170,sketch/n04146614/sketch_8.JPEG,160,1.000001
8171,sketch/n04146614/sketch_9.JPEG,160,1.000000
8172,sketch/n04147183/sketch_0.JPEG,161,1.000000
8173,sketch/n04147183/sketch_1.JPEG,161,1.000000
8174,sketch/n04147183/sketch_10.JPEG,161,1.000000
8175,sketch/n04147183/sketch_11.JPEG,161,1.000000
8176,sketch/n04147183/sketch_12.JPEG,161,1.000000
8177,sketch/n04147183/sketch_13.JPEG,161,1.000000
8178,sketch/n04147183/sketch_14.JPEG,161,1.000000
8179,sketch/n04147183/sketch_15.JPEG,161,1.000000
8180,sketch/n04147183/sketch_16.JPEG,161,1.000000
8181,sketch/n04147183/sketch_17.JPEG,161,1.000000
8182,sketch/n04147183/sketch_18.JPEG,161,1.000000
8183,sketch/n04147183/sketch_19.JPEG,161,1.000000
8184,sketch/n04147183/sketch_2.JPEG,161,1.000000
8185,sketch/n04147183/sketch_20.JPEG,161,1.000000
8186,sketch/n04147183/sketch_21.JPEG,161,1.000000
8187,sketch/n04147183/sketch_22.JPEG,161,1.000000
8188,sketch/n04147183/sketch_23.JPEG,161,1.000000
8189,sketch/n04147183/sketch_24.JPEG,161,1.000000
8190,sketch/n04147183/sketch_25.JPEG,161,1.000000
8191,sketch/n04147183/sketch_26.JPEG,161,1.000000
8192,sketch/n04147183/sketch_27.JPEG,161,1.000000
8193,sketch/n04147183/sketch_10.JPEG,161,1.000000
8194,sketch/n04147183/sketch_29.JPEG,161,1.000000
8195,sketch/n04147183/sketch_3.JPEG,161,1.000000
8196,sketch/n04147183/sketch_30.JPEG,161,1.000000
8197,sketch/n04147183/sketch_31.JPEG,161,1.000000
8198,sketch/n04147183/sketch_32.JPEG,161,1.000000
8199,sketch/n04147183/sketch_33.JPEG,161,1.000000
8200,sketch/n04147183/sketch_34.JPEG,161,1.000000
8201,sketch/n04147183/sketch_35.JPEG,161,1.000000
8202,sketch/n04147183/sketch_36.JPEG,161,1.000000
8203,sketch/n04147183/sketch_37.JPEG,161,1.000000
8204,sketch/n04147183/sketch_38.JPEG,161,1.000000
8205,sketch/n04147183/sketch_39.JPEG,161,1.000000
8206,sketch/n04147183/sketch_10.JPEG,161,1.000000
8207,sketch/n04147183/sketch_40.JPEG,161,1.000000
8208,sketch/n04147183/sketch_41.JPEG,161,1.000000
8209,sketch/n04147183/sketch_42.JPEG,161,1.000000
8210,sketch/n04147183/sketch_43.JPEG,161,1.000000
8211,sketch/n04147183/sketch_44.JPEG,161,1.000000
8212,sketch/n04147183/sketch_45.JPEG,161,1.000000
8213,sketch/n04147183/sketch_46.JPEG,161,1.000000
8214,sketch/n04147183/sketch_47.JPEG,161,1.000000
8215,sketch/n04147183/sketch_48.JPEG,161,1.000000
8216,sketch/n04147183/sketch_49.JPEG,161,1.000000
8217,sketch/n04147183/sketch_5.JPEG,161,1.000000
8218,sketch/n04147183/sketch_10.JPEG,161,1.000000
8219,sketch/n04147183/sketch_6.JPEG,161,1.000000
8220,sketch/n04147183/sketch_7.JPEG,161,1.000000
8221,sketch/n04147183/sketch_8.JPEG,161,1.000000
8222,sketch/n04147183/sketch_9.JPEG,161,1.000000
8223,sketch/n04192698/sketch_0.JPEG,162,1.000000
8224,sketch/n04192698/sketch_1.JPEG,162,1.000000
8225,sketch/n04192698/sketch_10.JPEG,162,1.000000
8226,sketch/n04192698/sketch_11.JPEG,162,1.000000
8227,sketch/n04192698/sketch_12.JPEG,162,1.000000
8228,sketch/n04192698/sketch_13.JPEG,162,1.000000
8229,sketch/n04192698/sketch_14.JPEG,162,1.000000
8230,sketch/n04192698/sketch_15.JPEG,162,1.000000
8231,sketch/n04192698/sketch_16.JPEG,162,1.000000
8232,sketch/n04192698/sketch_17.JPEG,162,1.000000
8233,sketch/n04192698/sketch_18.JPEG,162,1.000000
8234,sketch/n04192698/sketch_19.JPEG,162,1.000000
8235,sketch/n04192698/sketch_2.JPEG,162,1.000000
8236,sketch/n04192698/sketch_20.JPEG,162,1.000000
8237,sketch/n04192698/sketch_21.JPEG,162,1.000000
8238,sketch/n04192698/sketch_22.JPEG,162,1.000000
8239,sketch/n04192698/sketch_23.JPEG,162,1.000000
8240,sketch/n04192698/sketch_24.JPEG,162,1.000000
8241,sketch/n04192698/sketch_25.JPEG,162,1.000000
8242,sketch/n04192698/sketch_26.JPEG,162,1.000000
8243,sketch/n04192698/sketch_27.JPEG,162,1.000000
8244,sketch/n04192698/sketch_28.JPEG,162,1.000000
8245,sketch/n04192698/sketch_29.JPEG,162,1.000000
8246,sketch/n04192698/sketch_3.JPEG,162,1.000000
8247,sketch/n04192698/sketch_30.JPEG,162,1.000000
8248,sketch/n04192698/sketch_31.JPEG,162,1.000000
8249,sketch/n04192698/sketch_32.JPEG,162,1.000000
8250,sketch/n04192698/sketch_33.JPEG,162,1.000000
8251,sketch/n04192698/sketch_34.JPEG,162,1.000000
8252,sketch/n04192698/sketch_35.JPEG,162,1.000000
8253,sketch/n04192698/sketch_36.JPEG,162,1.000000
8254,sketch/n04192698/sketch_37.JPEG,162,1.000000
8255,sketch/n04192698/sketch_38.JPEG,162,1.000000
8256,sketch/n04192698/sketch_39.JPEG,162,1.000000
8257,sketch/n04192698/sketch_4.JPEG,162,1.000001
8258,sketch/n04192698/sketch_40.JPEG,162,1.000000
8259,sketch/n04192698/sketch_41.JPEG,162,1.000000
8260,sketch/n04192698/sketch_42.JPEG,162,1.000000
8261,sketch/n04192698/sketch_43.JPEG,162,1.000000
8262,sketch/n04192698/sketch_44.JPEG,162,1.000000
8263,sketch/n04192698/sketch_45.JPEG,162,1.000000
8264,sketch/n04192698/sketch_46.JPEG,162,1.000000
8265,sketch/n04192698/sketch_47.JPEG,162,1.000000
8266,sketch/n04192698/sketch_48.JPEG,162,1.000000
8267,sketch/n04192698/sketch_49.JPEG,162,1.000000
8268,sketch/n04192698/sketch_5.JPEG,162,1.000000
8269,sketch/n04192698/sketch_50.JPEG,162,1.000000
8270,sketch/n04192698/sketch_6.JPEG,162,1.000000
8271,sketch/n04192698/sketch_7.JPEG,162,1.000000
8272,sketch/n04192698/sketch_8.JPEG,162,1.000000
8273,sketch/n04192698/sketch_9.JPEG,162,1.000000
8274,sketch/n04254680/sketch_0.JPEG,163,1.000000
8275,sketch/n04254680/sketch_1.JPEG,163,1.000000
8276,sketch/n04254680/sketch_10.JPEG,163,1.000000
8277,sketch/n04254680/sketch_11.JPEG,163,1.000000
8278,sketch/n04254680/sketch_12.JPEG,163,1.000000
8279,sketch/n04254680/sketch_13.JPEG,163,1.000000
8280,sketch/n04254680/sketch_14.JPEG,163,1.000000
8281,sketch/n04254680/sketch_15.JPEG,163,1.000000
8282,sketch/n04254680/sketch_16.JPEG,163,1.000000
8283,sketch/n04254680/sketch_17.JPEG,163,1.000000
8284,sketch/n04254680/sketch_18.JPEG,163,1.000000
8285,sketch/n04254680/sketch_19.JPEG,163,1.000000
8286,sketch/n04254680/sketch_2.JPEG,163,1.000000
8287,sketch/n04254680/sketch_20.JPEG,163,1.000000
8288,sketch/n04254680/sketch_21.JPEG,163,1.000000
8289,sketch/n04254680/sketch_22.JPEG,163,1.000000
8290,sketch/n04254680/sketch_23.JPEG,163,1.000000
8291,sketch/n04254680/sketch_24.JPEG,163,1.000000
8292,sketch/n04254680/sketch_25.JPEG,163,1.000000
8293,sketch/n04254680/sketch_26.JPEG,163,1.000000
8294,sketch/n04254680/sketch_27.JPEG,163,1.000000
8295,sketch/n04254680/sketch_28.JPEG,163,1.000000
8296,sketch/n04254680/sketch_29.JPEG,163,1.000000
8297,sketch/n04254680/sketch_3.JPEG,163,1.000000
8298,sketch/n04254680/sketch_30.JPEG,163,1.000000
8299,sketch/n04254680/sketch_31.JPEG,163,1.000000
8300,sketch/n04254680/sketch_32.JPEG,163,1.000000
8301,sketch/n04254680/sketch_33.JPEG,163,1.000000
8302,sketch/n04254680/sketch_34.JPEG,163,1.000000
8303,sketch/n04254680/sketch_35.JPEG,163,1.000000
8304,sketch/n04254680/sketch_36.JPEG,163,1.000000
8305,sketch/n04254680/sketch_37.JPEG,163,1.000000
8306,sketch/n04254680/sketch_38.JPEG,163,1.000000
8307,sketch/n04254680/sketch_39.JPEG,163,1.000000
8308,sketch/n04254680/sketch_4.JPEG,163,1.000000
8309,sketch/n04254680/sketch_40.JPEG,163,1.000000
8310,sketch/n04254680/sketch_41.JPEG,163,1.000000
8311,sketch/n04254680/sketch_42.JPEG,163,1.000000
8312,sketch/n04254680/sketch_43.JPEG,163,1.000000
8313,sketch/n04254680/sketch_44.JPEG,163,1.000000
8314,sketch/n04254680/sketch_45.JPEG,163,1.000000
8315,sketch/n04254680/sketch_46.JPEG,163,1.000001
8316,sketch/n04254680/sketch_47.JPEG,163,1.000000
8317,sketch/n04254680/sketch_48.JPEG,163,1.000000
8318,sketch/n04254680/sketch_49.JPEG,163,1.000000
8319,sketch/n04254680/sketch_5.JPEG,163,0.999999
8320,sketch/n04254680/sketch_6.JPEG,163,1.000000
8321,sketch/n04254680/sketch_7.JPEG,163,1.000000
8322,sketch/n04254680/sketch_8.JPEG,163,1.000000
8323,sketch/n04254680/sketch_9.JPEG,163,1.000000
8324,sketch/n04266014/sketch_0.JPEG,164,1.000000
8325,sketch/n04266014/sketch_1.JPEG,164,1.000000
8326,sketch/n04266014/sketch_10.JPEG,164,1.000000
8327,sketch/n04266014/sketch_11.JPEG,164,1.000000
8328,sketch/n04266014/sketch_12.JPEG,164,1.000000
8329,sketch/n04266014/sketch_13.JPEG,164,1.000000
8330,sketch/n04266014/sketch_14.JPEG,164,1.000000
8331,sketch/n04266014/sketch_15.JPEG,164,1.000000
8332,sketch/n04266014/sketch_16.JPEG,164,1.000000
8333,sketch/n04266014/sketch_17.JPEG,164,1.000000
8334,sketch/n04266014/sketch_18.JPEG,164,1.000000
8335,sketch/n04266014/sketch_19.JPEG,164,1.000000
8336,sketch/n04266014/sketch_2.JPEG,164,1.000000
8337,sketch/n04266014/sketch_20.JPEG,164,1.000000
8338,sketch/n04266014/sketch_21.JPEG,164,1.000000
8339,sketch/n04266014/sketch_22.JPEG,164,1.000000
8340,sketch/n04266014/sketch_23.JPEG,164,1.000000
8341,sketch/n04266014/sketch_24.JPEG,164,1.000000
8342,sketch/n04266014/sketch_25.JPEG,164,1.000000
8343,sketch/n04266014/sketch_26.JPEG,164,1.000000
8344,sketch/n04266014/sketch_27.JPEG,164,1.000000
8345,sketch/n04266014/sketch_28.JPEG,164,1.000000
8346,sketch/n04266014/sketch_29.JPEG,164,1.000000
8347,sketch/n04266014/sketch_3.JPEG,164,1.000000
8348,sketch/n04266014/sketch_30.JPEG,164,1.000000
8349,sketch/n04266014/sketch_31.JPEG,164,1.000000
8350,sketch/n04266014/sketch_32.JPEG,164,1.000000
8351,sketch/n04266014/sketch_33.JPEG,164,1.000000
8352,sketch/n04266014/sketch_34.JPEG,164,1.000000
8353,sketch/n04266014/sketch_35.JPEG,164,1.000000
8354,sketch/n04266014/sketch_36.JPEG,164,1.000000
8355,sketch/n04266014/sketch_37.JPEG,164,1.000000
8356,sketch/n04266014/sketch_38.JPEG,164,1.000000
8357,sketch/n04266014/sketch_39.JPEG,164,1.000000
8358,sketch/n04266014/sketch_4.JPEG,164,1.000000
8359,sketch/n04266014/sketch_40.JPEG,164,1.000000
8360,sketch/n04266014/sketch_41.JPEG,164,1.000000
8361,sketch/n04266014/sketch_42.JPEG,164,1.000000
8362,sketch/n04266014/sketch_43.JPEG,164,1.000000
8363,sketch/n04266014/sketch_44.JPEG,164,1.000000
8364,sketch/n04266014/sketch_45.JPEG,164,1.000000
8365,sketch/n04266014/sketch_46.JPEG,164,1.000000
8366,sketch/n04266014/sketch_47.JPEG,164,1.000000
8367,sketch/n04266014/sketch_48.JPEG,164,1.000000
8368,sketch/n04266014/sketch_49.JPEG,164,1.000000
8369,sketch/n04266014/sketch_5.JPEG,164,1.000000
8370,sketch/n04266014/sketch_50.JPEG,164,1.000000
8371,sketch/n04266014/sketch_6.JPEG,164,1.000000
8372,sketch/n04266014/sketch_7.JPEG,164,1.000000
8373,sketch/n04266014/sketch_8.JPEG,164,1.000000
8374,sketch/n04266014/sketch_9.JPEG,164,1.000000
8375,sketch/n04275548/sketch_0.JPEG,165,1.000000
8376,sketch/n04275548/sketch_1.JPEG,165,1.000000
8377,sketch/n04275548/sketch_10.JPEG,165,1.000000
8378,sketch/n04275548/sketch_11.JPEG,165,1.000000
8379,sketch/n04275548/sketch_12.JPEG,165,1.000000
8380,sketch/n04275548/sketch_13.JPEG,165,1.000000
8381,sketch/n04275548/sketch_14.JPEG,165,1.000000
8382,sketch/n04275548/sketch_15.JPEG,165,1.000000
8383,sketch/n04275548/sketch_16.JPEG,165,1.000000
8384,sketch/n04275548/sketch_17.JPEG,165,1.000000
8385,sketch/n04275548/sketch_18.JPEG,165,1.000000
8386,sketch/n04275548/sketch_19.JPEG,165,1.000000
8387,sketch/n04275548/sketch_2.JPEG,165,1.000000
8388,sketch/n04275548/sketch_20.JPEG,165,1.000000
8389,sketch/n04275548/sketch_21.JPEG,165,1.000000
8390,sketch/n04275548/sketch_22.JPEG,165,1.000000
8391,sketch/n04275548/sketch_23.JPEG,165,1.000000
8392,sketch/n04275548/sketch_24.JPEG,165,1.000000
8393,sketch/n04275548/sketch_25.JPEG,165,1.000000
8394,sketch/n04275548/sketch_26.JPEG,165,1.000000
8395,sketch/n04275548/sketch_27.JPEG,165,1.000000
8396,sketch/n04275548/sketch_28.JPEG,165,1.000000
8397,sketch/n04275548/sketch_29.JPEG,165,1.000000
8398,sketch/n04275548/sketch_3.JPEG,165,1.000000
8399,sketch/n04275548/sketch_30.JPEG,165,1.000000
8400,sketch/n04275548/sketch_31.JPEG,165,1.000000
8401,sketch/n04275548/sketch_32.JPEG,165,1.000000
8402,sketch/n04275548/sketch_33.JPEG,165,1.000000
8403,sketch/n04275548/sketch_34.JPEG,165,1.000000
8404,sketch/n04275548/sketch_35.JPEG,165,1.000000
8405,sketch/n04275548/sketch_36.JPEG,165,1.000000
8406,sketch/n04275548/sketch_37.JPEG,165,1.000000
8407,sketch/n04275548/sketch_38.JPEG,165,1.000000
8408,sketch/n04275548/sketch_39.JPEG,165,1.000000
8409,sketch/n04275548/sketch_4.JPEG,165,1.000000
8410,sketch/n04275548/sketch_40.JPEG,165,1.000000
8411,sketch/n04275548/sketch_41.JPEG,165,1.000000
8412,sketch/n04275548/sketch_42.JPEG,165,1.000000
8413,sketch/n04275548/sketch_43.JPEG,165,1.000000
8414,sketch/n04275548/sketch_44.JPEG,165,1.000000
8415,sketch/n04275548/sketch_45.JPEG,165,1.000000
8416,sketch/n04275548/sketch_46.JPEG,165,1.000000
8417,sketch/n04275548/sketch_47.JPEG,165,1.000000
8418,sketch/n04275548/sketch_48.JPEG,165,1.000000
8419,sketch/n04275548/sketch_49.JPEG,165,1.000000
8420,sketch/n04275548/sketch_5.JPEG,165,1.000000
8421,sketch/n04275548/sketch_50.JPEG,165,1.000000
8422,sketch/n04275548/sketch_6.JPEG,165,1.000000
8423,sketch/n04275548/sketch_7.JPEG,165,1.000000
8424,sketch/n04275548/sketch_8.JPEG,165,1.000000
8425,sketch/n04275548/sketch_9.JPEG,165,1.000000
8426,sketch/n04310018/sketch_0.JPEG,166,1.000000
8427,sketch/n04310018/sketch_1.JPEG,166,1.000000
8428,sketch/n04310018/sketch_10.JPEG,166,1.000000
8429,sketch/n04310018/sketch_11.JPEG,166,1.000000
8430,sketch/n04310018/sketch_12.JPEG,166,1.000000
8431,sketch/n04310018/sketch_13.JPEG,166,1.000000
8432,sketch/n04310018/sketch_14.JPEG,166,1.000000
8433,sketch/n04310018/sketch_15.JPEG,166,1.000000
8434,sketch/n04310018/sketch_16.JPEG,166,1.000000
8435,sketch/n04310018/sketch_17.JPEG,166,1.000000
8436,sketch/n04310018/sketch_18.JPEG,166,1.000000
8437,sketch/n04310018/sketch_19.JPEG,166,1.000000
8438,sketch/n04310018/sketch_2.JPEG,166,1.000000
8439,sketch/n04310018/sketch_20.JPEG,166,1.000000
8440,sketch/n04310018/sketch_21.JPEG,166,1.000000
8441,sketch/n04310018/sketch_22.JPEG,166,1.000000
8442,sketch/n04310018/sketch_23.JPEG,166,1.000000
8443,sketch/n04310018/sketch_24.JPEG,166,1.000000
8444,sketch/n04310018/sketch_25.JPEG,166,1.000000
8445,sketch/n04310018/sketch_26.JPEG,166,1.000000
8446,sketch/n04310018/sketch_27.JPEG,166,1.000000
8447,sketch/n04310018/sketch_28.JPEG,166,1.000000
8448,sketch/n04310018/sketch_29.JPEG,166,1.000000
8449,sketch/n04310018/sketch_3.JPEG,166,1.000000
8450,sketch/n04310018/sketch_30.JPEG,166,1.000000
8451,sketch/n04310018/sketch_31.JPEG,166,1.000000
8452,sketch/n04310018/sketch_32.JPEG,166,1.000000
8453,sketch/n04310018/sketch_33.JPEG,166,1.000000
8454,sketch/n04310018/sketch_34.JPEG,166,1.000000
8455,sketch/n04310018/sketch_35.JPEG,166,1.000000
8456,sketch/n04310018/sketch_36.JPEG,166,1.000000
8457,sketch/n04310018/sketch_37.JPEG,166,1.000000
8458,sketch/n04310018/sketch_38.JPEG,166,1.000000
8459,sketch/n04310018/sketch_39.JPEG,166,1.000000
8460,sketch/n04310018/sketch_4.JPEG,166,1.000000
8461,sketch/n04310018/sketch_40.JPEG,166,1.000000
8462,sketch/n04310018/sketch_41.JPEG,166,1.000000
8463,sketch/n04310018/sketch_42.JPEG,166,1.000000
8464,sketch/n04310018/sketch_43.JPEG,166,1.000000
8465,sketch/n04310018/sketch_44.JPEG,166,1.000000
8466,sketch/n04310018/sketch_45.JPEG,166,1.000000
8467,sketch/n04310018/sketch_46.JPEG,166,1.000000
8468,sketch/n04310018/sketch_47.JPEG,166,1.000000
8469,sketch/n04310018/sketch_48.JPEG,166,1.000000
8470,sketch/n04310018/sketch_49.JPEG,166,1.000000
8471,sketch/n04310018/sketch_5.JPEG,166,1.000000
8472,sketch/n04310018/sketch_50.JPEG,166,1.000000
8473,sketch/n04310018/sketch_6.JPEG,166,1.000000
8474,sketch/n04310018/sketch_7.JPEG,166,1.000000
8475,sketch/n04310018/sketch_8.JPEG,166,1.000000
8476,sketch/n04310018/sketch_9.JPEG,166,1.000000
8477,sketch/n04325704/sketch_0.JPEG,167,1.000000
8478,sketch/n04325704/sketch_1.JPEG,167,1.000000
8479,sketch/n04325704/sketch_10.JPEG,167,1.000000
8480,sketch/n04325704/sketch_11.JPEG,167,1.000000
8481,sketch/n04325704/sketch_12.JPEG,167,1.000000
8482,sketch/n04325704/sketch_13.JPEG,167,1.000000
8483,sketch/n04325704/sketch_14.JPEG,167,1.000000
8484,sketch/n04325704/sketch_15.JPEG,167,1.000000
8485,sketch/n04325704/sketch_16.JPEG,167,1.000000
8486,sketch/n04325704/sketch_17.JPEG,167,1.000000
8487,sketch/n04325704/sketch_18.JPEG,167,1.000000
8488,sketch/n04325704/sketch_19.JPEG,167,1.000000
8489,sketch/n04325704/sketch_2.JPEG,167,1.000000
8490,sketch/n04325704/sketch_20.JPEG,167,1.000000
8491,sketch/n04325704/sketch_21.JPEG,167,1.000000
8492,sketch/n04325704/sketch_22.JPEG,167,1.000000
8493,sketch/n04325704/sketch_23.JPEG,167,1.000000
8494,sketch/n04325704/sketch_24.JPEG,167,1.000000
8495,sketch/n04325704/sketch_25.JPEG,167,1.000000
8496,sketch/n04325704/sketch_26.JPEG,167,1.000000
8497,sketch/n04325704/sketch_27.JPEG,167,1.000000
8498,sketch/n04325704/sketch_28.JPEG,167,1.000000
8499,sketch/n04325704/sketch_29.JPEG,167,1.000000
8500,sketch/n04325704/sketch_3.JPEG,167,1.000000
8501,sketch/n04325704/sketch_30.JPEG,167,1.000000
8502,sketch/n04325704/sketch_31.JPEG,167,1.000000
8503,sketch/n04325704/sketch_32.JPEG,167,1.000000
8504,sketch/n04325704/sketch_33.JPEG,167,1.000000
8505,sketch/n04325704/sketch_34.JPEG,167,1.000000
8506,sketch/n04325704/sketch_35.JPEG,167,1.000000
8507,sketch/n04325704/sketch_36.JPEG,167,1.000000
8508,sketch/n04325704/sketch_37.JPEG,167,1.000000
8509,sketch/n04325704/sketch_38.JPEG,167,1.000000
8510,sketch/n04325704/sketch_39.JPEG,167,1.000000
8511,sketch/n04325704/sketch_4.JPEG,167,1.000000
8512,sketch/n04325704/sketch_40.JPEG,167,1.000000
8513,sketch/n04325704/sketch_41.JPEG,167,1.000000
8514,sketch/n04325704/sketch_42.JPEG,167,1.000000
8515,sketch/n04325704/sketch_43.JPEG,167,1.000000
8516,sketch/n04325704/sketch_44.JPEG,167,1.000000
8517,sketch/n04325704/sketch_45.JPEG,167,1.000000
8518,sketch/n04325704/sketch_46.JPEG,167,1.000000
8519,sketch/n04325704/sketch_47.JPEG,167,1.000000
8520,sketch/n04325704/sketch_48.JPEG,167,1.000000
8521,sketch/n04325704/sketch_49.JPEG,167,1.000001
8522,sketch/n04325704/sketch_5.JPEG,167,1.000000
8523,sketch/n04325704/sketch_50.JPEG,167,1.000000
8524,sketch/n04325704/sketch_6.JPEG,167,1.000000
8525,sketch/n04325704/sketch_7.JPEG,167,1.000000
8526,sketch/n04325704/sketch_8.JPEG,167,1.000000
8527,sketch/n04325704/sketch_9.JPEG,167,1.000000
8528,sketch/n04347754/sketch_0.JPEG,168,1.000000
8529,sketch/n04347754/sketch_1.JPEG,168,1.000000
8530,sketch/n04347754/sketch_10.JPEG,168,1.000000
8531,sketch/n04347754/sketch_11.JPEG,168,1.000000
8532,sketch/n04347754/sketch_12.JPEG,168,1.000000
8533,sketch/n04347754/sketch_13.JPEG,168,1.000000
8534,sketch/n04347754/sketch_14.JPEG,168,1.000000
8535,sketch/n04347754/sketch_15.JPEG,168,1.000000
8536,sketch/n04347754/sketch_16.JPEG,168,1.000000
8537,sketch/n04347754/sketch_17.JPEG,168,1.000000
8538,sketch/n04347754/sketch_18.JPEG,168,1.000000
8539,sketch/n04347754/sketch_19.JPEG,168,1.000000
8540,sketch/n04347754/sketch_2.JPEG,168,1.000000
8541,sketch/n04347754/sketch_20.JPEG,168,1.000000
8542,sketch/n04347754/sketch_21.JPEG,168,1.000000
8543,sketch/n04347754/sketch_22.JPEG,168,1.000000
8544,sketch/n04347754/sketch_23.JPEG,168,1.000000
8545,sketch/n04347754/sketch_24.JPEG,168,1.000000
8546,sketch/n04347754/sketch_25.JPEG,168,1.000000
8547,sketch/n04347754/sketch_26.JPEG,168,1.000000
8548,sketch/n04347754/sketch_27.JPEG,168,1.000000
8549,sketch/n04347754/sketch_28.JPEG,168,1.000000
8550,sketch/n04347754/sketch_29.JPEG,168,1.000000
8551,sketch/n04347754/sketch_3.JPEG,168,1.000000
8552,sketch/n04347754/sketch_30.JPEG,168,1.000000
8553,sketch/n04347754/sketch_31.JPEG,168,1.000000
8554,sketch/n04347754/sketch_32.JPEG,168,1.000000
8555,sketch/n04347754/sketch_33.JPEG,168,1.000000
8556,sketch/n04347754/sketch_34.JPEG,168,1.000000
8557,sketch/n04347754/sketch_35.JPEG,168,1.000000
8558,sketch/n04347754/sketch_36.JPEG,168,1.000000
8559,sketch/n04347754/sketch_37.JPEG,168,1.000000
8560,sketch/n04347754/sketch_38.JPEG,168,1.000000
8561,sketch/n04347754/sketch_39.JPEG,168,1.000000
8562,sketch/n04347754/sketch_4.JPEG,168,1.000000
8563,sketch/n04347754/sketch_40.JPEG,168,1.000000
8564,sketch/n04347754/sketch_41.JPEG,168,1.000000
8565,sketch/n04347754/sketch_42.JPEG,168,1.000000
8566,sketch/n04347754/sketch_43.JPEG,168,1.000000
8567,sketch/n04347754/sketch_44.JPEG,168,1.000000
8568,sketch/n04347754/sketch_45.JPEG,168,1.000000
8569,sketch/n04347754/sketch_46.JPEG,168,1.000000
8570,sketch/n04347754/sketch_47.JPEG,168,1.000000
8571,sketch/n04347754/sketch_48.JPEG,168,1.000000
8572,sketch/n04347754/sketch_49.JPEG,168,1.000000
8573,sketch/n04347754/sketch_5.JPEG,168,1.000000
8574,sketch/n04347754/sketch_50.JPEG,168,1.000000
8575,sketch/n04347754/sketch_6.JPEG,168,1.000000
8576,sketch/n04347754/sketch_7.JPEG,168,1.000000
8577,sketch/n04347754/sketch_8.JPEG,168,1.000000
8578,sketch/n04347754/sketch_9.JPEG,168,1.000000
8579,sketch/n04389033/sketch_0.JPEG,169,1.000000
8580,sketch/n04389033/sketch_1.JPEG,169,1.000001
8581,sketch/n04389033/sketch_10.JPEG,169,1.000000
8582,sketch/n04389033/sketch_11.JPEG,169,1.000000
8583,sketch/n04389033/sketch_12.JPEG,169,1.000000
8584,sketch/n04389033/sketch_13.JPEG,169,1.000000
8585,sketch/n04389033/sketch_14.JPEG,169,1.000000
8586,sketch/n04389033/sketch_15.JPEG,169,1.000000
8587,sketch/n04389033/sketch_16.JPEG,169,1.000000
8588,sketch/n04389033/sketch_17.JPEG,169,1.000000
8589,sketch/n04389033/sketch_18.JPEG,169,1.000000
8590,sketch/n04389033/sketch_19.JPEG,169,1.000000
8591,sketch/n04389033/sketch_2.JPEG,169,1.000000
8592,sketch/n04389033/sketch_20.JPEG,169,1.000000
8593,sketch/n04389033/sketch_21.JPEG,169,1.000000
8594,sketch/n04389033/sketch_22.JPEG,169,1.000000
8595,sketch/n04389033/sketch_23.JPEG,169,0.999999
8596,sketch/n04389033/sketch_24.JPEG,169,1.000000
8597,sketch/n04389033/sketch_25.JPEG,169,1.000000
8598,sketch/n04389033/sketch_26.JPEG,169,1.000000
8599,sketch/n04389033/sketch_27.JPEG,169,1.000000
8600,sketch/n04389033/sketch_28.JPEG,169,1.000000
8601,sketch/n04389033/sketch_29.JPEG,169,1.000000
8602,sketch/n04389033/sketch_3.JPEG,169,1.000000
8603,sketch/n04389033/sketch_30.JPEG,169,1.000000
8604,sketch/n04389033/sketch_31.JPEG,169,1.000000
8605,sketch/n04389033/sketch_32.JPEG,169,1.000000
8606,sketch/n04389033/sketch_33.JPEG,169,1.000000
8607,sketch/n04389033/sketch_34.JPEG,169,1.000000
8608,sketch/n04389033/sketch_35.JPEG,169,0.999999
8609,sketch/n04389033/sketch_36.JPEG,169,1.000000
8610,sketch/n04389033/sketch_37.JPEG,169,1.000000
8611,sketch/n04389033/sketch_38.JPEG,169,1.000000
8612,sketch/n04389033/sketch_39.JPEG,169,1.000000
8613,sketch/n04389033/sketch_4.JPEG,169,1.000000
8614,sketch/n04389033/sketch_40.JPEG,169,1.000000
8615,sketch/n04389033/sketch_41.JPEG,169,1.000000
8616,sketch/n04389033/sketch_42.JPEG,169,1.000000
8617,sketch/n04389033/sketch_43.JPEG,169,1.000000
8618,sketch/n04389033/sketch_44.JPEG,169,1.000000
8619,sketch/n04389033/sketch_45.JPEG,169,1.000000
8620,sketch/n04389033/sketch_46.JPEG,169,1.000000
8621,sketch/n04389033/sketch_47.JPEG,169,1.000000
8622,sketch/n04389033/sketch_48.JPEG,169,1.000000
8623,sketch/n04389033/sketch_49.JPEG,169,1.000000
8624,sketch/n04389033/sketch_5.JPEG,169,1.000000
8625,sketch/n04389033/sketch_50.JPEG,169,1.000000
8626,sketch/n04389033/sketch_6.JPEG,169,1.000000
8627,sketch/n04389033/sketch_7.JPEG,169,1.000000
8628,sketch/n04389033/sketch_8.JPEG,169,1.000000
8629,sketch/n04389033/sketch_9.JPEG,169,1.000000
8630,sketch/n04409515/sketch_0.JPEG,170,1.000000
8631,sketch/n04409515/sketch_1.JPEG,170,1.000000
8632,sketch/n04409515/sketch_10.JPEG,170,1.000000
8633,sketch/n04409515/sketch_11.JPEG,170,1.000000
8634,sketch/n04409515/sketch_12.JPEG,170,1.000000
8635,sketch/n04409515/sketch_13.JPEG,170,1.000000
8636,sketch/n04409515/sketch_14.JPEG,170,1.000000
8637,sketch/n04409515/sketch_15.JPEG,170,1.000000
8638,sketch/n04409515/sketch_16.JPEG,170,1.000000
8639,sketch/n04409515/sketch_17.JPEG,170,1.000000
8640,sketch/n04409515/sketch_18.JPEG,170,1.000000
8641,sketch/n04409515/sketch_19.JPEG,170,1.000000
8642,sketch/n04409515/sketch_2.JPEG,170,1.000000
8643,sketch/n04409515/sketch_20.JPEG,170,1.000000
8644,sketch/n04409515/sketch_21.JPEG,170,1.000000
8645,sketch/n04409515/sketch_22.JPEG,170,1.000000
8646,sketch/n04409515/sketch_23.JPEG,170,1.000000
8647,sketch/n04409515/sketch_24.JPEG,170,1.000000
8648,sketch/n04409515/sketch_25.JPEG,170,1.000000
8649,sketch/n04409515/sketch_26.JPEG,170,1.000000
8650,sketch/n04409515/sketch_27.JPEG,170,1.000000
8651,sketch/n04409515/sketch_28.JPEG,170,1.000000
8652,sketch/n04409515/sketch_29.JPEG,170,1.000000
8653,sketch/n04409515/sketch_3.JPEG,170,1.000000
8654,sketch/n04409515/sketch_30.JPEG,170,1.000000
8655,sketch/n04409515/sketch_31.JPEG,170,1.000000
8656,sketch/n04409515/sketch_32.JPEG,170,1.000000
8657,sketch/n04409515/sketch_33.JPEG,170,1.000000
8658,sketch/n04409515/sketch_34.JPEG,170,1.000000
8659,sketch/n04409515/sketch_35.JPEG,170,1.000000
8660,sketch/n04409515/sketch_36.JPEG,170,1.000000
8661,sketch/n04409515/sketch_37.JPEG,170,1.000000
8662,sketch/n04409515/sketch_38.JPEG,170,1.000000
8663,sketch/n04409515/sketch_39.JPEG,170,1.000000
8664,sketch/n04409515/sketch_4.JPEG,170,1.000000
8665,sketch/n04409515/sketch_40.JPEG,170,1.000000
8666,sketch/n04409515/sketch_41.JPEG,170,1.000000
8667,sketch/n04409515/sketch_42.JPEG,170,1.000000
8668,sketch/n04409515/sketch_43.JPEG,170,1.000000
8669,sketch/n04409515/sketch_44.JPEG,170,1.000000
8670,sketch/n04409515/sketch_45.JPEG,170,1.000000
8671,sketch/n04409515/sketch_46.JPEG,170,1.000000
8672,sketch/n04409515/sketch_47.JPEG,170,1.000000
8673,sketch/n04409515/sketch_48.JPEG,170,1.000000
8674,sketch/n04409515/sketch_49.JPEG,170,1.000000
8675,sketch/n04409515/sketch_5.JPEG,170,1.000000
8676,sketch/n04409515/sketch_50.JPEG,170,1.000000
8677,sketch/n04409515/sketch_6.JPEG,170,1.000000
8678,sketch/n04409515/sketch_7.JPEG,170,1.000000
8679,sketch/n04409515/sketch_8.JPEG,170,1.000000
8680,sketch/n04409515/sketch_9.JPEG,170,1.000000
8681,sketch/n04465501/sketch_0.JPEG,171,1.000000
8682,sketch/n04465501/sketch_1.JPEG,171,1.000000
8683,sketch/n04465501/sketch_10.JPEG,171,1.000000
8684,sketch/n04465501/sketch_11.JPEG,171,1.000000
8685,sketch/n04465501/sketch_12.JPEG,171,1.000000
8686,sketch/n04465501/sketch_13.JPEG,171,1.000000
8687,sketch/n04465501/sketch_14.JPEG,171,1.000000
8688,sketch/n04465501/sketch_15.JPEG,171,1.000000
8689,sketch/n04465501/sketch_16.JPEG,171,1.000000
8690,sketch/n04465501/sketch_17.JPEG,171,1.000000
8691,sketch/n04465501/sketch_18.JPEG,171,1.000000
8692,sketch/n04465501/sketch_19.JPEG,171,1.000000
8693,sketch/n04465501/sketch_2.JPEG,171,1.000000
8694,sketch/n04465501/sketch_20.JPEG,171,1.000000
8695,sketch/n04465501/sketch_21.JPEG,171,1.000000
8696,sketch/n04465501/sketch_22.JPEG,171,1.000000
8697,sketch/n04465501/sketch_23.JPEG,171,1.000000
8698,sketch/n04465501/sketch_24.JPEG,171,1.000000
8699,sketch/n04465501/sketch_25.JPEG,171,1.000000
8700,sketch/n04465501/sketch_26.JPEG,171,1.000000
8701,sketch/n04465501/sketch_27.JPEG,171,1.000000
8702,sketch/n04465501/sketch_28.JPEG,171,1.000000
8703,sketch/n04465501/sketch_29.JPEG,171,1.000000
8704,sketch/n04465501/sketch_3.JPEG,171,1.000000
8705,sketch/n04465501/sketch_30.JPEG,171,1.000000
8706,sketch/n04465501/sketch_31.JPEG,171,1.000000
8707,sketch/n04465501/sketch_32.JPEG,171,1.000000
8708,sketch/n04465501/sketch_33.JPEG,171,1.000000
8709,sketch/n04465501/sketch_34.JPEG,171,1.000000
8710,sketch/n04465501/sketch_35.JPEG,171,1.000000
8711,sketch/n04465501/sketch_36.JPEG,171,1.000000
8712,sketch/n04465501/sketch_37.JPEG,171,1.000000
8713,sketch/n04465501/sketch_38.JPEG,171,1.000000
8714,sketch/n04465501/sketch_39.JPEG,171,1.000000
8715,sketch/n04465501/sketch_4.JPEG,171,1.000000
8716,sketch/n04465501/sketch_40.JPEG,171,1.000000
8717,sketch/n04465501/sketch_41.JPEG,171,1.000000
8718,sketch/n04465501/sketch_42.JPEG,171,1.000000
8719,sketch/n04465501/sketch_43.JPEG,171,1.000000
8720,sketch/n04465501/sketch_44.JPEG,171,1.000000
8721,sketch/n04465501/sketch_45.JPEG,171,1.000000
8722,sketch/n04465501/sketch_46.JPEG,171,1.000000
8723,sketch/n04465501/sketch_47.JPEG,171,1.000000
8724,sketch/n04465501/sketch_48.JPEG,171,1.000000
8725,sketch/n04465501/sketch_49.JPEG,171,1.000000
8726,sketch/n04465501/sketch_5.JPEG,171,1.000000
8727,sketch/n04465501/sketch_50.JPEG,171,1.000000
8728,sketch/n04465501/sketch_6.JPEG,171,1.000000
8729,sketch/n04465501/sketch_7.JPEG,171,1.000000
8730,sketch/n04465501/sketch_8.JPEG,171,1.000000
8731,sketch/n04465501/sketch_9.JPEG,171,1.000001
8732,sketch/n04487394/sketch_0.JPEG,172,1.000000
8733,sketch/n04487394/sketch_1.JPEG,172,1.000000
8734,sketch/n04487394/sketch_10.JPEG,172,1.000000
8735,sketch/n04487394/sketch_11.JPEG,172,1.000000
8736,sketch/n04487394/sketch_12.JPEG,172,1.000000
8737,sketch/n04487394/sketch_13.JPEG,172,1.000000
8738,sketch/n04487394/sketch_14.JPEG,172,1.000000
8739,sketch/n04487394/sketch_15.JPEG,172,1.000000
8740,sketch/n04487394/sketch_16.JPEG,172,1.000000
8741,sketch/n04487394/sketch_17.JPEG,172,1.000000
8742,sketch/n04487394/sketch_18.JPEG,172,1.000000
8743,sketch/n04487394/sketch_19.JPEG,172,1.000000
8744,sketch/n04487394/sketch_2.JPEG,172,1.000000
8745,sketch/n04487394/sketch_20.JPEG,172,1.000000
8746,sketch/n04487394/sketch_21.JPEG,172,1.000000
8747,sketch/n04487394/sketch_22.JPEG,172,1.000000
8748,sketch/n04487394/sketch_23.JPEG,172,1.000000
8749,sketch/n04487394/sketch_24.JPEG,172,1.000000
8750,sketch/n04487394/sketch_25.JPEG,172,1.000000
8751,sketch/n04487394/sketch_26.JPEG,172,1.000000
8752,sketch/n04487394/sketch_27.JPEG,172,1.000000
8753,sketch/n04487394/sketch_28.JPEG,172,1.000000
8754,sketch/n04487394/sketch_29.JPEG,172,1.000000
8755,sketch/n04487394/sketch_3.JPEG,172,1.000000
8756,sketch/n04487394/sketch_30.JPEG,172,1.000000
8757,sketch/n04487394/sketch_31.JPEG,172,1.000000
8758,sketch/n04487394/sketch_32.JPEG,172,1.000000
8759,sketch/n04487394/sketch_33.JPEG,172,1.000000
8760,sketch/n04487394/sketch_34.JPEG,172,1.000000
8761,sketch/n04487394/sketch_35.JPEG,172,1.000000
8762,sketch/n04487394/sketch_36.JPEG,172,1.000000
8763,sketch/n04487394/sketch_37.JPEG,172,1.000000
8764,sketch/n04487394/sketch_38.JPEG,172,1.000000
8765,sketch/n04487394/sketch_39.JPEG,172,1.000000
8766,sketch/n04487394/sketch_4.JPEG,172,1.000000
8767,sketch/n04487394/sketch_40.JPEG,172,1.000000
8768,sketch/n04487394/sketch_41.JPEG,172,1.000000
8769,sketch/n04487394/sketch_42.JPEG,172,1.000000
8770,sketch/n04487394/sketch_43.JPEG,172,1.000000
8771,sketch/n04487394/sketch_44.JPEG,172,1.000000
8772,sketch/n04487394/sketch_45.JPEG,172,1.000000
8773,sketch/n04487394/sketch_46.JPEG,172,1.000000
8774,sketch/n04487394/sketch_47.JPEG,172,1.000000
8775,sketch/n04487394/sketch_48.JPEG,172,1.000000
8776,sketch/n04487394/sketch_49.JPEG,172,1.000000
8777,sketch/n04487394/sketch_5.JPEG,172,1.000000
8778,sketch/n04487394/sketch_50.JPEG,172,1.000000
8779,sketch/n04487394/sketch_6.JPEG,172,1.000000
8780,sketch/n04487394/sketch_7.JPEG,172,1.000000
8781,sketch/n04487394/sketch_8.JPEG,172,1.000000
8782,sketch/n04487394/sketch_9.JPEG,172,1.000000
8783,sketch/n04522168/sketch_0.JPEG,173,1.000000
8784,sketch/n04522168/sketch_1.JPEG,173,1.000000
8785,sketch/n04522168/sketch_10.JPEG,173,1.000000
8786,sketch/n04522168/sketch_11.JPEG,173,1.000000
8787,sketch/n04522168/sketch_12.JPEG,173,1.000000
8788,sketch/n04522168/sketch_13.JPEG,173,1.000000
8789,sketch/n04522168/sketch_14.JPEG,173,1.000000
8790,sketch/n04522168/sketch_15.JPEG,173,1.000000
8791,sketch/n04522168/sketch_16.JPEG,173,1.000000
8792,sketch/n04522168/sketch_17.JPEG,173,1.000000
8793,sketch/n04522168/sketch_18.JPEG,173,1.000000
8794,sketch/n04522168/sketch_19.JPEG,173,1.000000
8795,sketch/n04522168/sketch_2.JPEG,173,1.000000
8796,sketch/n04522168/sketch_20.JPEG,173,1.000000
8797,sketch/n04522168/sketch_21.JPEG,173,1.000000
8798,sketch/n04522168/sketch_22.JPEG,173,1.000000
8799,sketch/n04522168/sketch_23.JPEG,173,1.000000
8800,sketch/n04522168/sketch_24.JPEG,173,1.000000
8801,sketch/n04522168/sketch_25.JPEG,173,1.000000
8802,sketch/n04522168/sketch_26.JPEG,173,1.000000
8803,sketch/n04522168/sketch_27.JPEG,173,1.000000
8804,sketch/n04522168/sketch_28.JPEG,173,1.000000
8805,sketch/n04522168/sketch_29.JPEG,173,1.000000
8806,sketch/n04522168/sketch_3.JPEG,173,1.000000
8807,sketch/n04522168/sketch_30.JPEG,173,1.000000
8808,sketch/n04522168/sketch_31.JPEG,173,1.000000
8809,sketch/n04522168/sketch_32.JPEG,173,1.000000
8810,sketch/n04522168/sketch_33.JPEG,173,1.000000
8811,sketch/n04522168/sketch_34.JPEG,173,1.000000
8812,sketch/n04522168/sketch_35.JPEG,173,1.000000
8813,sketch/n04522168/sketch_36.JPEG,173,1.000000
8814,sketch/n04522168/sketch_37.JPEG,173,1.000000
8815,sketch/n04522168/sketch_38.JPEG,173,1.000000
8816,sketch/n04522168/sketch_39.JPEG,173,1.000000
8817,sketch/n04522168/sketch_4.JPEG,173,1.000000
8818,sketch/n04522168/sketch_40.JPEG,173,1.000000
8819,sketch/n04522168/sketch_41.JPEG,173,1.000000
8820,sketch/n04522168/sketch_42.JPEG,173,1.000000
8821,sketch/n04522168/sketch_43.JPEG,173,1.000000
8822,sketch/n04522168/sketch_44.JPEG,173,1.000000
8823,sketch/n04522168/sketch_45.JPEG,173,1.000000
8824,sketch/n04522168/sketch_46.JPEG,173,1.000000
8825,sketch/n04522168/sketch_47.JPEG,173,1.000000
8826,sketch/n04522168/sketch_48.JPEG,173,1.000000
8827,sketch/n04522168/sketch_49.JPEG,173,1.000000
8828,sketch/n04522168/sketch_5.JPEG,173,1.000000
8829,sketch/n04522168/sketch_6.JPEG,173,1.000000
8830,sketch/n04522168/sketch_7.JPEG,173,1.000000
8831,sketch/n04522168/sketch_8.JPEG,173,1.000000
8832,sketch/n04522168/sketch_9.JPEG,173,1.000000
8833,sketch/n04536866/sketch_0.JPEG,174,1.000000
8834,sketch/n04536866/sketch_1.JPEG,174,1.000000
8835,sketch/n04536866/sketch_10.JPEG,174,1.000000
8836,sketch/n04536866/sketch_11.JPEG,174,1.000000
8837,sketch/n04536866/sketch_12.JPEG,174,1.000000
8838,sketch/n04536866/sketch_13.JPEG,174,1.000000
8839,sketch/n04536866/sketch_14.JPEG,174,0.999999
8840,sketch/n04536866/sketch_15.JPEG,174,1.000000
8841,sketch/n04536866/sketch_16.JPEG,174,1.000000
8842,sketch/n04536866/sketch_17.JPEG,174,1.000000
8843,sketch/n04536866/sketch_18.JPEG,174,1.000000
8844,sketch/n04536866/sketch_19.JPEG,174,1.000000
8845,sketch/n04536866/sketch_2.JPEG,174,1.000000
8846,sketch/n04536866/sketch_20.JPEG,174,1.000000
8847,sketch/n04536866/sketch_21.JPEG,174,1.000000
8848,sketch/n04536866/sketch_22.JPEG,174,1.000000
8849,sketch/n04536866/sketch_23.JPEG,174,1.000000
8850,sketch/n04536866/sketch_24.JPEG,174,1.000000
8851,sketch/n04536866/sketch_25.JPEG,174,1.000000
8852,sketch/n04536866/sketch_26.JPEG,174,1.000000
8853,sketch/n04536866/sketch_27.JPEG,174,1.000000
8854,sketch/n04536866/sketch_28.JPEG,174,1.000000
8855,sketch/n04536866/sketch_29.JPEG,174,1.000000
8856,sketch/n04536866/sketch_3.JPEG,174,1.000000
8857,sketch/n04536866/sketch_30.JPEG,174,1.000000
8858,sketch/n04536866/sketch_31.JPEG,174,1.000000
8859,sketch/n04536866/sketch_32.JPEG,174,1.000000
8860,sketch/n04536866/sketch_33.JPEG,174,1.000000
8861,sketch/n04536866/sketch_34.JPEG,174,1.000000
8862,sketch/n04536866/sketch_35.JPEG,174,1.000000
8863,sketch/n04536866/sketch_36.JPEG,174,1.000000
8864,sketch/n04536866/sketch_37.JPEG,174,1.000000
8865,sketch/n04536866/sketch_38.JPEG,174,1.000000
8866,sketch/n04536866/sketch_39.JPEG,174,1.000000
8867,sketch/n04536866/sketch_4.JPEG,174,1.000000
8868,sketch/n04536866/sketch_40.JPEG,174,1.000000
8869,sketch/n04536866/sketch_41.JPEG,174,1.000000
8870,sketch/n04536866/sketch_42.JPEG,174,1.000000
8871,sketch/n04536866/sketch_43.JPEG,174,1.000000
8872,sketch/n04536866/sketch_44.JPEG,174,1.000000
8873,sketch/n04536866/sketch_45.JPEG,174,1.000000
8874,sketch/n04536866/sketch_46.JPEG,174,1.000000
8875,sketch/n04536866/sketch_47.JPEG,174,1.000000
8876,sketch/n04536866/sketch_48.JPEG,174,1.000000
8877,sketch/n04536866/sketch_49.JPEG,174,1.000000
8878,sketch/n04536866/sketch_5.JPEG,174,1.000000
8879,sketch/n04536866/sketch_6.JPEG,174,1.000000
8880,sketch/n04536866/sketch_7.JPEG,174,1.000000
8881,sketch/n04536866/sketch_8.JPEG,174,1.000000
8882,sketch/n04536866/sketch_9.JPEG,174,1.000000
8883,sketch/n04552348/sketch_0.JPEG,175,1.000000
8884,sketch/n04552348/sketch_1.JPEG,175,1.000000
8885,sketch/n04552348/sketch_10.JPEG,175,1.000000
8886,sketch/n04552348/sketch_11.JPEG,175,1.000000
8887,sketch/n04552348/sketch_12.JPEG,175,1.000000
8888,sketch/n04552348/sketch_13.JPEG,175,1.000000
8889,sketch/n04552348/sketch_14.JPEG,175,1.000000
8890,sketch/n04552348/sketch_15.JPEG,175,1.000000
8891,sketch/n04552348/sketch_16.JPEG,175,1.000000
8892,sketch/n04552348/sketch_17.JPEG,175,1.000000
8893,sketch/n04552348/sketch_18.JPEG,175,1.000000
8894,sketch/n04552348/sketch_19.JPEG,175,1.000000
8895,sketch/n04552348/sketch_2.JPEG,175,1.000000
8896,sketch/n04552348/sketch_20.JPEG,175,1.000000
8897,sketch/n04552348/sketch_21.JPEG,175,1.000000
8898,sketch/n04552348/sketch_22.JPEG,175,1.000000
8899,sketch/n04552348/sketch_23.JPEG,175,1.000000
8900,sketch/n04552348/sketch_24.JPEG,175,1.000000
8901,sketch/n04552348/sketch_25.JPEG,175,1.000000
8902,sketch/n04552348/sketch_26.JPEG,175,1.000000
8903,sketch/n04552348/sketch_27.JPEG,175,1.000000
8904,sketch/n04552348/sketch_28.JPEG,175,1.000000
8905,sketch/n04552348/sketch_29.JPEG,175,1.000000
8906,sketch/n04552348/sketch_3.JPEG,175,1.000000
8907,sketch/n04552348/sketch_30.JPEG,175,1.000000
8908,sketch/n04552348/sketch_31.JPEG,175,1.000000
8909,sketch/n04552348/sketch_32.JPEG,175,1.000000
8910,sketch/n04552348/sketch_33.JPEG,175,1.000000
8911,sketch/n04552348/sketch_34.JPEG,175,1.000000
8912,sketch/n04552348/sketch_35.JPEG,175,1.000000
8913,sketch/n04552348/sketch_36.JPEG,175,1.000000
8914,sketch/n04552348/sketch_37.JPEG,175,1.000000
8915,sketch/n04552348/sketch_38.JPEG,175,1.000000
8916,sketch/n04552348/sketch_39.JPEG,175,1.000000
8917,sketch/n04552348/sketch_4.JPEG,175,1.000000
8918,sketch/n04552348/sketch_40.JPEG,175,1.000000
8919,sketch/n04552348/sketch_41.JPEG,175,1.000000
8920,sketch/n04552348/sketch_42.JPEG,175,1.000000
8921,sketch/n04552348/sketch_43.JPEG,175,1.000000
8922,sketch/n04552348/sketch_44.JPEG,175,1.000000
8923,sketch/n04552348/sketch_45.JPEG,175,1.000000
8924,sketch/n04552348/sketch_46.JPEG,175,1.000000
8925,sketch/n04552348/sketch_47.JPEG,175,1.000000
8926,sketch/n04552348/sketch_48.JPEG,175,1.000000
8927,sketch/n04552348/sketch_49.JPEG,175,1.000000
8928,sketch/n04552348/sketch_5.JPEG,175,1.000000
8929,sketch/n04552348/sketch_20.JPEG,175,1.000000
8930,sketch/n04552348/sketch_6.JPEG,175,1.000000
8931,sketch/n04552348/sketch_7.JPEG,175,1.000000
8932,sketch/n04552348/sketch_8.JPEG,175,1.000000
8933,sketch/n04552348/sketch_9.JPEG,175,1.000000
8934,sketch/n04591713/sketch_0.JPEG,176,1.000000
8935,sketch/n04591713/sketch_1.JPEG,176,1.000000
8936,sketch/n04591713/sketch_10.JPEG,176,1.000000
8937,sketch/n04591713/sketch_11.JPEG,176,1.000000
8938,sketch/n04591713/sketch_12.JPEG,176,1.000000
8939,sketch/n04591713/sketch_13.JPEG,176,1.000000
8940,sketch/n04591713/sketch_14.JPEG,176,1.000000
8941,sketch/n04591713/sketch_15.JPEG,176,1.000000
8942,sketch/n04591713/sketch_16.JPEG,176,1.000000
8943,sketch/n04591713/sketch_17.JPEG,176,1.000000
8944,sketch/n04591713/sketch_18.JPEG,176,1.000000
8945,sketch/n04591713/sketch_19.JPEG,176,1.000000
8946,sketch/n04591713/sketch_2.JPEG,176,1.000000
8947,sketch/n04591713/sketch_20.JPEG,176,1.000000
8948,sketch/n04591713/sketch_21.JPEG,176,1.000000
8949,sketch/n04591713/sketch_22.JPEG,176,1.000000
8950,sketch/n04591713/sketch_23.JPEG,176,1.000000
8951,sketch/n04591713/sketch_24.JPEG,176,1.000000
8952,sketch/n04591713/sketch_25.JPEG,176,1.000000
8953,sketch/n04591713/sketch_26.JPEG,176,1.000000
8954,sketch/n04591713/sketch_27.JPEG,176,1.000000
8955,sketch/n04591713/sketch_28.JPEG,176,1.000000
8956,sketch/n04591713/sketch_29.JPEG,176,1.000000
8957,sketch/n04591713/sketch_3.JPEG,176,1.000000
8958,sketch/n04591713/sketch_30.JPEG,176,1.000000
8959,sketch/n04591713/sketch_31.JPEG,176,1.000000
8960,sketch/n04591713/sketch_32.JPEG,176,1.000000
8961,sketch/n04591713/sketch_33.JPEG,176,1.000000
8962,sketch/n04591713/sketch_34.JPEG,176,1.000000
8963,sketch/n04591713/sketch_35.JPEG,176,1.000000
8964,sketch/n04591713/sketch_36.JPEG,176,1.000000
8965,sketch/n04591713/sketch_37.JPEG,176,1.000000
8966,sketch/n04591713/sketch_38.JPEG,176,1.000000
8967,sketch/n04591713/sketch_39.JPEG,176,1.000000
8968,sketch/n04591713/sketch_4.JPEG,176,1.000000
8969,sketch/n04591713/sketch_40.JPEG,176,1.000000
8970,sketch/n04591713/sketch_41.JPEG,176,1.000000
8971,sketch/n04591713/sketch_42.JPEG,176,1.000000
8972,sketch/n04591713/sketch_43.JPEG,176,1.000000
8973,sketch/n04591713/sketch_44.JPEG,176,1.000000
8974,sketch/n04591713/sketch_45.JPEG,176,1.000000
8975,sketch/n04591713/sketch_46.JPEG,176,1.000000
8976,sketch/n04591713/sketch_47.JPEG,176,1.000000
8977,sketch/n04591713/sketch_48.JPEG,176,1.000000
8978,sketch/n04591713/sketch_49.JPEG,176,1.000000
8979,sketch/n04591713/sketch_5.JPEG,176,1.000000
8980,sketch/n04591713/sketch_6.JPEG,176,1.000000
8981,sketch/n04591713/sketch_7.JPEG,176,1.000000
8982,sketch/n04591713/sketch_8.JPEG,176,1.000000
8983,sketch/n04591713/sketch_9.JPEG,176,1.000000
8984,sketch/n07614500/sketch_0.JPEG,177,1.000000
8985,sketch/n07614500/sketch_1.JPEG,177,1.000000
8986,sketch/n07614500/sketch_10.JPEG,177,1.000000
8987,sketch/n07614500/sketch_11.JPEG,177,1.000000
8988,sketch/n07614500/sketch_12.JPEG,177,1.000000
8989,sketch/n07614500/sketch_13.JPEG,177,1.000000
8990,sketch/n07614500/sketch_14.JPEG,177,1.000000
8991,sketch/n07614500/sketch_15.JPEG,177,1.000000
8992,sketch/n07614500/sketch_16.JPEG,177,1.000000
8993,sketch/n07614500/sketch_17.JPEG,177,1.000000
8994,sketch/n07614500/sketch_18.JPEG,177,1.000000
8995,sketch/n07614500/sketch_19.JPEG,177,1.000000
8996,sketch/n07614500/sketch_2.JPEG,177,1.000000
8997,sketch/n07614500/sketch_20.JPEG,177,1.000000
8998,sketch/n07614500/sketch_21.JPEG,177,1.000000
8999,sketch/n07614500/sketch_22.JPEG,177,1.000000
9000,sketch/n07614500/sketch_23.JPEG,177,1.000000
9001,sketch/n07614500/sketch_24.JPEG,177,1.000000
9002,sketch/n07614500/sketch_25.JPEG,177,1.000000
9003,sketch/n07614500/sketch_26.JPEG,177,1.000000
9004,sketch/n07614500/sketch_27.JPEG,177,1.000000
9005,sketch/n07614500/sketch_28.JPEG,177,1.000000
9006,sketch/n07614500/sketch_29.JPEG,177,1.000000
9007,sketch/n07614500/sketch_3.JPEG,177,1.000000
9008,sketch/n07614500/sketch_30.JPEG,177,1.000000
9009,sketch/n07614500/sketch_31.JPEG,177,1.000000
9010,sketch/n07614500/sketch_32.JPEG,177,1.000000
9011,sketch/n07614500/sketch_33.JPEG,177,1.000000
9012,sketch/n07614500/sketch_34.JPEG,177,1.000000
9013,sketch/n07614500/sketch_35.JPEG,177,1.000000
9014,sketch/n07614500/sketch_36.JPEG,177,1.000000
9015,sketch/n07614500/sketch_37.JPEG,177,1.000000
9016,sketch/n07614500/sketch_38.JPEG,177,1.000000
9017,sketch/n07614500/sketch_39.JPEG,177,1.000000
9018,sketch/n07614500/sketch_4.JPEG,177,1.000001
9019,sketch/n07614500/sketch_40.JPEG,177,1.000000
9020,sketch/n07614500/sketch_41.JPEG,177,1.000000
9021,sketch/n07614500/sketch_42.JPEG,177,1.000000
9022,sketch/n07614500/sketch_43.JPEG,177,1.000000
9023,sketch/n07614500/sketch_44.JPEG,177,1.000000
9024,sketch/n07614500/sketch_45.JPEG,177,1.000000
9025,sketch/n07614500/sketch_46.JPEG,177,1.000000
9026,sketch/n07614500/sketch_47.JPEG,177,1.000000
9027,sketch/n07614500/sketch_48.JPEG,177,1.000000
9028,sketch/n07614500/sketch_49.JPEG,177,1.000000
9029,sketch/n07614500/sketch_5.JPEG,177,1.000000
9030,sketch/n07614500/sketch_50.JPEG,177,1.000000
9031,sketch/n07614500/sketch_6.JPEG,177,1.000000
9032,sketch/n07614500/sketch_7.JPEG,177,1.000000
9033,sketch/n07614500/sketch_8.JPEG,177,1.000000
9034,sketch/n07614500/sketch_9.JPEG,177,1.000000
9035,sketch/n07693725/sketch_0.JPEG,178,1.000000
9036,sketch/n07693725/sketch_1.JPEG,178,1.000000
9037,sketch/n07693725/sketch_10.JPEG,178,1.000000
9038,sketch/n07693725/sketch_11.JPEG,178,1.000000
9039,sketch/n07693725/sketch_12.JPEG,178,1.000000
9040,sketch/n07693725/sketch_13.JPEG,178,1.000000
9041,sketch/n07693725/sketch_14.JPEG,178,1.000000
9042,sketch/n07693725/sketch_15.JPEG,178,1.000000
9043,sketch/n07693725/sketch_16.JPEG,178,1.000000
9044,sketch/n07693725/sketch_17.JPEG,178,1.000000
9045,sketch/n07693725/sketch_18.JPEG,178,1.000000
9046,sketch/n07693725/sketch_19.JPEG,178,1.000000
9047,sketch/n07693725/sketch_2.JPEG,178,1.000000
9048,sketch/n07693725/sketch_20.JPEG,178,0.999999
9049,sketch/n07693725/sketch_21.JPEG,178,1.000000
9050,sketch/n07693725/sketch_22.JPEG,178,1.000000
9051,sketch/n07693725/sketch_23.JPEG,178,1.000000
9052,sketch/n07693725/sketch_24.JPEG,178,1.000000
9053,sketch/n07693725/sketch_25.JPEG,178,1.000000
9054,sketch/n07693725/sketch_26.JPEG,178,1.000000
9055,sketch/n07693725/sketch_27.JPEG,178,1.000000
9056,sketch/n07693725/sketch_28.JPEG,178,1.000000
9057,sketch/n07693725/sketch_29.JPEG,178,1.000000
9058,sketch/n07693725/sketch_3.JPEG,178,1.000000
9059,sketch/n07693725/sketch_30.JPEG,178,1.000000
9060,sketch/n07693725/sketch_31.JPEG,178,1.000000
9061,sketch/n07693725/sketch_32.JPEG,178,1.000000
9062,sketch/n07693725/sketch_33.JPEG,178,1.000000
9063,sketch/n07693725/sketch_34.JPEG,178,1.000000
9064,sketch/n07693725/sketch_35.JPEG,178,1.000000
9065,sketch/n07693725/sketch_36.JPEG,178,1.000000
9066,sketch/n07693725/sketch_37.JPEG,178,1.000000
9067,sketch/n07693725/sketch_38.JPEG,178,1.000000
9068,sketch/n07693725/sketch_39.JPEG,178,1.000000
9069,sketch/n07693725/sketch_4.JPEG,178,1.000000
9070,sketch/n07693725/sketch_40.JPEG,178,1.000000
9071,sketch/n07693725/sketch_41.JPEG,178,1.000000
9072,sketch/n07693725/sketch_42.JPEG,178,1.000000
9073,sketch/n07693725/sketch_43.JPEG,178,1.000000
9074,sketch/n07693725/sketch_44.JPEG,178,1.000000
9075,sketch/n07693725/sketch_45.JPEG,178,1.000000
9076,sketch/n07693725/sketch_46.JPEG,178,1.000000
9077,sketch/n07693725/sketch_47.JPEG,178,1.000000
9078,sketch/n07693725/sketch_48.JPEG,178,1.000000
9079,sketch/n07693725/sketch_49.JPEG,178,1.000000
9080,sketch/n07693725/sketch_5.JPEG,178,1.000000
9081,sketch/n07693725/sketch_50.JPEG,178,1.000000
9082,sketch/n07693725/sketch_6.JPEG,178,1.000000
9083,sketch/n07693725/sketch_33.JPEG,178,1.000000
9084,sketch/n07693725/sketch_8.JPEG,178,1.000000
9085,sketch/n07693725/sketch_9.JPEG,178,1.000000
9086,sketch/n07695742/sketch_0.JPEG,179,1.000000
9087,sketch/n07695742/sketch_1.JPEG,179,1.000000
9088,sketch/n07695742/sketch_10.JPEG,179,1.000000
9089,sketch/n07695742/sketch_11.JPEG,179,1.000000
9090,sketch/n07695742/sketch_12.JPEG,179,1.000000
9091,sketch/n07695742/sketch_13.JPEG,179,1.000000
9092,sketch/n07695742/sketch_14.JPEG,179,1.000000
9093,sketch/n07695742/sketch_15.JPEG,179,1.000000
9094,sketch/n07695742/sketch_16.JPEG,179,1.000000
9095,sketch/n07695742/sketch_17.JPEG,179,1.000000
9096,sketch/n07695742/sketch_18.JPEG,179,1.000000
9097,sketch/n07695742/sketch_19.JPEG,179,1.000000
9098,sketch/n07695742/sketch_2.JPEG,179,1.000000
9099,sketch/n07695742/sketch_20.JPEG,179,1.000000
9100,sketch/n07695742/sketch_21.JPEG,179,1.000000
9101,sketch/n07695742/sketch_22.JPEG,179,1.000000
9102,sketch/n07695742/sketch_23.JPEG,179,1.000000
9103,sketch/n07695742/sketch_24.JPEG,179,1.000000
9104,sketch/n07695742/sketch_25.JPEG,179,1.000000
9105,sketch/n07695742/sketch_26.JPEG,179,1.000000
9106,sketch/n07695742/sketch_27.JPEG,179,1.000000
9107,sketch/n07695742/sketch_28.JPEG,179,1.000000
9108,sketch/n07695742/sketch_29.JPEG,179,1.000000
9109,sketch/n07695742/sketch_3.JPEG,179,1.000000
9110,sketch/n07695742/sketch_30.JPEG,179,1.000000
9111,sketch/n07695742/sketch_31.JPEG,179,1.000000
9112,sketch/n07695742/sketch_32.JPEG,179,1.000000
9113,sketch/n07695742/sketch_33.JPEG,179,1.000000
9114,sketch/n07695742/sketch_34.JPEG,179,1.000000
9115,sketch/n07695742/sketch_35.JPEG,179,1.000000
9116,sketch/n07695742/sketch_36.JPEG,179,1.000000
9117,sketch/n07695742/sketch_37.JPEG,179,1.000000
9118,sketch/n07695742/sketch_38.JPEG,179,1.000000
9119,sketch/n07695742/sketch_39.JPEG,179,1.000000
9120,sketch/n07695742/sketch_4.JPEG,179,1.000000
9121,sketch/n07695742/sketch_40.JPEG,179,1.000000
9122,sketch/n07695742/sketch_41.JPEG,179,1.000000
9123,sketch/n07695742/sketch_42.JPEG,179,1.000000
9124,sketch/n07695742/sketch_43.JPEG,179,1.000000
9125,sketch/n07695742/sketch_44.JPEG,179,1.000000
9126,sketch/n07695742/sketch_45.JPEG,179,1.000000
9127,sketch/n07695742/sketch_46.JPEG,179,1.000000
9128,sketch/n07695742/sketch_47.JPEG,179,1.000000
9129,sketch/n07695742/sketch_48.JPEG,179,1.000000
9130,sketch/n07695742/sketch_49.JPEG,179,1.000000
9131,sketch/n07695742/sketch_5.JPEG,179,1.000000
9132,sketch/n07695742/sketch_50.JPEG,179,1.000000
9133,sketch/n07695742/sketch_6.JPEG,179,1.000000
9134,sketch/n07695742/sketch_7.JPEG,179,1.000000
9135,sketch/n07695742/sketch_8.JPEG,179,1.000000
9136,sketch/n07695742/sketch_9.JPEG,179,1.000000
9137,sketch/n07697313/sketch_0.JPEG,180,1.000000
9138,sketch/n07697313/sketch_1.JPEG,180,1.000000
9139,sketch/n07697313/sketch_10.JPEG,180,1.000000
9140,sketch/n07697313/sketch_11.JPEG,180,1.000000
9141,sketch/n07697313/sketch_12.JPEG,180,1.000000
9142,sketch/n07697313/sketch_13.JPEG,180,1.000000
9143,sketch/n07697313/sketch_14.JPEG,180,1.000000
9144,sketch/n07697313/sketch_15.JPEG,180,1.000000
9145,sketch/n07697313/sketch_16.JPEG,180,1.000000
9146,sketch/n07697313/sketch_17.JPEG,180,1.000000
9147,sketch/n07697313/sketch_18.JPEG,180,1.000000
9148,sketch/n07697313/sketch_19.JPEG,180,1.000000
9149,sketch/n07697313/sketch_2.JPEG,180,1.000000
9150,sketch/n07697313/sketch_20.JPEG,180,1.000000
9151,sketch/n07697313/sketch_21.JPEG,180,1.000000
9152,sketch/n07697313/sketch_22.JPEG,180,1.000000
9153,sketch/n07697313/sketch_23.JPEG,180,1.000000
9154,sketch/n07697313/sketch_24.JPEG,180,1.000000
9155,sketch/n07697313/sketch_25.JPEG,180,1.000000
9156,sketch/n07697313/sketch_26.JPEG,180,1.000000
9157,sketch/n07697313/sketch_27.JPEG,180,1.000000
9158,sketch/n07697313/sketch_28.JPEG,180,1.000000
9159,sketch/n07697313/sketch_29.JPEG,180,1.000000
9160,sketch/n07697313/sketch_3.JPEG,180,1.000000
9161,sketch/n07697313/sketch_30.JPEG,180,1.000000
9162,sketch/n07697313/sketch_31.JPEG,180,1.000000
9163,sketch/n07697313/sketch_32.JPEG,180,1.000000
9164,sketch/n07697313/sketch_33.JPEG,180,1.000000
9165,sketch/n07697313/sketch_34.JPEG,180,1.000000
9166,sketch/n07697313/sketch_35.JPEG,180,1.000000
9167,sketch/n07697313/sketch_36.JPEG,180,1.000000
9168,sketch/n07697313/sketch_37.JPEG,180,1.000000
9169,sketch/n07697313/sketch_38.JPEG,180,1.000000
9170,sketch/n07697313/sketch_39.JPEG,180,1.000000
9171,sketch/n07697313/sketch_4.JPEG,180,1.000000
9172,sketch/n07697313/sketch_40.JPEG,180,1.000000
9173,sketch/n07697313/sketch_41.JPEG,180,1.000000
9174,sketch/n07697313/sketch_42.JPEG,180,1.000000
9175,sketch/n07697313/sketch_43.JPEG,180,1.000000
9176,sketch/n07697313/sketch_44.JPEG,180,1.000000
9177,sketch/n07697313/sketch_45.JPEG,180,1.000000
9178,sketch/n07697313/sketch_46.JPEG,180,1.000000
9179,sketch/n07697313/sketch_47.JPEG,180,1.000000
9180,sketch/n07697313/sketch_48.JPEG,180,1.000000
9181,sketch/n07697313/sketch_49.JPEG,180,1.000000
9182,sketch/n07697313/sketch_5.JPEG,180,1.000000
9183,sketch/n07697313/sketch_6.JPEG,180,1.000000
9184,sketch/n07697313/sketch_7.JPEG,180,1.000000
9185,sketch/n07697313/sketch_8.JPEG,180,1.000000
9186,sketch/n07697313/sketch_9.JPEG,180,1.000000
9187,sketch/n07697537/sketch_0.JPEG,181,1.000000
9188,sketch/n07697537/sketch_1.JPEG,181,1.000000
9189,sketch/n07697537/sketch_10.JPEG,181,1.000000
9190,sketch/n07697537/sketch_11.JPEG,181,1.000000
9191,sketch/n07697537/sketch_12.JPEG,181,1.000000
9192,sketch/n07697537/sketch_13.JPEG,181,1.000000
9193,sketch/n07697537/sketch_14.JPEG,181,1.000000
9194,sketch/n07697537/sketch_15.JPEG,181,0.999999
9195,sketch/n07697537/sketch_16.JPEG,181,1.000000
9196,sketch/n07697537/sketch_17.JPEG,181,1.000000
9197,sketch/n07697537/sketch_18.JPEG,181,1.000000
9198,sketch/n07697537/sketch_19.JPEG,181,1.000000
9199,sketch/n07697537/sketch_2.JPEG,181,1.000000
9200,sketch/n07697537/sketch_20.JPEG,181,1.000000
9201,sketch/n07697537/sketch_21.JPEG,181,1.000000
9202,sketch/n07697537/sketch_22.JPEG,181,1.000000
9203,sketch/n07697537/sketch_23.JPEG,181,1.000000
9204,sketch/n07697537/sketch_24.JPEG,181,1.000000
9205,sketch/n07697537/sketch_25.JPEG,181,1.000000
9206,sketch/n07697537/sketch_26.JPEG,181,1.000000
9207,sketch/n07697537/sketch_27.JPEG,181,1.000000
9208,sketch/n07697537/sketch_28.JPEG,181,1.000000
9209,sketch/n07697537/sketch_29.JPEG,181,1.000000
9210,sketch/n07697537/sketch_3.JPEG,181,1.000000
9211,sketch/n07697537/sketch_30.JPEG,181,1.000000
9212,sketch/n07697537/sketch_31.JPEG,181,1.000000
9213,sketch/n07697537/sketch_32.JPEG,181,1.000000
9214,sketch/n07697537/sketch_33.JPEG,181,1.000000
9215,sketch/n07697537/sketch_34.JPEG,181,1.000000
9216,sketch/n07697537/sketch_35.JPEG,181,1.000000
9217,sketch/n07697537/sketch_36.JPEG,181,1.000000
9218,sketch/n07697537/sketch_37.JPEG,181,1.000000
9219,sketch/n07697537/sketch_38.JPEG,181,1.000000
9220,sketch/n07697537/sketch_39.JPEG,181,1.000000
9221,sketch/n07697537/sketch_4.JPEG,181,1.000000
9222,sketch/n07697537/sketch_40.JPEG,181,1.000000
9223,sketch/n07697537/sketch_41.JPEG,181,1.000000
9224,sketch/n07697537/sketch_42.JPEG,181,1.000000
9225,sketch/n07697537/sketch_43.JPEG,181,1.000000
9226,sketch/n07697537/sketch_44.JPEG,181,1.000000
9227,sketch/n07697537/sketch_45.JPEG,181,1.000000
9228,sketch/n07697537/sketch_46.JPEG,181,1.000000
9229,sketch/n07697537/sketch_47.JPEG,181,1.000000
9230,sketch/n07697537/sketch_48.JPEG,181,1.000000
9231,sketch/n07697537/sketch_49.JPEG,181,1.000000
9232,sketch/n07697537/sketch_5.JPEG,181,1.000000
9233,sketch/n07697537/sketch_50.JPEG,181,1.000000
9234,sketch/n07697537/sketch_6.JPEG,181,1.000000
9235,sketch/n07697537/sketch_7.JPEG,181,1.000000
9236,sketch/n07697537/sketch_8.JPEG,181,1.000000
9237,sketch/n07697537/sketch_9.JPEG,181,1.000000
9238,sketch/n07714571/sketch_0.JPEG,182,1.000000
9239,sketch/n07714571/sketch_1.JPEG,182,1.000000
9240,sketch/n07714571/sketch_10.JPEG,182,1.000000
9241,sketch/n07714571/sketch_11.JPEG,182,1.000000
9242,sketch/n07714571/sketch_12.JPEG,182,1.000000
9243,sketch/n07714571/sketch_13.JPEG,182,0.999999
9244,sketch/n07714571/sketch_14.JPEG,182,1.000000
9245,sketch/n07714571/sketch_15.JPEG,182,1.000000
9246,sketch/n07714571/sketch_16.JPEG,182,1.000000
9247,sketch/n07714571/sketch_17.JPEG,182,1.000000
9248,sketch/n07714571/sketch_18.JPEG,182,1.000000
9249,sketch/n07714571/sketch_19.JPEG,182,1.000000
9250,sketch/n07714571/sketch_2.JPEG,182,1.000000
9251,sketch/n07714571/sketch_20.JPEG,182,1.000000
9252,sketch/n07714571/sketch_21.JPEG,182,1.000000
9253,sketch/n07714571/sketch_22.JPEG,182,1.000000
9254,sketch/n07714571/sketch_23.JPEG,182,1.000000
9255,sketch/n07714571/sketch_24.JPEG,182,1.000000
9256,sketch/n07714571/sketch_25.JPEG,182,1.000000
9257,sketch/n07714571/sketch_26.JPEG,182,1.000000
9258,sketch/n07714571/sketch_27.JPEG,182,1.000000
9259,sketch/n07714571/sketch_28.JPEG,182,1.000000
9260,sketch/n07714571/sketch_29.JPEG,182,1.000000
9261,sketch/n07714571/sketch_3.JPEG,182,1.000000
9262,sketch/n07714571/sketch_30.JPEG,182,1.000000
9263,sketch/n07714571/sketch_31.JPEG,182,1.000000
9264,sketch/n07714571/sketch_32.JPEG,182,1.000000
9265,sketch/n07714571/sketch_33.JPEG,182,1.000000
9266,sketch/n07714571/sketch_34.JPEG,182,1.000000
9267,sketch/n07714571/sketch_35.JPEG,182,1.000000
9268,sketch/n07714571/sketch_36.JPEG,182,1.000000
9269,sketch/n07714571/sketch_37.JPEG,182,1.000000
9270,sketch/n07714571/sketch_38.JPEG,182,1.000000
9271,sketch/n07714571/sketch_39.JPEG,182,1.000000
9272,sketch/n07714571/sketch_4.JPEG,182,1.000000
9273,sketch/n07714571/sketch_40.JPEG,182,1.000000
9274,sketch/n07714571/sketch_41.JPEG,182,1.000000
9275,sketch/n07714571/sketch_42.JPEG,182,1.000000
9276,sketch/n07714571/sketch_43.JPEG,182,1.000000
9277,sketch/n07714571/sketch_44.JPEG,182,1.000000
9278,sketch/n07714571/sketch_45.JPEG,182,1.000000
9279,sketch/n07714571/sketch_46.JPEG,182,1.000000
9280,sketch/n07714571/sketch_47.JPEG,182,1.000000
9281,sketch/n07714571/sketch_48.JPEG,182,1.000000
9282,sketch/n07714571/sketch_49.JPEG,182,1.000000
9283,sketch/n07714571/sketch_5.JPEG,182,1.000000
9284,sketch/n07714571/sketch_50.JPEG,182,1.000000
9285,sketch/n07714571/sketch_6.JPEG,182,1.000000
9286,sketch/n07714571/sketch_7.JPEG,182,0.999999
9287,sketch/n07714571/sketch_8.JPEG,182,0.999999
9288,sketch/n07714571/sketch_9.JPEG,182,1.000000
9289,sketch/n07714990/sketch_0.JPEG,183,1.000000
9290,sketch/n07714990/sketch_1.JPEG,183,1.000001
9291,sketch/n07714990/sketch_10.JPEG,183,1.000000
9292,sketch/n07714990/sketch_11.JPEG,183,1.000000
9293,sketch/n07714990/sketch_12.JPEG,183,1.000000
9294,sketch/n07714990/sketch_13.JPEG,183,1.000000
9295,sketch/n07714990/sketch_14.JPEG,183,1.000000
9296,sketch/n07714990/sketch_15.JPEG,183,1.000000
9297,sketch/n07714990/sketch_16.JPEG,183,1.000000
9298,sketch/n07714990/sketch_17.JPEG,183,1.000000
9299,sketch/n07714990/sketch_18.JPEG,183,1.000000
9300,sketch/n07714990/sketch_19.JPEG,183,1.000000
9301,sketch/n07714990/sketch_2.JPEG,183,1.000000
9302,sketch/n07714990/sketch_20.JPEG,183,1.000000
9303,sketch/n07714990/sketch_21.JPEG,183,1.000000
9304,sketch/n07714990/sketch_22.JPEG,183,1.000000
9305,sketch/n07714990/sketch_23.JPEG,183,1.000000
9306,sketch/n07714990/sketch_24.JPEG,183,1.000000
9307,sketch/n07714990/sketch_25.JPEG,183,1.000000
9308,sketch/n07714990/sketch_26.JPEG,183,1.000000
9309,sketch/n07714990/sketch_27.JPEG,183,1.000000
9310,sketch/n07714990/sketch_28.JPEG,183,1.000000
9311,sketch/n07714990/sketch_29.JPEG,183,1.000000
9312,sketch/n07714990/sketch_3.JPEG,183,1.000000
9313,sketch/n07714990/sketch_30.JPEG,183,1.000000
9314,sketch/n07714990/sketch_31.JPEG,183,1.000000
9315,sketch/n07714990/sketch_32.JPEG,183,1.000000
9316,sketch/n07714990/sketch_33.JPEG,183,1.000000
9317,sketch/n07714990/sketch_34.JPEG,183,1.000000
9318,sketch/n07714990/sketch_35.JPEG,183,1.000000
9319,sketch/n07714990/sketch_36.JPEG,183,1.000000
9320,sketch/n07714990/sketch_37.JPEG,183,1.000000
9321,sketch/n07714990/sketch_38.JPEG,183,1.000000
9322,sketch/n07714990/sketch_39.JPEG,183,1.000000
9323,sketch/n07714990/sketch_4.JPEG,183,1.000000
9324,sketch/n07714990/sketch_40.JPEG,183,1.000000
9325,sketch/n07714990/sketch_41.JPEG,183,1.000000
9326,sketch/n07714990/sketch_42.JPEG,183,1.000000
9327,sketch/n07714990/sketch_43.JPEG,183,1.000000
9328,sketch/n07714990/sketch_44.JPEG,183,1.000000
9329,sketch/n07714990/sketch_45.JPEG,183,1.000000
9330,sketch/n07714990/sketch_46.JPEG,183,1.000000
9331,sketch/n07714990/sketch_47.JPEG,183,1.000000
9332,sketch/n07714990/sketch_48.JPEG,183,1.000000
9333,sketch/n07714990/sketch_49.JPEG,183,1.000000
9334,sketch/n07714990/sketch_5.JPEG,183,1.000000
9335,sketch/n07714990/sketch_50.JPEG,183,1.000000
9336,sketch/n07714990/sketch_6.JPEG,183,1.000000
9337,sketch/n07714990/sketch_7.JPEG,183,1.000000
9338,sketch/n07714990/sketch_8.JPEG,183,1.000000
9339,sketch/n07714990/sketch_9.JPEG,183,1.000000
9340,sketch/n07718472/sketch_0.JPEG,184,1.000000
9341,sketch/n07718472/sketch_1.JPEG,184,1.000000
9342,sketch/n07718472/sketch_10.JPEG,184,1.000000
9343,sketch/n07718472/sketch_11.JPEG,184,1.000000
9344,sketch/n07718472/sketch_12.JPEG,184,1.000000
9345,sketch/n07718472/sketch_13.JPEG,184,1.000000
9346,sketch/n07718472/sketch_14.JPEG,184,1.000000
9347,sketch/n07718472/sketch_15.JPEG,184,1.000000
9348,sketch/n07718472/sketch_16.JPEG,184,1.000000
9349,sketch/n07718472/sketch_17.JPEG,184,1.000000
9350,sketch/n07718472/sketch_18.JPEG,184,1.000000
9351,sketch/n07718472/sketch_19.JPEG,184,1.000000
9352,sketch/n07718472/sketch_2.JPEG,184,1.000000
9353,sketch/n07718472/sketch_20.JPEG,184,1.000000
9354,sketch/n07718472/sketch_21.JPEG,184,1.000000
9355,sketch/n07718472/sketch_22.JPEG,184,1.000000
9356,sketch/n07718472/sketch_23.JPEG,184,1.000000
9357,sketch/n07718472/sketch_24.JPEG,184,1.000000
9358,sketch/n07718472/sketch_25.JPEG,184,1.000000
9359,sketch/n07718472/sketch_26.JPEG,184,1.000000
9360,sketch/n07718472/sketch_27.JPEG,184,1.000000
9361,sketch/n07718472/sketch_28.JPEG,184,1.000000
9362,sketch/n07718472/sketch_29.JPEG,184,1.000000
9363,sketch/n07718472/sketch_3.JPEG,184,1.000000
9364,sketch/n07718472/sketch_30.JPEG,184,1.000000
9365,sketch/n07718472/sketch_31.JPEG,184,1.000000
9366,sketch/n07718472/sketch_32.JPEG,184,1.000000
9367,sketch/n07718472/sketch_33.JPEG,184,1.000000
9368,sketch/n07718472/sketch_34.JPEG,184,1.000000
9369,sketch/n07718472/sketch_35.JPEG,184,1.000000
9370,sketch/n07718472/sketch_36.JPEG,184,1.000000
9371,sketch/n07718472/sketch_37.JPEG,184,1.000000
9372,sketch/n07718472/sketch_38.JPEG,184,1.000000
9373,sketch/n07718472/sketch_39.JPEG,184,1.000000
9374,sketch/n07718472/sketch_4.JPEG,184,1.000000
9375,sketch/n07718472/sketch_40.JPEG,184,1.000000
9376,sketch/n07718472/sketch_41.JPEG,184,1.000000
9377,sketch/n07718472/sketch_42.JPEG,184,1.000000
9378,sketch/n07718472/sketch_43.JPEG,184,1.000000
9379,sketch/n07718472/sketch_44.JPEG,184,1.000000
9380,sketch/n07718472/sketch_45.JPEG,184,1.000000
9381,sketch/n07718472/sketch_46.JPEG,184,1.000000
9382,sketch/n07718472/sketch_47.JPEG,184,1.000000
9383,sketch/n07718472/sketch_48.JPEG,184,1.000000
9384,sketch/n07718472/sketch_49.JPEG,184,1.000000
9385,sketch/n07718472/sketch_5.JPEG,184,1.000000
9386,sketch/n07718472/sketch_50.JPEG,184,1.000000
9387,sketch/n07718472/sketch_6.JPEG,184,1.000000
9388,sketch/n07718472/sketch_7.JPEG,184,1.000000
9389,sketch/n07718472/sketch_8.JPEG,184,1.000000
9390,sketch/n07718472/sketch_9.JPEG,184,1.000000
9391,sketch/n07720875/sketch_0.JPEG,185,1.000000
9392,sketch/n07720875/sketch_1.JPEG,185,1.000000
9393,sketch/n07720875/sketch_10.JPEG,185,1.000000
9394,sketch/n07720875/sketch_11.JPEG,185,1.000000
9395,sketch/n07720875/sketch_12.JPEG,185,1.000000
9396,sketch/n07720875/sketch_13.JPEG,185,1.000000
9397,sketch/n07720875/sketch_14.JPEG,185,1.000000
9398,sketch/n07720875/sketch_15.JPEG,185,1.000000
9399,sketch/n07720875/sketch_16.JPEG,185,1.000000
9400,sketch/n07720875/sketch_17.JPEG,185,1.000000
9401,sketch/n07720875/sketch_18.JPEG,185,1.000000
9402,sketch/n07720875/sketch_19.JPEG,185,1.000000
9403,sketch/n07720875/sketch_2.JPEG,185,1.000000
9404,sketch/n07720875/sketch_20.JPEG,185,1.000000
9405,sketch/n07720875/sketch_21.JPEG,185,1.000000
9406,sketch/n07720875/sketch_22.JPEG,185,1.000000
9407,sketch/n07720875/sketch_23.JPEG,185,1.000000
9408,sketch/n07720875/sketch_24.JPEG,185,1.000000
9409,sketch/n07720875/sketch_25.JPEG,185,1.000000
9410,sketch/n07720875/sketch_26.JPEG,185,1.000000
9411,sketch/n07720875/sketch_27.JPEG,185,1.000000
9412,sketch/n07720875/sketch_28.JPEG,185,1.000000
9413,sketch/n07720875/sketch_29.JPEG,185,1.000000
9414,sketch/n07720875/sketch_3.JPEG,185,1.000000
9415,sketch/n07720875/sketch_30.JPEG,185,1.000000
9416,sketch/n07720875/sketch_31.JPEG,185,1.000000
9417,sketch/n07720875/sketch_32.JPEG,185,1.000000
9418,sketch/n07720875/sketch_33.JPEG,185,1.000000
9419,sketch/n07720875/sketch_34.JPEG,185,1.000000
9420,sketch/n07720875/sketch_35.JPEG,185,1.000000
9421,sketch/n07720875/sketch_36.JPEG,185,1.000000
9422,sketch/n07720875/sketch_37.JPEG,185,1.000000
9423,sketch/n07720875/sketch_38.JPEG,185,1.000000
9424,sketch/n07720875/sketch_39.JPEG,185,1.000000
9425,sketch/n07720875/sketch_4.JPEG,185,1.000000
9426,sketch/n07720875/sketch_40.JPEG,185,1.000000
9427,sketch/n07720875/sketch_41.JPEG,185,1.000000
9428,sketch/n07720875/sketch_42.JPEG,185,1.000000
9429,sketch/n07720875/sketch_43.JPEG,185,1.000000
9430,sketch/n07720875/sketch_44.JPEG,185,1.000000
9431,sketch/n07720875/sketch_45.JPEG,185,1.000000
9432,sketch/n07720875/sketch_46.JPEG,185,1.000000
9433,sketch/n07720875/sketch_47.JPEG,185,1.000000
9434,sketch/n07720875/sketch_48.JPEG,185,1.000000
9435,sketch/n07720875/sketch_49.JPEG,185,1.000000
9436,sketch/n07720875/sketch_5.JPEG,185,1.000000
9437,sketch/n07720875/sketch_50.JPEG,185,1.000000
9438,sketch/n07720875/sketch_6.JPEG,185,1.000000
9439,sketch/n07720875/sketch_7.JPEG,185,1.000000
9440,sketch/n07720875/sketch_8.JPEG,185,1.000000
9441,sketch/n07720875/sketch_9.JPEG,185,1.000000
9442,sketch/n07734744/sketch_0.JPEG,186,1.000000
9443,sketch/n07734744/sketch_1.JPEG,186,1.000000
9444,sketch/n07734744/sketch_10.JPEG,186,1.000000
9445,sketch/n07734744/sketch_11.JPEG,186,1.000000
9446,sketch/n07734744/sketch_12.JPEG,186,1.000000
9447,sketch/n07734744/sketch_13.JPEG,186,1.000000
9448,sketch/n07734744/sketch_14.JPEG,186,1.000000
9449,sketch/n07734744/sketch_15.JPEG,186,1.000000
9450,sketch/n07734744/sketch_16.JPEG,186,1.000000
9451,sketch/n07734744/sketch_17.JPEG,186,1.000000
9452,sketch/n07734744/sketch_18.JPEG,186,1.000000
9453,sketch/n07734744/sketch_19.JPEG,186,1.000000
9454,sketch/n07734744/sketch_2.JPEG,186,1.000001
9455,sketch/n07734744/sketch_20.JPEG,186,1.000000
9456,sketch/n07734744/sketch_21.JPEG,186,1.000000
9457,sketch/n07734744/sketch_22.JPEG,186,1.000000
9458,sketch/n07734744/sketch_23.JPEG,186,1.000000
9459,sketch/n07734744/sketch_24.JPEG,186,1.000000
9460,sketch/n07734744/sketch_25.JPEG,186,1.000000
9461,sketch/n07734744/sketch_26.JPEG,186,1.000000
9462,sketch/n07734744/sketch_27.JPEG,186,1.000000
9463,sketch/n07734744/sketch_28.JPEG,186,1.000000
9464,sketch/n07734744/sketch_29.JPEG,186,1.000000
9465,sketch/n07734744/sketch_3.JPEG,186,1.000000
9466,sketch/n07734744/sketch_30.JPEG,186,1.000000
9467,sketch/n07734744/sketch_31.JPEG,186,1.000000
9468,sketch/n07734744/sketch_32.JPEG,186,1.000000
9469,sketch/n07734744/sketch_33.JPEG,186,1.000000
9470,sketch/n07734744/sketch_34.JPEG,186,1.000000
9471,sketch/n07734744/sketch_35.JPEG,186,1.000000
9472,sketch/n07734744/sketch_36.JPEG,186,1.000000
9473,sketch/n07734744/sketch_37.JPEG,186,1.000000
9474,sketch/n07734744/sketch_38.JPEG,186,1.000000
9475,sketch/n07734744/sketch_39.JPEG,186,1.000000
9476,sketch/n07734744/sketch_4.JPEG,186,1.000000
9477,sketch/n07734744/sketch_40.JPEG,186,1.000000
9478,sketch/n07734744/sketch_41.JPEG,186,1.000000
9479,sketch/n07734744/sketch_42.JPEG,186,1.000000
9480,sketch/n07734744/sketch_43.JPEG,186,1.000000
9481,sketch/n07734744/sketch_44.JPEG,186,1.000000
9482,sketch/n07734744/sketch_45.JPEG,186,1.000000
9483,sketch/n07734744/sketch_46.JPEG,186,1.000000
9484,sketch/n07734744/sketch_47.JPEG,186,1.000000
9485,sketch/n07734744/sketch_48.JPEG,186,1.000000
9486,sketch/n07734744/sketch_49.JPEG,186,1.000000
9487,sketch/n07734744/sketch_5.JPEG,186,1.000000
9488,sketch/n07734744/sketch_50.JPEG,186,1.000000
9489,sketch/n07734744/sketch_6.JPEG,186,1.000000
9490,sketch/n07734744/sketch_7.JPEG,186,1.000000
9491,sketch/n07734744/sketch_8.JPEG,186,1.000000
9492,sketch/n07734744/sketch_9.JPEG,186,1.000000
9493,sketch/n07742313/sketch_0.JPEG,187,1.000000
9494,sketch/n07742313/sketch_1.JPEG,187,1.000000
9495,sketch/n07742313/sketch_10.JPEG,187,1.000000
9496,sketch/n07742313/sketch_11.JPEG,187,1.000001
9497,sketch/n07742313/sketch_12.JPEG,187,1.000000
9498,sketch/n07742313/sketch_13.JPEG,187,1.000000
9499,sketch/n07742313/sketch_14.JPEG,187,1.000000
9500,sketch/n07742313/sketch_15.JPEG,187,1.000000
9501,sketch/n07742313/sketch_16.JPEG,187,1.000000
9502,sketch/n07742313/sketch_17.JPEG,187,1.000000
9503,sketch/n07742313/sketch_18.JPEG,187,1.000000
9504,sketch/n07742313/sketch_19.JPEG,187,1.000000
9505,sketch/n07742313/sketch_2.JPEG,187,1.000000
9506,sketch/n07742313/sketch_20.JPEG,187,1.000000
9507,sketch/n07742313/sketch_21.JPEG,187,1.000000
9508,sketch/n07742313/sketch_22.JPEG,187,1.000000
9509,sketch/n07742313/sketch_23.JPEG,187,1.000000
9510,sketch/n07742313/sketch_24.JPEG,187,1.000000
9511,sketch/n07742313/sketch_25.JPEG,187,1.000000
9512,sketch/n07742313/sketch_26.JPEG,187,1.000000
9513,sketch/n07742313/sketch_27.JPEG,187,1.000000
9514,sketch/n07742313/sketch_28.JPEG,187,1.000000
9515,sketch/n07742313/sketch_29.JPEG,187,1.000000
9516,sketch/n07742313/sketch_3.JPEG,187,1.000000
9517,sketch/n07742313/sketch_30.JPEG,187,1.000000
9518,sketch/n07742313/sketch_31.JPEG,187,1.000000
9519,sketch/n07742313/sketch_32.JPEG,187,1.000000
9520,sketch/n07742313/sketch_33.JPEG,187,1.000000
9521,sketch/n07742313/sketch_34.JPEG,187,1.000000
9522,sketch/n07742313/sketch_35.JPEG,187,1.000000
9523,sketch/n07742313/sketch_36.JPEG,187,1.000000
9524,sketch/n07742313/sketch_37.JPEG,187,1.000000
9525,sketch/n07742313/sketch_38.JPEG,187,1.000000
9526,sketch/n07742313/sketch_39.JPEG,187,1.000000
9527,sketch/n07742313/sketch_4.JPEG,187,1.000000
9528,sketch/n07742313/sketch_40.JPEG,187,1.000000
9529,sketch/n07742313/sketch_41.JPEG,187,1.000000
9530,sketch/n07742313/sketch_42.JPEG,187,1.000000
9531,sketch/n07742313/sketch_43.JPEG,187,1.000000
9532,sketch/n07742313/sketch_44.JPEG,187,1.000000
9533,sketch/n07742313/sketch_45.JPEG,187,1.000000
9534,sketch/n07742313/sketch_46.JPEG,187,1.000000
9535,sketch/n07742313/sketch_47.JPEG,187,1.000000
9536,sketch/n07742313/sketch_48.JPEG,187,1.000000
9537,sketch/n07742313/sketch_49.JPEG,187,1.000000
9538,sketch/n07742313/sketch_5.JPEG,187,1.000000
9539,sketch/n07742313/sketch_50.JPEG,187,1.000000
9540,sketch/n07742313/sketch_6.JPEG,187,1.000000
9541,sketch/n07742313/sketch_7.JPEG,187,1.000000
9542,sketch/n07742313/sketch_8.JPEG,187,1.000000
9543,sketch/n07742313/sketch_9.JPEG,187,1.000000
9544,sketch/n07745940/sketch_0.JPEG,188,1.000000
9545,sketch/n07745940/sketch_1.JPEG,188,1.000000
9546,sketch/n07745940/sketch_10.JPEG,188,1.000000
9547,sketch/n07745940/sketch_11.JPEG,188,1.000000
9548,sketch/n07745940/sketch_12.JPEG,188,1.000000
9549,sketch/n07745940/sketch_13.JPEG,188,1.000000
9550,sketch/n07745940/sketch_14.JPEG,188,1.000000
9551,sketch/n07745940/sketch_15.JPEG,188,0.999999
9552,sketch/n07745940/sketch_16.JPEG,188,1.000000
9553,sketch/n07745940/sketch_17.JPEG,188,1.000000
9554,sketch/n07745940/sketch_18.JPEG,188,1.000000
9555,sketch/n07745940/sketch_19.JPEG,188,1.000000
9556,sketch/n07745940/sketch_2.JPEG,188,1.000000
9557,sketch/n07745940/sketch_20.JPEG,188,1.000000
9558,sketch/n07745940/sketch_21.JPEG,188,1.000000
9559,sketch/n07745940/sketch_22.JPEG,188,1.000000
9560,sketch/n07745940/sketch_23.JPEG,188,1.000000
9561,sketch/n07745940/sketch_24.JPEG,188,1.000000
9562,sketch/n07745940/sketch_25.JPEG,188,1.000000
9563,sketch/n07745940/sketch_26.JPEG,188,1.000000
9564,sketch/n07745940/sketch_27.JPEG,188,1.000000
9565,sketch/n07745940/sketch_28.JPEG,188,1.000000
9566,sketch/n07745940/sketch_22.JPEG,188,1.000000
9567,sketch/n07745940/sketch_3.JPEG,188,1.000000
9568,sketch/n07745940/sketch_30.JPEG,188,1.000000
9569,sketch/n07745940/sketch_31.JPEG,188,1.000000
9570,sketch/n07745940/sketch_32.JPEG,188,1.000000
9571,sketch/n07745940/sketch_33.JPEG,188,1.000000
9572,sketch/n07745940/sketch_34.JPEG,188,1.000000
9573,sketch/n07745940/sketch_35.JPEG,188,1.000000
9574,sketch/n07745940/sketch_36.JPEG,188,1.000000
9575,sketch/n07745940/sketch_37.JPEG,188,1.000000
9576,sketch/n07745940/sketch_38.JPEG,188,1.000000
9577,sketch/n07745940/sketch_39.JPEG,188,1.000000
9578,sketch/n07745940/sketch_4.JPEG,188,1.000000
9579,sketch/n07745940/sketch_40.JPEG,188,1.000000
9580,sketch/n07745940/sketch_41.JPEG,188,1.000000
9581,sketch/n07745940/sketch_42.JPEG,188,1.000000
9582,sketch/n07745940/sketch_43.JPEG,188,1.000000
9583,sketch/n07745940/sketch_44.JPEG,188,1.000000
9584,sketch/n07745940/sketch_45.JPEG,188,1.000000
9585,sketch/n07745940/sketch_46.JPEG,188,1.000000
9586,sketch/n07745940/sketch_47.JPEG,188,1.000000
9587,sketch/n07745940/sketch_48.JPEG,188,1.000000
9588,sketch/n07745940/sketch_49.JPEG,188,1.000000
9589,sketch/n07745940/sketch_5.JPEG,188,1.000000
9590,sketch/n07745940/sketch_50.JPEG,188,1.000000
9591,sketch/n07745940/sketch_6.JPEG,188,1.000000
9592,sketch/n07745940/sketch_7.JPEG,188,1.000000
9593,sketch/n07745940/sketch_8.JPEG,188,1.000000
9594,sketch/n07745940/sketch_9.JPEG,188,1.000000
9595,sketch/n07749582/sketch_0.JPEG,189,1.000000
9596,sketch/n07749582/sketch_1.JPEG,189,1.000000
9597,sketch/n07749582/sketch_10.JPEG,189,1.000000
9598,sketch/n07749582/sketch_11.JPEG,189,1.000000
9599,sketch/n07749582/sketch_12.JPEG,189,1.000000
9600,sketch/n07749582/sketch_13.JPEG,189,1.000000
9601,sketch/n07749582/sketch_14.JPEG,189,1.000000
9602,sketch/n07749582/sketch_15.JPEG,189,1.000000
9603,sketch/n07749582/sketch_16.JPEG,189,1.000000
9604,sketch/n07749582/sketch_17.JPEG,189,1.000001
9605,sketch/n07749582/sketch_18.JPEG,189,1.000000
9606,sketch/n07749582/sketch_19.JPEG,189,1.000000
9607,sketch/n07749582/sketch_2.JPEG,189,1.000000
9608,sketch/n07749582/sketch_20.JPEG,189,1.000000
9609,sketch/n07749582/sketch_21.JPEG,189,1.000000
9610,sketch/n07749582/sketch_22.JPEG,189,1.000000
9611,sketch/n07749582/sketch_23.JPEG,189,1.000000
9612,sketch/n07749582/sketch_24.JPEG,189,1.000000
9613,sketch/n07749582/sketch_25.JPEG,189,1.000000
9614,sketch/n07749582/sketch_26.JPEG,189,1.000000
9615,sketch/n07749582/sketch_27.JPEG,189,1.000000
9616,sketch/n07749582/sketch_28.JPEG,189,1.000000
9617,sketch/n07749582/sketch_29.JPEG,189,1.000000
9618,sketch/n07749582/sketch_3.JPEG,189,1.000000
9619,sketch/n07749582/sketch_30.JPEG,189,1.000000
9620,sketch/n07749582/sketch_31.JPEG,189,1.000000
9621,sketch/n07749582/sketch_32.JPEG,189,1.000000
9622,sketch/n07749582/sketch_33.JPEG,189,1.000000
9623,sketch/n07749582/sketch_34.JPEG,189,1.000000
9624,sketch/n07749582/sketch_35.JPEG,189,1.000000
9625,sketch/n07749582/sketch_36.JPEG,189,1.000000
9626,sketch/n07749582/sketch_37.JPEG,189,1.000000
9627,sketch/n07749582/sketch_38.JPEG,189,1.000000
9628,sketch/n07749582/sketch_39.JPEG,189,1.000000
9629,sketch/n07749582/sketch_4.JPEG,189,1.000000
9630,sketch/n07749582/sketch_40.JPEG,189,1.000000
9631,sketch/n07749582/sketch_41.JPEG,189,1.000000
9632,sketch/n07749582/sketch_42.JPEG,189,1.000000
9633,sketch/n07749582/sketch_43.JPEG,189,1.000000
9634,sketch/n07749582/sketch_44.JPEG,189,1.000000
9635,sketch/n07749582/sketch_45.JPEG,189,1.000000
9636,sketch/n07749582/sketch_46.JPEG,189,1.000000
9637,sketch/n07749582/sketch_47.JPEG,189,1.000000
9638,sketch/n07749582/sketch_48.JPEG,189,1.000000
9639,sketch/n07749582/sketch_49.JPEG,189,1.000000
9640,sketch/n07749582/sketch_5.JPEG,189,1.000000
9641,sketch/n07749582/sketch_50.JPEG,189,1.000000
9642,sketch/n07749582/sketch_6.JPEG,189,1.000000
9643,sketch/n07749582/sketch_7.JPEG,189,1.000000
9644,sketch/n07749582/sketch_8.JPEG,189,1.000000
9645,sketch/n07749582/sketch_9.JPEG,189,1.000000
9646,sketch/n07753275/sketch_0.JPEG,190,1.000000
9647,sketch/n07753275/sketch_1.JPEG,190,1.000000
9648,sketch/n07753275/sketch_10.JPEG,190,1.000000
9649,sketch/n07753275/sketch_11.JPEG,190,1.000000
9650,sketch/n07753275/sketch_12.JPEG,190,1.000000
9651,sketch/n07753275/sketch_13.JPEG,190,1.000000
9652,sketch/n07753275/sketch_14.JPEG,190,1.000000
9653,sketch/n07753275/sketch_15.JPEG,190,1.000000
9654,sketch/n07753275/sketch_16.JPEG,190,1.000000
9655,sketch/n07753275/sketch_17.JPEG,190,1.000000
9656,sketch/n07753275/sketch_18.JPEG,190,1.000000
9657,sketch/n07753275/sketch_19.JPEG,190,1.000000
9658,sketch/n07753275/sketch_2.JPEG,190,1.000000
9659,sketch/n07753275/sketch_20.JPEG,190,1.000000
9660,sketch/n07753275/sketch_21.JPEG,190,1.000000
9661,sketch/n07753275/sketch_22.JPEG,190,1.000000
9662,sketch/n07753275/sketch_23.JPEG,190,1.000000
9663,sketch/n07753275/sketch_24.JPEG,190,1.000000
9664,sketch/n07753275/sketch_25.JPEG,190,1.000000
9665,sketch/n07753275/sketch_26.JPEG,190,1.000000
9666,sketch/n07753275/sketch_27.JPEG,190,1.000000
9667,sketch/n07753275/sketch_28.JPEG,190,1.000000
9668,sketch/n07753275/sketch_29.JPEG,190,1.000000
9669,sketch/n07753275/sketch_3.JPEG,190,1.000000
9670,sketch/n07753275/sketch_30.JPEG,190,1.000000
9671,sketch/n07753275/sketch_31.JPEG,190,1.000000
9672,sketch/n07753275/sketch_32.JPEG,190,1.000000
9673,sketch/n07753275/sketch_33.JPEG,190,1.000000
9674,sketch/n07753275/sketch_34.JPEG,190,1.000000
9675,sketch/n07753275/sketch_35.JPEG,190,1.000000
9676,sketch/n07753275/sketch_36.JPEG,190,1.000000
9677,sketch/n07753275/sketch_37.JPEG,190,1.000000
9678,sketch/n07753275/sketch_38.JPEG,190,1.000000
9679,sketch/n07753275/sketch_39.JPEG,190,1.000000
9680,sketch/n07753275/sketch_4.JPEG,190,1.000000
9681,sketch/n07753275/sketch_40.JPEG,190,1.000000
9682,sketch/n07753275/sketch_41.JPEG,190,1.000000
9683,sketch/n07753275/sketch_42.JPEG,190,1.000000
9684,sketch/n07753275/sketch_43.JPEG,190,1.000000
9685,sketch/n07753275/sketch_44.JPEG,190,1.000000
9686,sketch/n07753275/sketch_45.JPEG,190,1.000000
9687,sketch/n07753275/sketch_46.JPEG,190,1.000000
9688,sketch/n07753275/sketch_47.JPEG,190,1.000000
9689,sketch/n07753275/sketch_48.JPEG,190,1.000000
9690,sketch/n07753275/sketch_49.JPEG,190,1.000000
9691,sketch/n07753275/sketch_5.JPEG,190,1.000000
9692,sketch/n07753275/sketch_6.JPEG,190,1.000000
9693,sketch/n07753275/sketch_7.JPEG,190,1.000000
9694,sketch/n07753275/sketch_8.JPEG,190,1.000000
9695,sketch/n07753275/sketch_9.JPEG,190,1.000000
9696,sketch/n07753592/sketch_0.JPEG,191,1.000000
9697,sketch/n07753592/sketch_1.JPEG,191,1.000000
9698,sketch/n07753592/sketch_10.JPEG,191,1.000000
9699,sketch/n07753592/sketch_11.JPEG,191,1.000000
9700,sketch/n07753592/sketch_12.JPEG,191,1.000000
9701,sketch/n07753592/sketch_13.JPEG,191,1.000000
9702,sketch/n07753592/sketch_14.JPEG,191,1.000000
9703,sketch/n07753592/sketch_15.JPEG,191,1.000000
9704,sketch/n07753592/sketch_16.JPEG,191,1.000000
9705,sketch/n07753592/sketch_17.JPEG,191,1.000000
9706,sketch/n07753592/sketch_18.JPEG,191,1.000000
9707,sketch/n07753592/sketch_19.JPEG,191,1.000000
9708,sketch/n07753592/sketch_2.JPEG,191,1.000000
9709,sketch/n07753592/sketch_20.JPEG,191,1.000000
9710,sketch/n07753592/sketch_21.JPEG,191,1.000000
9711,sketch/n07753592/sketch_22.JPEG,191,1.000000
9712,sketch/n07753592/sketch_23.JPEG,191,1.000000
9713,sketch/n07753592/sketch_24.JPEG,191,1.000000
9714,sketch/n07753592/sketch_25.JPEG,191,1.000000
9715,sketch/n07753592/sketch_26.JPEG,191,1.000000
9716,sketch/n07753592/sketch_27.JPEG,191,1.000000
9717,sketch/n07753592/sketch_28.JPEG,191,1.000000
9718,sketch/n07753592/sketch_29.JPEG,191,1.000000
9719,sketch/n07753592/sketch_3.JPEG,191,1.000000
9720,sketch/n07753592/sketch_30.JPEG,191,1.000000
9721,sketch/n07753592/sketch_31.JPEG,191,1.000000
9722,sketch/n07753592/sketch_32.JPEG,191,1.000000
9723,sketch/n07753592/sketch_33.JPEG,191,0.999999
9724,sketch/n07753592/sketch_34.JPEG,191,1.000000
9725,sketch/n07753592/sketch_35.JPEG,191,1.000000
9726,sketch/n07753592/sketch_36.JPEG,191,1.000000
9727,sketch/n07753592/sketch_37.JPEG,191,1.000000
9728,sketch/n07753592/sketch_38.JPEG,191,1.000000
9729,sketch/n07753592/sketch_39.JPEG,191,1.000000
9730,sketch/n07753592/sketch_4.JPEG,191,1.000000
9731,sketch/n07753592/sketch_40.JPEG,191,1.000000
9732,sketch/n07753592/sketch_41.JPEG,191,1.000000
9733,sketch/n07753592/sketch_42.JPEG,191,1.000000
9734,sketch/n07753592/sketch_43.JPEG,191,1.000000
9735,sketch/n07753592/sketch_44.JPEG,191,1.000000
9736,sketch/n07753592/sketch_45.JPEG,191,1.000000
9737,sketch/n07753592/sketch_46.JPEG,191,1.000000
9738,sketch/n07753592/sketch_47.JPEG,191,1.000000
9739,sketch/n07753592/sketch_48.JPEG,191,1.000000
9740,sketch/n07753592/sketch_49.JPEG,191,1.000000
9741,sketch/n07753592/sketch_5.JPEG,191,1.000000
9742,sketch/n07753592/sketch_6.JPEG,191,1.000000
9743,sketch/n07753592/sketch_7.JPEG,191,1.000000
9744,sketch/n07753592/sketch_8.JPEG,191,1.000000
9745,sketch/n07753592/sketch_9.JPEG,191,1.000000
9746,sketch/n07768694/sketch_0.JPEG,192,1.000000
9747,sketch/n07768694/sketch_1.JPEG,192,1.000000
9748,sketch/n07768694/sketch_10.JPEG,192,1.000000
9749,sketch/n07768694/sketch_11.JPEG,192,1.000000
9750,sketch/n07768694/sketch_12.JPEG,192,1.000000
9751,sketch/n07768694/sketch_13.JPEG,192,1.000000
9752,sketch/n07768694/sketch_14.JPEG,192,1.000000
9753,sketch/n07768694/sketch_15.JPEG,192,1.000000
9754,sketch/n07768694/sketch_16.JPEG,192,1.000000
9755,sketch/n07768694/sketch_17.JPEG,192,1.000000
9756,sketch/n07768694/sketch_18.JPEG,192,1.000000
9757,sketch/n07768694/sketch_19.JPEG,192,1.000000
9758,sketch/n07768694/sketch_2.JPEG,192,1.000000
9759,sketch/n07768694/sketch_20.JPEG,192,1.000000
9760,sketch/n07768694/sketch_21.JPEG,192,1.000000
9761,sketch/n07768694/sketch_22.JPEG,192,1.000000
9762,sketch/n07768694/sketch_23.JPEG,192,1.000000
9763,sketch/n07768694/sketch_24.JPEG,192,1.000000
9764,sketch/n07768694/sketch_25.JPEG,192,1.000000
9765,sketch/n07768694/sketch_26.JPEG,192,1.000000
9766,sketch/n07768694/sketch_27.JPEG,192,1.000000
9767,sketch/n07768694/sketch_28.JPEG,192,1.000000
9768,sketch/n07768694/sketch_29.JPEG,192,1.000000
9769,sketch/n07768694/sketch_3.JPEG,192,1.000000
9770,sketch/n07768694/sketch_30.JPEG,192,1.000000
9771,sketch/n07768694/sketch_31.JPEG,192,1.000000
9772,sketch/n07768694/sketch_32.JPEG,192,1.000000
9773,sketch/n07768694/sketch_33.JPEG,192,1.000000
9774,sketch/n07768694/sketch_34.JPEG,192,1.000000
9775,sketch/n07768694/sketch_35.JPEG,192,1.000000
9776,sketch/n07768694/sketch_36.JPEG,192,1.000000
9777,sketch/n07768694/sketch_37.JPEG,192,1.000000
9778,sketch/n07768694/sketch_38.JPEG,192,1.000000
9779,sketch/n07768694/sketch_39.JPEG,192,1.000000
9780,sketch/n07768694/sketch_4.JPEG,192,1.000000
9781,sketch/n07768694/sketch_40.JPEG,192,1.000000
9782,sketch/n07768694/sketch_41.JPEG,192,1.000000
9783,sketch/n07768694/sketch_42.JPEG,192,1.000000
9784,sketch/n07768694/sketch_43.JPEG,192,1.000000
9785,sketch/n07768694/sketch_44.JPEG,192,1.000000
9786,sketch/n07768694/sketch_45.JPEG,192,1.000000
9787,sketch/n07768694/sketch_46.JPEG,192,1.000000
9788,sketch/n07768694/sketch_47.JPEG,192,1.000000
9789,sketch/n07768694/sketch_48.JPEG,192,1.000000
9790,sketch/n07768694/sketch_49.JPEG,192,1.000000
9791,sketch/n07768694/sketch_5.JPEG,192,1.000000
9792,sketch/n07768694/sketch_50.JPEG,192,1.000000
9793,sketch/n07768694/sketch_6.JPEG,192,1.000000
9794,sketch/n07768694/sketch_7.JPEG,192,1.000000
9795,sketch/n07768694/sketch_8.JPEG,192,1.000000
9796,sketch/n07768694/sketch_9.JPEG,192,1.000000
9797,sketch/n07873807/sketch_0.JPEG,193,1.000000
9798,sketch/n07873807/sketch_1.JPEG,193,0.999999
9799,sketch/n07873807/sketch_10.JPEG,193,1.000000
9800,sketch/n07873807/sketch_11.JPEG,193,1.000000
9801,sketch/n07873807/sketch_12.JPEG,193,0.999999
9802,sketch/n07873807/sketch_13.JPEG,193,1.000000
9803,sketch/n07873807/sketch_14.JPEG,193,1.000000
9804,sketch/n07873807/sketch_15.JPEG,193,1.000000
9805,sketch/n07873807/sketch_16.JPEG,193,1.000000
9806,sketch/n07873807/sketch_17.JPEG,193,1.000000
9807,sketch/n07873807/sketch_18.JPEG,193,1.000000
9808,sketch/n07873807/sketch_19.JPEG,193,1.000000
9809,sketch/n07873807/sketch_2.JPEG,193,1.000000
9810,sketch/n07873807/sketch_20.JPEG,193,1.000000
9811,sketch/n07873807/sketch_21.JPEG,193,1.000000
9812,sketch/n07873807/sketch_22.JPEG,193,1.000000
9813,sketch/n07873807/sketch_23.JPEG,193,1.000000
9814,sketch/n07873807/sketch_24.JPEG,193,1.000000
9815,sketch/n07873807/sketch_25.JPEG,193,1.000000
9816,sketch/n07873807/sketch_26.JPEG,193,1.000000
9817,sketch/n07873807/sketch_27.JPEG,193,1.000000
9818,sketch/n07873807/sketch_28.JPEG,193,1.000000
9819,sketch/n07873807/sketch_29.JPEG,193,1.000000
9820,sketch/n07873807/sketch_3.JPEG,193,1.000000
9821,sketch/n07873807/sketch_30.JPEG,193,1.000000
9822,sketch/n07873807/sketch_31.JPEG,193,1.000000
9823,sketch/n07873807/sketch_32.JPEG,193,1.000000
9824,sketch/n07873807/sketch_33.JPEG,193,1.000000
9825,sketch/n07873807/sketch_34.JPEG,193,1.000000
9826,sketch/n07873807/sketch_35.JPEG,193,1.000000
9827,sketch/n07873807/sketch_36.JPEG,193,1.000000
9828,sketch/n07873807/sketch_37.JPEG,193,1.000000
9829,sketch/n07873807/sketch_38.JPEG,193,1.000000
9830,sketch/n07873807/sketch_39.JPEG,193,1.000001
9831,sketch/n07873807/sketch_4.JPEG,193,1.000000
9832,sketch/n07873807/sketch_40.JPEG,193,1.000000
9833,sketch/n07873807/sketch_41.JPEG,193,1.000000
9834,sketch/n07873807/sketch_42.JPEG,193,1.000000
9835,sketch/n07873807/sketch_43.JPEG,193,1.000000
9836,sketch/n07873807/sketch_44.JPEG,193,1.000000
9837,sketch/n07873807/sketch_45.JPEG,193,1.000000
9838,sketch/n07873807/sketch_46.JPEG,193,1.000000
9839,sketch/n07873807/sketch_47.JPEG,193,1.000000
9840,sketch/n07873807/sketch_48.JPEG,193,1.000000
9841,sketch/n07873807/sketch_49.JPEG,193,1.000000
9842,sketch/n07873807/sketch_5.JPEG,193,1.000000
9843,sketch/n07873807/sketch_6.JPEG,193,1.000000
9844,sketch/n07873807/sketch_7.JPEG,193,1.000000
9845,sketch/n07873807/sketch_8.JPEG,193,1.000000
9846,sketch/n07873807/sketch_9.JPEG,193,1.000000
9847,sketch/n07880968/sketch_0.JPEG,194,1.000000
9848,sketch/n07880968/sketch_1.JPEG,194,1.000000
9849,sketch/n07880968/sketch_10.JPEG,194,1.000000
9850,sketch/n07880968/sketch_11.JPEG,194,1.000000
9851,sketch/n07880968/sketch_12.JPEG,194,1.000000
9852,sketch/n07880968/sketch_13.JPEG,194,1.000000
9853,sketch/n07880968/sketch_14.JPEG,194,1.000000
9854,sketch/n07880968/sketch_15.JPEG,194,1.000000
9855,sketch/n07880968/sketch_16.JPEG,194,1.000000
9856,sketch/n07880968/sketch_17.JPEG,194,1.000000
9857,sketch/n07880968/sketch_18.JPEG,194,1.000000
9858,sketch/n07880968/sketch_19.JPEG,194,1.000000
9859,sketch/n07880968/sketch_2.JPEG,194,1.000000
9860,sketch/n07880968/sketch_20.JPEG,194,1.000000
9861,sketch/n07880968/sketch_21.JPEG,194,1.000000
9862,sketch/n07880968/sketch_22.JPEG,194,1.000000
9863,sketch/n07880968/sketch_23.JPEG,194,1.000000
9864,sketch/n07880968/sketch_24.JPEG,194,1.000000
9865,sketch/n07880968/sketch_25.JPEG,194,1.000000
9866,sketch/n07880968/sketch_26.JPEG,194,1.000000
9867,sketch/n07880968/sketch_27.JPEG,194,1.000000
9868,sketch/n07880968/sketch_28.JPEG,194,1.000000
9869,sketch/n07880968/sketch_29.JPEG,194,1.000000
9870,sketch/n07880968/sketch_3.JPEG,194,1.000000
9871,sketch/n07880968/sketch_30.JPEG,194,1.000000
9872,sketch/n07880968/sketch_31.JPEG,194,1.000000
9873,sketch/n07880968/sketch_32.JPEG,194,1.000000
9874,sketch/n07880968/sketch_33.JPEG,194,1.000000
9875,sketch/n07880968/sketch_34.JPEG,194,1.000000
9876,sketch/n07880968/sketch_35.JPEG,194,1.000000
9877,sketch/n07880968/sketch_36.JPEG,194,1.000000
9878,sketch/n07880968/sketch_37.JPEG,194,1.000000
9879,sketch/n07880968/sketch_38.JPEG,194,1.000000
9880,sketch/n07880968/sketch_39.JPEG,194,1.000000
9881,sketch/n07880968/sketch_4.JPEG,194,1.000000
9882,sketch/n07880968/sketch_40.JPEG,194,1.000000
9883,sketch/n07880968/sketch_41.JPEG,194,1.000000
9884,sketch/n07880968/sketch_42.JPEG,194,1.000000
9885,sketch/n07880968/sketch_43.JPEG,194,1.000000
9886,sketch/n07880968/sketch_44.JPEG,194,1.000000
9887,sketch/n07880968/sketch_45.JPEG,194,1.000000
9888,sketch/n07880968/sketch_46.JPEG,194,1.000000
9889,sketch/n07880968/sketch_47.JPEG,194,1.000000
9890,sketch/n07880968/sketch_48.JPEG,194,1.000000
9891,sketch/n07880968/sketch_49.JPEG,194,1.000000
9892,sketch/n07880968/sketch_5.JPEG,194,1.000000
9893,sketch/n07880968/sketch_50.JPEG,194,1.000000
9894,sketch/n07880968/sketch_6.JPEG,194,1.000000
9895,sketch/n07880968/sketch_7.JPEG,194,1.000000
9896,sketch/n07880968/sketch_8.JPEG,194,1.000000
9897,sketch/n07880968/sketch_9.JPEG,194,1.000000
9898,sketch/n07920052/sketch_0.JPEG,195,1.000000
9899,sketch/n07920052/sketch_1.JPEG,195,1.000000
9900,sketch/n07920052/sketch_10.JPEG,195,1.000000
9901,sketch/n07920052/sketch_11.JPEG,195,1.000000
9902,sketch/n07920052/sketch_12.JPEG,195,1.000000
9903,sketch/n07920052/sketch_13.JPEG,195,1.000000
9904,sketch/n07920052/sketch_14.JPEG,195,1.000000
9905,sketch/n07920052/sketch_15.JPEG,195,1.000000
9906,sketch/n07920052/sketch_16.JPEG,195,1.000000
9907,sketch/n07920052/sketch_17.JPEG,195,1.000000
9908,sketch/n07920052/sketch_18.JPEG,195,1.000000
9909,sketch/n07920052/sketch_19.JPEG,195,1.000000
9910,sketch/n07920052/sketch_2.JPEG,195,1.000000
9911,sketch/n07920052/sketch_20.JPEG,195,1.000000
9912,sketch/n07920052/sketch_21.JPEG,195,1.000000
9913,sketch/n07920052/sketch_22.JPEG,195,1.000000
9914,sketch/n07920052/sketch_23.JPEG,195,1.000000
9915,sketch/n07920052/sketch_24.JPEG,195,1.000000
9916,sketch/n07920052/sketch_25.JPEG,195,1.000000
9917,sketch/n07920052/sketch_26.JPEG,195,1.000000
9918,sketch/n07920052/sketch_27.JPEG,195,1.000000
9919,sketch/n07920052/sketch_28.JPEG,195,1.000000
9920,sketch/n07920052/sketch_29.JPEG,195,1.000000
9921,sketch/n07920052/sketch_3.JPEG,195,1.000000
9922,sketch/n07920052/sketch_30.JPEG,195,1.000000
9923,sketch/n07920052/sketch_31.JPEG,195,1.000000
9924,sketch/n07920052/sketch_32.JPEG,195,1.000000
9925,sketch/n07920052/sketch_33.JPEG,195,1.000000
9926,sketch/n07920052/sketch_34.JPEG,195,1.000000
9927,sketch/n07920052/sketch_35.JPEG,195,1.000000
9928,sketch/n07920052/sketch_36.JPEG,195,1.000000
9929,sketch/n07920052/sketch_37.JPEG,195,1.000000
9930,sketch/n07920052/sketch_38.JPEG,195,1.000000
9931,sketch/n07920052/sketch_39.JPEG,195,1.000000
9932,sketch/n07920052/sketch_4.JPEG,195,1.000000
9933,sketch/n07920052/sketch_0.JPEG,195,1.000000
9934,sketch/n07920052/sketch_1.JPEG,195,1.000000
9935,sketch/n07920052/sketch_2.JPEG,195,1.000000
9936,sketch/n07920052/sketch_3.JPEG,195,1.000000
9937,sketch/n07920052/sketch_4.JPEG,195,1.000000
9938,sketch/n07920052/sketch_45.JPEG,195,1.000000
9939,sketch/n07920052/sketch_46.JPEG,195,1.000000
9940,sketch/n07920052/sketch_47.JPEG,195,1.000000
9941,sketch/n07920052/sketch_48.JPEG,195,1.000000
9942,sketch/n07920052/sketch_49.JPEG,195,1.000000
9943,sketch/n07920052/sketch_45.JPEG,195,1.000000
9944,sketch/n07920052/sketch_46.JPEG,195,1.000000
9945,sketch/n07920052/sketch_47.JPEG,195,1.000000
9946,sketch/n07920052/sketch_48.JPEG,195,1.000000
9947,sketch/n07920052/sketch_49.JPEG,195,1.000000
9948,sketch/n09472597/sketch_0.JPEG,196,1.000000
9949,sketch/n09472597/sketch_1.JPEG,196,1.000000
9950,sketch/n09472597/sketch_10.JPEG,196,1.000000
9951,sketch/n09472597/sketch_11.JPEG,196,1.000000
9952,sketch/n09472597/sketch_12.JPEG,196,1.000000
9953,sketch/n09472597/sketch_13.JPEG,196,1.000000
9954,sketch/n09472597/sketch_14.JPEG,196,1.000000
9955,sketch/n09472597/sketch_15.JPEG,196,1.000000
9956,sketch/n09472597/sketch_16.JPEG,196,1.000000
9957,sketch/n09472597/sketch_17.JPEG,196,1.000000
9958,sketch/n09472597/sketch_18.JPEG,196,1.000000
9959,sketch/n09472597/sketch_19.JPEG,196,1.000000
9960,sketch/n09472597/sketch_2.JPEG,196,0.999999
9961,sketch/n09472597/sketch_20.JPEG,196,1.000000
9962,sketch/n09472597/sketch_21.JPEG,196,1.000000
9963,sketch/n09472597/sketch_22.JPEG,196,1.000000
9964,sketch/n09472597/sketch_23.JPEG,196,1.000000
9965,sketch/n09472597/sketch_24.JPEG,196,1.000000
9966,sketch/n09472597/sketch_25.JPEG,196,1.000000
9967,sketch/n09472597/sketch_26.JPEG,196,1.000000
9968,sketch/n09472597/sketch_27.JPEG,196,1.000000
9969,sketch/n09472597/sketch_28.JPEG,196,1.000000
9970,sketch/n09472597/sketch_29.JPEG,196,1.000000
9971,sketch/n09472597/sketch_3.JPEG,196,1.000000
9972,sketch/n09472597/sketch_30.JPEG,196,1.000000
9973,sketch/n09472597/sketch_31.JPEG,196,1.000000
9974,sketch/n09472597/sketch_32.JPEG,196,1.000000
9975,sketch/n09472597/sketch_33.JPEG,196,1.000000
9976,sketch/n09472597/sketch_34.JPEG,196,1.000000
9977,sketch/n09472597/sketch_35.JPEG,196,1.000000
9978,sketch/n09472597/sketch_36.JPEG,196,1.000000
9979,sketch/n09472597/sketch_37.JPEG,196,1.000000
9980,sketch/n09472597/sketch_38.JPEG,196,1.000000
9981,sketch/n09472597/sketch_39.JPEG,196,1.000000
9982,sketch/n09472597/sketch_4.JPEG,196,1.000000
9983,sketch/n09472597/sketch_40.JPEG,196,1.000000
9984,sketch/n09472597/sketch_41.JPEG,196,0.999994
9985,sketch/n09472597/sketch_42.JPEG,196,0.999941
9986,sketch/n09472597/sketch_43.JPEG,196,0.999013
9987,sketch/n09472597/sketch_44.JPEG,196,0.999978
9988,sketch/n09472597/sketch_45.JPEG,196,0.999985
9989,sketch/n09472597/sketch_46.JPEG,196,0.999966
9990,sketch/n09472597/sketch_47.JPEG,196,1.000000
9991,sketch/n09472597/sketch_48.JPEG,196,0.999190
9992,sketch/n09472597/sketch_49.JPEG,196,0.999361
9993,sketch/n09472597/sketch_5.JPEG,196,0.999669
9994,sketch/n09472597/sketch_50.JPEG,196,0.999926
9995,sketch/n09472597/sketch_6.JPEG,196,0.999998
9996,sketch/n09472597/sketch_7.JPEG,196,0.999999
9997,sketch/n09472597/sketch_8.JPEG,196,0.999999
9998,sketch/n09472597/sketch_9.JPEG,196,0.999177
9999,sketch/n09835506/sketch_0.JPEG,197,0.999924
10000,sketch/n09835506/sketch_1.JPEG,197,0.999986
10001,sketch/n09835506/sketch_10.JPEG,197,1.000000
10002,sketch/n09835506/sketch_11.JPEG,197,0.999999
10003,sketch/n09835506/sketch_12.JPEG,197,0.999999
10004,sketch/n09835506/sketch_13.JPEG,197,0.999996
10005,sketch/n09835506/sketch_14.JPEG,197,0.999994
10006,sketch/n09835506/sketch_15.JPEG,197,0.999979
10007,sketch/n09835506/sketch_16.JPEG,197,0.999912
10008,sketch/n09835506/sketch_17.JPEG,197,0.999999
10009,sketch/n09835506/sketch_18.JPEG,197,0.999997
10010,sketch/n09835506/sketch_19.JPEG,197,0.999994
10011,sketch/n09835506/sketch_2.JPEG,197,0.999397
10012,sketch/n09835506/sketch_20.JPEG,197,0.999998
10013,sketch/n09835506/sketch_21.JPEG,197,0.999999
10014,sketch/n09835506/sketch_22.JPEG,197,0.999995
10015,sketch/n09835506/sketch_23.JPEG,197,0.999992
10016,sketch/n09835506/sketch_24.JPEG,197,0.999996
10017,sketch/n09835506/sketch_25.JPEG,197,0.999996
10018,sketch/n09835506/sketch_26.JPEG,197,0.999991
10019,sketch/n09835506/sketch_27.JPEG,197,0.999998
10020,sketch/n09835506/sketch_28.JPEG,197,0.999995
10021,sketch/n09835506/sketch_29.JPEG,197,0.999999
10022,sketch/n09835506/sketch_3.JPEG,197,0.999999
10023,sketch/n09835506/sketch_30.JPEG,197,0.999999
10024,sketch/n09835506/sketch_31.JPEG,197,0.999725
10025,sketch/n09835506/sketch_32.JPEG,197,0.999997
10026,sketch/n09835506/sketch_33.JPEG,197,0.999975
10027,sketch/n09835506/sketch_34.JPEG,197,0.999964
10028,sketch/n09835506/sketch_35.JPEG,197,0.999990
10029,sketch/n09835506/sketch_36.JPEG,197,0.999934
10030,sketch/n09835506/sketch_37.JPEG,197,0.999998
10031,sketch/n09835506/sketch_38.JPEG,197,0.999993
10032,sketch/n09835506/sketch_39.JPEG,197,0.999955
10033,sketch/n09835506/sketch_4.JPEG,197,0.999996
10034,sketch/n09835506/sketch_40.JPEG,197,0.999999
10035,sketch/n09835506/sketch_41.JPEG,197,0.999999
10036,sketch/n09835506/sketch_42.JPEG,197,0.999995
10037,sketch/n09835506/sketch_43.JPEG,197,0.999996
10038,sketch/n09835506/sketch_44.JPEG,197,1.000000
10039,sketch/n09835506/sketch_45.JPEG,197,0.999999
10040,sketch/n09835506/sketch_46.JPEG,197,0.999999
10041,sketch/n09835506/sketch_47.JPEG,197,0.999997
10042,sketch/n09835506/sketch_48.JPEG,197,0.999992
10043,sketch/n09835506/sketch_49.JPEG,197,0.999991
10044,sketch/n09835506/sketch_5.JPEG,197,0.999981
10045,sketch/n09835506/sketch_50.JPEG,197,0.999948
10046,sketch/n09835506/sketch_6.JPEG,197,0.999999
10047,sketch/n09835506/sketch_7.JPEG,197,0.999999
10048,sketch/n09835506/sketch_8.JPEG,197,0.999991
10049,sketch/n09835506/sketch_9.JPEG,197,0.999998
10050,sketch/n10565667/sketch_0.JPEG,198,0.999942
10051,sketch/n10565667/sketch_1.JPEG,198,0.999982
10052,sketch/n10565667/sketch_10.JPEG,198,0.999153
10053,sketch/n10565667/sketch_11.JPEG,198,0.999999
10054,sketch/n10565667/sketch_12.JPEG,198,0.999986
10055,sketch/n10565667/sketch_13.JPEG,198,0.999997
10056,sketch/n10565667/sketch_14.JPEG,198,0.999991
10057,sketch/n10565667/sketch_15.JPEG,198,0.999977
10058,sketch/n10565667/sketch_16.JPEG,198,0.999978
10059,sketch/n10565667/sketch_17.JPEG,198,0.999998
10060,sketch/n10565667/sketch_18.JPEG,198,0.999998
10061,sketch/n10565667/sketch_19.JPEG,198,0.999999
10062,sketch/n10565667/sketch_2.JPEG,198,0.999999
10063,sketch/n10565667/sketch_20.JPEG,198,0.999999
10064,sketch/n10565667/sketch_21.JPEG,198,0.999999
10065,sketch/n10565667/sketch_22.JPEG,198,0.999920
10066,sketch/n10565667/sketch_23.JPEG,198,0.999923
10067,sketch/n10565667/sketch_24.JPEG,198,0.999999
10068,sketch/n10565667/sketch_25.JPEG,198,0.999871
10069,sketch/n10565667/sketch_26.JPEG,198,0.999998
10070,sketch/n10565667/sketch_27.JPEG,198,0.999989
10071,sketch/n10565667/sketch_28.JPEG,198,0.999998
10072,sketch/n10565667/sketch_29.JPEG,198,0.999990
10073,sketch/n10565667/sketch_3.JPEG,198,1.000000
10074,sketch/n10565667/sketch_30.JPEG,198,0.999948
10075,sketch/n10565667/sketch_31.JPEG,198,0.999971
10076,sketch/n10565667/sketch_32.JPEG,198,0.999996
10077,sketch/n10565667/sketch_33.JPEG,198,0.999998
10078,sketch/n10565667/sketch_34.JPEG,198,0.999999
10079,sketch/n10565667/sketch_35.JPEG,198,0.999999
10080,sketch/n10565667/sketch_36.JPEG,198,0.999999
10081,sketch/n10565667/sketch_37.JPEG,198,0.999954
10082,sketch/n10565667/sketch_38.JPEG,198,0.999984
10083,sketch/n10565667/sketch_39.JPEG,198,0.999995
10084,sketch/n10565667/sketch_4.JPEG,198,0.999999
10085,sketch/n10565667/sketch_40.JPEG,198,0.999738
10086,sketch/n10565667/sketch_41.JPEG,198,0.999999
10087,sketch/n10565667/sketch_42.JPEG,198,0.999991
10088,sketch/n10565667/sketch_43.JPEG,198,0.999997
10089,sketch/n10565667/sketch_44.JPEG,198,0.999990
10090,sketch/n10565667/sketch_45.JPEG,198,0.999979
10091,sketch/n10565667/sketch_46.JPEG,198,0.999983
10092,sketch/n10565667/sketch_47.JPEG,198,0.999995
10093,sketch/n10565667/sketch_48.JPEG,198,0.999999
10094,sketch/n10565667/sketch_49.JPEG,198,0.999999
10095,sketch/n10565667/sketch_5.JPEG,198,0.999999
10096,sketch/n10565667/sketch_50.JPEG,198,0.999999
10097,sketch/n10565667/sketch_6.JPEG,198,0.999999
10098,sketch/n10565667/sketch_7.JPEG,198,0.999944
10099,sketch/n10565667/sketch_8.JPEG,198,0.999973
10100,sketch/n10565667/sketch_9.JPEG,198,0.999998
10101,sketch/n12267677/sketch_0.JPEG,199,0.999992
10102,sketch/n12267677/sketch_1.JPEG,199,0.999989
10103,sketch/n12267677/sketch_10.JPEG,199,0.999997
10104,sketch/n12267677/sketch_11.JPEG,199,0.999995
10105,sketch/n12267677/sketch_12.JPEG,199,0.999985
10106,sketch/n12267677/sketch_13.JPEG,199,0.999998
10107,sketch/n12267677/sketch_14.JPEG,199,0.999993
10108,sketch/n12267677/sketch_15.JPEG,199,0.999868
10109,sketch/n12267677/sketch_16.JPEG,199,0.999990
10110,sketch/n12267677/sketch_17.JPEG,199,0.999999
10111,sketch/n12267677/sketch_18.JPEG,199,0.999971
10112,sketch/n12267677/sketch_19.JPEG,199,0.999673
10113,sketch/n12267677/sketch_2.JPEG,199,0.999985
10114,sketch/n12267677/sketch_20.JPEG,199,0.999991
10115,sketch/n12267677/sketch_21.JPEG,199,0.999423
10116,sketch/n12267677/sketch_22.JPEG,199,0.999999
10117,sketch/n12267677/sketch_23.JPEG,199,0.999946
10118,sketch/n12267677/sketch_24.JPEG,199,0.999971
10119,sketch/n12267677/sketch_25.JPEG,199,0.999998
10120,sketch/n12267677/sketch_26.JPEG,199,0.999999
10121,sketch/n12267677/sketch_27.JPEG,199,0.999981
10122,sketch/n12267677/sketch_28.JPEG,199,0.999993
10123,sketch/n12267677/sketch_29.JPEG,199,0.999999
10124,sketch/n12267677/sketch_3.JPEG,199,0.999997
10125,sketch/n12267677/sketch_30.JPEG,199,0.996472
10126,sketch/n12267677/sketch_31.JPEG,199,0.999998
10127,sketch/n12267677/sketch_32.JPEG,199,0.999991
10128,sketch/n12267677/sketch_33.JPEG,199,0.999994
10129,sketch/n12267677/sketch_34.JPEG,199,0.999996
10130,sketch/n12267677/sketch_35.JPEG,199,0.999574
10131,sketch/n12267677/sketch_36.JPEG,199,0.999971
10132,sketch/n12267677/sketch_37.JPEG,199,0.999990
10133,sketch/n12267677/sketch_38.JPEG,199,0.999135
10134,sketch/n12267677/sketch_39.JPEG,199,0.999967
10135,sketch/n12267677/sketch_4.JPEG,199,0.999999
10136,sketch/n12267677/sketch_40.JPEG,199,0.999997
10137,sketch/n12267677/sketch_41.JPEG,199,0.999964
10138,sketch/n12267677/sketch_42.JPEG,199,0.999991
10139,sketch/n12267677/sketch_43.JPEG,199,0.999924
10140,sketch/n12267677/sketch_44.JPEG,199,0.999995
10141,sketch/n12267677/sketch_45.JPEG,199,0.999973
10142,sketch/n12267677/sketch_46.JPEG,199,0.999988
10143,sketch/n12267677/sketch_47.JPEG,199,0.999988
10144,sketch/n12267677/sketch_48.JPEG,199,0.999995
10145,sketch/n12267677/sketch_49.JPEG,199,0.999999
10146,sketch/n12267677/sketch_5.JPEG,199,0.999990
10147,sketch/n12267677/sketch_50.JPEG,199,0.999986
10148,sketch/n12267677/sketch_6.JPEG,199,0.999993
10149,sketch/n12267677/sketch_7.JPEG,199,0.999992
10150,sketch/n12267677/sketch_8.JPEG,199,1.000000
10151,sketch/n12267677/sketch_9.JPEG,199,0.999992
